book_order,book,chapter,verse,reference,syriac
1,Nisibis,1,1,Nisibis 1:1,ܐܰܠܳܗ ܪ̈ܰܚܡܶܐ ܕܰܐܢܺܝܚܬ ܠܢܽܘܚ ܐܰܢܺܝܚ ܗ̱ܘܳܐ ܐܳܦ ܗ̱ܽܘ ܠܪ̈ܰܚܡܰܝܟ ܩ̇ܪܶܒ ܕܶܒ̈ܚܶܐ ܟܽܠܼܳܐ ܡܳܡܽܘܠܳܐ ܝܰܗ̱ܒ ܩܽܘܪ̈ܒܳܢܶܐ ܢܣܼܰܒ ܫܽܘܘܕܳܝܳܐ ܒܰܨܠܽܘܬܳܐ ܘܥܶܛܪܳܐ ܪܶܥܝܳܟ ܒܡܽܘ̈ܡܳܬܳܐ ܘܩܶܫܬܳܐ ܚܰܢܬܳܝܗ̱ܝ ܘܰܐܝܟܳܐ ܕܣܳܥܶܐ ܡܳܡܽܘܠܳܐ ܕܢܶܟܝܶܗ ܠܰܐܪܥܳܐ ܩܶܫܬܳܐ ܠܩܽܘܒܠܶܗ ܡܶܬܡܰܬܚܳܐ ܕܠܶܗ ܬܶܪܕܽܘܦ ܘܠܰܐܪܥܳܐ ܬܠܰܒܶܒ ܕܡܽܘܡ̈ܳܬܳܟ ܬܶܛܰܪ ܫܰܝܢܳܐ ܘܩܶܫܬܳܟ ܬܩܰܪܶܒ ܥܰܡ ܪܽܘܓܙܳܐ
1,Nisibis,1,2,Nisibis 1:2,ܓܰܠܝܳܐܺܝܬ ܡܳܪܝ̱ ܐܶܬܪܰܥܰܡ ܕܰܕܡܳܐ ܡܚܺܝܠܳܐ ܕܪܰܣܶܣ ܢܽܘܚ ܟܽܠܼܳܐ ܪܽܘܓܙܳܐ ܒܟܽܠ ܕܳܪ ܡܶܢ ܟܽܠ ܟܡܳܐ ܟܺܝܬ ܚܰܝܠܬܳܢ ܕܡܶܗ ܕܺܝܚܺܝܕܳܟ ܕܢܶܟܠܳܐ ܪܣܶܣܶܗ ܡܳܡܽܘܠܰܢ ܕܗܳܐ ܒܪܳܙܶܗ ܗܽܘ ܩܢܰܘ ܚܰܝܠܳܐ ܕܶܒܚ̈ܶܐ ܡܚ̈ܺܝܠܶܐ ܕܩܳܪܶܒ ܢܽܘܚ ܘܟܽܠܳܐ ܪܽܘܓܙܳܐ ܒܩܽܘܪܒܳܢ ܡܰܕܒܰܚܝ̱ ܐܶܬܪܰܥܳܐ ܘܰܟܠܼܺܝ ܡܶܢܝ̱ ܡܳܡܽܘܠ ܚ̈ܰܝܶܐ ܘܢܶܢܛܪܽܘܢ ܙܰܘܓܳܐ ܕܢܺܝܫ̈ܰܝܟ ܠܺܝ ܨܠܺܝܒܳܟ ܘܰܠܢܽܘܚ ܩܶܫܬܳܟ ܨܠܺܝܒܳܟ ܢܶܬܪܽܘܥ [ܝܰܡܳܐ] ܕܡ̈ܰܝܳܐ ܩܶܫܬܳܟ ܬܶܟܠܶܐ ܡܳܡܽܘܠ ܡܶܛܪܳܐ
1,Nisibis,1,3,Nisibis 1:3,ܗܳܐ ܫܰܓܫܽܘܢܝ̱ ܟܽܠ ܡܰܚܫܽܘ̈ܠܺܝܢ ܘܝܶܗܒܰܬ ܛܽܘܒܳܐ ܠܟܽܘܝܳܠܳܐ ܕܠܳܗ̇ ܓ̈ܶܠܠܶܐ ܗܰܘ ܒܰܠܚܽܘܕ ܟܰܪܟܽܘܗ̇ ܬ̈ܶܠܳܠܶܐ ܘܓܶܐܪ̈ܶܐ ܘܓ̈ܶܠܠܶܐ ܟܰܪܟܽܘܢܝ̱ ܗܳܝ ܗܼܘܳܬ ܠܳܟ ܣܺܝܡܰܬ ܓ̈ܰܙܶܐ ܘܶܐ̱ܢܳܐ ܗ̇ܘܺܝܬ ܣܺܝܡܰܬ ܚܰܘ̈ܒܶܐ ܗܳܝ ܒܚܽܘܒܳܟ ܕܳܫܶܬ ܓ̈ܶܠܠܶܐ ܘܶܐ̱ܢܳܐ ܒܪܽܘܓܙܳܟ ܐܶܬܥܰܘܪܶܬ ܒܰܝܢܳܬ ܓܶܐܪ̈ܶܐ ܪܺܝܚܳܗ̇ ܡܳܠܐܳܐ ܫܰܓܫܰܢܝ̱ ܢܰܗܪܳܐ ܡܶܠܚܳܗ̇ ܕܗܳܝ ܟܽܘܝܳܠܳܐ ܗܘܺܝ ܣܦܰܢܝ̱ ܒܓܰܘ ܝܰܒܫܳܐ ܠܗܳܝ ܐܰܢܺܝܚܬ ܒܰܠܡܺܐܢ ܛܽܘܪܳܐ ܘܠܺܝ ܐܰܢܺܝܚ ܒܰܠܡܺܐܢ ܫܽܘܪ̈ܰܝ
1,Nisibis,1,4,Nisibis 1:4,ܙܰܕܺܝܩܳܐ ܪܕܳܢܝ̱ ܠܺܝ ܒܫ̈ܶܦܥܶܐ ܘܰܠܗܳܝ ܚܰܒܶܒ ܒܰܝܢܳܬ ܓ̈ܶܠܠܶܐ ܕܰܙܟܼܳܐ ܢܽܘܚ ܓ̈ܶܠܠܶܐ ܕܪܶܓܬܳܐ ܕܰܚܢܰܩܘ̱ ܗ̱ܘܰܘ ܒܕܳܪܶܗ ܠܰܒ̈ܢܰܝ ܫܺܝܬ ܕܰܡܪܰܕ ܒܶܣܪܶܗ ܥܰܠ ܒ̈ܢܳܬ ܩܳܐܶܝܢ ܟܒܰܫ ܪܟܽܘܒܶܗ ܚܰܨܳܐ ܕܓ̈ܶܠܠܶܐ ܕܠܳܐ ܛܰܡܐܳܝܗ̱ܝ ܢܺܫ̈ܶܐ ܩܰܕܶܫ ܗܰܘ ܠܚܰܝ̈ܘܳܬܳܐ ܕܒܳܗ̇ ܒܟܽܘܝܳܠܳܐ ܟܽܠ ܙܰܘ̈ܓܺܝܢ ܡܙܰܘܓܳܐ ܩܰܕܶܫ ܙܽܘܘܳܓܳܐ ܙܰܝܬܳܐ ܕܡܶܫܚܶܗ ܡܰܦܨܰܚ ܐܰܦ̈ܶܐ ܒܛܰܪܦܶܗ ܐܰܦܨܰܚ ܦܰܪ̈ܨܽܘܦܰܝܗܽܘܢ ܠܺܝ ܢܰܗܪܳܐ ܕܡܶܪܘܰܙ ܫܶܩܝܶܗ ܗܳܐ ܡܳܪܝ̱ ܡܰܟܡܰܪ ܠܺܝ ܡܳܡܽܘܠܶܗ
1,Nisibis,1,5,Nisibis 1:5,ܛܦܳܠܳܐ ܕܚܰܘ̈ܒܰܝ ܚܙܳܬ ܟܺܐܢܽܘܬܳ[ܟ ܘܢܳܕ] ܡܶܢܝ̱ ܥܰܝ̈ܢܰܝܟ ܕܰܟܝ̈ܳܬܳܐ ܟܰܢܶܫܬ ܡܰܝ̈ܳܐ ܒܝܰܕ ܛܰܡܐܳܐ ܕܠܺܝ ܕܺܝܠܝ̱ ܬܶܥܒܶܕ ܕܽܘܟܝ̱ ܚܰܘ̈ܒܶܐ ܠܰܘ ܕܗܽܘܢ ܬܰܥܡܶܕ ܬܕܰܟܶܝܢܝ̱ ܐܶܠܳܐ ܕܰܒܗܽܘܢ ܬܶܕܚܰܠ ܬܶܪܕܶܝܢܝ̱ ܕܓ̈ܶܠܠܶܐ ܢܥܺܝܪܽܘܢ ܠܰܨܠܽܘܬܳܐ ܕܰܬܫܺܝܓ ܚܰܘ̈ܒܰܝ ܚܙܳܬܗܽܘܢ ܕܡܰܠܝܳܐ ܬܝܳܒܽܘܬܳܐ ܗܘܳܬ ܠܳܗ̇ ܠܺܝ ܡܰܥܡܽܘܕܺܝܬܳܐ ܝܰܡܳܐ ܡܳܪܝ̱ ܕܰܗܘܼܳܐ ܠܰܚܢܽܘܩܳܢܝ ܢܚܰܢܩܽܘܢ ܒܶܗ ܪ̈ܰܚܡܶܐ ܠܚ̈ܰܘܒܶܐ ܒܝܰܡܳܐ ܕܣܽܘܦ ܚܶܢܩܰܬ ܦܰܓܪ̈ܶܐ ܒܗܳܢܳܐ ܚܢܽܘܩ ܚܰܘܒ̈ܶܐ ܚܠܳܦ ܦܰܓܪ̈ܶܐ
1,Nisibis,1,6,Nisibis 1:6,ܟܽܘܝܳܠܳܐ ܒܪ̈ܰܚܡܶܐ ܬܰܩܶܢܬ ܕܬܶܛܰܪ ܒܳܗ̇ ܟܽܠ ܫܰܪ̈ܟܳܢܺܝܢ ܕܠܳܐ ܬܓܰܙܶܐ ܐܰܪܥܳܐ ܒܪܽܘܓܙܳܐ ܥܒܼܰܕ ܚܢܳܢܳܟ ܐܰܪܥܳܐ ܕܩܰܝܣܳܐ ܣܰܦܶܩܬ ܐܶܢܶܝܢ ܚܕܳܐ ܒܰܚܕܳܐ ܦܰܢܺܝܬ ܐܶܢܶܝܢ ܚܕܳܐ ܠܰܚܕܳܐ ܐܰܪ̈ܥܳܬܝ̱ ܕܺܝܠܝ̱ ܬܠܳܬ ܙܰܒ̈ܢܺܝܢ ܡܠܺܝ ܘܶܐܣܬܰܦܰܩ ܘܗܳܫܳܐ ܥܰܠܝ̱ ܣܳܥܶܝܢ ܓ̈ܶܠܠܶܐ ܕܢܶܥܛܽܘܢ ܣܪܺܝܕܳܐ ܕܰܦܠܼܰܛ ܒܺܝ ܒܟܽܘܝܳܠܳܐ ܢܳܛܪܰܬ ܫܰܪܟܳܢܳܐ ܛܰܪ ܒܺܝ ܡܳܪܝ̱ ܐܳܦ ܒܺܝ ܚܡܺܝܪܳܐ ܟܽܘܝܳܠܳܐ ܒܛܽܘܪܳܐ ܝܶܠܕܶܬ ܒܰܐܪ̈ܥܳܬܝ̱ ܐܳܠܶܕ ܐ̱ܢܳܐ ܠܰܚ̈ܒܺܝܫܰܝ
1,Nisibis,1,7,Nisibis 1:7,ܡܳܪܝ̱ ܚܳܕܶܐ ܒܺܝ ܚܒܺܝ̈ܫܰܝ ܚܶܣܢ̈ܶܐ ܕܠܰܚܒܺܝ̈ܫܶܐ ܒܙܰܝܬܳܐ ܚܕܺܝܬ ܫܶܕܪܰܬ ܐܳܣܝܳܐ ܒܝܰܕ ܝܰܘܢܳܐ ܠܢܰܣܺܝ̈ܣܶܐ ܕܶܐܫܬܰܢܰܩܘ̱ ܒܟܽܠ ܓܰܠܠܺܝ̈ܢ ܥܰܠ ܘܰܪܕܰܦ ܟܽܠ ܟܺܐܒܰܝ̈ܗܽܘܢ ܕܚܰܕܽܘܬܶܗ ܒܶܠܥܰܬ ܟܰܪܝܽܘܬܳܐ ܘܛܳܠܶܩ ܐܶܒܠܳܐ ܒܒܽܘܝܳܐܶܗ ܘܰܐܝܟ ܪܰܒ ܚܰܝܠܳܐ ܝܰܗ̱ܒ ܠܽܘܒܳܒܳܐ ܠܰܪ̈ܗܺܝܒܶܐ ܙܪܰܥ ܨܰܘܬܳܐ ܒܶܝܬ ܨ̈ܰܕܳܝܶܐ ܛܥܶܡ ܥܰܝ̈ܢܶܐ ܚܙܳܬܳܐ ܕܫܰܝܢܳܐ ܘܣܰܪܗܶܒ ܦܬܰܚ ܦܽܘܡܳܐ ܠܫܽܘܒܚܳܟ ܐܰܝܟ ܙܰܝܬܳܐ ܒ̈ܓܶܠܠܶܐ ܛܰܪܰܝܢܝ̱ ܕܬܶܚܕܶܐ ܒܺܝ ܚܒܺܝ̈ܫܰܝ ܚܶܣ̈ܢܶܐ
1,Nisibis,1,8,Nisibis 1:8,ܣܼܥܳܐ ܡܳܠܐܳܐ ܘܶܐܬܛܰܪܝ̱ ܒܫܽܘܪܳܢ ܢܶܐܚܕܺܝܘܗ̱ܝ ܚܰܝܠܳܐ ܣܳܡܶܟ ܟܽܠ ܠܳܐ ܢܶܦܶܠ ܐܰܝܟ ܒܢܰܝܢ ܚܶܠܳܐ ܕܠܳܐ ܒܢܺܝܬ ܝܽܘܠܦܳܢܝ̱ ܥܰܠ ܚܶܠܳܐ ܫܽܘܥܳܐ ܢܗܶܐ ܠܺܝ ܫܶܬܶܐܣ̈ܶܐ ܕܥܰܠ ܫܽܘܥܳܟ ܒܢܺܝܬ ܗܰܝܡܳܢܽܘܬܝ̱ ܫܶܬܶܐܣܬܳܐ ܟܣܺܝܬܳܐ ܕܬܽܘܟܠܳܢܝ̱ ܬܶܛܥܶܝܢ ܫܽܘܪ̈ܰܝ ܢܦܰܠܘ̱ ܓܶܝܪ ܫܽܘܪ̈ܶܝܗ̇ ܕܺܐܝܪܺܝܚܽܘ ܕܥܰܠ ܚܶܠܳܐ ܒܢܳܬ ܬܽܘܟܠܳܢܳܗ̇ ܒܼܢܳܐ ܡܽܘܫܶܐ ܫܽܘܪܳܐ ܒܝܰܡܳܐ ܕܥܰܠ ܫܽܘܥܳܐ ܒܢܼܳܐ ܪܶܥܝܳܢܶܗ ܫܶܬܶܐܣܬܶܗ ܕܢܽܘܚ ܥܰܠ ܫܽܘܥܳܐ ܡܕܺܝܪ̈ܶܐ ܕܩܰܝܣܳܐ ܒܡ̈ܰܝܳܐ ܛܶܥܢܰܬ
1,Nisibis,1,9,Nisibis 1:9,ܦܳܚܶܡ ܢܰܦܫ̈ܳܬܳܐ ܕܰܒܓܰܘܝ̱ ܠܚܰܝ̈ܘܳܬܳܐ ܕܰܒܟܽܘܝܳܠܳܐ ܘܰܚܠܳܦ ܢܽܘܚ ܕܰܐܒܺܝܠ ܘܡܰܡܟܳܟ ܚܳܠ ܢܶܫ̈ܶܐ ܕܶܐܬܩܰܕܰܫ ܒܳܗ̇ ܗܳܐ ܒܬܽܘ̈ܠܳܬܝ̱ ܕܠܳܐ ܐܶܙܕܰܘܰܓ ܚܠܳܦ ܚܳܡ ܕܰܢܦܰܩ ܗ̱ܘܳܐ ܦܰܪܣܺܝ ܨܰܥܪܳܐ ܕܰܐܒܽܘܗ̱ܝ ܗܳܐ ܥܳܒܽܘܕ̈ܶܐ ܕܙܶܕܩ̈ܳܬܳܐ ܕܢܰܟܶܦܘ̱ ܘܰܐܠܒܶܫܘ̱ ܠܰܫ̈ܠܺܝܚܶܐ ܒܟܺܐܒ̈ܰܝ ܐܶܫܬܰܢܺܝܬ ܡܰܠܠܶܬ ܡܳܪܝ̱ ܠܳܐ ܬܶܥܕܽܘܠ ܕܰܐܪܓܙ ܡ̈ܶܠܰܝ ܠܟܰܫܺܝܪ̈ܶܐ ܕܪܰܛܶܢܘ̱ ܫܰܬܶܩܬ ܚܽܘܢܰܝܢܝ̱ ܠܺܝ ܐܰܝܟ ܠܰܐ̱ܚܪ̈ܳܝܶܐ ܕܫܳܠܶܝܢ ܗ̱ܘܰܘ
1,Nisibis,1,10,Nisibis 1:10,ܩܕܳܡ ܪܽܘܓܙܳܐ ܥܒܕܰܬ ܒܶܝܬ ܓܰܘܣܳܐ ܘܡܰܪܕܽܘ ܗܘܰܘ ܒܶܗ ܟܽܠ ܛܽܘܗ̈ܡܺܝܢ ܪܽܘܚ ܗ̱ܘܳܐ ܢܽܘܚ ܒܶܝܬ ܢܰܘܚܳܐ ܕܰܢܢܺܝܚ ܡܰܫܪܶܝܗ ܐܰܝܟ ܟܽܘܢܳܝܶܗ ܐܰܚܶܕܬ ܬܰܪ̈ܥܶܐ ܕܬܶܛܰܪ ܟܺܐܢܳܐ ܦܬܰܚܬ ܢܶܣ̈ܟܶܐ ܕܬܰܣܺܝܦ ܛܰܡ̈ܐܶܐ ܩܳܡ ܗ̱ܘܳܐ ܢܽܘܚ ܒܰܝܢܳܬ ܓ̈ܶܠܠܶܐ ܕܚܺܝ̈ܠܶܐ ܕܡܶܢ ܒܰܪ ܠܦܽܘ̈ܡܶܐ ܚ̈ܒܳܠܶܐ ܕܡܶܢ ܓܰܘ ܙܰܝܚܽܘܗ̱ܝ ܓ̈ܶܠܠܶܐ ܫܰܓܫܽܘܗ̱ܝ ܦܽܘܡ̈ܶܐ ܫܰܝܶܢܬ ܥܰܡܶܗ ܓܰܘ̈ܳܝܶܐ ܫܰܦܶܠܬ ܩܽܘܕܡܰܘܗ̱ܝ ܒܰܪ̈ܳܝܶܐ ܫܰܚܠܶܦܬ ܒܰܥܓܰܠ ܥܰܣܩ̈ܳܬܳܐ ܕܕܰܠܺܝ̈ܠܳܢ ܠܳܟ ܡܳܪܝ̱ ܥ̈ܛܳܠܳܬܳܐ
1,Nisibis,1,11,Nisibis 1:11,ܫܡܼܰܥ ܘܰܬܩܽܘܠ ܦܽܘܚܳܡܝ̱ ܥܰܡ ܢܽܘܚ ܘܰܕܙܳܐܶܠ ܟܺܐܒܝ̱ ܡܶܢ ܕܺܝܠܶܗ ܚܢܳܢܳܟ ܢܰܫܘܶܐ ܦܽܘܪ̈ܩܳܢܺܝܢ ܕܗܳܐ ܩܳܝܡܺܝܢ ܝܰܠܕ̈ܰܝ ܒܰܕܡܽܘܬܶܗ ܒܶܝܬ ܚܰܡ̈ܬܳܢܶܐ ܠܰܚܒ̈ܳܠܶܐ ܫܰܝܶܢ ܡܳܪܝ̱ ܥܰܡ ܓܰܘ̈ܳܝܶܐ ܘܫܰܦܶܠ ܩܽܘܕܡܰܝ ܒܰܪ̈ܳܝܶܐ ܘܬܰܥܶܦ ܙܳܟܽܘܬܝ̱ ܘܕܰܬܠܳܬ ܩܛܽܘܠ ܪܽܘܓܙܶܗ ܢܬܰܠܶܬ ܚܢܳܢܶܗ ܬܠܺܝܬܳܝܳܟ ܠܳܐ ܢܶܙܟܼܶܐ ܒܺܝܫܳܐ ܠܪ̈ܚܡܰܝܟ ܕܰܬܢܳܐ ܘܰܬܠܳܬ ܐܰܢ̱ܬ ܥܠܽܘܒܳܝܗ̱ܝ ܬܶܦܪܰܚ ܙܳܟܽܘܬܝ̱ ܒܬܺܒܶܝܠ ܕܶܐܬܰܬܓܰܪ ܠܳܟ ܫܽܘܒܚܳܐ ܒܬܺܒܶܝܠ ܐܰܘ ܕܶܐܬܢܰܚܰܡ ܠܰܬܠܳܬܳܐ ܠܳܐ ܬܡܺܝܬܰܢ ܠܺܝ ܒܰܬܠܺܝܬܳܝܳܐ
1,Nisibis,2,1,Nisibis 2:1,ܐܶܬܦܰܬܰܚܘ̱ ܒܗܳܢ ܝܰܘܡܳܐ   ܦܽܘܡ̈ܶܐ ܠܡܰܘܕܳܝܽܘ ܦܶܬܚ̈ܶܐ ܕܬܽܘܪ̈ܥܳܬܳܐ   ܠܦܽܘܡ̈ܶܐ ܕܰܒ̈ܢܰܝ ܦܬܰܚܘ̱ ܐܰܘܕܺܝܘ ܠܚܰܢܳܢܳܐ   ܕܦܰܪܩܳܗ̇ ܠܐ̱ܢܳܫܽܘܬܰܢ ܘܠܳܐ ܚܳܪ ܒܗܰܘ ܥܶܕܳܢ   ܕܢܶܦܪܥܰܢ ܚܽܘܒ̈ܳܠܶܐ ܕܰܐܪܡܺܝܢ ܗ̱ܘܰܘ ܠܰܢ   ܕܶܐܬܥܺܝܪܘ̱ ܕܢܶܫܒܽܘܢܳܢ ܛܰܥܡܽܘܗ̇ ܒܦܽܘܪܩܳܢܰܢ   ܥܳܠܡ̈ܶܐ ܠܛܰܝܒܽܘܬܳܟ
1,Nisibis,2,2,Nisibis 2:2,ܦܰܪܩܰܢ ܕܠܳܐ ܫܽܘܪܳܐ   ܘܰܐܠܶܦ ܕܫܽܘܪܰܢ ܗ̱ܽܘ ܦܰܪܩܰܢ ܕܠܳܐ ܡܰܠܟܳܐ   ܘܰܐܘܕܰܥ ܕܡܰܠܟܰܢ ܗ̱ܽܘ ܦܰܪܩܰܢ ܒܟܽܠ ܡܶܢ ܟܽܠ   ܘܚܰܘܺܝ ܕܗܽܘܝܽܘ ܟܽܠ ܦܰܪܩܰܢ ܒܛܰܝܒܽܘܬܶܗ   ܘܬܽܘܒ ܓܠܳܐ ܕܡܰܓܳܢ ܚܳܢ ܘܰܐܚܺܝ   ܡܶܢ ܟܽܠ ܕܡܶܫܬܰܒܗܰܪ ܫܰܩܠܶܗ ܠܫܽܘܒܗܳܪܳܐ   ܘܝܰܗܒܶܗ ܠܛܰܝܒܽܘܬܶܗ
1,Nisibis,2,3,Nisibis 2:3,ܪܰܥܡܳܐ ܕܟܽܠ ܦܽܘ̈ܡܺܝܢ   ܙܥܽܘܪ ܗ̱ܽܘ ܠܬܰܘܕܺܝܬܳܟ ܕܰܒܫܳܥܬܳܐ ܕܛܰܦܛܶܦ   ܢܽܘܗܪܰܢ ܘܗܳܐ ܕܢܶܕܥܰܟ ܒܰܕܟܽܠ ܦܫܽܝܩ ܗ̱ܽܘ ܠܳܟ   ܡܶܢ ܫܶܠܝ ܢܒܰܗ ܘܰܐܙܠܶܓ ܡܰܢܽܘ ܚܼܙܳܐ ܬܰܪ̈ܬܶܝܢ   ܬܶܕܡܪ̈ܳܢ ܕܥܰܡܶܗ ܕܰܦܣܰܩ ܣܰܒܪܳܐ   ܬܟܶܒ ܗ̱ܘܳܐ ܘܰܣܓܼܺܝ ܣܰܒܪܳܐ ܫܳܥܬܳܐ ܕܝ̈ܰܠܠܳܬܳܐ   ܗܶܦܟܰܬ ܠܰܣܒܰܪܬܳܐ
1,Nisibis,2,4,Nisibis 2:4,ܝܰܘܡܰܐ ܗ̱ܘ ܕܥܰܕܥܺܕܳܐ   ܕܒܶܗ ܗ̱ܽܘ ܬܰܠܝ̈ܳܢ ܥܺܐܕ̈ܶܐ ܕܶܐܠܽܘ ܫܒܳܢ ܪܽܘܓܙܳܐ   ܗܳܐ ܒܼܰܛܶܠܘ̱ ܐܳܦ ܥܰܕܥܺܐܕ̈ܺܝܢ ܕܰܢܨܰܚ ܙܟܳܐ ܫܰܝܢܰܢ  ܗܳܐ ܪܳܥܡܺܝܢ ܥܺܐܕ̈ܺܝܢ ܗܳܢܳܐ ܝܰܘܡܳܐ ܒܪܺܝܟܳܐ   ܛܥܺܝܢ ܠܟܽܠ ܒܶܗ ܗܽܘ ܬܠܶܐ ܟܳܪܟܳܐ   ܒܟܳܪܟܳܐ ܬܠܶܐ ܥܰܡܳܐ ܒܥܰܡܳܐ ܬܠܶܐ ܫܰܝܢܳܐ   ܒܫܰܝܢܳܐ ܬܠܶܐ ܟܽܘܠܳܐ
1,Nisibis,2,5,Nisibis 2:5,ܡܶܢܗܶܝܢ ܕܬܽܘܪ̈ܥܳܬܳܐ   ܐܰܣܓܺܝܬ ܢܶܨܚ̈ܳܢܶܐ ܫܽܘܒܚܳܐ ܠܰܬܠܺܝܬܳܝܳܐ   ܣܼܠܶܩ ܡܶܢ ܬܠܳܬ ܬܽܘܪ̈ܥܰܢ ܕܰܢܚܼܶܬ ܘܣܳܓ ܐܶܢܶܝ̈ܢ   ܒܪ̈ܰܚܡܶܐ ܕܰܟܠܰܘ ܪܽܘܓܙܳܐ ܡܚܳܐ ܗ̱ܘܳܐ ܠܰܕܠܳܐ ܐܺܝܠܰܦ   ܕܢܰܠܦܰܢ ܐܰܠܶܦ ܠܓܰܘ̈ܳܝܶܐ   ܕܟܺܐܢܰܐ ܗ̱ܘ ܬܼܪܰܥ ܐܶܢܶܝܢ ܐܰܠܶܦ ܠܒܰܪ̈ܳܝܶܐ   ܕܛܳܒܰܐ ܗ̱ܘ ܣܳܓ ܐܶܢܶܝܢ
1,Nisibis,2,6,Nisibis 2:6,ܡܼܰܠܶܠܘ ܘܗܰܒܘ̱ ܫܽܘܒܚܳܐ   ܦܪ̈ܺܝܩܰܝ ܒܗܳܢ ܝܰܘܡܳܐ ܣ̈ܳܒܶܐ ܘܓܰܕ̈ܽܘܕܶܐ   ܥܠܰܝܡ̈ܶܐ ܘܰܥܠܰܝܡ̈ܳܬܳܐ ܫܰܒܪ̈ܶܐ ܘܬܰܡܺܝ̈ܡܶܐ   ܘܥܺܕ̱ܬܳܐ ܐܶܡܳܐ ܕܟܳܪܟܳܐ ܣ̈ܒܶܐ ܓܶܝܪ ܡܶܢ ܫܶܒܝܳܐ   ܐܶܬܚܰܣܰܟܘ̱ ܥܠܰܝܡ̈ܶܐ ܡܶܢ ܫܽܘܢܕܳܐ   ܘܥܽܘ̈ܠܶܐ ܡܶܢ ܫܽܘܩܦܳܐ ܢܶܫ̈ܶܐ ܡܶܢ ܦܽܘܪܣܝܳܐ   ܘܥܺܕ̱ܬܳܐ ܡܶܢ ܒܽܘܙܚܳܐ
1,Nisibis,2,7,Nisibis 2:7,ܐܶܬܳܐ ܠܰܢ ܒܩܰܫ̈ܝܳܬܳܐ   ܕܚܶܠܢܰܢ ܡܠܶܐ ܥܰܝ̈ܢܶܐ ܘܶܐܬܳܐ ܒܢܺܝܚ̈ܳܬܳܐ   ܫܦܰܪܢܰܢ ܡܠܶܐ ܫܳܥܳܐ ܐܰܗܡܺܝ ܘܦܳܫ ܩܰܠܺܝܠ   ܛܥܰܝܢܰܢ ܕܠܳܐ ܣܳܟܳܐ ܐܰܝܟ ܚܰܝܽܘܬܳܐ ܕܫܶܢܶܐ   ܕܝܳܠܦܳܐ ܒܫܶܕܠܳܐ ܘܕܽܘܚܳܠܳܐ   ܘܶܐܢܗܽܘ ܕܰܐܗܡܺܝܘ ܡܶܢܳܗ̇ ܡܶܪܕܰܬ ܛܥܳܬ ܘܰܗܘܳܬ   ܣܳܪܽܘܚܬܳܐ ܒܫܰܝܢܳܐ
1,Nisibis,2,8,Nisibis 2:8,ܦܰܪܥܰܢ ܘܠܳܐ ܕܚܶܠܢܰܢ   ܦܰܪܩܰܢ ܘܠܳܐ ܒܗܶܬܢܰܢ ܚܰܨܰܢ ܣܓܺܝܘ ܢܶܕܪ̈ܶܐ   ܪܰܦܺܝ ܣܓܺܝܘ ܚܰܘ̈ܒܶܐ ܕܰܐܠܨܰܢ ܗܘܳܬ ܬܶܢܘܰܝ   ܕܰܐܪܘܰܚ ܗܼܘܳܬ ܛܽܘܥܝܰܝ ܐܶܬܪܡܺܝ ܟܰܕ ܝܳܕܰܥ ܠܰܢ   ܕܢܰܫܪܰܢ ܒܪܰܡܫܳܐ ܐܰܩܺܝܡܢ ܚܢܰܢ ܠܶܗ   ܒܨܰܦܪܳܐ ܗܦܰܟܢ ܚܢܰܢ ܒܶܗ ܩܛܺܝܪܳܐ ܥܒܼܰܪ ܡܶܢܰܢ   ܫܪܳܪܳܐ ܥܼܒܰܪ ܡܶܢܰܢ
1,Nisibis,2,9,Nisibis 2:9,ܪܰܒܨܰܢ ܒܬܽܘܪ̈ܥܳܬܳܐ   ܕܢܶܦܪܽܘܥ ܠܚܰܘܒ̈ܳܬܰܢ ܬ̈ܶܠܳܠܶܐ ܙܩܼܰܦ ܕܰܒܗܽܘܢ   ܢܡܰܟܶܟ ܠܫܽܘܒܗܳܪܰܢ ܝܰܡ̈ܡܶܐ ܬܼܪܰܥ ܕܰܒܗܽܘܢ   ܢܫܺܝܓܶܗ ܠܦܽܘܠܦܳܠܰܢ ܚܰܒܫܰܢ ܕܢܶܬܟܰܢܰܫ   ܒܗܰܝܟܠܶܗ ܚܰܒܫܰܢ ܕܥܶܟܢܰܢ ܠܰܢ   ܦܬܼܰܚ ܠܰܢ ܦܗܰܝܢ ܚ̱ܢܰܢ ܠܰܢ ܠܥܰܡܪܳܐ ܕܡܶܝܢ ܚܢܰܢ ܠܰܢ   ܕܣܳܠܶܩ ܒܟܽܘܠ ܓܰܘ̈ܳܢܺܝܢ
1,Nisibis,2,10,Nisibis 2:10,ܢܶܕܰܥ ܕܛܽܘܒ̈ܳܢܶܐ   ܒ̈ܢܰܝ ܢܺܝ̈ܢܘܶܐ ܟܰܕ ܬܳܒܘ̱ ܠܳܐ ܗ̱ܘܳܐ ܒܬ̈ܶܠܠܶܐ ܬܳܒܘ̱   ܘܳܐܦ ܠܳܐ ܒܝܰܕ ܝܰܡܡ̈ܶܐ ܠܳܐ ܗ̱ܘܳܐ ܒܬܽܘܪܥܳܬܳܐ   ܐܳܦ ܠܳܐ ܒܩ̈ܶܫܬܳܬܳܐ ܠܳܐ ܗ̱ܘܳܐ ܡܶܢ ܩܳܠ ܝܰܬܪܳܐ   ܕܚܶܠܘ̱ ܘܬܳܒܘ̱ ܩܳܠܳܐ ܫܡܼܰܥܘ̱ ܫܺܝܛܳܐ   ܐܰܨܺܝܡܘ̱ ܠܥܰܘ̈ܠܰܝܗܽܘܢ ܢܰܟܶܦܘ̱ ܥܠܰܝܡܰܝ̈ܗܽܘܢ   ܡܰܟܶܟܘ̱ ܠܡ̈ܰܠܟܰܝܗܽܘܢ
1,Nisibis,2,11,Nisibis 2:11,ܡܚܰܝܬܳܢ ܘܙܰܕܶܩܢܰܢ   ܕܠܳܐ ܗ̱ܘܳܐ ܥܪܺܝܨܳܐܺܝܬ ܦܪܰܩܬܳܢ ܘܰܐܘܕܺܝܢ ܚܢܰܢ   ܕܠܳܐ ܚܰܘܳܐ ܕܫܳܘܶܝܢ ܗܘܰܝܢ ܚܰܢܬܳܢ ܘܠܰܘ ܕܰܛܥܺܝܬ   ܘܰܣܒܪܰܬ ܕܬܳܒܰܢ ܚܢܰܢ ܠܰܢ ܓܠܶܐ ܗܽܘ ܠܳܟ ܕܡܳܐ ܕܚܰܢܬܳܢ   ܛܥܰܝܢ ܠܰܢ ܝܺܕܰܥܬ ܕܰܚܼܛܰܝܢܰܢ   ܘܺܝܕܰܥܬ ܕܚܳܛ̇ܝܺܝܢ ܚܢܰܢ ܒܥܰܘܠܳܐ ܕܗܘܼܳܐ ܘܗܳܘܶܐ   ܡܰܦܳܣ ܗܘܰܝܬ ܟܰܕ ܚܰܢܬܳܢ
1,Nisibis,2,12,Nisibis 2:12,ܦܳܚ̇ܶܡ ܬܝܳܒܽܘܬܰܢ   ܕܬܶܥܠܽܘܒ ܠܚܰܘܒ̈ܳܬܰܢ ܐܳܦ ܠܳܐ ܒܫܰܘܝܽܘܬܳܐ   ܪܺܝܫ ܒܪܺܝܫ ܣܠܶܩ ܟܰܝܠܳܐ ܕܰܐܣܓܺܝ ܢܼܛܰܠ ܥܰܘܠܰܢ   ܘܰܙܠܳܬ ܬܝܳܒܽܘܬܰܢ ܦܩܰܕ ܗ̱ܘܳܐ ܕܢܶܙܕܰܒܰܢ   ܒܚܰܘܒܬܰܢ ܣܢܺܓܪܰܢ ܗ̱ܘܳܐ ܚܢܳܢܶܗ  ܩܰܪܢܳܐ ܘܪܰܒܰܝܬܳܐ ܦܪܰܥܢ ܚܢܰܢ ܫܳܡܽܘܢܳܐ   ܕܰܐܘܛܳܬ ܬܝܳܒܽܘܬܰܢ
1,Nisibis,2,13,Nisibis 2:13,ܪܶܒܽܘ ܒܶܟܪ̈ܺܝܢ ܒܰܙܥܽܘܪ   ܚܰܘܒܬܳܐ ܫܒܰܩ ܗ̱ܘܳܐ ܠܰܢ ܕܢܶܬܒܰܥ ܢܩܳܐ ܗ̱ܘܳܐ ܛܳܒ  ܕܰܢܢܺܝܚ ܠܟܺܐܢܽܘܬܶܗ ܕܢܶܫܒܽܘܒ ܐܰܠܺܝܨ ܗ̱ܘܳܐ ܬܽܘܒ  ܕܢܰܦܨܰܚ ܠܛܰܝܒܽܘܬܶܗ ܕܶܡܥ̈ܶܐ ܡܠܶܐ ܥܰܝ̈ܢܶܐ  ܝܳܗܒܳܢ ܠܶܗ ܫܰܓܶܫ ܠܟܺܐܢܽܘܬܶܗ  ܒܕܰܬܒܰܥ ܫܒܰܩ ܣܰܓܺܝ
1,Nisibis,2,14,Nisibis 2:14,ܪܶܒܽܘ ܚ̈ܰܘܒܰܢ ܕܰܫܒܼܰܩ   ܪܶܒܽܘ ܕܠܶܫ̈ܳܢܰܝܢ ܠܳܐ ܡܶܫܟܚܺܝܢ ܡܰܘܦܺܝܢ   ܠܽܘܩܒܰܠ ܛܰܝܒܽܘܬܶܗ ܫܒܰܩ ܠܰܢ ܘܠܳܐ ܫܒܰܩܢܰܢ   ܦܪܰܥܢܳܝܗ̱ܝ ܗܰܦܟܳܐܺܝܬ ܥܰܘܠܳܐ ܕܰܚܛܳܐ ܟܬܰܒܢܳܝܗ̱ܝ   ܡܶܢܕܪܺܝܫ ܫܒܽܘܩ ܡܳܪܝ̱ ܓܳܥܶܝܢܰܢ ܚܢܰܢ   ܬܒܰܥ ܡܳܪܝ̱ ܡܨܰܠܶܝܢ ܚܢܰܢ ܫܒܽܘܩ ܠܰܡ ܕܰܐܣܟܠܰܢ ܚܢܰܢ   ܬܒܰܥ ܠܰܡ ܕܡܰܣܟܶܠ ܒܰܢ
1,Nisibis,2,15,Nisibis 2:15,ܐܳܦ ܠܳܐ ܐܰܝܟ ܒܰܪ̈ܳܝܶܐ   ܥܡܰܠܢ ܚܢܰܢ ܚܠܳܦ ܢܰܦܫܰܢ ܗܼܶܢܽܘܢ ܐܰܪܺܝܡܘ̱ ܬ̈ܶܠܠܶܐ ܚܢܰܢ   ܕܶܝܢ ܐܳܦ ܠܳܐ ܩ̈ܳܠܶܐ ܗܶܢܽܘܢ ܫܪܰܘ ܫܽܘܪܳܐ   ܚܢܰܢ ܕܶܝܢ ܐܳܦ ܠܳܐ ܩܶܛܪ̈ܶܐ ܕܠܺܝ̈ܠܶܐ ܕܰܒܓܰܘ ܠܶܒܰܢ   ܫܪܰܝܢ ܗܘܰܝܢ ܛܠܼܶܡ ܗ̱ܘܳܐ ܠܟܰܫܺܝܪ̈ܶܐ   ܡܶܛܽܠ ܚ̈ܒܰܢܳܢܶܐ ܥܰܡܠܳܐ ܛܠܼܶܡ ܕܰܠܒܰܪ   ܟܰܕ ܗܼܽܘ ܛܠܺܝܡ ܡܶܢ ܓܰܘ
1,Nisibis,2,16,Nisibis 2:16,ܐܰܪܦܺܝ ܠܡ̈ܰܠܳܠܶܐ   ܘܰܡܚܳܐ ܠܫ̈ܰܬܺܝܩܶܐ ܫܽܘܪܳܐ ܡܶܬܢܰܓܰܕ ܗ̱ܘܳܐ   ܘܥܰܡܳܐ ܡܶܬܚܰܟܰܡ ܗ̱ܘܳܐ ܚܳܣ ܠܶܗ ܥܰܠ ܚܶܫܽܘ̈ܫܶܐ   ܡܚܳܐ ܗ̱ܘܳܐ ܠܰܕܠܳܐ ܚܳܐܶܫ ܚܠܳܦ ܓܶܝܪ ܢܰܦܫ̈ܳܬܳܐ   ܕܪܶܓܫܰܢ ܠܟܺܐܦܳܐ ܕܠܳܐ ܪܶܓܫܬܳܐ   ܡܚܳܐ ܗ̱ܘܳܐ ܕܠܰܢ ܢܶܪܕܶܐ ܒܚܽܘܒܶܗ ܫܒܰܩ ܓܽܘܫܡܰܢ   ܘܰܪܗܶܛ ܡܚܳܐ ܫܽܘܪܰܢ
1,Nisibis,2,17,Nisibis 2:17,ܡܼܰܢܽܘ ܚܼܙܳܐ ܕܰܗܘܳܬ   ܬܽܘܪܰܥܬܳܐ ܐܰܝܟ ܡܰܚܙܺܝܬܳܐ ܚܳܪܘ̱ ܒܳܗ̇ ܬܪ̈ܶܝܢ ܓܰܒ̈ܺܝܢ   ܫܰܡܫܰܬ ܠܒܰܪ ܘܰܠܓܰܘ ܚܙܰܘ ܒܳܗ̇ ܐܰܝܟ ܕܰܒܥܰܝ̈ܢܶܐ   ܠܚܰܝܠܳܐ ܕܰܬܒܼܰܪ ܘܰܥܼܨܰܒ ܚܙܰܐܘܽܗ̱ܝ ܕܰܬܪܰܥ ܗ̱ܘܳܐ   ܘܬܽܘܒ ܣܳܓ ܒܰܪ̈ܳܝܶܐ ܚܙܰܘ ܬܽܘܩܦܶܗ   ܐܰܫܩܶܠܘ̱ ܘܠܳܐ ܪܰܡ̇ܶܫܘ̱ ܓܰܘ̈ܳܝܶܐ ܚܙܰܘ ܥܶܕܪܶܗ   ܐܰܘܕܺܝܘ ܘܠܳܐ ܐܰܘܦܺܝܘ
1,Nisibis,2,18,Nisibis 2:18,ܝܰܘܡܳܐ ܕܦܽܘܪܩܳܢܶܟܝ̱   ܢܥܺܝܪܶܗ ܠܛܽܘܒܳܥܶܟܝ̱ ܟܰܕ ܐܶܬܬܪܰܥ ܫܽܘܪܳܐ   ܘܟܰܕ ܬܳܟܒܝܢ ܦܺܝ̈ܠܶܐ ܟܰܕ ܡܳܛܪ̈ܺܝܢ ܓܶܐܪ̈ܶܐ   ܘܟܰܕ ܡܚܰܨܦܺܝܢ ܓܰܒܪ̈ܶܐ ܚܙܳܬܳܐ ܠܰܫܡܰܝ̈ܳܢܶܐ   ܗܘܼܳܬ ܗ̱ܘܳܬ ܥܽܘܠܳܐ ܐܰܩܪܶܒ ܬܰܡܳܢ   ܚܢܳܢܳܐ ܢܨܰܚ ܬܰܡܳܢ ܪ̈ܰܚܡܶܐ ܙܟܰܘ ܡܶܢ ܬܚܶܬ   ܥܺܝܪ̈ܶܐ ܩܥܰܘ ܡܶܢ ܠܥܶܠ
1,Nisibis,2,19,Nisibis 2:19,ܘܰܠܐܺܝ ܒܥܶܠܕܳܪܶܟܝ̱   ܕܢܰܟܶܐ ܒܨ̈ܶܢܥܳܬܶܗ ܠܫܽܘܪܳܐ ܕܚܰܕܰܪ ܠܶܟܝ̱   ܓܰܘܣܳܐ ܕܥܳܡܽܘܪ̈ܰܝܟܝ̱ ܘܰܠܐܺܝ ܘܠܳܐ ܐܶܫܟܰܚ   ܘܡܶܛܽܠ ܕܠܳܐ ܢܶܣܼܒܰܪ ܕܶܐܠܽܘ ܬܼܪܰܥ ܐܳܦ ܥܰܠ   ܘܠܰܢ ܫܼܒܳܐ ܬܰܪܥܶܗ ܘܠܳܐ ܒܰܚܕܳܐ   ܘܰܒܗܶܬ ܘܠܳܐ ܟܰܕܽܘ ܥܕܰܡܳܐ ܬܠܳܬ ܙܰܒܢܺܝ̈ܢ   ܕܢܶܒܗܰܬ ܬܠܳܬ ܒܰܬܠܳܬ
1,Nisibis,2,20,Nisibis 2:20,ܢܶܣܓܶܐ ܐܳܦ ܠܺܝ ܒܓܰܘܶܟܝ̱   ܛܽܘܒܳܐ ܒܛܰܝܒܽܘܬܳܐ ܕܰܣܓܺܝܘ ܒܶܟܝ̱ ܚܰܘ̈ܒܰܝ   ܢܶܣܓܽܘܢ ܒܶܟܝ̱ ܦܺܐܪ̈ܰܝ ܘܰܕܒܶܟܝ̱ ܚܛܳܬ ܛܰܠܝܽܘܬܝ̱   ܒܶܟܝ̱ ܬܶܬܚܢܰܢ ܣܰܝܒܽܘܬܝ̱ ܒܦܽܘܡܳܐ ܕܰܒ̈ܢܰܝܟܝ̱ ܒܥܳܝ   ܥܰܠ ܒܪܶܟܝ̱ ܕܰܚܛܺܝܬ ܠܒܰܪ ܡܶܢ ܚܰܝܠܝ̱   ܘܬܳܒܶܬ ܒܨܺܝܪ ܡܶܢ ܚܰܝܠܝ̱ ܒܰܕܪܶܬ ܕܠܳܐ ܟܰܝܠܳܐ   ܘܟܰܢܫܶܬ ܒܨܺܝܪ ܟܰܝܠܳܐ
1,Nisibis,3,1,Nisibis 3:1,ܩܰܒܥܳܗ̇ ܠܡܰܫܡܰܥܬܰܢ    ܕܠܳܐ ܬܶܫܬܪܶܐ ܘܬܰܦܗܶܐ ܕܦܰܗܝܳܐ ܠܡܰܥܩܳܒܽܘ    ܕܡܰܢܽܘ ܘܰܠܡܼܰܢ ܕܳܡ̇ܐ ܐܰܝܟܰܢ ܡܨܶܝܢ ܚܢܰܢ ܓܶܝܪ    ܕܢܶܨܽܘܪ ܕܡܽܘܬܶܗ ܒܰܢ ܕܗܰܘ ܐܺܝܬܝܳܐ ܕܕܳܡ̇ܐ    ܠܡܰܕܥܳܐ ܠܰܝܬ ܒܶܗ ܡܶܕܶܡ ܕܰܐܛܺܝܡ    ܒܟܽܠܶܗ ܚܳܙܶܐ ܘܫܳܡܰܥ ܟܽܠܶܗ ܐܰܝܟ ܡܰܠܳܠܰܐ ܗ̱ܘ    ܟܽܠܶܗ ܒܟܽܠ ܪ̈ܶܓܫܶܐ ܗܽܘ
1,Nisibis,3,2,Nisibis 3:2,ܠܳܐ ܡܶܬܡܺܝܫ ܚܶܙܘܶܗ   ܕܢܶܬܨܺܝܪ ܒܪܶܥܝܳܢܰܢ ܫܳܡܰܥ ܕܠܳܐ ܐܶܕ̈ܢܶܐ   ܡܡܰܠܶܠ ܕܠܳܐ ܦܽܘܡܳܐ ܥܳܒܶܕ ܕܠܳܐ ܐܺܝ̈ܕܶܐ   ܘܚܳܙܶܐ ܕܠܳܐ ܥܰܝ̈ܢܶܐ ܠܳܐ ܟܳܝܫܳܐ ܢܰܦܫܰܢ   ܘܫܶܠܝܳܐ ܨܶܝܕ ܡܶܢ ܕܗܳܟܰܢܳܐ ܗ̱ܘ   ܠܒܶܫ ܗ̱ܘܳܐ ܒܛܰܝܒܽܘܬܶܗ ܐܶܣܟ̈ܺܡܶܐ ܕܐ̱ܢܳܫܽܘܬܳܐ   ܘܟܶܢܫܰܢ ܒܕܶܡ̈ܘܳܬܶܗ
1,Nisibis,3,3,Nisibis 3:3,ܢܺܐܠܰܦ ܕܰܐܝܟܰܢܳܐ   ܕܺܐܝܬܝܰܐ ܗ̱ܘ ܪܽܘܚܳܢܳܐ ܘܶܐܬܚܙܺܝ ܐܰܝܟ ܦܰܓܪܳܢܳܐ   ܘܗܳܟܰܢ ܐܳܦ ܫܶܦܝܰܐ ܗ̱ܘ ܘܶܐܬܚܙܺܝ ܐܰܝܟ ܚܰܡܬܳܢܳܐ   ܘܗܳܠܶܝܢ ܠܥܽܘܕܪܳܢܳܐ ܐܺܝܬܝܳܐ ܒܕܶܡ̈ܘܳܬܰܢ   ܠܰܢ ܕܳܡܶܐ ܕܰܚܢܰܢ ܢܕܰܡܶܐ ܒܶܗ  ܚܰܕ ܗ̱ܽܘ ܕܠܶܗ ܕܳܡܶܐ ܝܰܠܕܳܐ ܕܰܢܦܰܩ ܡܶܢܶܗ   ܕܰܛܒܺܝܥ ܒܕܶܡ̈ܘܳܬܶܗ
1,Nisibis,3,4,Nisibis 3:4,ܢܨܺܝܒܺܝܢ ܫܡܼܰܥ ܗܳܠܶܝܢ   ܕܰܒܥܶܠܬܶܟܝ̱ ܗܳܠܶܝܢ ܐܶܬܟܬܶܒ ܘܶܐܬܡܰܠܰܠ   ܐܳܦ ܠܶܟܝ̱ ܐܳܦ ܠܰܐܚܪ̈ܳܢܶܐ ܗܘܺܝܬ ܥܶܠܬܳܐ ܒܬܺܒܶܝܠ   ܠܩܺܐܪ̈ܣܶܐ ܘܰܠܬܽܘܪ̈ܓܳܡܶܐ ܦܽܘܡ̈ܶܐ ܥܠܰܝܟܝ̱ ܐܰܘ   ܕܶܐܬܚܰܒܫܰܬܝ̱ ܦܽܘܡ̈ܶܐ ܥܠܰܝܟܝ̱ ܙܡܰܪܘ̱   ܕܰܢܨܰܚܬܝ̱ ܘܶܐܬܦܰܨܶܝܬܝ̱ ܒܶܟܝ̱ ܐܶܬܦܰܬܰܚܘ̱ ܦܽܘܡ̈ܶܐ   ܠܺܐܠܝܳܐ ܘܰܠܩܽܘܠܳܣܳܐ
1,Nisibis,3,5,Nisibis 3:5,ܨܠܽܘܬܳܐ ܕܥܳܡܽܘܪ̈ܰܝܟܝ̱   ܣܶܦܩܰܬ ܠܦܽܘܪܩܳܢܶܟܝ̱ ܠܳܐ ܗ̱ܘܳܐ ܕܙܰܕܺܝܩܺܝܢ   ܐܶܠܳܐ ܕܬܰܝܳܒܺܝܢ ܟܡܳܐ ܕܨܳܥܪܺܝܢ ܗܳܟܰܢ   ܪܳܗܛܺܝܢ ܬܚܶܝܬ ܫܰܒܛܳܐ ܒܚܽܘ̈ܒܶܐ ܘܰܒܢܶܨ̈ܚܳܢܶܐ    ܡܡܰܙܓܺܝܢ ܕܰܥܫܶܢܘ̱ ܚܛܳܗ̈ܰܝܗܽܘܢ  ܢܥܰܫܢܽܘܢ ܦܺܐܪ̈ܰܝܗܽܘܢ ܕܰܢܨܰܚܘ̱ ܒܣܳܩܰܝ̈ܗܽܘܢ   ܢܰܨܰܚܘ̱ ܐܳܦ ܟܠܺܝ̈ܠܰܝܗܽܘܢ
1,Nisibis,3,6,Nisibis 3:6,ܝܰܘܡܳܐ ܕܦܽܘܪܩܳܢܶܟܝ̱   ܡܰܠܟܰܐ ܗ̱ܘ ܕܟܽܠ ܝܰܘܡ̈ܺܝܢ ܫܰܒܬܳܐ ܣܶܚܦܰܬ ܫܽܘܪ̈ܰܝܟܝ̱   ܣܶܚܦܰܬ ܠܟܳܦܽܘܪ̈ܶܐ ܝܽܘܡ ܩܝܳܡܬܶܗ ܕܰܒܼܪܳܐ   ܐܰܩܺܝܡܳܗ̇ ܠܡܰܦܽܘܠܬܶܟܝ̱ ܝܽܘܡ ܩܝܳܡܬܳܐ   ܐܰܩܺܝܡܶܟܝ̱ ܐܰܝܟ ܫܡܶܗ ܩܰܠܣܶܗ ܠܟܽܘܢܳܝܶܗ   ܫܪܳܬ ܫܰܒܬܳܐ ܢܰܛܪܳܗ̇ ܒܥܰܡܠܳܐ ܕܬܽܘܪ̈ܥܳܬܳܗ̇   ܗܺܝ ܟܰܐܪܰܬ ܢܰܫܦܳܗ̇
1,Nisibis,3,7,Nisibis 3:7,ܒܫܳܡܪܺܝܢ ܥܫܶܢ ܟܰܦܢܳܐ   ܒܶܟܝ̱ ܕܶܝܢ ܥܫܶܢ ܣܰܒܥܳܐ ܠܫܳܡܪܺܝܢ ܓܣܼܳܐ ܥܰܠ ܠܳܗ̇   ܣܰܒܥܳܐ ܡܶܢ ܫܶܠܝܳܐ ܠܶܟܝ̱ ܕܶܝܢ ܢܗܼܰܡ ܥܰܠ ܠܶܟܝ̱   ܝܰܡܳܐ ܕܡܶܢ ܫܶܠܝܳܐ ܒܗܳܝ ܐܶܬܶܐܟܶܠ ܥܽܘܠܳܐ   ܘܰܐܚܝܳܗ̇ ܒܶܟܝ̱ ܐܶܬܶܐܟܶܠ ܦܰܓܪܳܐ   ܚܰܝܳܐ ܘܡܰܚܶܐ ܟܽܠ ܡܶܢ ܫܶܠܝ ܦܪܰܩ ܐܶܢܽܘܢ   ܐܟܺܝܠܳܐ ܠܳܐܟܽܘ̈ܠܶܐ
1,Nisibis,3,8,Nisibis 3:8,ܝܺܕܺܝܥܳܐ ܗ̱ܝ ܕܠܰܘ ܛܳܒܰܐ ܗ̱ܘ   ܨܒܼܳܐ ܗ̱ܘܳܐ ܒܽܐܘ̈ܠܨܳܢܶܐ ܕܰܗܘܰܘ ܒܟܽܠ ܕܳܪ̈ܺܝܢ   ܟܰܕ ܗܼܽܘ ܥܒܼܰܕ ܐܶܢܽܘܢ ܚܰܘܒܰܝ̈ܢ ܗܽܘ ܗܳܘܶܝܢ   ܥܶܠܬܳܐ ܕܒܽܘܣܒ̈ܳܣܺܝܢ ܠܳܐ ܐ̱ܢܳܫ ܩܒܶܠ ܡܶܢܶܗ   ܕܰܒܪܰܝܢ ܗܽܘܝܽܘ ܩܒܺܝܠ ܡܶܢܰܢ   ܕܰܚܛܰܝܢ ܘܰܐܠܶܨܢܳܝܗ̱ܝ ܕܢܶܪܓܰܙ ܕܠܳܐ ܨܒܼܳܐ ܗ̱ܘܳܐ   ܘܢܶܡܚܶܐ ܕܠܳܐ ܪܥܳܐ ܗ̱ܘܳܐ
1,Nisibis,3,9,Nisibis 3:9,ܐܰܪܥܳܐ ܟܰܪܡܳܐ ܘܙܰܝܬܳܐ   ܣܢܺܝܩܺܝܢ ܥܰܠ ܡܰܪܕܽܘܬܳܐ ܡܳܐ ܕܶܐܬܚܒܶܛ ܙܰܝܬܳܐ   ܟܶܢ ܥܳܬܪܺܝܢ ܦܶܪ̈ܥܰܘܗ̱ܝ ܡܳܐ ܕܶܐܬܟܣܰܚ ܟܰܪܡܳܐ   ܟܶܢ ܫܳܦܪܺܝܢ ܦܺܐܪ̈ܰܘܗ̱ܝ ܡܳܐ ܕܶܐܬܦܠܰܚ ܥܰܦܪܳܐ   ܫܦܼܰܪܘ̱ ܐܶܕܫ̈ܰܘܗ̱ܝ ܡܳܐ ܕܶܐܬܪܕܺܝ ܝܰܡܳܐ   ܒܠܺܐܩ̈ܶܐ ܐܳܫܬܺܝܢ ܠܶܗ ܢܚܳܫܳܐ ܟܶܣܦܳܐ ܘܕܰܗܒܳܐ   ܡܳܐ ܕܶܐܣܬܩܶܠܘ̱ ܐܰܦܪܶܓܘ̱
1,Nisibis,3,10,Nisibis 3:10,ܐܶܢ ܗܽܘ ܕܒܰܪ ܐ̱ܢܳܫܳܐ   ܪܳܕܶܐ ܘܡܰܫܦܰܪ ܟܽܠ ܘܶܐܢ ܗܽܘ ܕܰܒܣܼܳܐ ܘܰܐܗܡܺܝ   ܡܣܰܬܢܳܐ ܘܡܳܪܶܕ ܟܽܠ ܒܡܶܕܶܡ ܕܪܳܕܶܐ ܗܽܘ   ܢܺܐܠܰܦ ܠܗܰܘ ܕܰܪܕܳܝܗ̱ܝ ܟܰܕ ܗܼܽܘ ܐܶܢܗܽܘ ܕܪܳܕܶܐ   ܕܢܶܬܗܢܶܐ ܟܽܠܶܗ ܕܪܳܕܶܐ ܓܶܝܪ   ܥܰܒܕ̈ܰܘܗ̱ܝ ܕܢܶܩܢܶܐ ܐܶܢܽܘܢ ܛܳܒܳܐ ܪܕܳܐ ܠܥܰܒܕ̈ܰܘܗ̱ܝ ܕܗܶܢܽܘܢ ܠܗܽܘܢ ܢܶܩܢܽܘܢ
1,Nisibis,3,11,Nisibis 3:11,ܢܶܗܘܽܘܢ ܐܽܘܠܨܳܢܰܝ̈ܟܝ̱   ܣܳܦܪ̈ܶܐ ܠܥܽܘܗܕ̈ܳܢܰܝܟܝ̱ ܚܒܺܝ̈ܫܶܐ ܬܠܳܬܳܐ ܓܶܝܪ   ܣܳܦܩܺܝܢ ܕܢܶܗܘܽܘܢ ܠܶܟܝ̱ ܣܶܦܪ̈ܶܐ ܕܬܶܬܗܰܓܺܝܢ   ܟܽܘܠ ܫܳܥ ܒܫܰܪ̈ܒܰܝܗܽܘܢ ܕܬܰܪ̈ܬܶܝܢ ܕܺܝܰܬܺܩ̈ܺܝܢ   ܫܳܛܬܝ̱ ܗܘܰܝܬܝ̱ ܕܬܶܩܪܶܝܢ ܒܗܶܝܢ ܚܰܝ̈ܰܝܟܝ̱   ܒܰܕܓܽܘܢ ܟܬܼܰܒ ܗ̱ܘܳܐ ܠܶܟܝ̱ ܬܠܳܬܳܐ ܣܶܦܪ̈ܺܝܢ ܥܰܣܩ̈ܺܝܢ   ܕܬܶܩܪܶܝܢ ܒܗܽܘܢ ܢܰܓ̈ܕܶܝܟܝ̱
1,Nisibis,3,12,Nisibis 3:12,ܢܶܒܼܛܰܠ ܒܡܳܐ ܕܰܗܘܳܐ   ܡܶܕܶܡ ܕܬܽܘܒ ܗ̇ܘܶܐ ܢܶܬܪܕܶܐ ܒܗܰܘ ܕܶܐܬܳܐ   ܕܢܶܬܟܣܰܗ ܠܗܰܘ ܕܳܐܬܶܐ ܢܶܥܗܰܕ ܠܗܰܘ ܕܰܥܼܒܰܪ   ܕܢܶܫܪܶܝܘܗ̱ܝ ܠܗܰܘ ܕܰܥܬܺܝܕ ܕܩܰܕܡܳܝܬܳܐ ܡܚܽܘܬܳܐ   ܛܥܰܝܢ ܗܘܰܝܢ ܡܶܨܥܳܝܬܳܐ ܬܟܰܒܬܰܢ   ܕܡܶܨܥܳܝܬܳܐ ܛܥܰܝܢܰܢ ܬܠܺܝܬܳܝܬܳܐ ܥܡܰܠܬܰܢ   ܡܰܢܽܘ ܕܬܽܘܒ ܢܶܛܥܼܶܐ
1,Nisibis,4,1,Nisibis 4:1,ܐܰܠܳܗܝ̱ ܕܠܳܐ ܡܰܡܐܶܢ   ܐܶܕܪܽܘܫ ܬܪܰܥ ܒܰܝܬܳܟ ܕܛܶܠܡܶܬ ܠܟܽܠ ܛܰܝܒܽܘ   ܐܶܫܰܐܠ ܒܡܰܪܳܚܽܘ ܕܶܐܣܰܒ ܒܰܚܨܺܝܦܽܘ
1,Nisibis,4,2,Nisibis 4:2,ܐܶܢ ܓܶܝܪ ܡܳܪܝ̱ ܐܰܪܥܳܐ   ܠܚܶܛܬܳܐ ܡܫܰܘܚܰܕܬܳܐ ܡܥܰܬܪܳܐ ܒܣܰܓܺܝ̈ܐܶܐ   ܟܡܳܐ ܢܶܥܬܪ̈ܳܢ ܗܳܟܺܝܠ ܨܠܰܘ̈ܳܬܝ̱ ܒܛܰܝܒܽܘܬܳܟ
1,Nisibis,4,3,Nisibis 4:3,ܒܩ̈ܳܠܶܐ ܕܝܰܠܽܘ̈ܕܰܝ̱   ܚܢܺܝ̈ܓܶܐ ܘܪ̈ܰܥܽܘܡܶܐ ܦܬܼܰܚ ܠܺܝ ܬܼܪܰܥ ܪ̈ܰܚܡܰܝܟ   ܐܶܦܨܰܚ ܒܩܳܠܰܝ̈ܗܽܘܢ ܐܶܒܠܳܐ ܕܣܳܩ̈ܰܝܗܽܘܢ
1,Nisibis,4,4,Nisibis 4:4,ܒܽܘܟܪܳܐ ܕܰܗܘܳܐ ܚܣܺܝܠܳܐ   ܘܰܢܩܶܦ ܠܝܰܠܽܘ̈ܕܶܐ ܒܢ̈ܰܝ ܢܳܨܪܰܬ ܠܺܝ̈ܛܶܐ   ܥܢܺܝ ܠܶܐܡܪ̈ܰܝ ܕܰܚܙܰܘ ܕܺܐܒ̈ܶܐ ܘܗܳܐ ܓܳܥܶܝܢ
1,Nisibis,4,5,Nisibis 4:5,ܘܰܥܢܳܐ ܒܕܰܒܪܳܐ ܡܳܪܝ̱   ܐܶܢܗܽܘ ܕܰܚܙܳܬ ܕܺܐܒ̈ܶܐ ܛܳܦܣܳܐ ܒܥܰܠܳܢܳܐ   ܡܶܬܓܰܘܣܳܐ ܒܚܽܘܛܪܳܐ ܕܰܪܕܰܦ ܠܳܐܟܽܘ̈ܠܶܝܗ̇
1,Nisibis,4,6,Nisibis 4:6,ܥܳܢܳܟ ܚܙܳܬ ܕܺܐܒ̈ܶܐ   ܘܗܳܐ ܓܳܥܝܳܐ ܪܳܒܰܬ ܐܰܕܪܶܟ ܕܶܐܬܪܰܗܒܰܬ   ܨܠܺܝܒܳܟ ܢܶܗܘܶܐ ܚܽܘܛܪܳܐ ܕܰܪܕܰܦ ܠܒܳܠܽܘ̈ܥܶܝܗ̇
1,Nisibis,4,7,Nisibis 4:7,ܩܰܒܶܠ ܓܥܳܬܝ̱ ܫܰܒܪ̈ܰܝ   ܕܰܕܟܶܝܢ ܒܟܽܠܡܶܕܶܡ ܗܰܘ ܗܽܘ ܛܠܶܐ ܝܰܘܡ̈ܶܐ   ܡܶܫܟܰܚ ܡܪܰܥܶܐ ܡܳܪܝ̱ ܠܥܰܬܺܝܩ ܝܰܘܡ̈ܳܬܳܐ
1,Nisibis,4,8,Nisibis 4:8,ܝܰܘܡܳܐ ܕܰܢܦܰܠ ܥܽܘܠܳܐ   ܒܓܰܘ ܐܽܘܪܝܳܐ ܒܶܗ ܗܽܘ ܥܺܝܪ̈ܶܐ ܢܚܶܬܘ̱ ܣܰܒܰܪܘ̱   ܫܠܳܡܳܐ ܕܗܽܘ ܢܶܗܘܶܐ ܒܫܽܘ̈ܩܰܝ ܠܟܽܠ ܫܰܒܪ̈ܰܝ
1,Nisibis,4,9,Nisibis 4:9,ܫܰܒܥܺܝܢ ܘܰܬܪ̈ܶܝܢ ܣܳܒܺܝ̈ܢ   ܣ̈ܳܒܰܘܗ̱ܝ ܕܗܰܘ ܥܰܡܳܐ ܠܳܐ ܣܦܼܰܩܘ̱ ܠܬܽܘܪ̈ܥܳܬܳܐ   ܥܽܘܠܰܐ ܗ̱ܘ ܒܰܪ ܡܰܪܝܰܡ ܫܰܝܶܢ ܠܟܽܠ ܦܶܢܝܳܢ
1,Nisibis,4,10,Nisibis 4:10,ܚܽܘܢ ܡܳܪܝ̱ ܠܝܰܠܽܘܕ̈ܰܝ   ܒܝ̈ܰܠܕܰܝ ܥܗܰܕ ܝܰܠܕܳܟ ܕܰܗܘܰܝܬ ܝܰܠܽܘܕܳܐ   ܕܕܳܡܶܝܢ ܠܛܰܠܝܽܘܬܳܟ ܢܺܚܽܘܢ ܒܛܰܝܒܽܘܬܳܟ
1,Nisibis,4,11,Nisibis 4:11,ܒܠܺܝ̈ܠܝܳܢ ܒܓܰܘ ܥܳܢܳܟ   ܦܳܥܝܳܐ ܕܬܰܡܺܝ̈ܡܶܐ ܘܩܳܠܳܐ ܕܰܢܩ̈ܰܘܳܬܳܐ   ܕܩܳܪܶܝܢ ܠܪܳܥܶܐ ܟܽܠ ܕܡܶܢ ܟܽܠ ܢܦܰܨܶܐ ܐܶܢܽܘܢ
1,Nisibis,4,12,Nisibis 4:12,ܐܶܓܕܽܘܠ ܠܟܽܠ ܩ̈ܳܠܶܝܢ   ܘܶܐܥܒܶܕ ܟܠܺܝܠ ܩ̈ܳܠܶܐ ܐܶܩܰܪܒܺܝܘܗ̱ܝ ܠܰܐܒܽܘܟ   ܐܶܙܒܶܢ --- ----- a ܘܳܝ ܠܺܝ ܕܡܰܢܽܘ ܠܺܝ   ܫܒܳܒܳܐ ܘܩܰܪܺܝܒܳܐ ܕܠܳܐ ܟܳܝ̈ܫܳܢ ܪ̈ܶܓܠܰܘܝ   ܒܰܐܬܪܶܗ ܕܟܽܠܥܶܕܳܢ ܥܰܠ ܪܺܝܫܝ̱ ܐܰܡܺܝܢ ܘܩܳܐܶܡ b ܘܳܝ ܠܺܝ ܕܡܰܢܽܘ ܠܺܝ   ܐܳܪܚܳܐ ܕܠܺܝ ܘܰܠܠܰܚܡܝ̱ ܒܳܥܶܐ ܕܢܶܐܟܽܘܠ ܡܳܪܝ̱   ܬܰܨܪܺܝܘܗ̱ܝ ܟܺܐܢܽܘܬܳܐ ܕܰܟܦܶܢ ܠܝܰܥܢܽܘܬܳܐ c ܘܳܝ ܠܺܝ ܕܡܰܢܽܘ ܠܺܝ   ܣܳܐܢܳܐ ܘܩܰܪܺܝܒܳܐ ܛܽܘܒܰܝ ܕܡܰܢܽܘ ܠܺܝ   ܡܳܪܳܐ ܘܦܳܪܽܘܩܳܐ ܕܙܰܓܪܶܗ ܘܰܙܓܰܪ ܠܶܗ
1,Nisibis,4,13,Nisibis 4:13,ܚܰܕܽܘܬܳܐ ܕܣܽܘܓܦܳܢܳܐ   ܥܳܩܬܳܐ ܛܡܺܝܪܳܐ ܒܳܗ̇ ܥܳܩܬܳܐ ܕܥܽܘܕܪܳܢܳܐ   ܡܥܺܝܢܳܐ ܗ̱ܝ ܕܚ̈ܰܕܘܳܬܳܐ ܒܗܰܘ ܥܳܠܡܳܐ ܚܰܕܬܳܐ
1,Nisibis,4,14,Nisibis 4:14,ܛܽܘܒܳܐ ܕܰܩܢܳܐ ܪܳܕܽܘܦܝ̱   ܘ̈ܳܝܶܐ ܛܡܺܝܪ̈ܺܝܢ ܒܶܗ ܒܰܕܓܽܘܢ ܦܨܺܝܚܳܐ ܐ̱ܢܳܐ   ܕܘܳܝܳܐ ܕܰܩܢܺܝܬ ܡܶܢܶܗ ܛܽܘܒܳܐ ܟܣܶܐ ܠܺܝ ܒܶܗ
1,Nisibis,4,15,Nisibis 4:15,ܡܰܢܽܘ ܕܠܳܐ ܢܰܘܕܶܐ   ܠܗܰܘ ܡܰܢ ܕܰܐܘܠܶܕ ܠܰܢ ܘܰܡܨܶܐ ܕܢܰܘܠܶܕ ܬܽܘܒ   ܡܶܢ ܓܰܘ ܫܡܽܘ̈ܥܳܬܳܐ ܩ̈ܳܠܶܐ ܕܣܰܒܪ̈ܳܬܳܐ
1,Nisibis,4,16,Nisibis 4:16,ܐܰܢ̱ܬ ܗܽܘ ܡܰܐܣܶܐ ܟܽܠ   ܣܥܰܪܬܳܢܝ̱ ܒܟܽܘܪ̈ܗܳܢܰܝ ܐܰܓܪܳܐ ܕܣܰܡ̈ܡܳܢܰܝܟ   ܠܳܐ ܐܶܬܡܨܺܝܬ ܕܶܐܬܶܠ ܕܕܳܡܶܝܢ ܠܰܝܬ ܠܗܽܘܢ
1,Nisibis,4,17,Nisibis 4:17,ܙܳܟܶܝܢ ܠܣܰܡ̈ܳܡܢܰܝܟ   ܪ̈ܰܚܡܰܝܟ ܥܰܬܺܝܪ̈ܶܐ ܠܳܐ ܡܨܶܝܢ ܡܶܙܕܰܒܢܺܝܢ   ܡܰܓܳܢ ܡܶܬܝܰܗܒܺܝܢ ܒܕܶܡ̈ܥܶܐ ܗ̱ܘ ܡܶܬܢܰܣܒܺܝܢ
1,Nisibis,4,18,Nisibis 4:18,ܟܡܳܐ ܡܶܫܟܚܳܐ ܪܰܒܽܘܢܝ̱   ܡܕܺܝܢ̱ܬܳܐ ܡܓܰܙܰܝܬܳܐ ܕܪܰܚܺܝܩ ܒܰܪ ܡܰܠܟܳܗ̇   ܘܩܰܪܺܝܒ ܒܥܶܠܕܰܪܳܗ̇ ܕܰܬܩܽܘܡ ܕܠܳܐ ܪ̈ܰܚܡܶܐ
1,Nisibis,4,19,Nisibis 4:19,ܠܡܺܐܢܳܐ ܘܒܶܝܬ ܓܰܘܣܳܐ   ܐܰܢ̱ܬ ܗܽܘ ܒܟܽܠ ܥܶܕܳܢ ܟܰܕ ܚܰܦܝܽܘܢܝ̱ ܝܰܡ̈ܡܶܐ   ܢܚܼܶܬܘ̱ ܕܰܠܝܽܘܢܝ̱ ܪ̈ܰܚܡܰܝܟ ܬܽܘܒ ܢܶܕܪܟܰܢܝ̱ ܥܶܕܪܳܟ
1,Nisibis,4,20,Nisibis 4:20,ܐܰܣܪܰܚ ܠܒܽܘ̈ܣܒܳܣܰܝ   ܣܰܡܳܐ ܕܦܽܘܪܩܳܢܳܟ ܘܚܰܫܳܐ ܕܥܽܘܕܪܳܢܳܟ   ܢܺܝܫܳܟ ܡܨܶܐ ܕܢܶܗܘܶܐ ܣܰܡܳܐ ܡܰܐܣܶܐ ܟܽܠ
1,Nisibis,4,21,Nisibis 4:21,ܣܰܓܺܝ ܐܰܠܺܝܨܳܐ ܐ̱ܢܳܐ   ܘܕܶܐܩܒܽܘܠ ܐܰܟܺܝܦܳܐ ܐ̱ܢܳܐ ܥܰܠ ܡܰܢ ܕܫܰܓܶܫ ܠܺܝ   ܚܢܳܢܳܟ ܢܦܰܟܶܗ ܡܳܪܝ̱ ܟܳܣܳܐ ܕܰܡܼܙܰܓܘ ܚܰܘ̈ܒܰܝ
1,Nisibis,4,22,Nisibis 4:22,ܚܳܪܶܬ ܠܟܽܠ ܓܰܒܺܝ̈ܢ   ܘܰܒ̇ܟܺܝܬ ܕܶܐܬܓܰܙܺܝܬ ܟܰܕ ܛܳܒ ܣܰܓܺܝ̈ܐܺܝܢ   ܪ̈ܺܝܫܰܝ ܘܦܳܪ̈ܽܘܩܰܝ ܚܰܕ ܗܽܘ ܕܰܦܪܰܩ ܠܺܝ
1,Nisibis,4,23,Nisibis 4:23,ܦܰܪܘ̱ ܡܳܪܝ̱ ܢܦܰܩܘ̱ ܝܰܠܕ̈ܰܝ   ܘܕܳܡܽܘ ܠܦܰܪ̈ܽܘܓܶܐ ܕܢܶܫܪܳܐ ܪܕܰܦ ܐܶܢܽܘܢ   ܗܳܐ ܛܫܶܝܢ ܒܣܶܬܪܳܐ ܫܰܝܢܳܟ ܢܰܦܢܶܐ ܐܶܢܽܘܢ
1,Nisibis,4,24,Nisibis 4:24,ܨܰܘܬܳܐ ܕܟܰܪ̈ܡܰܝ   ܗܳܐ ܦܳܩܕܳܢ ܐܶܕ̈ܢܰܝ ܕܓܰܪܕܺܝܘ ܩܳܠܰܝ̈ܗܽܘܢ   ܢܶܪܥܰܡ ܒܣܰܒܪ̈ܳܬܳܐ ܛܶܒܳܐ ܕܦܽܘܪܩܳܢܳܟ
1,Nisibis,4,25,Nisibis 4:25,ܩܳܠܳܐ ܕܣܽܘܪܳܕܳܐ   ܥܰܠ ܡ̈ܰܓܕܠܰܝ ܫܶܡ̇ܥܶܬ ܕܩܳܥܶܝܢ ܦܪ̈ܽܘܩܰܝ   ܟܰܕ ܢܳܛܪܺܝܢ ܫܽܘܪ̈ܰܝ ܫܰܠܳܝܗ̱ܝ ܒܩܳܠ ܫܰܝܢܳܟ
1,Nisibis,4,26,Nisibis 4:26,ܪܒܳܒܬܳܐ ܕܦܰܠܳܚ̈ܰܝ   ܬܫܰܝܶܢ ܠܒܰܪ ܡܶܢ ܫܽܘܪܝ̱ ܪܰܥܡܳܐ ܕܥܳܡܽܘܪ̈ܰܝ   ܢܫܰܝܶܢ ܠܓܰܘ ܡܶܢ ܫܽܘܪܝ̱ ܕܰܐܘܕܶܐ ܠܒܰܪ ܘܰܠܓܰܘ
1,Nisibis,4,27,Nisibis 4:27,ܫܪܺܝ ܡܳܪܝ̱ ܐܰܒܺܝܠܽܘܬܶܗ   ܕܗܰܘ ܡܰܕܒܚܳܟ ܕܰܟܝܳܐ ܘܰܕܟܳܗܢܳܟ ܢܰܟܦܳܐ   ܕܩܳܐܶܡ ܠܒܺܝܫ ܐܶܒܠܳܐ ܡܶܢ ܠܥܶܠ ܟܒܺܝܢ ܣܰܩܳܐ
1,Nisibis,4,28,Nisibis 4:28,ܬܰܘܕܶܐ ܒܦܽܘܪܩܳܢܳܟ   ܥܺܕ̱ܬܳܐ ܘܫܰܡܳܫܶܝ̈ܗ̇ ܡܕܺܝܢ̱ܬܳܐ ܘܥܳܡܪ̈ܶܝܗ̇    ܢܗܶܐ ܡܳܪܝ̱ ܩܳܠ ܫܰܝܢܳܐ ܐܰܓܪܳܐ ܕܩܳܠܰܝ̈ܗܽܘܢ
1,Nisibis,5,1,Nisibis 5:1,ܐܰܫܡܰܥ ܒܛܰܝܒܽܘܬܳܟ   ܛܶܒܳܐ ܕܦܽܘܪܩܳܢܳܐ ܕܰܗܘܼܳܬ ܡܰܫܡܰܥܬܰܢ   ܐܽܘܪܚܳܐ ܕܡܰܥܒܰܪܬܳܐ ܕܰܫܘܳܗ̇ ܠܬܰܪܥܺܝܬܰܢ   ܛܶܒ̈ܶܐ ܕܣܽܘܪܳܕܳܐ
1,Nisibis,5,2,Nisibis 5:2,ܒܰܝܰܐ ܒܝܽܘܬܪ̈ܳܢܶܐ   ܙܥܽܘܪ̈ܶܐ ܘܕܰܠܺܝ̈ܠܶܐ ܠܰܐܝܠܶܝܢ ܕܶܐܬܬܰܓܰܪܘ̱   ܬܽܘܟܳܐ ܒܥܰܡ̈ܠܰܝܗܽܘܢ ܒܙܰܒܢܳܐ ܕܝܽܘܬܪܳܢܳܐ   ܝܰܪܬܽܘܗ̱ܝ ܠܚܽܘܣܪܳܢܳܐ
1,Nisibis,5,3,Nisibis 5:3,ܓܰܠܝܳܐ ܗ̱ܝ ܕܗܽܘ ܪܽܘܓܙܳܐ   ܡܰܨܰܥ ܘܩܳܡ ܒܰܐܪܥܳܐ ܬܽܘܟܳܐ ܘܝܽܘܬܪܳܢܳܐ   ܒܚܶܡܬܳܐ ܡܰܦܠܶܓ ܗ̱ܘܳܐ ܐܺܝܬ ܕܰܐܚܪܒܳܗ̇ ܡܶܢ ܫܶܠܝ   ܘܺܐܝܬ ܕܰܐܚܬܪܳܗ̇ ܡܶܢ ܫܶܠܝ̱
1,Nisibis,5,4,Nisibis 5:4,ܕܢܰܠܶܦ ܕܡܶܫܟܰܚ ܗܽܘ   ܪܳܕܶܐ ܒܟܽܠ ܦܽܘܪ̈ܣܺܝܢ ܕܰܚܼܙܳܐ ܕܪ̈ܳܕܽܘܦܶܐ   ܕܚܺܝܠܺܝܢ ܩܕܳܡ ܥܰܝ̈ܢܰܝ ܦܰܫܛܰܢܝ̱ ܩܕܳܡ ܝܰܠܕ̈ܰܝ   ܘܢܰܓܕܽܘܢܝ̱ ܚܰܒܺܝ̈ܒܰܝ
1,Nisibis,5,5,Nisibis 5:5,ܗܳܐ ܐܰܠܦܰܢܝ̱ ܕܶܐܕܚܰܠ   ܡܶܢܶܗ ܘܠܳܐ ܡܶܢ ܐ̱ܢܳܫ ܕܟܰܕ ܠܰܝܬ ܕܡܰܚܶܐ ܠܰܢ   ܪܽܘܓܙܶܗ ܦܩܼܰܕ ܡܶܢ ܫܶܠܝ̱ ܘܟܽܠ ܐ̱ܢܳܫ ܡܬܼܰܚ ܢܰܦܫܶܗ   ܘܗܼܽܘ ܠܶܗ ܡܢܰܓܶܕ ܗ̱ܘܳܐ
1,Nisibis,5,6,Nisibis 5:6,ܘܳܐܦ ܠܶܗ ܠܒܳܒܠܳܝܳܐ   ܕܢܰܓܼܶܕ ܠܟܽܠ ܡ̈ܰܠܟܺܝܢ ܟܰܕ ܐܶܬܬܟܺܝܠ ܘܰܣܒܼܰܪ   ܕܠܰܝܬ ܡܰܢ ܕܢܰܟܶܐ ܠܶܗ ܥܼܰܒܕܶܗ ܕܗܼܽܘ ܒܺܐܝ̈ܕܰܘܗ̱ܝ   ܢܰܦܫܶܗ ܢ̇ܢܰܓܶܕ ܗ̱ܘܳܐ
1,Nisibis,5,7,Nisibis 5:7,ܙܺܝܘܶܗ ܘܪܶܥܝܳܢܶܗ   ܡܶܢ ܫܶܠܝ̱ ܫܢܰܘ ܐܰܟܚܰܕ ܘܒܰܣܒܶܣ ܫܼܕܳܐ ܢܰܚ̈ܬܰܘܗ̱ܝ   ܘܰܢܦܼܰܩ ܦܗܼܳܐ ܒܕܰܒܪܳܐ ܗܼܽܘ ܠܶܗ ܪܕܰܦ ܠܽܘܩܕܳܡ   ܘܟܶܢ ܗܽܘ ܪܰܕܦܽܘܗ̱ܝ ܥܰܒܼ̈ܕܰܘܗ̱ܝ
1,Nisibis,5,8,Nisibis 5:8,ܚܰܘܽܝ ܠܟܽܠ ܡ̈ܰܠܟܺܝܢ   ܕܰܫܼܒܳܐ ܘܰܐܚܶܬ ܗ̱ܘܳܐ ܕܠܰܘ ܗܼܽܘ ܒܝܰܕ ܚܰܝܠܶܗ   ܡܨܶܐ ܗ̱ܘܳܐ ܕܢܶܙܟܶܐ ܗ̱ܘܳܐ ܚܰܝܠܳܐ ܕܠܶܗ ܢܰܓܶܕ   ܗܽܘܝܽܘ ܪܕܳܐ ܐܶܢܽܘܢ
1,Nisibis,5,9,Nisibis 5:9,ܛܶܥܢܶܬ ܘܩܳܡܶܬ ܡܳܪܝ̱   ܢܶܓܕ̈ܶܐ ܕܦܳܪ̈ܽܘܩܰܝ ܡܨܶܝܬ ܗܽܘ ܒܛܰܝܒܽܘܬܳܐ   ܕܬܰܛܐܶܒ ܒܢܳܟܽܘ̈ܝܶܐ ܡܨܶܝܬ ܗܽܘ ܒܟܺܐܢܽܘܬܳܐ   ܕܬܰܪܕܶܐ ܒܥܳܕܽܘܪ̈ܶܐ
1,Nisibis,5,10,Nisibis 5:10,ܝܰܘܡܳܐ ܕܰܣܥܼܳܐ ܘܰܣܠܼܶܩ   ܥܰܠ ܫܳܡܪܺܝܢ ܚܰܝܠܳܐ ܣܰܒܥܳܐ ܘܦܽܘܢܳܩܳܐ   ܓ̈ܰܙܶܐ ܘܩ̈ܶܢܝܳܢܶܐ ܐܰܪܫܶܠܘ̱ ܫܒܰܩܘ̱ ܘܰܥܪܰܩܘ̱   ܟܰܠܠܳܗ̇ ܒܪ̈ܳܕܽܘܦܶܝܗ̇
1,Nisibis,5,11,Nisibis 5:11,ܟܰܠܠܽܘܢܝ̱ ܚ̈ܰܒܺܝܒܰܝ   ܘܣܰܥܪܽܘܢܝ̱ ܦܳܪ̈ܽܘܩܰܝ ܒܥܰܘܠܳܐ ܕܥܳܡܽܘܪ̈ܰܝ   ܢܰܓܽܘܢܝ̱ ܥܳܕܽܘܪ̈ܰܝ ܐܰܫܩܳܢܝ ܡܶܢ ܓܽܘ̈ܦܢܰܝ   ܟܳܣܳܐ ܕܒܽܘܝܳܐܳܐ
1,Nisibis,5,12,Nisibis 5:12,ܠܫܶܒܠܳܐ ܘܠܰܓܦܶܬܳܐ   ܛܰܪ ܡܳܪܝ̱ ܒܛܰܝܒܽܘܬܳܟ ܬܒܰܝܰܐ ܠܰܐܟܳܪܳܐ   ܓܦܶܬܶܗ ܕܟܰܪܡܳܐ ܬܚܰܕܶܐ ܠܦܰܠܳܚܳܐ   ܫܶܒܠܶܗ ܕܶܐܟܳܪܳܐ
1,Nisibis,5,13,Nisibis 5:13,ܠܳܘܝܳܢ ܚܕܳܐ ܠܰܚܕܳܐ   ܗܳܝ ܫܒܳܠܳܐ ܘܣܰܬܳܐ ܒܚܰܩܠܳܐ ܠܚܳܨ̈ܽܘܕܶܐ   ܚܰܡܪܳܐ ܡܨܶܐ ܡܰܦܨܰܚ ܒܟܰܪܡܳܐ ܠܦܰܠܳܚ̈ܶܐ   ܠܰܚܡܳܐ ܡܚܰܝܶܠ ܬܽܘܒ
1,Nisibis,5,14,Nisibis 5:14,ܡܰܨܝܳܢ ܬܰܪ̈ܬܰܝܗܶܝܢ   ܕܰܢܒܰܝܐܰܢ ܥܳܩ̈ܳܬܝ̱ ܬܠܺܝܬܳܝܳܐ ܡܰܨܝܳܐ   ܕܰܬܒܰܝܐܰܢ ܝܰܬܺܝܪ ܕܰܐܘܕܶܐ ܕܡܶܢ ܫܶܠܝܳܐ   ܦܶܠܛܰܬ ܒܛܰܝܒܽܘܬܳܐ
1,Nisibis,5,15,Nisibis 5:15,ܡܰܢ ܕܶܝܢ ܕܢܶܬܢܰܛܪܶܐ   ܢܰܦܫܶܗ ܒܛܰܝܒܽܘܬܳܐ ܐܶܢ ܐܳܙܶܠ ܕܢܶܬܪܥܰܡ   ܒܬܽܘܟܳܐ ܕܩ̈ܶܢܝܳܢܰܘܗ̱ܝ ܛܰܠܡܳܗ̇ ܠܛܰܝܒܽܘܬܶܗ   ܕܗܰܘ ܡܰܢ ܕܚܳܣ ܥܠܰܘܗ̱ܝ
1,Nisibis,5,16,Nisibis 5:16,ܡܶܨܒܰܐ ܗ̱ܘ ܨܒܼܳܐ ܘܚܰܒܶܠ   ܡܶܕܶܡ ܚܠܳܦ ܡܶܕܶܡ ܚܰܒܶܠ ܠܩ̈ܶܢܝܳܢܶܐ   ܘܰܫܒܼܰܩ ܠܩܶܢܝ̈ܳܢܶܐ ܚܰܒܶܠ ܠܫ̈ܶܬܠܳܬܰܢ   ܒܚܰܠܦܳܐ ܕܢܰܦܫ̈ܳܬܰܢ
1,Nisibis,5,17,Nisibis 5:17,ܢܶܕܚܼܰܠ ܕܢܶܬܪܰܥܰܡ   ܕܰܡ ܢܶܬܥܺܝܪ ܪܽܘܓܙܳܐ ܘܢܶܫܒܽܘܩ ܠܩܶܢܝ̈ܳܢܶܐ   ܘܢܶܡܚܶܐ ܠܰܩ̈ܢܰܝܳܐ ܕܢܺܐܠܰܦ ܒܫܽܘܠܳܡܳܐ   ܚܢܳܢܶܗ ܕܫܽܘܪܳܝܳܐ
1,Nisibis,5,18,Nisibis 5:18,ܢܺܐܠܰܦ ܕܥܰܠ ܡܰܢܽܘ   ܙܳܕܶܩ ܕܢܶܬܪܰܥܰܡ ܝܺܠܶܦ ܕܬܶܬܪܰܥܰܡ   ܠܳܐ ܗ̱ܘܳܐ ܥܰܠ ܪܳܕܽܘܝܳܐ ܐܶܠܳܐ ܥܰܠ ܨܶܒܝܳܢܳܟ   ܕܰܐܚܛܺܝܬ ܘܶܐܬܢܰܓܕܶܬ
1,Nisibis,5,19,Nisibis 5:19,ܢܰܪܦܶܝܘܗ̱ܝ ܠܪܽܘܥܳܡܳܐ   ܘܢܶܦܢܶܐ ܠܒܳܥܽܘܬܳܐ ܕܶܐܢ ܡܺܝܬ ܩܰܢܳܝܳܐ   ܒܼܛܶܠ ܠܶܗ ܐܳܦ ܩܶܢܝܳܢܶܗ ܘܰܟܡܳܐ ܕܗܼܽܘ ܩܰܝܳܡ   ܥܳܩܶܒ ܠܰܐܒ̈ܕܳܬܶܗ
1,Nisibis,5,20,Nisibis 5:20,ܢܶܣܓܽܘܢ ܒܽܘ̈ܝܳܐܶܐ   ܒܪ̈ܰܚܡܶܐ ܠܥܳܡܽܘܪ̈ܰܝ ܣܪܺܝܕܳܐ ܘܬܰܘܬܳܪܳܐ   ܢܒܰܝܰܐ ܒܓܰܘ ܪܽܘܓܙܳܐ ܘܶܐܛܥܶܐ ܒܫܰܪܟܳܢܳܐ   ܐܶܒܠܶܗ ܕܚܽܘܒܳܠܳܐ
1,Nisibis,5,21,Nisibis 5:21,ܣܰܡܣܶܡ ܘܪܰܒܳܐ ܡܳܪܝ̱   ܦܺܐܪ̈ܶܐ ܕܰܐܘܬܰܪ ܪܽܘܓܙܳܐ ܕܶܡܽܘ ܠܺܝ ܐܰܝܟ ܠܰܟܪ̈ܺܝܗܶܐ   ܕܰܦܠܰܛܘ̱ ܒܡܰܘܬܳܢܳܐ ܐܰܛܥܰܝܢܝ̱ ܒ̈ܕܰܠܺܝܠܶܐ   ܚܰܫܳܐ ܕܣ̈ܰܓܺܝܐܶܐ
1,Nisibis,5,22,Nisibis 5:22,ܥܰܡܳܗ̇ ܕܡܶܠܰܬܝ̱ ܡܳܪܝ̱   ܥܶܗܕܶܬ ܕܳܐܦ ܝܰܪܚܰܐ ܗ̱ܘ ܕܰܣܡܳܕܪܐ ܡܪܰܥ ܠܶܗ   ܘܰܢܦܰܠ ܒܟܽܘܪܗܳܢܳܐ ܢܺܐܬܶܐ ܠܚܽܘܠܡܳܢܳܐ   ܕܢܶܗܘܶܐ ܠܒܽܘܝܳܐܳܐ
1,Nisibis,5,23,Nisibis 5:23,ܦܠܰܛܘ̱ ܓܶܝܪ ܒܡܰܘܬܳܢܳܐ   ܕܰܕܒܰܪܘ̱ ܠܰܐܚܰܝ̈ܗܽܘܢ ܓܽܘ̈ܦܢܶܐ ܕܠܳܐ ܩܳܠܳܐ   ܒܶܟܝ̱ ܕܰܩܕܳܡܰܝܗܶܝܢ ܓܕܺܝܕܺܝܢ ܪܡܶܝܢ ܪܳܒܰܬ   ܐܺܝ̈ܠܳܢܶܐ ܪܚܽܘܡܰܝ̈ܗܶܝܢ
1,Nisibis,5,24,Nisibis 5:24,ܨܰܘܬܳܐ ܕܢܶܨ̈ܒܳܬܳܐ   ܗܳܐ ܒܳܥܝܳܐ ܐܰܪܥܳܐ ܥܶܩܳܪ̈ܶܐ ܠܦܳܠܚ̈ܶܐ   ܒܳܟܶܝܢ ܐܳܦ ܡܒܰܟܶܝܢ ܫܽܘܦܪܳܐ ܦܪܰܣ ܘܰܐܛܶܠ   ܘܩܰܦܠܽܘܗ̱ܝ ܚܕܳܐ ܫܳܥܳܐ
1,Nisibis,5,25,Nisibis 5:25,ܩܪܶܒ ܢܳܪܓܳܐ ܘܰܦܣܰܩ   ܘܦܰܣܩܶܗ ܠܦܰܠܳܚܳܐ ܦܣܳܩܳܐ ܠܺܐܝܠܳܢ̈ܶܐ   ܘܚܰܫܳܐ ܠܦܰܠܳܚܳܐ ܟܽܠ ܢܳܪܓܳܐ ܕܰܡܚܰܘ   ܗܽܘܝܽܘ ܛܥܶܡ ܚܰܫܶܗ
1,Nisibis,6,1,Nisibis 6:1,ܐܶܪܗܰܛ ܒܽܐܘ̈ܠܳܨܢܰܝ   ܠܘܳܬ ܐܳܣܝܳܐ ܕܡܰܓܳܢ ܕܰܐܣܺܝ ܠܒܽܘܣ̈ܒܳܣܰܝ   ܩܰܕ̈ܡܶܐ ܘܬܶܢܝ̈ܳܢܶܐ ܕܰܐܚܠܶܡ ܬܠܺܝ̈ܬܳܝܶܐ   ܢܰܐܣܶܐ ܐ̱ܪ̈ܒܺܝܥܳܝܶܐ
1,Nisibis,6,2,Nisibis 6:2,ܒܢ̈ܰܝ ܡܳܪܝ̱ ܐܶܫܬܺܝܘ ܘܰܪܘܺܝܘ   ܛܳܒܳܐ ܕܰܡܼܙܰܓ ܪܽܘܓܙܳܐ ܘܰܣܒܼܰܟܘ̱ ܒܬܰܨ̈ܒܝܳܬܰܝ   ܘܰܫܠܼܰܚܘ̱ ܫܕܰܘ ܨܶܒ̈ܬܰܝ ܒܰܣܒܶܣ ܕܠܳܐ ܚܰܘܣܳܢ   ܢܰܚ̈ܬܰܝ ܘܟܽܘ̈ܠܳܠܰܝ
1,Nisibis,6,3,Nisibis 6:3,ܓܠܰܐܽܘܢܝ̱ ܘܶܐܬܦܰܪܣܺܝܬ   ܕܶܐܬܢܰܟܦܶܬ ܩܰܠܺܝܠ ܡܶܢ ܗܰܘ ܦܽܘܪܣܳܝܳܐ   ܩܰܕܡܳܐ ܘܬܶܢܝܳܢܳܐ ܕܶܐܬܢܰܟܦܶܬ ܕܰܬܠܳܬ   ܗܳܐ ܦܰܪܣܝܽܘܢܝ̱ ܕܰܐܪ̈ܒܰܥ
1,Nisibis,6,4,Nisibis 6:4,ܕܰܩܦܰܠܘ̱ ܫܼܩܰܠܘ̱ ܢܰܚ̈ܬܰܝ   ܨ̈ܶܒܬܰܝ ܘܦܰܪ̈ܕܰܝܣܰܝ ܒܣܰܩܳܐ ܕܰܟܒܺܝܢ ܡܰܕܒܰܚܝ̱   ܚܽܘܪ ܡܳܪܝ̱ ܘܢܰܟܶܦܰܝܢܝ̱ ܣܰܩܶܗ ܢܗܶܐ ܠܺܝ ܡܳܪܝ̱   ܦܪܺܝܣܳܐ ܕܦܽܘܪܩܳܢܳܐ
1,Nisibis,6,5,Nisibis 6:5,ܗܳܐ ܠܰܘ ܒܝܰܕ ܢܰܟܦܳܐ   ܪܕܰܝܬܳܢܝ̱ ܪܰܒܽܘܠܺܝ ܕܗܳܐ ܒܶܗܬܬܶܗ ܩܕܳܡܽܘܗ̱ܝ   ܘܡܶܢ ܒܶܣܬܪܶܗ ܚܶܣܕܶܗ ܗܽܘ ܓܶܝܪ ܙܽܘܘܳܓܶܗ   ܓܰܘܪܳܐ ܦܫܺܝܚ ܡܶܢܶܗ
1,Nisibis,6,6,Nisibis 6:6,ܗܳܐ ܐܰܢ̱ܬܬܶܗ ܒܰܪܬܶܗ   ܘܫܰܘܬܳܦܬܶܗ ܚܳܬܶܗ ܘܶܐܡܳܐ ܕܰܢܦܼܰܩ ܡܶܢܳܗ̇   ܒܬܶܢܝܳܐ ܗܼܦܰܟ ܫܰܩܠܳܗ̇ ܫܡܰܝܳܐ ܬܡܼܰܗܘ̱ ܕܰܟܡܳܐ   ܐܰܪܓܼܶܙ ܘܗܳܐ ܡܰܨܠܼܰܚ
1,Nisibis,6,7,Nisibis 6:7,ܘܶܐܢ ܡܳܪܝ̱ ܣܓܺܝܘ ܥܰܘ̈ܠܰܝ   ܗܳܟܰܢ ܥܫܶܢܘ̱ ܚܰܘ̈ܒܰܝ ܕܬܰܫܠܶܡ ܡܢܰܟܰܦܬܳܐ   ܐܶܡܳܐ ܕܢܰܟ̈ܦܳܬܳܐ ܠܳܐܬܽܘܪ ܡܣܰܝܰܒܬܳܐ   ܐܶܡܳܐ ܕܛܰܢ̈ܦܳܬܳܐ
1,Nisibis,6,8,Nisibis 6:8,ܙܓܽܘܪܳܝܗ̱ܝ ܕܠܳܐ ܢܺܐܬܶܐ   ܘܢܰܢܺܝܕ ܥܠܰܝ ܪܺܝܫܶܗ ܘܢܶܪܦܽܘܣ ܥܠܰܝ ܥܶܩܒܶܗ   ܘܢܶܚܕܶܐ ܕܩܳܠ ܛܶܒܶܗ ܗܳܟܰܢ ܫܼܓܰܫ ܬܺܒܶܝܠ   ܘܬܽܘܒ ܢܶܬܪܺܝܡ ܩܰܠܺܝܠ
1,Nisibis,6,9,Nisibis 6:9,ܚܙܰܘ ܡܳܪܝ̱ ܒܢ݁̈ܰܝ ܦܽܘܪܳܣܝ   ܐܳܦܶܢ ܦܰܪܣܝܽܘܢܝ̱ ܒܳܟܶܝܢ ܦܪܳܣܳܢܝ̱ ܩܕܳܡ ܝܰܠܕ̈ܰܝ   ܕܟܳܐܶܒ ܠܗܽܘܢ ܡܶܢ ܟܺܐܒܝ̱ ܘܠܳܐ ܢܰܗܠܽܘܢ ܥܠܰܝ   ܚܶܪ̈ܡܶܐ ܕܠܳܐ ܪ̈ܰܚܡܶܐ
1,Nisibis,6,10,Nisibis 6:10,ܛܥܶܢ ܗܘܺܝ ܘܩܳܡ ܐܰܪ̈ܥܳܬܝ̱   ܦܺܐܪ̈ܶܐ ܘܦܽܘ̈ܢܳܩܶܐ ܛܽܘ̈ܒܶܐ ܒܓܰܘ ܟܰܪܡܳܐ   ܣܰܒܥܳܐ ܒܚܰܩ̈ܠܳܬܳܐ ܘܟܰܕ ܐܶܢܳܐ ܒܗܺܝܠܳܐ ܐ̱ܢܳܐ   ܡܶܢ ܫܶܠܝ ܨܦܼܰܚ ܪܽܘܓܙܳܐ
1,Nisibis,6,11,Nisibis 6:11,ܛܠܺܝܡܺܝܢ ܐܰܟܳܪ̈ܶܐ   ܐܰܣܺܝܢܺܝܢ ܒܳܙܽܘ̈ܙܶܐ ܕܺܝܙܶܦܘ ܙܪܰܥܼܘ̱ ܐܰܘܒܶܕܘ̱   ܥܰܡ ܚܰܘܒܬܶܗ ܟܰܦܢܶܗ ܛܳܟ ܐܳܦ ܛܘܳܬ ܒܳܐܶܬ   ܕܠܰܚܡܶܗ ܚܛܺܝܦ ܡܶܢܶܗ
1,Nisibis,6,12,Nisibis 6:12,ܛܠܺܝܡ ܡܳܪܝ̱ ܐܰܟܳܪܳܐ   ܕܗܼܽܘ ܐܰܘܙܦܳܗ̇ ܠܰܐܪܥܳܐ ܫܩܰܠܬܶܗ ܠܓܽܘܥܠܳܢܳܐ   ܘܝܰܗܒܬܶܗ ܠܢܽܘܟܪܳܝܳܐ ܝܺܙܶܦܬܶܗ ܕܰܐܟܳܪܳܐ   ܦܪܰܥܬܳܗ̇ ܠܒܳܙܽܘܙܳܐ
1,Nisibis,6,13,Nisibis 6:13,ܛܰܢ ܒܺܝ ܕܕܺܝܠܳܟ ܐ̱ܢܳܐ   ܘܠܳܟ ܡܳܪܝ̱ ܡܟܺܝܪܳܐ ܐ̱ܢܳܐ ܫܠܺܝܚܳܐ ܕܡܰܟܪܰܢܝ̱ ܠܳܟ   ܐܡܰܪ ܠܺܝ ܕܛܰܢܳܢܳܐ ܐܰܢ̱ܬ ܕܫܽܘܪܳܐ ܕܢܰܟܦ̈ܳܬܳܐ   ܛܢܳܢܰܐ ܗ̱ܘ ܕܓܰܒܪ̈ܰܝܗܶܝܢ
1,Nisibis,6,14,Nisibis 6:14,ܝܰܡ̈ܡܶܐ ܫܓܶܫ ܫܶܡܫܽܘܢ   ܕܛܰܢ ܒܰܐܢ̱ܬܬܶܗ ܪܰܒܰܬ ܟܰܕ ܛܳܒ ܡܣܰܝܰܒܬܳܐ ܗ̱ܝ   ܘܰܥܠܰܘܗ̱ܝ ܦܠܺܝܓܳܐ ܗܘܳܬ ܛܰܪ ܥܺܕܬܳܟ ܕܰܐܚܪܺܝܢ   ܠܳܐ ܐܺܝܬ ܠܳܗ̇ ܥܰܡܳܟ
1,Nisibis,6,15,Nisibis 6:15,ܟܽܠ ܡܰܢ ܕܠܳܐ ܛܳܐܶܢ   ܒܰܡܟܺܝܪܬܶܗ ܫܺܝܛܳܐ ܗ̱ܝ ܛܢܳܢܰܐ ܗ̱ܘ ܡܨܶܐ ܡܰܘܕܰܥ   ܚܽܘܒܳܐ ܕܒܰܡܨܰܥܬܳܐ ܐܶܬܩܪܰܝܬ ܛܰܢܳܢܳܐ   ܕܚܽܘܒܳܟ ܬܚܰܘܶܐ ܠܺܝ
1,Nisibis,6,16,Nisibis 6:16,ܟܝܳܢ ܐܰܢ̱ܬܬܳܐ ܗܳܢܰܘ   ܡܚܺܝܠܳܐ ܘܡܰܪܳܚܳܐ ܛܢܳܢܰܐ ܗ̱ܘ ܣܳܐܶܡ ܠܳܗ̇   ܬܚܶܝܬ ܕܶܚܠܬܳܐ ܟܽܠܫܳܥ ܟܰܢܝܽܘܟ ܒܛܰܢ̈ܳܢܶܐ   ܕܬܰܘܕܰܥ ܒܛܺܝܠܽܘܬܳܟ
1,Nisibis,6,17,Nisibis 6:17,ܟܽܠ ܐ̱ܢܳܫ ܗܘܳܐ ܡܳܪܳܐ   ܠܡܶܕܶܡ ܕܠܳܐ ܕܺܝܠܶܗ ܟܽܠ ܐ̱ܢܳܫ ܢܦܼܰܩ ܟܰܢܶܫ   ܡܶܕܶܡ ܕܠܳܐ ܒܰܕܰܪ ܝܰܘܡܳܐ ܕܒܽܘܠܒܳܠܳܐ   ܙܰܡܢܶܬ ܠܺܝ ܒܚ̈ܰܘܒܰܝ
1,Nisibis,6,18,Nisibis 6:18,ܟܡܳܐ ܢܣܰܝܒܪܽܘܢ ܚܰܫܳܐ   ܠܐܰܝ̈ܳܐ ܘܦܰܠܳܚ̈ܶܐ ܩܕܳܡܰܘܗ̱ܝ ܕܦܰܠܳܚܳܐ   ܥܰܒܕ̈ܰܘܗ̱ܝ ܦܣܼܰܩܘ̱ ܘܰܛܥܼܶܢܘ̱ ܠܥܳܢ̈ܰܘܗ̱ܝ ܕܰܐܟܳܪܳܐ   ܙܰܪ̈ܥܰܘܗ̱ܝ ܚܨܰܕܘ̱ ܘܰܣܼܒܰܠܘ̱
1,Nisibis,6,19,Nisibis 6:19,ܟܕܶܢܘ̱ ܗ̱ܘܰܘ ܙܪܰܥܼܘ̱ ܘܰܫܦܰܢܘ̱   ܘܰܦܠܼܰܚܘ̱ ܢܨܰܒܘ̱ ܪܰܒܺܝܘ̱ ܩܳܡܘ̱ ܡܶܢ ܩܒܽܘܠ ܘܰܒܟܰܘ   ܘܰܣܠܼܶܩܘ̱ ܣܪܺܝܩ ܡܶܢ ܟܽܠ ܥܰܡܳܐ ܠܦܰܠܳܚ̈ܶܐ   ܥܰܠܠܰܬ ܠܒ̈ܳܙܽܘܙܶܐ
1,Nisibis,6,20,Nisibis 6:20,ܠܳܐ ܡܳܪܝ̱ ܥܒܰܕܘ̱ ܪ̈ܺܝܫܶܐ   ܛܶܟ̈ܣܶܐ ܒܓܰܘ ܪܽܘܓܙܳܐ ܐܶܠܽܘ ܨܒܰܘ ܛܰܟܶܣܘ̱   ܠܳܐ ܕܶܝܢ ܫܒܼܰܩܘ̱ ܥܰܘܼܠܰܢ ܟܰܕ ܛܳܒ ܦܟܶܗ ܪܽܘܓܙܳܐ   ܠܡܶܒܰܙ ܢܩܳܐ ܪܽܘܓܙܳܐ
1,Nisibis,6,21,Nisibis 6:21,ܠܰܐܝܢܳܐ ܡܶܢ ܟܽܠ ܓܰܒ̈ܰܝ   ܐܶܚܽܘܪ ܕܶܐܬܒܰܝܰܐ ܒܫ̈ܶܬܠܳܬܝ ܕܶܐܬܚܰܝܰܒ   ܒܬܰܩ̈ܢܳܬܝ̱ ܕܶܐܬܚܰܒܰܠ ܛܳܒܳܐ ܕܩܳܠ ܫܰܝܢܳܐ   ܟܰܪܝܽܘܬܝ̱ ܢܦܰܝܶܓ ܡܶܢܝ̱
1,Nisibis,6,22,Nisibis 6:22,ܠܳܐ ܬܰܫܠܡܰܢܝ̱ ܕܰܠܡܳܐ   ܐܶܣܬܒܰܪ ܕܶܐܓܰܪܬܳܐ ܝܰܗܼܒܬ ܠܺܝ ܕܕܽܘܠܳܠܳܐ   ܘܰܫܪܰܝܬ ܫܰܡܰܪܬܳܢܝ̱ ܠܳܐ ܡܳܪܝ̱ ܢܶܩܪܽܘܢܳܢܝ̱   ܫܒܺܝܩܬܳܐ ܘܰܡܨܰܥܰܪܬܳܐ
1,Nisibis,6,23,Nisibis 6:23,ܠܳܐ ܐܺܝܬ ܠܺܝ ܡܶܕܶܡ   ܕܶܐܬܕܟܰܪ ܩܕܳܡ ܥܰܝ̈ܢܰܝܟ ܕܰܒܟܽܠܝ̱ ܒܣܺܝܪܳܐ ܐ̱ܢܳܐ   ܐܶܬܕܟܰܪ ܠܺܝ ܐܰܠܳܗܝ̱ ܗܳܕܶܐ ܠܚܽܘܕ ܕܰܐ̱ܚܪܺܝܢ   ܠܳܐ ܣܺܝܡ ܠܺܝ ܥܰܡܳܟ
1,Nisibis,6,24,Nisibis 6:24,ܡܰܢܽܘ ܕܠܳܐ ܢܶܒܟܶܝܢܝ̱   ܒܩܳܠܳܐ ܘܒܽܐܘܠܺܝܬܳܐ ܕܰܩܕܳܡ ܟܶܣܐܳܐ ܝܰܘܡܺܝ̈ܢ   ܢܰܟܦܬܳܐ ܘܰܡܟܰܠܠܰܬܳܐ ܘܒܳܬܰܪ ܟܶܣܐܳܐ ܝܰܘܡܺܝ̈ܢ   ܓܠܺܝܬܳܐ ܘܰܡܦܰܪܣܰܝܬܳܐ
1,Nisibis,6,25,Nisibis 6:25,ܢܰܟ̈ܦܳܬܝ̱ ܕܬܰܘ̈ܳܢܶܐ   ܦܳܗܶܝܢ ܒܚܰܩ̈ܠܳܬܳܐ ܕܪܽܘܓܙܳܐ ܕܰܠܟܽܠ ܡܰܪܘܶܐ   ܐܶܙܰܠ ܠܝܰܩܺܝܪ̈ܳܬܝ̱ ܚܢܳܢܳܟ ܡܫܰܝܶܢ ܟܽܠ   ܢܢܰܟܶܦ ܠܚܰܒܺܝ̈ܒܳܬܝ̱
1,Nisibis,6,26,Nisibis 6:26,ܣܳܒ̈ܳܬܝ ܘܝ̈ܳܠܽܘܕܳܬܝ   ܗܳܐ ܓ̇ܳܥܶܝܢ ܩܽܘܕܡܰܝܟ ܕܛ̈ܰܠܝܳܢ ܒܩ̈ܳܠܰܝܗܶܝܢ   ܕܣܳܒ̈ܳܢ ܒܕܶܡ̈ܥܰܝܗܶܝܢ ܒܬܽܘ̈ܠܳܬܝ ܒܨܰܘܡ̈ܰܝܗܶܝܢ   ܢܰܟ̈ܦܳܬܝ ܒܣܰܩ̈ܰܝܗܶܝܢ
1,Nisibis,6,27,Nisibis 6:27,ܥܰܝ̈ܢܰܝ ܠܟܽܠ ܫ̈ܽܘܩܺܝܢ   ܫܶܩܠܶܬ ܘܗܳܐ ܨܳܕܶܝܢ ܦܳܫܘ̱ ܡܶܢ ܡܳܐܐ ܥܶܣܪܳܐ   ܘܰܐܠܦܳܐ ܡܶܢ ܪܶܒܽܘܬܳܐ ܫܰܝܶܢ ܡܠܺܝ ܫܽܘܩ̈ܰܝ   ܪܒܳܒܬܳܐ ܕܥܳܡܽܘܪ̈ܰܝ
1,Nisibis,6,28,Nisibis 6:28,ܦܰܢܳܐ ܠܒܰܪ̈ܳܝܶܐ   ܘܚܰܕܳܐ ܠܓܰܘ̈ܳܝܶܐ ܪܰܒܳܐ ܗܳܐ ܛܰܝܒܽܘܬܳܟ   ܕܬܶܦܪܽܘܣ ܠܓܰܘ ܘܰܠܒܰܪ ܢܟܰܢܫܰܢ ܠܦܰܪ̈ܽܘܓܰܝ   ܟ̈ܶܢܦܶܐ ܕܛܰܝܒܽܘܬܳܟ
1,Nisibis,6,29,Nisibis 6:29,ܨܠܽܘܬܳܐ ܕܙܰܕܺܝ̈ܩܰܝ   ܬܢܰܛܰܪ ܠܥܳܪ̈ܽܘܩܰܝ ܕܠܳܐ ܡܗܰܝܡܢܺܝܢ ܬܰܒܪܽܘܢܝ̱   ܘܕܰܡܗܰܝܡܢܺܝܢ ܣܰܡܟܽܘܢܝ̱ ܒܰܡܗ̈ܰܝܡܢܶܐ ܚܰܣܶܕ   ܠܰܐܝܠܶܝܢ ܕܠܳܐ ܗܰܝܡܶܢܘ̱
1,Nisibis,6,30,Nisibis 6:30,ܩܪܶܒܘ̱ ܗ̱ܘܰܘ ܒܚܰܕ ܝܰܘܡܳܐ   ܥܺܐܕ̈ܶܐ ܬܪ̈ܶܝܢ ܐܰܝܟ ܚܰܕ ܥܺܐܕܳܐ ܕܣܽܘܠܳܩܳܟ   ܘܥܺܐܕܳܐ ܕܰܐܬܠܺܝ̈ܛܰܝܟ ܥܺܐܕܳܐ ܕܰܩܛܰܪ ܬܳܓܳܟ   ܘܕܽܘܟܪܳܢ ܟܠܺܝܠ ܥܰܒܕ̈ܰܝܟ
1,Nisibis,6,31,Nisibis 6:31,ܪܰܚܶܡ ܕܥܰܦܘ̱ ܗ̱ܘܰܘ ܠܰܢ   ܥܺܐܕ̈ܶܐ ܒܚܰܕ ܝܰܘܡܳܐ ܘܥܰܦܘ̱ ܠܰܢ ܚܠܳܦܰܝܗܽܘܢ   ܥܺܐܕ̈ܶܐ ܬܪ̈ܶܝܢ ܐܰܟܚܰܕ ܚܰܫܳܐ ܡܶܢ ܩܳܠ ܛܳܒܳܐ   ܘܶܐܒܠܳܐ ܡܶܢ ܚܽܘܒܠܳܐ
1,Nisibis,6,32,Nisibis 6:32,ܫܰܝܶܢ ܠܥܰܕܥܺܐܕ̈ܰܝ   ܕܰܒܼܛܶܠܘ̱ ܬܪ̈ܶܝܢ ܥܺܐܕ̈ܰܝ ܘܰܚܠܳܦ ܪܽܘܓܪ̈ܳܓܶܐ   ܣܪܺܝܕ̈ܰܝ ܒܥܰܕ̈ܥܺܕܶܐ ܓܽܘܢܳܚ̈ܶܐ ܘܚܽܘܒ̈ܠܶܐ   ܦܓܰܥܼܘ̱ ܒܺܝ ܒܟܽܠ ܕܽܘܟܳܐ
1,Nisibis,6,33,Nisibis 6:33,ܬܰܦܢܶܐ ܠܪ̈ܰܚܺܝܩܰܝ   ܬܰܦܨܰܚ ܠܩܰܪ̈ܺܝܒܰܝ ܘܶܬܬܟܪܶܙ ܒܓܰܘ ܐܰܬܪܰܢ   ܣܒܰܪܬܳܐ ܕܚܰܕ̈ܘܳܬܳܐ ܘܶܐܦܪܽܘܥ ܚܠܳܦ ܫܰܝܢܳܐ   ܫܽܘܒܚܳܐ ܒܟܽܠ ܦܽܘ̈ܡܺܝܢ
1,Nisibis,7,1,Nisibis 7:1,ܪܽܘܓܙܳܐ ܐܶܬܳܐ ܕܢܰܟܐܶܐ   ܒܝܰܥ̈ܢܶܐ ܕܰܒܓܰܘ ܫܰܝܢܳܐ ܕܣܰܦܣܶܪܘ̱ ܥܠܼܰܒܘ̱ ܘܰܚܛܰܦܘ̱   ܒܪܽܘܓܙܳܐ ܥܬܰܪܘ̱ ܝ̈ܰܥܢܶܐ ܕܺܝܠܗܽܘܢ ܗܳܐ ܐܶܬܒܰܕܰܪܘ̱   ܕܠܳܐ ܕܺܝܠܗܽܘܢ ܟ̇ܰܢܶܫܘ̱
1,Nisibis,7,2,Nisibis 7:2,ܥܶܣܪܳܐ ܫܢܺܝ̈ܢ ܥܳܩ̈ܳܬܝ̱   ܠܣܰܘ̈ܟܶܐ ܕܶܡܝ̱ ܦܳܪܽܘܩܝ̱ ܕܚܺܝܨܳܢ ܒܓܰܘ ܣܰܬܘܳܐ   ܘܡܳܐ ܕܪܰܟ ܠܡܰܦܪܳܥܽܘ ܐܰܦܪܰܥ ܠܗܶܝܢ ܥܳܩ̈ܳܬܝ̱   ܥܰܡ ܐܰܒܰܢ ܒܫܼܶܠ ܠܰܒܰܢ
1,Nisibis,7,3,Nisibis 7:3,ܢܺܝܣܳܢ ܙܒܶܢ ܦܳܪ̈ܥܶܐ   ܒܶܗ ܦܳܪܥܺܝܢ ܛܳܒ̈ܶܐ ܡܳܐ ܕܬܳܟ̈ܒܳܢ ܓܶܐܘ̈ܳܬܝ̱   ܟܶܢ ܬܳܟܒܳܢ ܒܺܝܫ̈ܳܬܝ̱ ܒܰܙܒܰܢ ܕܪܳܝ ܚܶܛ̈ܶܐ   ܗ̱ܘܳܐ ܠܶܗ ܕܪܳܝ ܩܽܘܪ̈ܳܝܳܐ
1,Nisibis,7,4,Nisibis 7:4,ܠܳܐ ܓܶܝܪ ܥܼܪܰܩܘ̱ ܐܰܚ̈ܶܐ   ܬܠܳܬܳܐ ܒܓܰܘ ܒܳܒܶܠ ܡܶܢ ܢܽܘܪܳܐ ܕܰܫܓܰܪܘ̱ ܓܰܒܪ̈ܶܐ   ܒܰܕܓܽܘܢ ܚܠܺܝ̈ܨܶܐ ܗܘܰܘ ܡܶܢ ܪܶܓܬܳܐ ܥܼܪܰܩܘ̱ ܗ̱ܘܰܘ   ܒܰܕܓܽܘܢ ܓܡܺܝܪ̈ܶܐ ܗܘܰܘ
1,Nisibis,7,5,Nisibis 7:5,ܢܽܘܪܗܽܘܢ ܕܢܰܨ̈ܺܝܚܶܐ   ܡܰܨܝܳܐ ܕܠܰܓ̈ܕܰܝܳܐ ܐܽܘ̈ܟܳܡܶܐ ܬܚܰܘܰܪ ܒܳܗ̇   ܢܽܘܪܗܽܘܢ ܕܫ̈ܳܛܰܝܳܐ ܠܶܐܡܪ̈ܶܐ ܡܰܨܝܳܐ ܕܬܶܥܒܶܕ   ܢܶܡܪܳܐ ܕܟ̈ܰܟܠܳܬܶܗ
1,Nisibis,7,6,Nisibis 7:6,ܟܡܳܐ ܢܶܗܘܝܳܢ ܝ̈ܰܠܠܳܬܝ̱   ܕܰܐܝܠܶܠ ܒܟܽܠ ܬܰܘ̈ܗܳܢ ܟܡܳܐ ܢܶܗܘܝܳܢ ܟܰܒ̈ܕܳܬܝ̱   ܠܡܶܒܫܰܠ ܒܟܽܠ ܛܳܒ̈ܺܝܢ ܟܡܳܐ ܢܶܗܘܝܳܢ ܥ̈ܰܠܠܳܬܝ̱   ܠܡܺܐܒܕ ܒܟܽܠ ܝܰܪ̈ܚܺܝܢ
1,Nisibis,7,7,Nisibis 7:7,ܒܚܽܘ̈ܒܶܐ ܕܰܒ̈ܢܰܝ ܢܰܓܕܳܢܝ̱   ܒܬܰܟܬܽܘܫܗܽܘܢ ܦܰܘܶܨܝ̱ ܥܰܡܳܐ ܕܡܰܦܨܶܐ ܠܺܝ      ܗܽܘܝܽܘ ܡܢܰܓܶܕ ܠܺܝ ܐܰܢ̱ܬܽܘܢ ܟܠܰܘ ܚܰܘ̈ܒܶܐ    ܘܗܳܐ ܐܶܬܟܠܺܝܘ ܢ̈ܶܓܕܶܐ
1,Nisibis,7,8,Nisibis 7:8,ܒܛܳܒ̈ܶܐ ܐܰܠܺܝܨܺܝܢ ܐܶܢܽܘܢ   ܒܪܽܘܓܙܳܐ ܙܩܺܝܦܺܝܢ ܐܶܢܽܘܢ ܒܫܰܝܢܳܐ ܫܚܺܝܩܺܝܢ ܐܶܢܽܘܢ   ܕܡܳܐ ܕܶܐܬܢܦܶܫ ܟܽܠ ܐ̱ܢܳܫ ܛܰܠܡܽܘܗ̇ ܠܛܰܝܒܽܘܬܳܐ   ܦܰܪܥܽܘܗ̇ ܚܠܳܦ ܟܽܠ ܐ̱ܢܳܫ
1,Nisibis,7,9,Nisibis 7:9,ܣܰܩܗܽܘܢ ܡܰܟܺܝܟ ܚܽܘܠܳܦܝ̱  ܩܶܛܡܗܽܘܢ ܒܕܺܝܪ ܒܽܐܘܠܨܳܢܝ̱ ܨܠܽܘܬܗܽܘܢ ܚܠܳܦ ܙܳܟܽܘܬܝ̱   ܨܰܘܡܗܽܘܢ ܚܠܳܦ ܦܽܘܪܩܳܢܝ̱ ܗܳܐ ܚܰܘܒܬܳܐ ܕܫܶܦ̈ܠܰܝ   ܬܰܠܝܳܐ ܒܝܰܩܺܝܪ̈ܰܝ
1,Nisibis,7,10,Nisibis 7:10,ܣܰܟܠܳܐ ܒܟܽܠ ܕܳܪ̈ܺܝܢ   ܪܰܒܳܐ ܗ̱ܘ ܕܚܰܟܺܝ̈ܡܶܐ ܣܳܦܪ̈ܶܐ ܘܩܰܫܺܝ̈ܫܶܐ   ܛܰܢܘ̱ ܗ̱ܘܰܘ ܩܛܰܠܘ̱ ܪܰܒܳܐ ܕܬܰܠܡܶܕ ܠܟܽܠ ܥܰܡ̈ܡܺܝܢ   ܠܽܐܘܪܳܝܬܶܗ ܕܡܽܘܫܶܐ
1,Nisibis,7,11,Nisibis 7:11,ܚܶܟܡܬܳܐ ܒܶܗ ܕܳܪܳܐ   ܡܠܽܘܐܳܐ ܗ̱ܝ ܕܚܽܘܣܪܳܢܳܐ ܐܰܝܢܳܐ ܕܰܣܟܼܶܠ ܩܰܠܺܝܠ   ܣ̇ܰܓܺܝ ܙܥܽܘܪ ܥܰܘܠܶܗ ܘܰܐܝܢܳܐ ܕܰܥܪܺܝܡ ܩܰܠܺܝܠ   ܥܰܘܠܶܗ ܙܟܼܳܐ ܠܟܰܝܠܶܗ
1,Nisibis,7,12,Nisibis 7:12,ܒܳܢܶܝܢ ܒܝܰܕ ܡ̈ܶܠܶܐ   ܘܣܳܬܪ̈ܺܝܢ ܒܕܽܘܒܳܪ̈ܶܐ ܕܡܰܠܦܺܝܢ ܣܓܺܝܘ ܘܰܦܟܼܰܗܘ   ܦܽܘܡܰܐ ܗ̱ܘ ܕܕܰܝ̇ܢܳܐ ܗܽܘܝܽܘ ܒܬܰܪ̈ܬܰܝܗܶܝܢ   ܕܰܝ̇ܢܳܐ ܘܰܒܥܶܠ ܕܺܝܢܼܳܐ
1,Nisibis,7,13,Nisibis 7:13,ܘܳܝ ܠܰܢ ܕܟܺܐܢܽܘܬܳܐ   ܒܬܰܪܥܳܐ ܕܒܶܝܬ --
1,Nisibis,9,1,Nisibis 9:1,Line Missing ܥܳܩ̈ܳܬܝ̱ ܐܰܝܟ ܕܺܐܝܽܘܒ   ܦܪܰܩܬܶܗ ܟܺܐܢܽܘܬܳܟ ܬܶܚܢܰܢܝ̱ ܛܰܝܒܽܘܬܳܟ
1,Nisibis,9,2,Nisibis 9:2,ܒܬܰܪ̈ܬܶܝܢ ܝܽܘܬܪܳܢܰܐ ܗ̱ܘ   ܕܳܐܦ ܠܳܐ ܙܰܕܺܝ̈ܩܶܐ ܢܶܠܐܽܘܢ ܠܡܶܒܥܳܐ   ܐܳܦ ܠܳܐ ܡܳܪ̈ܽܘܕܶܐ ܢܶܣܓܽܘܢ ܠܡܶܚܛܳܐ
1,Nisibis,9,3,Nisibis 9:3,ܒܰܒ̈ܢܰܝܳܐ ܥܶܡܠܰܬ   ܕܬܶܪܕܶܐ ܘܰܬܥܰܕܰܪ ܘܰܕܠܳܐ ܒܩܳܠ ܢܶܓܕܳܟ   ܢܶܟܪܽܘܢ ܐܰܒܳܗ̈ܰܝܢ ܫܰܒܩܽܘܢܝ̱ ܒܰܫܠܳܡܳܐ
1,Nisibis,9,4,Nisibis 9:4,ܒܥܳܒ̈ܰܝ ܒܰܪ̈ܳܝܶܐ   ܚܽܘܪ ܡܳܪܝ̱ ܕܰܦܣܺܝܩܺܝܢ ܠܥܽܘ̈ܒܰܝ ܓܰܘ̈ܳܝܶܐ   ܚܙܺܝ ܡܳܪܝ̱ ܕܰܡܚܺܝܠܺܝܢ ܕܶܐܛܥܰܢ ܚܰܒܺܝ̈ܒܰܝ
1,Nisibis,9,5,Nisibis 9:5,ܒܣܰܝ̈ܦܶܐ ܩܰܨܶܨܘ̱ ܗ̱ܘܰܘ   ܓܶܦ̈ܰܝ ܒܰܪ̈ܳܝܶܐ ܢܽܘܪܳܐ ܩܶܕܚܰܬ ܬܽܘܒ   ܒܥܽܘܒ̈ܰܝ ܓܰܘ̈ܳܝܶܐ ܠܒܽܘܢܬܳܐ ܕܣܰܘܬܳܐ
1,Nisibis,9,6,Nisibis 9:6,ܒܕܰܒܪܳܐ ܢܟܶܣܘ̱ ܠܰܒ̈ܢܰܝ   ܣܳܓ̈ܽܘܕܰܝ ܫܶܡܫܳܐ ܒܟܰܪܟܳܐ ܕܒܰܚܘ̱ ܬܰܘܪ̈ܰܝ   ܦܳܠܚ̈ܰܝ ܒܰܥܠܳܐ ܥܶܪ̈ܒܰܝ ܥܰܡ ܝ̈ܰܠܕܰܝ
1,Nisibis,9,7,Nisibis 9:7,ܒܚܰܩ̈ܠܳܬܝ̱ ܝ̈ܰܠܠܰܬܳܐ   ܒܕܳܪ̈ܳܬܝ̱ ܡܰܪܩܽܘܕܬܳܐ ܒܟܰܪ̈ܡܰܝ ܣܽܘܪܳܕܳܐ   ܒܫܽܘ̈ܩܰܝ ܒܽܘܠܒܳܠܳܐ ܡܰܢܽܘ ܢܶܣܦܼܰܩ ܠܺܝ
1,Nisibis,9,8,Nisibis 9:8,ܒܺܝܫܳܐ ܕܶܐܨܛܰܢܰܥ   ܘܫܰܓܶܫ ܒܡ̈ܶܠܰܘܗ̱ܝ ܬܘܳܗܬܳܐ ܥܒܰܕ ܡܶܢ ܓܰܘ   ܕܬܶܕܡܶܐ ܓܰܘܳܝܽܘܬܝ̱ ܟܽܠܳܗ̇ ܠܒܰܪܳܝܽܘܬܝ̱
1,Nisibis,9,9,Nisibis 9:9,ܒܰܐܝܠܶܝܢ ܡܳܪܝ̱ ܐܰܦܰܝ̈   ܐܶܩܪܶܝܟ ܕܰܬܫܰܕܰܪ ܡܰܫܪܺܝܬ ܩܰܕܺܝ̈ܫܶܐ   ܕܰܬܢܰܛܰܪ ܥܽܘ̈ܒܰܝ ܕܰܡܠܶܝܢ ܛܰܡܐܽܘܬܳܐ
1,Nisibis,9,10,Nisibis 9:10,ܒܰܚܡܺܝܪܳܟ ܚܰܕܬܳܐ   ܢܓܰܕܬܶܗ ܠܰܒܪܺܝܬܳܐ ܒܰܚܡܺܝܪܳܟ ܕܶܡ̇ܳܝ   ܚܡܺܝܪܳܐ ܥܰܬܺܝܩܳܐ ܕܰܫܕܰܠ ܘܰܡܢܰܚܶܦ
1,Nisibis,9,11,Nisibis 9:11,ܒܺܐܝܓܽܘܢܳܐ ܓܰܠܝܳܐ   ܕܚܰܝܠܳܟ ܢܶܬܢܰܨܰܚ ܕܠܳܐ ܟܺܝܬ ܬܟܰܠܶܠ   ܛܽܘܥܝܰܝ ܠܰܐܬܠܺܝ̈ܛܰܝܟ ܒܫܶܕܠܰܐ ܗ̱ܘ ܡܶܬܬܰܠܝܳܐ
1,Nisibis,9,12,Nisibis 9:12,ܒܙܰܒܢܰܢ ܐܶܢ ܢ̇ܰܨܶܕ   ܕܳܡܶܐ ܗܽܘ ܠܙܺܐܦܰܢ ܕܒܰܫ̈ܢܰܝ ܫܰܪܺܝܪܳܐ   ܩܶܨܡ̈ܰܐ ܗ̱ܘ ܫܰܡܶܫܢ ܚܢܰܢ ܒܟܶܣܝܳܐ ܙܰܟܰܪܢ ܐܢܚܢܰܢ
1,Nisibis,9,13,Nisibis 9:13,ܒܙܰܒܢܳܐ ܐܶܢ ܐܶܚܽܘܪ   ܡܓܰܪܶܓ ܘܰܠܓܰܠܝܳܐ ܡ̇ܰܝܬܶܐ ܟܰܣܝ̈ܳܬܳܐ   ܕܢܶܬܟܰܐܰܪ ܙܺܐܦܰܢ ܕܩܽܘܫܬܳܐ ܡܥܰܛܰܦ ܗ̱ܘܳܐ
1,Nisibis,9,14,Nisibis 9:14,ܒܫܰܪܺܝܪܳܐ ܐܺܝܬܰܘܗ̱ܝ   ܩܽܘܫܬܳܐ ܙ̇ܟܶܐ ܟܽܠ ܘܝܰܡܳܐ ܒܰܡܪܳܪܽܘܗ̱ܝ   ܠܳܐ ܡܨܶܐ ܕܳܠܰܚ̇ ܠܶܗ ܕܫܰܦܝܰܐ ܗ̱ܘ ܒܰܟܝܳܢܶܗ
1,Nisibis,9,15,Nisibis 9:15,ܒܚܶܟܡܳܐ ܥܒܰܕܬܶܗ ܡܳܪܝ̱   ܕܰܓܶܠܬ ܚܽܘܬܚܳܬܗ̇ ܕܫܰܒܪܳܐ ܢܶܬܪܰܦܶܐ   ܘܰܕܠܳܐ ܢܶܬܠܰܒܰܒ ܚܰܦܬܶܗ ܠܰܟܠܺܝܠܳܐ
1,Nisibis,9,16,Nisibis 9:16,ܒܫܽܘܪ̈ܶܐ ܪ̈ܰܥܺܝܠܶܐ   ܕܰܒܗܽܘܢ ܢܰܨܰܚܬܳܢܝ̱ ܦܰܪܥܽܘܟ ܛܳܠܽܘܡ̈ܶܐ   ܕܶܒܼܚܳܐ ܘܢܽܘܩܳܝܳܐ ܕܡܰܪܓܶܙ ܓܰܠܝܳܐܺܝܬ
1,Nisibis,9,17,Nisibis 9:17,ܒܗܰܘ ܙܰܒܢܳܐ ܐܶܠܽܘ   ܕܶܒܚ̈ܶܐ ܐܶܬܩܰܪܰܒܘ̱ ܠܛܽܘܥܝܰܝ ܐܳܦ ܐܰܬܪܳܐ   ܐܺܝܬ ܗ̱ܘܳܐ ܠܡܰܣܒܳܪܽܘ ܕܰܒܗܽܘܢ ܐܶܬܦܰܪܩܶܬ
1,Nisibis,9,18,Nisibis 9:18,ܒܣܽܘܓܳܐܐ ܕܦܽܘܪ̈ܩܳܢܶܐ   ܐܰܟܣܶܬ ܠܬܰܪ̈ܬܶܝܢ ܠܛܽܘܥܝܰܝ ܕܰܓ̈ܠܺܝܦܶܐ   ܠܝܽܘܠܦܳܢ ܡܓܽܘ̈ܫܶܐ ܕܒܳܟ ܡܳܪܝ̱ ܐܶܬܦܰܪܩܶܬ
1,Nisibis,10,1,Nisibis 10:1,ܐܶܬܩܰܛܰܠܘ̱ ܝܰܠܕ̈ܰܝ   ܘܰܒܢ̈ܳܬܝ̱ ܕܰܠܒܰܪ ܡܶܢܝ̱ ܥܩܺܝܪ̈ܺܝܢ ܫܽܘܪ̈ܰܝܗܶܝܢ   ܘܕܳܪܶܝܢ ܝܰܠܕܰܝ̈ܗܶܝܢ ܘܕܺܝܫܺܝܢ ܩܽܘܫ̈ܰܝܗܶܝܢ
1,Nisibis,10,2,Nisibis 10:2,ܓܦܰܘ ܗ̱ܘܰܘ ܨܰܝ̈ܳܕܶܐ   ܝܰܘ̈ܢܰܝ ܡܶܢ ܚ̈ܶܣܢܰܝ ܕܰܫܒܼܰܩ ܩܰܢܳܝ̈ܗܶܝܢ   ܘܰܥܪܰܩܘ̱ ܠܰܓ̈ܦܺܝܦܶܐ ܒܓܽܘܦܳܐ ܨܳܕܘ ܐܶܢܶܝܢ
1,Nisibis,10,3,Nisibis 10:3,ܒܛܽܘܦܣܳܐ ܕܫܳܥܽܘܬܳܐ   ܕܰܫܚܰܬ ܡܶܢ ܢܽܘܪܳܐ ܫܳܚܘ̱ ܘܰܦܫܰܪܘ̱ ܦܰܓܪ̈ܶܐ   ܕܰܒ̈ܢܰܝ ܡܶܢ ܚܽܘܡܳܐ ܘܨܰܗܝܳܐ ܕܰܒܚ̈ܶܣܢܶܐ
1,Nisibis,10,4,Nisibis 10:4,ܘܰܚܠܳܦ ܡܰܒ̈ܽܘܥܶܐ   ܕܚܰܠܒܳܐ ܕܪ̈ܳܕܶܝܢ ܗ̱ܘܰܘ ܠܰܒ̈ܢܰܝ ܘܰܠܫܰܒܪ̈ܰܝ   ܠܥܽܘ̈ܳܠܶܐ ܓܳܙ ܚܰܠܒܳܐ ܘܡ̈ܰܝܳܐ ܠܰܚܣ̈ܺܝܠܶܐ
1,Nisibis,10,5,Nisibis 10:5,ܘܰܢܦܰܠ ܘܶܐܬܦܰܪܦܰܪ   ܥܽܘܠܳܐ ܡܶܢ ܐܶܡܶܗ ܕܠܳܐ ܠܶܗ ܠܡܶܐܢܰܩ   ܘܠܳܐ ܠܳܗ̇ ܠܡܶܫܬܳܐ ܪܽܘܚܳܐ ܣܰܩܘ̱ ܘܡܺܝܬܘ̱
1,Nisibis,10,6,Nisibis 10:6,ܐܰܝܟܰܢ ܐܶܬܡܰܨܝܰܬ   ܕܬܶܐܚܽܘܕ ܛܰܝܒܽܘܬܳܟ ܦܓܽܘ̈ܕܶܐ ܕܡ̈ܰܒܽܘܥܶܝܗ̇   ܕܠܳܐ ܡܨܶܝܢ ܡܶܬܬܰܟܣܺܝܢ ܫ̈ܶܦܥܶܐ ܕܢܶܒ̈ܥܰܝܗܽܘܢ
1,Nisibis,10,7,Nisibis 10:7,ܘܰܐܝܟܰܢ ܟܰܝ ܐܶܚܕܰܬ   ܪ̈ܰܚܡܶܝܗ̇ ܛܰܝܒܽܘܬܳܟ ܘܰܟܠܳܬ ܡܰܒ̈ܽܘܥܶܝܗ̇   ܡܶܢ ܥܰܡܳܐ ܕܰܓܥܳܐ ܕܢܰܪܛܶܒ ܠܶܫܳܢܶܗ
1,Nisibis,10,8,Nisibis 10:8,ܘܰܗܘܳܐ ܗ̱ܘܳܐ ܦܶܚܬܳܐ   ܒܶܝܬ ܠܗܽܘܢ ܠܰܐܚ̈ܰܝܗܽܘܢ ܒܰܕܡܽܘܬ ܥܰܬܺܝܪܳܐ   ܕܓܳܥܶܐ ܘܠܰܝܬ ܕܥ̇ܳܢܶܐ ܕܢܰܪܛܶܒ ܠܶܫܳܢܶܗ
1,Nisibis,10,9,Nisibis 10:9,ܘܰܐܝܟ ܕܰܒܓܰܘ ܢܽܘܪܳܐ   ܐܰܪܡܺܝܢ ܗ̱ܘܰܘ ܚܰܠܳܫ̈ܶܐ ܘܚܽܘܡܳܐ ܒܓܰܘ ܨܗ̈ܰܝܳܐ   ܢܽܘܪܳܐ ܢܳܫ̇ܶܡ ܗ̱ܘܳܐ ܘܰܒܗܽܘܢ ܕܳܠܶܩ̇ ܗ̱ܘܳܐ
1,Nisibis,10,10,Nisibis 10:10,ܫܳܚܘ̱ ܗ̱ܘܰܘ ܓܽܘܫܡ̈ܰܝܗܽܘܢ   ܘܰܦܫܰܪܘ̱ ܡܶܢ ܚܽܘܡܳܐ ܘܰܗܦܼܰܟܘ̱ ܨܗ̈ܰܝܳܐ   ܕܢܶܫܩܽܘܢܳܗ̇ ܠܰܐܪܥܳܐ ܒܪܶܗܠܳܐ ܕܦܰܓܪ̈ܰܝܗܽܘܢ
1,Nisibis,10,11,Nisibis 10:11,ܘܚܶܣܢܳܐ ܕܰܩܛܰܠ ܗ̱ܘܳܐ   ܒܨܶܗܝܳܐ ܠܥܳܡܽܘܪ̈ܰܘܗ̱ܝ ܗܼܦܰܟ ܠܶܗ ܕܢܶܫܬܶܐ ܗܽܘ   ܪܶܕܝܳܐ ܕܰܫ̈ܠܰܕܶܐ ܕܫܼܳܚܘ̱ ܗ̱ܘܰܘ ܡܶܢ ܨܶܗܝܳܐ
1,Nisibis,10,12,Nisibis 10:12,ܡܰܢܽܘ ܚܼܙܳܐ ܥܰܡܳܐ   ܕܨܰܝܺܝܦ ܡܶܢ ܨܶܗܝܳܐ ܘܟܳܪܶܟ ܠܶܗ ܫܽܘܪܳܐ   ܕܡ̈ܰܝܳܐ ܘܠܳܐ ܡܶܫܟܰܚ ܕܢܰܪܛܶܒ ܠܶܫܳܢܶܗ
1,Nisibis,10,13,Nisibis 10:13,ܒܕܺܝܢܰܐ ܗ̱ܘ ܟܰܝ ܕܰܣܕܽܘܡ   ܐܶܬܕܺܝܢܘ̱ ܚܰܒ̈ܺܝܒܰܝ ܘܶܐܬܢܰܓܰܕܘ̱ ܝ̈ܰܠܕܰܝ   ܫܽܘܢܳܩܳܗ̇ ܕܰܣܕܽܘܡ ܕܚܰܕ ܗ̱ܘܳܐ ܠܚܽܘܕ ܝܰܘܡܳܐ
1,Nisibis,10,14,Nisibis 10:14,ܫܽܘܢܳܩܳܗ̇ ܕܢܽܘܪܳܐ   ܕܰܚܕܳܐ ܗ̱ܝ ܡܳܪܝ̱ ܫܳܥܳܐ ܒܨܶܗܝܳܐ ܢܰܓܺܝܪܳܐ   ܡܰܘܬܳܐ ܢܰܓܺܝܪܳܐ ܘܢܶܓܕܳܐ ܩܰܛܺܝܢܳܐ
1,Nisibis,10,15,Nisibis 10:15,ܒܳܬܰܪ ܡܳܪܝ̱ ܐܶܒ̈ܠܰܝ   ܘܚ̈ܰܫܰܝ ܡܰܪ̈ܺܝܪܶܐ ܗܳܢܰܘ ܒܽܘܝܳܐܳܐ   ܐ̱ܚܪܺܢܳܐ ܕܒܰܝܰܐܬܳܢܝ̱ ܕܰܐܣܓܺܝܬ ܐܰܟܡܰܪܬܳܢܝ̱
1,Nisibis,10,16,Nisibis 10:16,ܣܰܡܳܐ ܕܠܶܗ ܣܰܟܺܝܬ   ܟܺܐܒܰܐ ܗ̱ܘ ܚܰܬܺܝܬܳܐ ܥܶܨܒܳܐ ܕܠܶܗ ܚܳܪܶܬ   ܬܶܒܪܰܐ ܗ̱ܘ ܡܰܪܺܝܪܳܐ ܨܳܒܶܐ ܕܢܶܥܒܶܕ ܠܺܝ
1,Nisibis,10,17,Nisibis 10:17,ܘܰܕܣܰܟܺܝܬ ܕܶܐܣܰܩ   ܡܶܢ ܓܰܘ ܡܰܚܫܽܘܠܳܐ ܒܐ̱ܢܳܫ ܠܺܝ ܡܰܚܫܽܘܠܶܗ   ܕܺܝܠܶܗ ܕܰܠܡܺܐܢܳܐ ܡܶܢ ܗܰܘ ܕܰܒܝܰܡܳܐ
1,Nisibis,10,18,Nisibis 10:18,ܕܣܶܒܪܶܬ ܒܥܰܛܳܠܽܘܬܝ̱   ܕܣܶܒܟܶܬ ܐܳܦ ܣܶܠܩܶܬ ܡܶܢ ܓܰܘ ܓܽܘܡܳܨܳܐ   ܫܕܰܐܽܘܢܝ̱ ܚ̈ܛܳܗܰܝ ܡܶܕܪܺܝܫ ܠܓܰܘܶܗ
1,Nisibis,10,19,Nisibis 10:19,ܚܙܺܝ ܡܳܪܝ̱ ܗܰܕܳܡ̈ܰܝ   ܕܣܰܝ̈ܦܶܐ ܣܒܺܝܣܺܝܢ ܒܺܝ ܘܨܳܝܪ̈ܺܝܢ ܒܰܕܪ̈ܳܥܰܝ   ܘܟܽܘܬܡ̈ܳܬܳܐ ܕܓܺܐܪ̈ܶܐ ܫܬܺܝܠܳܢ ܥܰܠ ܓܰܒ̈ܰܝ
1,Nisibis,10,20,Nisibis 10:20,ܕܶܡ̈ܥܶܐ ܒܓܰܘ ܥܰܝ̈ܢܶܐ   ܘܒܶܐܕ̈ܢܶܐ ܕܰܫܡ̇ܽܘܥܬܳܐ ܘ̈ܳܝܶܐ ܒܓܰܘ ܦܽܘܡܳܐ   ܘܶܐܒܠܳܐ ܒܓܰܘ ܠܶܒܳܐ ܠܳܐ ܡܳܪܝ̱ ܬܰܘܣܶܦ ܠܺܝ
1,Nisibis,11,1,Nisibis 11:1,ܡܰܪܕܽܘܬܳܟ ܐܺܝܬܶܝܗ̇   ܐܶܡܳܐ ܕܫܰܒܪܽܘܬܰܢ ܟܐܳܬܳܗ̇ ܕܚܰܢܳܢܳܐ ܗ̱ܝ   ܕܙܶܓܪܰܬ ܡܶܢ ܫܶܥܝܳܐ ܠܫܰܒܪ̈ܶܐ ܘܶܐܬܚܰܟܰܡܘ̱
1,Nisibis,11,2,Nisibis 11:2,ܢܶܒܼܨܶܐ ܟܺܐܢܽܘܬܳܟ   ܟܰܕ ܡܰܢ ܣܳܦܶܩ ܠܳܗ̇ ܕܰܢܟܺܝܠ ܥܽܘܕܪ̈ܳܢܶܝܗ̇   ܕܒܳܗ̇ܽ ܗ̱ܘ ܙ̈ܰܠܺܝܠܶܐ ܐܰܣܓܺܝܘ ܐܶܬ̇ܢܰܟܰܦܘ̱
1,Nisibis,11,3,Nisibis 11:3,ܣܰܓܺܝ ܗ̱ܘ ܣܶܥܪܰܬ ܡܳܪܝ̱   ܐܺܝܕܳܗ̇ ܠܰܟܪ̈ܺܝܗܶܐ ܕܗܺܝܺܝ ܐܳܣܺܝܬܳܐ   ܟܣܺܝܬܳܐ ܕܟܺܐܒ̈ܰܝܗܽܘܢ ܘܰܡܥܺܝܢ ܚܰܝ̈ܰܝܗܽܘܢ
1,Nisibis,11,4,Nisibis 11:4,ܣܰܓܺܝ ܪܰܟܺܝܟܳܐ   ܨܶܒܥܳܗ̇ ܕܟܺܐܢܽܘܬܳܟ ܒܚܽܘܒܳܐ ܘܚܰܘܣܳܢܳܐ   ܓܳܫܳܐ ܢܶܟܝ̈ܳܢܰܘܗ̱ܝ ܕܰܐܝܢܳܐ ܕܡܶܬܰܐܣܶܐ
1,Nisibis,11,5,Nisibis 11:5,ܣܰܓܺܝ ܢܺܝܚ ܘܰܪܚܺܝܡ   ܓܙܳܪܳܗ̇ ܠܰܕܚܰܟܺܝܡ ܣܳܡܳܗ̇ ܚܰܪܺܝܦܳܐ   ܒܚܽܘܒܶܗ ܥܰܙܺܝܙܳܐ ܐܶܟܰܠ ܬܰܡܣܽܘܬܳܐ
1,Nisibis,11,6,Nisibis 11:6,ܣܰܓܺܝ ܦܐܶܐ ܪܽܘܓܙܶܗ   ܠܰܐܝܢܳܐ ܕܦܳܪܽܘܫܰܐ ܗ̱ܘ ܣܢܺܝܐ̈ܺܝܢ ܣܰܡ̈ܡܳܢܶܝܗ̇   ܠܣܰܟܠܳܐ ܕܒܳܣܶܡ ܠܶܗ ܒܽܘܣܒܳܣ ܗܰܕܳܡ̈ܰܘܗ̱ܝ
1,Nisibis,11,7,Nisibis 11:7,ܣܰܓܺܝ ܬܳܟܶܒ ܠܶܗ   ܥܨܳܒܳܗ̇ ܠܰܓܙܳܪܳܗ̇ ܡܳܐ ܕܡܰܚܶܬ ܚܳܢܰܬ   ܕܡܶܢ ܒܶܝܬ ܬܰܪ̈ܬܰܝܗܶܝܢ ܬܰܘܠܶܕ ܚܽܘܠܡܳܢܳܐ
1,Nisibis,11,8,Nisibis 11:8,ܣܰܓܺܝ ܦܐܶܐ ܪܽܘܓܙܶܗ   ܘܚܶܡܬܳܗ̇ ܒܰܣܺܝܡܳܐ ܘܰܚܠܶܐ ܡܽܘܪܡܳܪܳܗ̇   ܡܚܰܠܐ ܠܡܰܪ̈ܺܝܪܶܐ ܕܢܶܗܘܽܘܢ ܒܰܣܺܝܡ̈ܶܐ
1,Nisibis,11,9,Nisibis 11:9,ܥܶܠܰܬ ܒܶܛܠܳܢܰܐ ܗ̱ܘ   ܢܰܘܚܳܟ ܠܰܪ̈ܦܰܝܳܐ ܥܶܠܰܬ ܝܽܘܬܪܳܢܰܐ ܗ̱ܘ   ܫܰܒܛܳܟ ܨܶܝܕ ܫ̈ܶܦܠܶܐ ܕܢܶܗܘܽܘܢ ܬܰܓܳܪ̈ܶܐ
1,Nisibis,11,10,Nisibis 11:10,ܥܶܠܰܬ ܚܺܝܨܽܘܬܰܢ   ܐܺܝܬܶܝܗ̇ ܟܺܐܢܽܘܬܳܟ ܥܶܠܰܬ ܪܰܦܝܽܘܬܰܢ   ܐܺܝܬܶܝܗ̇ ܛܰܝܒܽܘܬܳܟ ܕܰܣܟܶܠ ܒܽܘܝܳܢܰܢ
1,Nisibis,11,11,Nisibis 11:11,ܦܶܪܥܽܘܢ ܕܶܐܬܩܰܫܺܝ   ܡܶܛܽܠ ܛܰܝܒܽܘܬܳܟ ܕܡܳܐ ܕܪܰܟܘ̱ ܗ̱ܘܰܘ ܢܶܓܕ̈ܰܘܗ̱ܝ   ܥܰܙܘ̱ ܗ̱ܘܰܘ ܣܽܘܪ̈ܚܳܢܰܘܗ̱ܝ ܘܕܰܓܶܠ ܫܽܘܘ̈ܕܳܝܰܘܗ̱ܝ
1,Nisibis,11,12,Nisibis 11:12,ܦܪܰܥܬܶܗ ܟܺܐܢܽܘܬܳܐ   ܕܰܐܣܓܺܝ ܕܰܓܶܠ ܒܳܗ̇ ܒܚܳܬܳܗ̇ ܒܰܪ̱ܬ ܚܺܐܪ̈ܶܐ   ܐܳܦ ܠܶܗ ܚܣܰܟܬܶܗ ܬܽܘܒ ܕܠܳܐ ܬܽܘܒ ܢܶܪܓܰܙ ܗ̱ܘܳܐ
1,Nisibis,11,13,Nisibis 11:13,ܨ̈ܶܢܥܳܬܝ̱ ܡܳܪܝ̱ ܐܰܟܶܣ   ܕܟܰܕܳܒ ܐܰܝܟ ܡܶܨܪܶܝܢ ܨܠܰܘ̈ܳܬܝ̱ ܡܦܺܝܣܳܢ   ܕܠܳܐ ܗܘܺܝܬ ܐܰܟܘܳܬܳܗ̇ ܕܬܰܪܥܳܟ ܠܳܐ ܫܶܒܩܶܬ
1,Nisibis,11,14,Nisibis 11:14,ܨܠܺܝܒܳܟ ܡܳܪܝ̱ ܕܩܳܡ   ܒܬܽܘܪ̈ܥܳܬܝ̱ ܓ̈ܰܠܝܳܬܳܐ ܢܣܽܘܓ ܬܽܘܒ ܟܰܣ̈ܝܳܬܳܐ   ܕܰܚܠܳܦ ܒܰܪ̈ܳܝܶܐ ܬܰܪܥܽܘܢܝ̱ ܓܰܘ̈ܳܝܶܐ
1,Nisibis,11,15,Nisibis 11:15,ܨܪܳܐ ܝܰܡܳܐ ܘܰܐܪܡܺܝ   ܡܰܓܕܠܳܐ ܕܢܶܨܚܶܬ ܒܶܗ ܣܥܼܳܐ ܥܰܘܠܳܐ ܘܰܐܩܺܝܡ   ܢܰܘܣܳܐ ܕܒܶܗܬܶܬ ܒܶܗ ܚܰܢܩܰܢܝ̱ ܢܽܘܩܳܝܶܗ
1,Nisibis,11,16,Nisibis 11:16,ܨܠܰܘ̈ܳܬܝ̱ ܥܰܠ ܫܽܘܪ̈ܰܝ   ܫܡܼܰܥܘ̱ ܗ̱ܘܰܘ ܪ̈ܳܕܽܘܦܰܝ ܒܗܼܶܬܝ̱ ܗ̱ܘܳܐ ܒܰܡܓܽܘܫ̈ܰܘܗ̱ܝ   ܫܶܡܫܳܐ ܘܣܳܓ̈ܽܘܕܰܘܗ̱ܝ ܕܢܶܨܚܶܬ ܒܰܨܠܺܝܒܳܟ
1,Nisibis,11,17,Nisibis 11:17,ܩܥ̈ܰܝ ܗܘܰܝ ܒܶܪ̈ܝܳܬܳܐ   ܕܰܚ̈ܙܰܝ ܐܺܝܓܽܘܢܳܐ ܫܪܳܪܳܐ ܕܥܰܡ ܛܽܘܥܝܰܝ   ܒܫܽܘܪ̈ܶܐ ܪ̈ܰܥܺܝܠܶܐ ܐܰܩܪܶܒ ܘܶܐܬܟܰܠܰܠ
1,Nisibis,11,18,Nisibis 11:18,ܩܛܺܝܪܶܗ ܕܰܫܪܳܪܳܐ   ܠܛܽܘܥܝܰܝ ܢܰܓܶܕ ܗ̱ܘܳܐ ܒܢܶܓܕ̈ܶܝܗ̇ ܪܶܓܫܶܬ ܒܶܗ   ܘܰܒܝܰܕ ܚܰܘܒ̈ܳܬܳܗ̇ ܝܶܠܦܶܬ ܙܳܟܽܘܬܳܗ̇
1,Nisibis,11,19,Nisibis 11:19,ܩܶܢܛܰܐ ܗ̱ܘ ܠܺܝ ܪܰܒܳܐ   ܕܒܳܬܰܪ ܦܽܘܪܩܳܢܳܐ ܫܒܺܝ̈ܚܶܐ ܘܥܰܙܺܝ̈ܙܶܐ   ܕܪܰܚܶܦܘ̱ ܥܰܠ ܡܰܕܒܰܚܝ̱ ܒܢܼܰܘ ܒܺܝ ܥܠܰܘ̈ܳܬܳܐ
1,Nisibis,11,20,Nisibis 11:20,ܪ̈ܶܓܫܰܝ ܡܳܪܝ̱ ܫܰܒܥܳܐ   ܐܶܠܽܘ ܡܰܒ̈ܽܘܥܶܐ ܗܘܰܘ ܗ̱ܘܰܘ ܕܰܒܟܳܬܳܐ   ܙܥܽܘܪ̈ܳܢ ܐܶܢܶܝܢ ܕܶܡ̈ܥܰܝ ܠܰܒܟܳܝܶܗ ܕܬܰܒܪܰܢ
1,Nisibis,11,21,Nisibis 11:21,ܫܽܘܩ̈ܶܐ ܕܰܒܣܰܩ̈ܶܐ   ܘܩܶܛܡܳܐ ܓ̇ܳܥܶܝܢ ܗ̱ܘܰܘ ܫܰܓܺܝܫܺܝܢ ܒܫܶܥܝܳܐ   ܚܰܒܪܶܗ ܕܗܰܘ ܕܰܗܘܼܳܐ ܒܕܰܒܪܳܐ ܩܕܳܡ ܥܶܓܠܳܐ
1,Nisibis,11,22,Nisibis 11:22,ܫܽܘܦܪܳܐ ܕܫ̈ܽܘܫܰܢܶܐ   ܡܪܳܪܳܐ ܫܐܶܠ ܘܰܠܒܼܶܫ ܘܰܟܡܳܐ ܕܟܰܣܝܳܢ ܗܘ̈ܰܝ   ܡܰܛܥܝܳܢ ܦܳܪ̈ܥܰܝܗܶܝܢ ܐܰܦܪܰܥ ܓܰܕܕܰܝ̈ܗܶܝܢ
1,Nisibis,12,1,Nisibis 12:1,ܐܶܩܪܶܐ ܒܽܐܘ̈ܠܨܳܢܰܝ̱   ܠܚܰܝܠܳܐ ܚܳܣܶܢ ܟܽܠ ܕܗܽܘܝܽܘ ܡܨܶܐ ܚܳܣܶܢ   ܠܫܰܒܳܝܳܐ ܕܪܽܘܓܙܳܐ ܐܰܝܟ ܕܰܥܼܨܳܐ ܠܠܶܓܝܽܘܢ
1,Nisibis,12,2,Nisibis 12:2,ܦܰܪܥܰܢܝ̱ ܐܰܚ̈ܰܝ ܒܺܝܫܳܐ   ܚܰܘ̈ܒܶܐ ܕܠܳܐ ܝܺܙܶܦ ܡܶܢܝ̱ ܦܰܪܥܰܢܝ̱ ܐܳܦ ܛܳܒܳܐ   ܪ̈ܰܚܡܶܐ ܕܠܳܐ ܐܰܘܙܶܦܬܶܗ ܬܰܘ ܬܡܰܗܘ̱ ܒܬܰܪ̈ܬܰܝܗܶܝܢ
1,Nisibis,12,3,Nisibis 12:3,ܦܰܠܶܓ ܘܝܰܗ̱ܒ ܛܳܒܳܐ   ܚܰܘ̈ܒܳܬܝ̱ ܠܛܰܝܒܽܘܬܶܗ ܛܠܺܝܡܽܘܬܝ̱ ܠܟܺܐܢܽܘܬܶܗ   ܚܰܘ̈ܒܳܬܝ̱ ܥܛܳܐ ܚܢܳܢܶܗ ܛܠܺܝܡܽܘܬܝ̱ ܬܒܰܥ ܕܺܝܢܶܗ
1,Nisibis,12,4,Nisibis 12:4,ܪܶܓܙܰܬ ܚܛܺܝܬܳܐ ܛܳܒ   ܘܒܳܬܰܬ ܒܛܽܘܪܳܦܳܐ ܕܰܚܙܳܬ ܠܛܰܝܒܽܘܬܳܐ   ܕܚܰܨܬܳܗ̇ ܠܚܺܐܪܽܘܬܳܐ ܕܬܶܙܟܶܐ ܠܫܳܪ̈ܥܳܬܳܐ
1,Nisibis,12,5,Nisibis 12:5,ܪܬܰܚ ܡܳܪܝ̱ ܐܰܫܶܕ ܚܽܘܒܳܟ   ܘܰܐܬܬܪܰܥ ܫܦܼܰܥ ܪܽܘܓܙܳܟ ܪܽܘܓܙܳܟ ܠܡܰܘܒܳܕܽܘ   ܚܽܘܒܳܟ ܠܡܰܥܕܳܝܽܘ ܫܒܺܝܬܳܐ ܡܶܢ ܫܒܳܝܳܐ
1,Nisibis,12,6,Nisibis 12:6,ܝܰܘ̈ܡܶܐ ܕܰܓܙܰܡ ܒܺܝܫܳܐ   ܕܰܒܗܽܘܢ ܐܰܝܟ ܕܰܒܩܶܠܥܳܐ ܢܶܫܕܶܝܢܝ̱ ܠܰܐܒܕܳܢܳܐ   ܒܗܽܘܢ ܨܼܳܪ ܢܛܰܪ ܛܳܒܳܐ ܢܰܦܫܳܐ ܒܰܨܪܳܪ ܚ̈ܰܝܶܐ
1,Nisibis,12,7,Nisibis 12:7,ܡܠܺܝ̈ܠܶܐ ܕܠܳܐ ܫܳܠܶܝܢ   ܕܢܰܘܕܽܘܢ ܒܟܽܠܥܶܕܳܢ ܕܢܰܛܪܽܘܢܝ̱ ܒܓܰܘ ܓ̈ܰܠܠܶܐ   ܘܣܰܡܟܽܘܢܝ̱ ܕܠܳܐ ܐܶܦܶܠ ܢܰܘܕܽܘܢ ܚܠܳܦܰܝ ܡܳܪܝ̱
1,Nisibis,12,8,Nisibis 12:8,ܡܰܢ ܓܶܝܪ ܣܳܦܶܩ ܡܶܢ ܡܬܽܘܡ   ܠܩܽܘܒܳܠ ܛܰܝܒܽܘܬܳܐ ܕܪ̈ܰܚܡܶܐ ܕܰܟܪܺܝܟܺܝܢ ܠܶܗ   ܕܶܐܢܳܐ ܐܶܣܦܰܩ ܐܰܘܕܶܐ ܠܪ̈ܰܚܡܶܐ ܕܰܚܕܺܝܪ̈ܺܝܢ ܠܺܝ
1,Nisibis,13,1,Nisibis 13:1,ܬܠܳܬܳܐ ܟܳܗ̈ܢܶܐ ܢܰܨ̈ܺܝܚܶܐ   ܒܛܽܘܦܣܳܐ ܕܰܬܪ̈ܶܝܢ ܢܰܗܺܝܪ̈ܶܐ ܝܰܒ̇ܶܠܘ̱ ܘܰܐܫܠܼܶܡܘ̱ ܠܰܚܼ̈ܕܳܕܶܐ   ܟܽܘܪܣܝܳܐ ܘܺܐܝܕܳܐ ܘܡܰܪܥܺܝܬܳܐ ܕܰܣܓܺܝ ܠܰܢ ܐܶܒܠܳܐ ܕܰܬܪ̈ܶܝܢ   ܟܽܘܠܶܗ ܐ̱ܚܪܳܝܳܐ ܒܽܘܝܳܐܰܐ ܗ̱ܘ
1,Nisibis,13,2,Nisibis 13:2,ܗܰܘ ܕܰܒܪܳܐ ܬܪ̈ܶܝܢ ܢܰܗܺܝܪ̈ܺܝܢ   ܓܒܼܳܐ ܠܶܗ ܬܠܳܬܳܐ ܢܰܗܺܝܪ̈ܶܐ ܘܰܩܒܼܰܥ ܐܶܢܽܘܢ ܒܰܬܠܳܬܳܐ   ܚܶܫܽܘ̈ܟܶܐ ܚܒܺܝ̈ܫܶܐ ܕܰܗܘܼܰܘ ܕܰܕܥܶܟܼܘ̱ ܙܰܘܓܳܐ ܕܢܰܗܺܝܪ̈ܶܐ   ܐ̱ܚܪܺܢܳܐ ܟܽܠܶܗ ܙܰܠܺܝܩܰܐ ܗ̱ܘ
1,Nisibis,13,3,Nisibis 13:3,ܬܠܳܬܳܐ ܟܳܗ̈ܢܰܝܢ ܓܺܙܰܒܪ̈ܶܐ   ܕܰܐܚܺܝܕܺܝܢ ܒܰܫܪܳܪܰܝܗܽܘܢ ܐܩܠܺܝܕܳܗ̇ ܕܰܬܠܺܝܬܳܝܽܘܬܳܐ   ܬܰܪ̈ܥܶܐ ܬܠܳܬܳܐ ܦܬܰܚܘ̱ ܗ̱ܘܰܘ ܠܰܢ ܚܰܕ ܚܰܕ ܡܶܢܗܽܘܢ ܒܰܩܠܺܝܕܶܗ   ܒܙܰܒܢܶܗ ܬܰܪܥܶܗ ܦܳܬܰܚ ܗ̱ܘܳܐ
1,Nisibis,13,4,Nisibis 13:4,ܒܩܰܕܡܳܝܳܐ ܦܬܼܰܚ ܗ̱ܘܳܐ ܬܰܪܥܳܐ   ܠܡܰܪܕܽܘܬܳܐ ܕܶܐܬܳܬ ܥܠܰܝܢ ܒܡܶܨܥܳܝܳܐ ܦܬܼܰܚ ܗ̱ܘܳܐ ܬܰܪܥܳܐ   ܠܡܰܠܟܽܘܬܳܐ ܕܢܶܚܬܰܬ ܨܶܐܕܰܝܢ ܒܰܐ̱ܚܪܳܝܳܐ ܦܬܼܰܚ ܗ̱ܘܳܐ ܬܰܪܥܳܐ   ܠܰܣܒܰܪܬܳܐ ܕܣܳܠܩܳܐ ܨܶܐܕܰܝܢ
1,Nisibis,13,5,Nisibis 13:5,ܒܩܰܕܡܳܝܳܐ ܬܳܪܥܳܐ ܦܬܼܰܚ ܗ̱ܘܳܐ   ܠܰܩܪܳܒܳܐ ܕܟܶܢܫ̈ܶܐ ܬܪ̈ܰܝܗܽܘܢ ܒܡܶܨܥܳܝܳܐ ܬܰܪ̈ܥܶܐ ܦܬܼܰܚ ܗ̱ܘܳܐ   ܠܡ̈ܰܠܟܶܐ ܕܪ̈ܽܘܚܶܐ ܬܰܪ̈ܬܰܝܗܶܝܢ ܒܰܬܠܺܝܬܳܝܳܐ ܦܬܼܰܚ ܬܰܪܥܳܐ   ܕܺܐܝܙܓܰܕ̈ܶܐ ܕܓ̈ܰܒܶܐ ܬܪ̈ܰܝܗܽܘܢ
1,Nisibis,13,6,Nisibis 13:6,ܒܩܰܕܡܳܝܳܐ ܦܰܬܼܰܚ ܬܰܪܥܳܐ   ܠܰܩܪܳܒܳܐ ܡܶܛܽܠ ܚܰܘ̈ܒܶܐ ܒܡܶܨܥܳܝܳܐ ܦܰܬܰܚ ܬܰܪܥܳܐ   ܠܡ̈ܰܠܟܶܐ ܡܶܛܽܠ ܬܰܟܬܽܘܫܳܐ ܒܰܐ̱ܚܪܳܝܳܐ ܦܰܬܰܚ ܬܰܪܥܳܐ   ܠܺܐܝܙܓܰܕ̈ܶܐ ܡܶܛܽܠ ܪ̈ܰܚܡܶܐ
1,Nisibis,13,7,Nisibis 13:7,ܗܳܐ ܒܰܬܠܳܬܳܐ ܝܽܘ̈ܒܳܠܶܝܢ   ܐܰܝܟ ܕܰܒܐ̱ܪܳܙܳܐ ܘܰܒܛܽܘܦܣܳܐ ܪܽܘܓܙܳܐ ܠܫܶܡܫܳܐ ܐܶܬ̇ܕܰܡܺܝ   ܫ̇ܰܪܺܝ ܡܶܢ ܨܶܝܕ ܩܰܕܡܳܝܳܐ ܘܶܐܬܓܰܒܰܪ ܨܶܝܕ ܡܶܨܥܳܝܳܐ   ܥܡܰܕ ܘܶܐܬܛܰܠܰܩ ܒܰܐ̱ܚܪܳܝܳܐ
1,Nisibis,13,8,Nisibis 13:8,ܐܳܦ ܫܶܡܫܳܐ ܛܽܘܦܣ̈ܶܐ ܬܠܳܬܳܐ   ܡܚܰܘܶܐ ܒܰܬܠܳܬ ܦܶܢܝ̈ܳܬܳܐ ܚܰܪܽܝܦ ܘܰܙܗܶܐ ܫܽܘܪܳܝܶܗ   ܥܰܙܺܝܙܳܐ ܘܩܰܫܝܳܐ ܡܨܰܥܬܶܗ ܘܰܐܝܟ ܠܰܒܪܺܝܬܳܐ ܕܶܐܬܓܰܡܪܰܬ   ܢܺܝܚ ܘܒܰܣܺܝܡ ܫܽܘܠܳܡܶܗ
1,Nisibis,13,9,Nisibis 13:9,ܩܰܠܺܝܠ ܘܰܙܗܶܐ ܫܽܘܪܶܝܗ   ܕܰܠܕܰܡ̈ܟܶܐ ܗ̱ܘ ܐܳܬܶܐ ܕܰܢܥܺܝܪ ܚܰܡܺܝܡܳܐ ܘܩܰܫܝܳܐ ܡܨܰܥܬܶܗ   ܕܦܺܐܪ̈ܶܐ ܐܳܬܶܐ ܕܰܢܒܰܫܶܠ ܪܚܺܝܡ ܘܒܰܣܺܝܡ ܫܽܘܠܳܡܶܗ   ܕܰܡܛܳܐ ܠܶܗ ܠܰܓܡܺܝܪܽܘܬܳܐ
1,Nisibis,13,10,Nisibis 13:10,ܡܰܢ ܗܺܝ ܒܰܪܬܳܐ ܒܰܪ̱ܬ ܢܶܕܪ̈ܶܐ   ܚܣܺܝܡܰܬ ܡܶܢ ܟܽܠ ܢܶܩܒ̈ܳܬܳܐ ܕܰܪܕܰܘ ܗܳܟܰܢ ܝܽܘܒ̈ܳܠܶܝܗ̇   ܘܰܣܓܺܝܘ ܗܳܟܰܢ ܛܽܘ̈ܟܳܣܶܝܗ̇ ܘܰܣܼܠܶܩܘ̱ ܗܳܟܰܢ ܕܽܘܪ̈ܳܓܶܝܗ̇   ܘܰܢܨܰܚܘ̱ ܗܳܟܰܢ ܪ̈ܰܒܳܢܶܝܗ̇
1,Nisibis,13,11,Nisibis 13:11,ܠܒܰܪܬܶܗ ܒܰܠܚܽܘܕ ܕܰܐܒܪܳܗܳܡ   ܗܘܰܝ ܗ̱ܘܰܝ ܗܳܠܶܝܢ ܕܶܡ̈ܘܳܬܳܐ ܐܰܘ ܠܶܟܝ̱ ܒܰܪܬܳܐ ܢܶܕܪ̈ܶܐ   ܕܠܽܘܩܒܰܠ ܫܽܘܦܪܳܗ̇ ܬܰܨܒܺܝܬܳܗ̇ ܐܰܝܟ ܙܰܒܢܳܗ̇ ܓܶܝܪ ܥܽܘܕܪܳܢܳܗ̇   ܘܰܐܝܟ ܥܽܘܕܪܳܢܳܗ̇ ܫܰܡܶܫܳܗ̇
1,Nisibis,13,12,Nisibis 13:12,ܠܽܘܩܒܰܠ ܚܽܘܣܪܳܢ ܣܽܘܢܩܳܢܳܗ̇   ܐܶܬܳܐ ܠܶܗ ܡܽܘܠܳܝ ܣܽܘܢܩܳܢܳܗ̇ ܐܰܒܳܗ̈ܶܝܗ̇ ܐܰܝܟ ܡܰܘ̈ܠܳܕܶܝܗ̇   ܘܪ̈ܰܒܳܢܶܝܗ̇ ܐܰܝܟ ܦܽܘܪ̈ܫܳܢܶܝܗ̇ ܬܰܪܒܺܝܬܳܗ̇ ܐܰܝܟ ܪܽܘܒܳܝܳܗ̇   ܘܰܠܒܽܘܫ̈ܶܝܗ̇ ܐܰܝܟ ܩܰܘܡ̈ܳܬܳܗ̇
1,Nisibis,13,13,Nisibis 13:13,ܬܶܩܠܰܬ ܝܶܗܒܰܬ ܛܰܝܒܽܘܬܳܐ   ܟܽܠܗܶܝܢ ܐܰܝܟ ܕܰܒܡܰܣܰܐܬܳܐ ܣܳܡܰܬ ܐܶܢܶܝܢ ܒܦܽܘܚܳܡܳܐ   ܕܢܶܗܘܶܐ ܡܶܢܗܶܝܢ ܥܽܘܕܪܳܢܳܐ ܢܰܓܕܰܬ ܐܶܢܶܝܢ ܒܝܽܘܒܳܠܳܐ   ܕܢܶܗܘܶܐ ܡܶܢܗܶܝܢ ܫܽܘܟܠܳܠܳܐ
1,Nisibis,13,14,Nisibis 13:14,ܒܝܰܘܡ̈ܳܬܶܗ ܕܗܰܘ ܩܰܕܡܳܝܳܐ   ܣܓܺܝ ܫܰܝܢܳܐ ܘܰܓܡܰܪ ܫܰܝܢܳܐ ܒܝܰܘܡ̈ܳܬܶܗ ܕܗܰܘ ܡܶܨܥܳܝܳܐ   ܢܚܶܬܘ̱ ܡ̈ܰܠܟܶܐ ܘܰܣܠܼܶܩܘ̱ ܡ̈ܰܠܟܶܐ ܒܝܰܘܡ̈ܳܬܶܗ ܕܶܝܢ ܕܰܐ̱ܚܪܳܝܳܐ   ܬܟܶܒܘ ܓܰܝ̈ܣܶܐ ܘܰܦܣܰܩ ܓܰܝܣ̈ܶܐ
1,Nisibis,13,15,Nisibis 13:15,ܒܩܰܕܡܳܝܳܐ ܥܰܠܘ̱ ܛܽܘܟܳܣ̈ܶܐ   ܥܰܠܘ̱ ܥܰܡܶܗ ܘܰܢܦܼܰܩܘ̱ ܥܰܡܶܗ ܒܡܶܨܥܳܝܳܐ ܩܪܶܒ ܘܶܐܬܪܰܚܰܩ   ܬܳܓܳܐ ܕܰܚܕܰܪ ܥܺܕ̈ܳܬܰܢ ܒܰܐ̱ܚܪܳܝܳܐ ܕܶܝܢ ܕܰܢܚܶܬ ܠܰܢ   ܛܰܝܒܽܘܬܳܐ ܕܠܳܐ ܡܶܬܦܰܪܥܳܐ
1,Nisibis,13,16,Nisibis 13:16,ܠܽܘܩܒܰܠ ܪܽܘܓܙܳܐ ܩܰܕܡܳܝܳܐ   ܐܰܩܪܶܒ ܥܰܡܠܶܗ ܕܩܰܕܡܳܝܳܐ ܠܽܘܩܒܰܠ ܫܰܘܒܳܐ ܕܰܒܛܰܗܪܳܐ   ܩܳܡ ܛܶܠܳܠܶܗ ܕܡܶܨܥܳܝܳܐ ܠܽܘܩܒܰܠ ܫܰܝܢܳܐ ܛܳܠܽܘܡܳܐ   ܐܰܣܓܺܝ ܐ̱ܚܪܳܝܳܐ ܙܽܘܗܳܪܳܐ
1,Nisibis,13,17,Nisibis 13:17,ܠܰܚܒܳܫܳܐ ܩܰܕܡܳܐ ܐܰܪܥܶܗ   ܟܳܗܢܳܐ ܩܰܕܡܳܐ ܘܢܰܨܺܝܚܳܐ ܠܰܚܒܳܫܳܐ ܕܰܬܪ̈ܶܝܢ ܐܰܪܥܶܗ   ܟܳܗܢܳܐ ܕܰܬܪ̈ܶܝܢ ܪܰܚܡܳܢܳܐ ܨܠܰܘ̈ܳܬܶܗ ܕܶܝܢ ܕܰܐ̱ܚܪܳܝܳܐ   ܣܳܓ ܬܽܘܪ̈ܥܳܬܰܢ ܟܰܣܝܳܐܺܝܬ
1,Nisibis,13,18,Nisibis 13:18,ܢܨܺܝܒܺܝܢ ܢܨܺܝܒܰܬ ܥܰܠ ܡ̈ܰܝܳܐ   ܡ̈ܰܝܳܐ ܟ̈ܣܰܝܳܐ ܘܰܓ̈ܠܰܝܳܐ ܢܶܒ̈ܥܶܐ ܚ̈ܰܝܶܐ ܠܓܰܘ ܡܶܢܳܗ̇   ܢܰܗܪܳܐ ܓܰܐܝܳܐ ܠܒܰܪ ܡܶܢܳܗ̇ ܢܰܗܪܳܐ ܕܰܠܒܰܪ ܕܰܓܶܠ ܒܳܗ̇   ܡܰܒܽܘܥܳܐ ܕܰܠܓܰܘ ܢܰܛܪܳܗ̇
1,Nisibis,13,19,Nisibis 13:19,ܟܳܗܢܳܐ ܩܰܕܡܳܐ ܦܰܠܳܚܳܗ̇   ܣܰܘ̈ܟܶܝܗ̇ ܪܰܒܺܝ ܒܰܫܡܰܝܳܐ ܗܳܐ ܡܺܝܬ ܘܰܩܒܺܝܪ ܒܓܰܘܳܗ̇   ܗܘܼܳܐ ܠܶܗ ܦܺܐܪܳܐ ܒܓܰܘ ܥܽܘܒܳܗ̇ ܒܰܕܓܽܘܢ ܕܶܐܬܰܘ ܦܳܣ̈ܽܘܩܶܐ   ܦܺܐܪܳܐ ܕܰܒܓܰܘܳܗ̇ ܢܰܛܪܳܗ̇
1,Nisibis,13,20,Nisibis 13:20,ܡܛܳܐ ܗ̱ܘܳܐ ܙܰܒܢܳܐ ܕܰܦܣܳܩܳܗ̇   ܥܰܠ ܗܰܘ ܕܰܒܪܶܗ ܠܦܰܠܳܚܳܗ̇ ܕܠܳܐ ܢܶܗܘܶܐ ܥܠܶܝܗ̇ ܒܰܥܳܝܳܐ   ܪܶܗܛܰܬ ܗܼܺܝ ܒܰܨܢܺܝܥܽܘܬܳܗ̇ ܣܳܡܬܶܗ ܒܥܽܘܒܳܗ̇ ܠܦܰܠܳܚܳܗ̇   ܕܬܶܬܦܰܨܶܐ ܒܝܰܕ ܦܰܠܳܚܳܗ̇
1,Nisibis,13,21,Nisibis 13:21,ܕܳܡܝܳܝܳܢ ܡ̈ܰܠܳܠܳܬܐ   ܒܢ̈ܳܬ ܢܨܺܝܒܺܝܢ ܠܰܢܨܺܝܒܺܝܢ ܕܣܳܡܰܬ ܦܰܓܪܳܐ ܠܓܰܘ ܡܶܢܳܗ̇   ܘܰܗܼܘܳܐ ܫܽܘܪܳܐ ܠܒܰܪ ܡܶܢܳܗ̇ ܣܺܝܡܺܝܢ ܒܟܶܝܢ ܦܰܓܪܳܐ ܚܰܝܳܐ   ܕܢܶܗܘܶܐ ܫܽܘܪܳܐ ܠܚܰܝ̈ܰܝܟܺܝܢ
1,Nisibis,14,1,Nisibis 14:1,ܠܰܬܠܳܬܳܐ ܪ̈ܳܥܰܘܳܬܳܐ   ܥ̈ܶܠܳܢܶܐ ܗ̱ܘܰܘ ܣܰܓ̈ܺܝܐܶܐ ܠܰܚܕܳܐ ܐܶܡܳܐ ܕܰܒܟܳܪܟܳܐ   ܒ̈ܢܳܬܳܐ ܗ̈ܘܰܝ ܠܳܗ̇ ܒܟܽܠ ܦܶܢ̈ܝܳܢ ܕܰܐܚܪܶܒ ܪܽܘܓܙܳܐ ܕܰܝܪ̈ܳܬܳܗ̇   ܢܶܒܢܼܶܐ ܫܰܝܢܳܐ ܥܺܕ̱̈ܳܬܳܗ̇
1,Nisibis,14,2,Nisibis 14:2,ܥܰܡܠܶܗ ܛܳܒܳܐ ܕܩܰܕܡܳܝܳܐ   ܨܶܡܕܳܗ̇ ܠܰܐܪܥܳܐ ܒܽܐܘܠܨܳܢܳܗ̇ ܠܰܚܡܶܗ ܘܚܰܡܪܶܗ ܕܡܶܨܥܳܝܳܐ   ܠܟܳܪܟܳܐ ܥܰܨܒܶܗ ܒܰܬܒܳܪܶܗ ܚܰܠܺܝ ܡܶܪܬܰܢ ܒܽܐܘܠܨܳܢܳܐ   ܡܡܰܠܠܶܗ ܚܰܠܝܳܐ ܕܰܐ̱ܚܪܳܝܳܐ
1,Nisibis,14,3,Nisibis 14:3,ܩܰܕܡܳܐ ܦܠܼܰܚ ܐܰܪܥܳܐ ܒܥܰܡܠܳܐ   ܥܩܰܪ ܡܶܢܳܗ̇ ܝܰܥܪܳܐ ܘܟܽܘܒ̈ܶܐ ܡܶܨܥܳܝܳܐ ܐܰܟܪܶܟ ܣܓܳܗ̇   ܒܰܦܪ̈ܺܝܩܶܐ ܣܝܳܓܳܐ ܥܒܼܰܕ ܠܳܗ̇ ܐ̱ܚܪܳܝܳܐ ܦܬܼܰܚ ܐܰܘܨܰܪ ܡܳܪܶܗ   ܘܰܙܪܰܥܼ ܒܳܗ̇ ܡ̈ܶܠܰܝ ܡܳܪܳܗ̇
1,Nisibis,14,4,Nisibis 14:4,ܟܳܗܢܳܐ ܩܰܕܡܳܐ ܒܝܰܕ ܨܰܘܡܳܐ   ܬܰܪ̈ܥܶܐ ܕܦܽܘܡ̈ܶܐ ܐܶܚܰܕ ܗ̱ܘܳܐ ܟܳܗܢܳܐ ܕܰܬܪ̈ܶܝܢ ܒܰܫܒܰܝ̈ܳܐ   ܦܽܘܡ̈ܶܐ ܕܟܺܝܣܳܐ ܦܳܬܰܚ ܗ̱ܘܳܐ ܐ̱ܚܪܳܝܳܐ ܕܶܝܢ ܢܳܩܶܒ ܐܶܕ̈ܢܶܐ   ܘܰܐܪܡܺܝ ܒܗܶܝܢ ܚܶܫܠܰܬ ܚ̈ܰܝܶܐ
1,Nisibis,14,5,Nisibis 14:5,ܐܰܗܪܽܘܢ ܫܰܠܰܚ ܗ̱ܘܳܐ ܐܶܕ̈ܢܶܐ   ܡܶܢ ܩܰܕܫ̈ܶܐ ܘܥܰܒܼܰܕ ܥܶܓܠܳܐ ܥܶܓܠܳܐ ܡܺܝܬܳܐ ܟܰܣܝܳܐܺܝܬ   ܕܰܩܰܪ ܩܶܛܠܳܗ̇ ܠܡܰܫܪܺܝܬܳܐ ܠܗܳܢܽܘܢ ܕܰܚܫܰܠܘ̱ ܩܰܪ̈ܢܳܬܶܗ   ܦܰܪܶܬ ܐܶܢܽܘܢ ܒܩܰܪ̈ܢܳܬܶܗ
1,Nisibis,14,6,Nisibis 14:6,ܟܳܗܢܰܢ ܕܶܝܢ ܬܠܺܝܬܳܝܳܐ   ܐܶܕ̈ܢܰܝ ܠܶܒܳܐ ܢܳܩܶܒ ܗ̱ܘܳܐ ܘܰܐܪܡܺܝ ܗ̱ܘܳܐ ܩܕ̈ܳܫܶܐ ܕܰܚܼܫܰܠ   ܡܶܢ ܨ̈ܶܨܶܐ ܕܶܐܬܩܒܰܥܘ̱ ܗ̱ܘܰܘ ܒܰܙܩܺܝܦܳܐ ܕܰܙܩܼܰܦ ܡܳܪܶܗ   ܘܰܐܚܺܝ ܗ̱ܘܳܐ ܠܰܟܢܰܘ̈ܳܬܶܗ
1,Nisibis,14,7,Nisibis 14:7,ܒܪܳܐ ܠܡܰܘܬܳܐ ܝܳܠܕܳܐ ܢܽܘܪܳܐ   ܡܰܘܬܳܐ ܪܳܥܶܐ ܟܽܠ ܦܰܓܪ̈ܺܝܢ ܒܰܪ ܡܰܘܬܳܐ ܕܰܙܟܼܳܐ ܠܡܰܘܬܳܐ   ܢܰܦܫ̈ܳܬܳܐ ܕܐ̱ܢܳܫܳܐ ܪܥܼܳܐ ܗ̱ܘܳܐ ܥܶܓܠܳܐ ܓ̈ܶܠܶܐ ܐܰܪܦܺܝ ܗ̱ܘܳܐ   ܕܪ̈ܶܥܝܳܢܶܐ ܪܳܥܝܳܐ ܗܘܰܘ ܠܶܗ
1,Nisibis,14,8,Nisibis 14:8,ܠܩܰܝܣܳܐ ܩܰܕܡܳܐ ܘܩܳܛܽܘܠܳܐ   ܒܼܪܳܐ ܝܶܠܕܰܬ ܠܶܗ ܛܰܝܒܽܘܬܳܐ ܐܰܘ ܨܰܠܝܳܐ ܝܰܠܕܳܐ ܕܩܰܝܣܳܐ   ܕܰܐܩܪܶܒ ܠܽܘܩܒܰܠ ܝܳܠܽܘܕܶܗ ܩܰܝܣܳܐ ܗܘܳܐ ܢܶܒܥܳܐ ܕܡܰܘܬܳܐ   ܙܩܺܝܦܳܐ ܗܘܳܐ ܢܶܒܥܳܐ ܕܚ̈ܰܝܶܐ
1,Nisibis,14,9,Nisibis 14:9,ܒܼܪܳܐ ܕܰܗܘܳܐ ܗ̱ܘܳܐ ܠܶܗ ܠܡܰܘܬܳܐ   ܟܽܠ ܦܽܘܡܺܝ̈ܢ ܦܬܺܝܚܺܝܢ ܠܳܛܽܘܗ̱ܝ ܒܠܼܰܥ ܗ̱ܘܳܐ ܦܰܓܪ̈ܶܐ ܘܢܰܦܫ̈ܳܬܳܐ   ܘܰܐܣܓܺܝ ܠܰܐܒܽܘܗ̱ܝ ܟܽܘܐܳܪܳܐ ܙܩܺܝܦܳܐ ܕܶܝܢ ܐܰܥܒܰܪ ܚܶܣܕܶܗ   ܕܰܐܒܽܘܗ̱ܝ ܩܰܝܣܳܐ ܩܰܕܡܳܝܳܐ
1,Nisibis,14,10,Nisibis 14:10,ܒ̈ܢܰܝܳܐ ܬܪ̈ܰܝܗܽܘܢ ܐܶܬܕܰܡܺܝܘ   ܠܶܐܡ̈ܗܳܬܳܐ ܕܺܝܠܶܕ ܐܶܢܽܘܢ ܥܶܓܠܳܐ ܕܺܝܠܶܕܬܶܗ ܢܽܘܪܳܐ    ܢܽܘܪܳܐ ܒܥܰܡܳܐ ܐܰܣܶܦ ܗ̱ܘܳܐ ܙܩܺܝܦܳܐ ܝܰܠܕܳܐ ܕܛܰܝܒܽܘܬܳܐ   ܛܽܘ̈ܒܶܐ ܦܰܠܶܓ ܠܰܒܪܺܝܬܳܐ
1,Nisibis,14,11,Nisibis 14:11,ܐܳܘ ܠܶܫܳܢܝ̱ ܫܳܠܶܐ ܘܫܰܬܶܩ   ܫܰܪ̈ܒܶܐ ܬܟܺܝ̈ܒܶܐ ܕܰܙܩܺܝܦܳܐ ܕܒܶܛܢܰܬ ܡܶܢ ܫܶܠܝ ܬܰܪܥܺܝܬܳܐ   ܘܗܳܐ ܡܳܚܶܝܢ ܠܳܗ̇ ܚܒܳܠܰܝ̈ܗܽܘܢ ܒܶܛܢܰܬ ܐܶܢܽܘܢ ܒܰܐ̱ܚܪ̈ܳܝܶܐ   ܘܰܕܢܶܗܘܽܘܢ ܒܽܘܟܪ̈ܶܐ ܨܳܒܶܝܢ
1,Nisibis,14,12,Nisibis 14:12,ܐܰܩܪܶܒܘ̱ ܥܽܘ̈ܠܶܐ ܒܓܰܘ ܟܰܪܣܳܐ   ܪܗܰܛ ܗ̱ܘܳܐ ܕܢܶܦܽܘܩ ܩܰܫܺܝܫܳܐ ܘܰܐܪܡܺܝ ܐܺܝܕܶܗ ܥܰܠ ܥܶܩܒܶܗ   ܙܥܽܘܪܳܐ ܪܳܚܶܡ ܒܽܘܟܪܽܘܬܳܐ ܕܠܳܐ ܫܰܩܠܳܗ̇ ܡܶܢ ܡܰܘܠܳܕܳܐ   ܫܰܩܠܳܗ̇ ܗ̱ܘܳܐ ܡܶܢ ܒܽܘܫܳܠܳܐ
1,Nisibis,14,13,Nisibis 14:13,ܒܶܗ ܒܰܙܢܳܐ ܫܰܪ̈ܒܶܐ ܐ̱ܚܪ̈ܳܝܶܐ   ܗܳܐ ܡܰܩܠܶܝܢ ܥܰܠ ܩܰܕܡ̈ܳܝܶܐ ܕܢܶܦܩܽܘܢ ܢܶܣܒܽܘܢ ܒܽܘܟܪܽܘܬܳܐ   ܢܰܘܠܶܕ ܫܰܪܒܳܐ ܕܰܐܒܳܗ̈ܰܝܢ ܗܳܐ ܓܶܝܪ ܫܰܪ̈ܒܰܘܗ̱ܝ ܕܰܙܩܺܝܦܳܐ   ܒܽܘܟܪ̈ܶܝܗ̇ ܐܶܢܽܘܢ ܕܰܒܪܺܝܬܳܐ
1,Nisibis,14,14,Nisibis 14:14,ܐܶܢ ܓܶܝܪ ܗܰܘ ܕܰܕܠܳܐ ܫܽܘܪܳܝ   ܗܽܘܝܽܘ ܒܽܘܟܪܳܐ ܕܟܽܠ ܒܶܪ̈ܝܳܢ ܒܽܘܟܪ̈ܶܐ ܐܶܢܽܘܢ ܐܳܦ ܫܰܪ̈ܒܰܘܗ̱ܝ   ܕܩܰܫܺܝܫܺܝܢ ܡܶܢ ܒܶܪ̈ܝܳܬܳܐ ܢܶܬܠܽܘܢ ܡܳܪܝ̱ ܐܰܬܪܳܐ ܫܰܪ̈ܒܰܝܟ   ܕܢܶܫܬܰܥܶܐ ܥܰܠ ܫܰܡ̈ܳܫܰܝܟ
1,Nisibis,14,15,Nisibis 14:15,ܩܰܕܡܳܐ ܒܰܕܪܰܓ ܬܽܘܠܡܳܕܳܐ   ܡܰܡܠܠܶܗ ܠܕܰܪܓܶܗ ܐܶܬܕܰܡܺܝ ܡܶܨܥܳܝܳܐ ܒܕܰܪܓܳܐ ܕܰܬܪ̈ܶܝܢ   ܣܠܼܶܩ ܬܽܘܪܓܳܡܶܗ ܥܰܠ ܕܰܪܓܶܗ ܐ̱ܚܪܳܝܳܐ ܒܕܳܪܳܐ ܕܰܬܠܳܬܳܐ   ܐܺܝܪܶܒ ܡܰܡܠܠܶܗ ܐܰܟܘܳܬܶܗ
1,Nisibis,14,16,Nisibis 14:16,ܩܰܕܡܳܝܳܐ ܒܰܦܫ̈ܺܝܛܳܬܳܐ   ܝܰܗ̱ܒ ܚܰܠܒܳܐ ܠܺܝܠܽܘܕܽܘܬܶܗ ܡܶܨܥܳܝܳܐ ܒܕ̈ܰܠܺܝܠܳܬܳܐ   ܝܰܗ̱ܒ ܗ̱ܘܳܐ ܛܥܽܘܡܳܐ ܠܫܰܒܪܽܘܬܶܗ ܬܠܺܝܬܳܝܳܐ ܒܰܓܡܺܝܪ̈ܳܬܳܐ   ܝܰܗ̱ܒ ܐܽܘܟܠܳܐ ܠܰܓܡܺܝܪܽܘܬܶܗ
1,Nisibis,14,17,Nisibis 14:17,ܐܳܦ ܗܺܝ ܒܰܪܬܳܐ ܕܬܰܪܒܺܝܬܳܐ   ܒܕܰܪ̈ܓܺܝܢ ܕܰܪ̈ܓܺܝܢ ܣܶܠܩܰܬ ܗܘܳܬ ܥܰܡ ܪ̈ܰܒܳܢܝܶܗ̇ ܘܰܐܒܳܗ̈ܶܝܗ̇   ܫܰܒܪܳܐ ܗܘܳܬ ܥܰܡ ܩܰܕܡܳܝܳܐ ܦܫܺܝܛܳܐ ܗܘܳܬ ܥܰܡ ܡܶܨܥܳܝܳܐ   ܐܶܬܓܰܡܪܰܬ ܒܰܬܠܺܝܬܳܝܳܐ
1,Nisibis,14,18,Nisibis 14:18,ܩܰܕܡܳܝܳܐ ܐܰܝܟ ܠܰܫܒܰܪܬܳܐ   ܡܚܰܒܶܒ ܗ̱ܘܳܐ ܘܰܡܕܰܚܶܠ ܗ̱ܘܳܐ ܡܶܨܥܳܝܳܐ ܐܰܝܟ ܠܰܛܠܺܝܬܳܐ   ܟܳܐܶܐ ܗ̱ܘܳܐ ܘܰܡܚܰܕܶܐ ܗ̱ܘܳܐ ܐ̱ܚܪܳܝܳܐ ܐܰܝܟ ܕܰܠܡܰܠܳܦܬܳܐ   ܗ̱ܘܳܐ ܠܳܗ̇ ܢܺܝܚܳܐ ܘܒܰܣܺܝܡܳܐ
1,Nisibis,14,19,Nisibis 14:19,ܐܳܦ ܪܳܡܳܐ ܨܶܝܕ ܒܰܪ̱ܬ ܝܰܥܩܽܘܒ   ܫܕܳܠܳܐ ܘܫܰܒܛܳܐ ܠܛܰܠܝܽܘܬܳܗ̇ ܘܰܠܚܽܘܨܦܳܗ̇ ܘܰܥܠܰܝܡܽܘܬܳܗ̇   ܫܰܘܬܶܦ ܣܰܝܦܳܐ ܘܢܳܡܽܘܣܳܐ ܘܰܐܝܟ ܠܪܳܕܺܝܬܳܐ ܘܰܠܦܶܬܳܐ   ܐܶܬܳܐ ܠܳܗ̇ ܢܺܝܚܳܐ ܘܒܰܣܺܝܡܳܐ
1,Nisibis,14,20,Nisibis 14:20,ܩܰܕܡܳܐ ܕܺܝܠܶܕ ܡܰܪܥܺܝܬܳܐ   ܛܥܶܢ ܥܽܘܒܶܗ ܝܺܠܽܘܕܽܘܬܳܗ̇ ܡܶܨܥܳܝܳܐ ܦܨܺܝܚ ܦܰܪܨܽܘܦܳܐ   ܢܰܨܰܪ ܘܰܐܦܨܰܚ ܛܰܠܝܽܘܬܳܗ̇ ܐ̱ܚܪܳܝܳܐ ܝܰܩܺܝܪ ܦܰܪܨܽܘܦܳܐ   ܗܳܐ ܡܢܰܟܶܦ ܠܰܥܠܰܝܡܽܘܬܳܗ̇
1,Nisibis,14,21,Nisibis 14:21,ܟܳܗܢܳܐ ܩܰܕܡܳܝܳܐ ܕܺܝܠܶܕ   ܝܰܗ̱ܒ ܚܰܠܒܳܐ ܠܺܝܠܽܘܕܽܘܬܳܗ̇ ܟܳܗܢܳܐ ܡܶܨܥܳܝܳܐ ܬܰܪܓܶܡ   ܘܝܳܗܶܒ ܛܥܽܘܡܳܐ ܠܫܰܒܪܽܘܬܳܗ̇ ܟܳܗܢܳܐ ܕܰܬܠܳܬܳܐ ܬܰܪܣܺܝ   ܘܝܳܗܶܒ ܐܽܘܟܠܳܐ ܠܰܚܠܺܝܡܽܘܬܳܗ̇
1,Nisibis,14,22,Nisibis 14:22,ܐܰܒܳܐ ܟܰܫܺܝܪܳܐ ܘܩܰܕܡܳܝܳܐ   ܣܳܡ ܣܺܝܡ̈ܳܬܳܐ ܠܫܰܒܪܽܘܬܳܗ̇ ܡܶܨܥܳܝܳܐ ܠܰܓܡܺܝܪܽܘܬܳܗ̇   ܐܰܣܓܺܝ ܙܘ̈ܳܕܶܐ ܠܡܰܪܕܺܝܬܳܗ̇ ܬܠܺܝܬܳܝܳܐ ܙܰܝܬܳܐ ܗܕܺܝܪܳܐ   ܐܰܣܓܺܝ ܡܶܫܚܳܐ ܒܡܺܐܢܶܝ̈ܗ̇
1,Nisibis,14,23,Nisibis 14:23,ܡܳܐ ܕܰܡܛܳܬ ܨܶܝܕ ܥܰܬܺܝܪܳܐ   ܡܚܰܘܝܳܐ ܓܰܙܶܗ ܕܩܰܕܡܳܝܳܐ ܡܳܐܕܰܡܛܳܬ ܨܶܝܕ ܦܳܪܽܘܩܳܐ   ܡܚܰܘܝܳܐ ܦܪ̈ܺܝܩܶܐ ܕܡܶܨܥܳܝܳܐ ܡܳܐ ܕܢܶܦܩܰܬ ܠܽܐܘܪܰܥ ܚܰܬܢܳܐ   ܡܚܰܘܝܳܐ ܡܶܫܚܳܐ ܕܢܰܗܺܝܪ̈ܶܝܗ̇
1,Nisibis,14,24,Nisibis 14:24,ܩܕܳܡ ܗܰܘ ܦܳܪܰܥ ܠܰܠܐܰܝ̈ܳܐ   ܡܩܰܪܒܳܐ ܥܰܡܠܶܗ ܕܩܰܕܡܳܝܳܐ ܩܕܳܡ ܗܰܘ ܪܳܚܶܡ ܝܳܗ̈ܽܘܒܶܐ   ܡܩܰܪܒܳܐ ܙܶܕܩܶܗ ܕܡܶܨܥܳܝܳܐ ܩܕܳܡ ܗܰܘ ܕܳܐܶܢ ܝܽܘ̈ܠܦܳܢܶܐ   ܡܩܰܪܒܳܐ ܕܪܺܝܫܶܗ ܕܰܐ̱ܚܪܳܝܳܐ
1,Nisibis,14,25,Nisibis 14:25,ܘܚܰܛܳܝܳܐ ܕܰܥܡܰܠ ܕܺܐܝܬܰܘܗ̱ܝ   ܬܰܪܒܺܝܬܳܐ ܕܰܬܠܳܬܰܝܗܽܘܢ ܟܰܕ ܢܶܚܙܽܘܢ ܠܰܬܠܺܝܬܳܝܳܐ   ܕܰܐܚܕܶܗ ܬܰܪܥܳܐ ܕܰܓܢܽܘܢܶܗ ܬܠܳܬܰܝܗܽܘܢ ܢܶܒܥܽܘܢ ܥܠܰܝ   ܕܬܰܪܥܶܗ ܩܰܠܺܝܠ ܢܨܰܠܶܦ ܠܺܝ
1,Nisibis,14,26,Nisibis 14:26,ܢܶܚܒܽܘܨ ܢܶܥܽܘܠ ܚܰܛܳܝܳܐ   ܟܰܕ ܚܰܕܺܝ ܘܕܳܚܶܠ ܠܰܡܚܳܪ ܢܶܩܪܽܘܢ ܬܠܳܬܳܐ ܪ̈ܰܒܳܢܰܝܢ   ܠܚܰܕ ܬܰܠܡܺܝܕܳܐ ܒܛܰܝܒܽܘܬܳܐ ܢܶܠܩܰܛ ܬܚܶܬܝ̱ ܦܳܬܽܘܪ̈ܶܐ   ܦܰܪ̈ܬܽܘܬܳܐ ܕܰܡܠܶܝܢ ܚܰܝ̈ܶܐ
1,Nisibis,15,1,Nisibis 15:1,ܐܶܠܽܘ ܠܳܐ ܕܰܬܪܺܝܨ ܪܺܝܫܳܐ   ܐܰܟܒܰܪ ܪܶܛܢܰܘ ܗܰܕܳܡ̈ܶܐ ܕܡܶܛܽܠ ܪܺܝܫܳܐ ܕܰܡܥܰܩܰܡ   ܡܕܰܘܕܳܐ ܡܰܪܕܺܝܬ ܗܰܕܳܡ̈ܶܐ ܥܶܠܬܳܐ ܒܪܺܝܫܳܐ ܬܰܠܝܳܢ ܗ̱ܘܰܘ
1,Nisibis,15,2,Nisibis 15:2,ܐܶܢ ܗܳܫܳܐ ܕܰܦܐܶܐ ܟܽܠܶܗ   ܒܶܗ ܬܳܠܶܝܢ ܚܢܰܢ ܣܰܢܝ̈ܳܬܰܢ ܟܡܳܐ ܟܰܝ ܐܶܠܽܘ ܣܰܢܝܳܐ ܗ̱ܘܳܐ   ܐܳܦ ܐܰܠܳܗܳܐ ܟܰܕ ܒܰܣܺܝܡ ܐܶܬܥܰܕܰܘ ܒܶܗ ܡܰܪ̈ܺܝܪܶܐ
1,Nisibis,15,3,Nisibis 15:3,ܒܪܺܝܫܳܐ ܕܶܡܽܘ ܗ̈ܰܕܳܡܶܐ   ܩܢܰܘ ܫܶܠܝܽܘܬܳܐ ܒܫܰܦܝܽܘܬܶܗ ܘܒܰܣܺܝܡܽܘܬܳܐ ܒܢܺܝܚܽܘܬܶܗ   ܒܩܰܕܺܝܫܽܘܬܶܗ ܙܰܗܝܽܘܬܳܐ ܘܰܒܚ̈ܶܟܡܳܬܶܗ ܝܽܘܠܦܳܢܳܐ
1,Nisibis,15,4,Nisibis 15:4,ܩܢܰܘ ܛܰܥܡܳܐ ܒܰܪܡܺܝܣܽܘܬܶܗ   ܘܢܰܟܦܽܘܬܳܐ ܒܝܰܩܺܝܪܽܘܬܶܗ ܘܫܽܘܘܚܳܕܳܐ ܒܡܶܣܟܺܢܽܘܬܶܗ   ܕܫܰܦܽܝܪ ܗ̱ܽܘ ܒܡܶܠܶܐ ܟܽܠܶܗ ܢܶܫܦܰܪ ܟܽܠܰܢ ܥܰܡ ܟܽܠܶܗ
1,Nisibis,15,5,Nisibis 15:5,ܚܙܰܘ ܕܟܰܝܠܳܐ ܘܡܰܬܩܳܠܳܐ   ܐܺܝܬ ܠܡ̈ܶܠܰܘܗ̱ܝ ܘܰܥܒܳܕ̈ܰܘܗ̱ܝ ܣܺܝܡܘ̱ ܒܳܠܳܐ ܕܳܐܦ ܗ̈ܰܠܟܳܬܶܗ   ܡܽܘܫ̈ܚܳܬܳܐ ܕܫܶܠܝܳܐ ܩܳܢܶܝܢ ܐܰܚܺܝܕ ܟܽܠܶܗ ܦܓܽܘ̈ܕܶܐ ܕܟܽܠܶܗ
1,Nisibis,15,6,Nisibis 15:6,ܗ̱ܘܳܐ ܠܳܗ̇ ܡܳܪܳܐ ܠܛܰܠܝܽܘܬܶܗ   ܟܰܕܢܳܗ̇ ܒܢܺܝܪܳܐ ܕܢܰܟܦܽܘܬܳܐ ܠܳܐ ܐܶܙܕܰܠܰܠܘ̱ ܗܰܕܳܡܰܘ̈ܗ̱ܝ   ܕܰܬܚܶܝܬ ܫܰܒܛܳܐ ܣܺܝܡܺܝܢ ܗ̱ܘܰܘ ܨܶܒܝܳܢܶܗ ܩܛܺܝܪܳܐ ܗ̱ܘܼܳܐ ܠܶܗ
1,Nisibis,15,7,Nisibis 15:7,ܩܰܕܶܡ ܓܶܝܪ ܒܳܟܰܪ ܕܰܪܓܶܗ   ܕܰܩܕܳܡ ܒܳܟܰܪ ܕܽܘܒܳܪܶܗ ܕܣܳܡ ܫܶܬܶܐܣܰܘ̈ܗ̱ܝ ܬܰܩܢܳܐܺܝܬ   ܗ̱ܘܳܐ ܪܺܝܫܳܐ ܒܰܙܥܽܘܪܽܘܬܶܗ ܕܟܳܪܽܘܙܳܐ ܠܥܰܡܳܐ ܥܰܒܕܽܘܗ̱ܝ
1,Nisibis,15,8,Nisibis 15:8,ܢܰܨܺܝܚ ܗ̱ܘܳܐ ܒܶܝܬ ܟܳܪ̈ܽܘܙܶܐ   ܘܰܣܦܺܝܪ ܗ̱ܘܳܐ ܒܶܝܬ ܩܳܪ̈ܽܘܝܶܐ ܘܰܡܠܺܝܠ ܗ̱ܘܳܐ ܒܶܝܬ ܚܰܟܺܝ̈ܡܶܐ   ܢܰܟܦܳܐ ܗ̱ܘܳܐ ܒܰܝܢܳܬ ܐܰܚ̈ܰܘܗ̱ܝ ܘܝܰܩܺܝܪܳܐ ܒܶܝܬ ܚܰܒܺܝ̈ܒܰܘܗ̱ܝ
1,Nisibis,15,9,Nisibis 15:9,ܒܰܬܪ̈ܶܝܢ ܥܽܘܡܪ̈ܺܝܢ ܐܺܝܬܰܘܗ̱ܝ ܗ̱ܘܳܐ   ܝܺܚܺܝܕܳܝܳܐ ܡܶܢ ܝܰܘܡܰܘ̈ܗ̱ܝ ܕܩܰܕܺܝܫܳܐ ܗ̱ܘܳܐ ܒܓܰܘ ܦܰܓܪܶܗ   ܘܝܺܚܺܝܕܳܝܳܐ ܒܓܰܘ ܒܰܝܬܶܗ ܒܟܰܣܝܳܐ ܘܓܰܠܝܳܐ ܢܰܟܦܳܐ ܗ̱ܘܳܐ
1,Nisibis,15,10,Nisibis 15:10,ܐܳܦܶܢ ܕܶܝܢ ܚܢܰܢ ܐܰܚ̈ܰܝܢ   ܕܰܘܶܕܢ ܐܶܢܶܝܢ ܡܽܘܫ̈ܚܳܬܳܐ ܘܰܐܘܒܶܕܢܳܗ̇ ܠܛܰܥܡܳܢܽܘܬܳܐ   ܘܰܗܘܰܝܢ ܚܢܰܢ ܠܰܢ ܝܳܠܽܘ̈ܦܶܐ ܠܰܓܡܺܝܪܽܘܬܳܐ ܕܰܩܪܳܬܰܢ
1,Nisibis,15,11,Nisibis 15:11,ܐܶܠܳܐ ܗܺܝ ܡܽܘܫܚܰܬ ܩܽܘܫܬܳܐ   ܢܳܛܪܳܐ ܢܰܦܫܳܗ̇ ܒܡܺܐܢܶܗ ܓܒܳܬܶܗ ܥܰܠ ܕܰܚܙܳܬ ܕܰܓܒܳܗ̇   ܢܶܛܪܰܬ ܒܶܗ ܪܺܝܚܶܗ ܘܛܰܥܡܳܗ̇ ܡܶܢ ܫܽܘܪܳܝܳܐ ܠܫܽܘܠܳܡܳܐ
1,Nisibis,15,12,Nisibis 15:12,ܪܺܝܫܳܐ ܘܢܰܟܦܳܐ ܘܝܰܩܺܝܪܳܐ   ܕܠܳܐ ܐܶܬܚܰܡܰܬ ܘܶܐܬܩܰܫܺܝ ܠܳܐ ܐܶܫܬܰܪܓܰܠ ܐܰܟܘܳܬܰܢ   ܣܰܝܶܟ ܘܢܰܛܰܪ ܡܽܘܫ̈ܚܳܬܶܗ ܘܰܐܪܡܺܝ ܦܓܽܘ̈ܕܶܐ ܒܪ̈ܶܥܝܳܢܰܘܗ̱ܝ
1,Nisibis,15,13,Nisibis 15:13,ܝܰܗ̱ܒ ܬܰܚܘܺܝܬܳܐ ܒܰܩܢܽܘܡܶܗ   ܕܰܐܝܟ ܕܢܶܛܰܪ ܡܽܘܫܚܰܬ ܙܰܒܢܶܗ ܘܳܠܶܐ ܗ̱ܘܳܐ ܕܢܶܕܰܥ ܙܰܒܢܰܢ   ܚܢܰܢ ܗ̱ܽܘ ܠܙܰܒܢܰܢ ܐܶܬܢܰܟܪܶܝܢܰܢ ܕܰܦܟܶܗܢܰܢ ܒܰܙܒܰܢ ܛܰܥܡܳܐ
1,Nisibis,15,14,Nisibis 15:14,ܠܦܺܐܪܳܐ ܒܥܽܘܙܶܗ ܪܳܕܶܐ ܠܶܗ   ܒܫܽܘܪܳܝܳܐ ܢܶܫܒܳܐ ܕܪܽܘܚܳܐ ܘܒܰܡܨܰܥܬܳܐ ܥܽܘܙܳܐ ܕܫܶܡܫܳܐ   ܘܡܳܐ ܕܥܶܒܪܰܬ ܥܰܙܺܝܙܽܘܬܶܗ ܟܶܢܫܳܐ ܚܰܪܬܶܗ ܠܚܰܠܝܽܘܬܳܐ
1,Nisibis,15,15,Nisibis 15:15,ܚܢܰܢ ܕܶܝܢ ܪܕܰܐܽܘܢ ܩܰܕܡ̈ܳܝܶܐ   ܘܰܟܐܰܘ ܒܰܢ ܐܳܦ ܡܶܨ̈ܥܳܝܶܐ ܐܰܘܣܶܦܘ̱ ܚܰܠܝܽܘܢ ܐ̱ܚܪ̈ܳܝܶܐ   ܘܟܰܕ ܡܰܛܝܰܬ݀ ܛܰܥܡܳܢܽܘܬܰܢ ܣܶܓܝܰܬ݀ ܠܳܗ̇ ܦܰܟܺܝܗܽܘܬܰܢ
1,Nisibis,15,16,Nisibis 15:16,ܐܶܬܰܝܢ ܓܶܝܪ ܠܰܓܡܺܝܪܽܘܬܳܐ   ܕܢܶܚܣܽܘܠ ܫܰܒܪ̈ܶܐ ܡܶܢ ܫܶܥܝܳܐ ܕܢܰܝܬܶܐ ܐܶܢܽܘܢ ܠܝܰܩܺܝܪܽܘܬܳܐ   ܐܶܣܬܰܢܩܰܬ ܠܳܗ̇ ܣܰܝܒܽܘܬܰܢ ܕܰܢܟܰܐܽܘܢ ܒܰܢ ܐܰܝܟ ܒܰܛܠܳܝ̈ܶܐ
1,Nisibis,15,17,Nisibis 15:17,ܒܰܕܓܽܘܢ ܥܰܙܺܝ ܒܰܣܺܝܡܳܐ   ܘܠܳܐ ܐܶܬܚܰܫܰܚ ܒܰܩܛܺܝܪܳܐ ܕܢܶܣܓܶܐ ܢܝܰܩܰܪ ܣܰܝܒܽܘܬܰܢ   ܘܶܐܢ ܗܺܝ ܠܳܐ ܝܶܕܥܰܬ ܕܰܪܓܳܗ̇ ܢܺܐܪܰܒ ܗܽܘ ܕܝܳܕܥܳܐ ܙܰܒܢܳܗ̇
1,Nisibis,15,18,Nisibis 15:18,ܘܶܐܢ ܐ̱ܢܳܫ ܢܺܐܡܰܪ ܕܰܠܩܽܘܛܢܳܐ   ܩܛܺܝܪܳܐ ܘܫܰܒܛܳܐ ܡܕܰܒܰܪ ܠܶܗ ܘܰܠܓܰܢܳܒܳܐ ܕܽܘܚܠܳܐ   ܘܰܠܒܳܙܽܘܙܳܐ ܠܽܘܚܳܡܳܐ ܘܰܠܫ̈ܳܛܰܝܳܐ ܦܽܘܪܣܳܝܳܐ
1,Nisibis,15,19,Nisibis 15:19,ܐܶܠܽܘ ܥܰܡ ܪܺܝܫܳܐ ܩܰܕܡܳܐ   ܪܗܶܛܘ̱ ܗܰܕܳܡ̈ܶܐ ܬܶܢܝ̈ܳܢܶܐ ܢܳܓܕܺܝܢ ܗ̱ܘܰܘ ܠܰܬܠܺܝܬܳܝܳܐ   ܘܟܽܠܶܗ ܓܽܘܫܡܳܐ ܡܶܢ ܣܳܟܶܗ ܒܳܬܪܗܽܘܢ ܗܽܘ ܐܳܙܶܠ ܗ̱ܘܳܐ
1,Nisibis,15,20,Nisibis 15:20,ܒܣܰܘ ܬܶܢܝ̈ܳܢܶܐ ܒܩܰܕܡ̈ܳܝܶܐ   ܘܰܬܠܺܝ̈ܬܳܝܶܐ ܒܬܶܢܝ̈ܳܢܶܐ ܐܶܬܫܺܝܛܘ̱ ܕܰܪ̈ܓܶܐ ܚܰܕ ܡܶܢ ܚܰܕ   ܕܒܰܚ̈ܕܳܕܶܐ ܒܣܰܘܓܰܘ̈ܳܝܶܐ ܕܳܫܘ̱ ܐܶܢܽܘܢ ܐܳܦ ܒܰܪ̈ܳܝܶܐ
1,Nisibis,16,1,Nisibis 16:1,ܒܗܳܕܶܐ ܥܕܺܝܠܳܐ ܡܰܚܙܺܝܬܳܐ   ܐܶܢ ܥܰܡܽܘܛܳܐ ܫܰܦܝܽܘܬܳܗ̇ ܕܺܐܝܬ ܟܽܘܬܡ̈ܳܬܳܐ ܒܰܩܢܽܘܡܳܗ̇   ܕܗܳܘܝܳܐ ܠܳܗ̇ ܨܳܐܬܳܐ ܕܰܥܠܶܝܗ̇ ܬܰܚܦܺܝܬܳܐ ܩܕܳܡ ܚ̈ܰܙܳܝܶܐ
1,Nisibis,16,2,Nisibis 16:2,ܕܠܳܐ ܫܽܘܦܪܳܐ ܡܶܨܛܰܒܰܬ ܒܳܗ̇   ܘܠܳܐ ܡܽܘܡܳܐ ܡܶܬܟܰܐܰܪ ܒܳܗ̇ ܬܽܘܟܳܐ [ܗ̱ܝ ܟܽܠܳܗ̇ ܠܫܰܦܺܝܪ̈ܶܐ   ܕܠܳܐ ܡܶܬܬܰܓܪܺܝܢ ܫܽܘܦܪ̈ܰܝܗܽܘܢ ܬܰܨ̈ܒܝܳܬܳܐ ܐܰܝܟ ܝܽܘܬܪ̈ܳܢܶܐ
1,Nisibis,16,3,Nisibis 16:3,ܠܳܐ ܡܽܘܡ̈ܶܐ ܡܶܬܥܰܩܪܺܝܢ ܒܳܗ̇   ܐܳܦ ܠܳܐ ܨ̈ܶܒܬܶܐ ܣܳܓܺܝܢ ܒܳܗ̇ ܡܽܘܡܳܐ ܕܩܰܘܺܝ ܐܰܝܟ ܬܽܘܟܰܐ ܗ̱ܘ   ܕܠܳܐ ܗ̱ܘܳܐ ܨܶܒܬܳܐ ܚܽܘܣܪܳܢܰܐ ܗ̱ܘ ܦܓܰܥ ܠܶܗ ܬܽܘܟܳܐ ܒܚܽܘܣܪܳܢܳܐ
1,Nisibis,16,4,Nisibis 16:4,ܡܰܚܙܺܝܬܰܢ ܐܶܢ ܚܶܫܽܘܟܳܐ   ܚܰܕܽܘܬܳܐ ܗ̱ܝ ܟܽܠܳܗ̇ ܕܰܣܢ̈ܰܝܳܐ ܕܠܳܐ ܡܶܬܟܰܣܣܺܝܢ ܡܽܘܡܰܝ̈ܗܽܘܢ   ܐܶܢ ܕܶܝܢ ܡܪܺܝܩܳܐ ܘܢܰܗܺܝܪܳܐ ܕܚܺܐܪܽܘܬܰܢ ܗܳܝ ܕܬܶܨܰܛܒܰܬ݀
1,Nisibis,16,5,Nisibis 16:5,ܥܰܦ ܠܶܗ ܬܽܘܟܳܐ ܒܚܽܘܣܪܳܢܳܐ   ܠܰܣ̈ܢܰܝܳܐ ܘܰܠܫܰܦܺܝܪ̈ܶܐ ܕܠܳܐ ܫܰܦܺܝܪ̈ܶܐ ܐܶܬܟ̇ܰܠܠܰܘ   ܘܳܐܦ ܠܳܐ ܣ̈ܢܰܝܳܐ ܐܶܨܛܰܒܰܬܘ̱ ܬܽܘܟܳܐ ܦܶܠܓܰܬ ܡܰܚܙܺܝܬܳܐ
1,Nisibis,16,6,Nisibis 16:6,ܠܳܐ ܡܬܽܘܡ ܕܰܒܪ̱ܰܬ ܡܰܚܙܺܝܬܳܐ   ܒܰܩܛܺܝܪܳܐ ܠܰܕܚܳܐܰܪ ܒܳܗ̇ ܐܳܦ ܠܳܐ ܛܰܝܒܽܘܬܳܐ ܕܶܐܬܳܬ݀   ܥܰܠ ܟܺܐܢܽܘܬܶܗ ܕܢܳܡܽܘܣܳܐ ܩܳܢܼܝܳܐ ܩܛܺܝܪܶܗ ܕܢܳܡܽܘܣܳܐ
1,Nisibis,16,7,Nisibis 16:7,ܗܼܘܳܬ ܟܺܐܢܽܘܬܳܐ ܠܛܰܠܝܽܘܬܳܐ   ܡܨܰܒܬܳܢܺܝܬܳܐ ܕܰܩܛܺܝܪܳܐ ܕܛܰܠܝܳܐ ܗܘܳܬ ܓܶܝܪ ܐ̱ܢܳܫܽܘܬܳܐ   ܨܰܒܶܬܬܳܗ̇ ܗܘܳܬ ܒܰܩܛܺܝܪܳܐ ܟܰܕ ܠܳܐ ܓܶܠܙܰܬ ܚܺܐܪܽܘܬܳܗ̇
1,Nisibis,16,8,Nisibis 16:8,ܫܕܳܠܳܐ ܘܫܰܒܛܳܐ ܐܶܚܕܰܬ ܗܘܳܬ   ܟܺܐܢܽܘܬܳܐ ܨܶܝܕ ܛܰܠܝܽܘܬܳܐ ܡܳܐ ܕܰܡܚܳܬܳܗ̇ ܫܰܓܶܫܬܳܗ̇   ܫܰܒܛܳܗ̇ ܚܽܘܨܦܳܐ ܙܰܓܰܪ ܗ̱ܘܳܐ ܫܕܳܠܳܗ̇ ܪܰܓܺܝ ܪ̈ܶܥܝܳܢܶܐ]
1,Nisibis,16,9,Nisibis 16:9,------   ܕܢܶܨܛܰܒܰܬ ܝܰܘܡܳܢ ܐܰܚ̈ܰܝ ܠܣܰܒܪܽܘܬܳܐ ܐ̱ܚܰܪܬܳܐ ܫܰܒܪܰܐ ܗ̱ܘ   ܒܙܰܒܢܳܐ ܕܪܰܒܽܘܬ ܪܶܥܝܳܢܳܐ ܗܳܘܶܐ ܠܶܗ ܗܽܘ ܕܠܳܐ ܪܶܥܝܳܢܳܐ
1,Nisibis,16,10,Nisibis 16:10,ܒܕܰܪܓܳܐ ܓܶܝܪ ܕܰܓܡܺܝܪܽܘܬܳܐ   ܢܚܼܶܬ ܠܶܗ ܗ̱ܽܘ ܠܺܝܠܽܘܕܽܘܬܳܐ ܠܗܰܘ ܢܳܡܽܘܣ ܥܰܒ̈ܕܶܐ ܪܳܚܶܡ   ܕܰܐܝܟܳܐ ܕܡܰܡܪܰܚ ܡܳܚܶܐ ܠܶܗ ܘܰܐܝܟܳܐ ܕܡܰܦܨ̇ܰܚ ܩܳܦܰܚ ܠܶܗ
1,Nisibis,16,11,Nisibis 16:11,ܟܽܠܶܗ ܨܶܒܬܶܗ ܕܰܩܛܺܝܪܳܐ   ܠܳܐ ܗ̱ܘܳܐ ܫܰܪܺܝܪܳܐ ܕܰܫܐܺܝܠܰܐ ܗ̱ܘ ܗܳܕܶܐ ܪܰܒܳܐ ܠܰܐܠܳܗܳܐ   ܕܡܶܢ ܢܰܦܫܶܗ ܐ̱ܢܳܫ ܢܶܨܛܰܒܰܬ݀ ܒܰܕܓܽܘܢ ܫܰܩܠܶܗ ܠܰܩܛܺܝܪܳܐ
1,Nisibis,16,12,Nisibis 16:12,ܕܰܐܝܟܰܢܳܐ ܕܦܳܪܽܘܫܳܐܺܝܬ   ܒܙܰܒܢܶܗ ܝܰܗܒܶܗ ܠܰܩܛܺܝܪܳܐ ܗܳܟܰܢܳܐ ܦܳܪܽܘܫܳܐܺܝܬ   ܫܰܩܠܶܗ ܒܙܰܒܢܳܐ ܕܰܚܠܳܦܰܘܗ̱ܝ ܡܰܟܺܝܟܽܘܬܳܐ ܡܶܬܒܰܥܝܳܐ
1,Nisibis,16,13,Nisibis 16:13,ܕܰܟܡܳܐ ܕܝܳܐܶܐ ܠܛܰܠܝܽܘܬܳܐ   ܕܰܗܘܳܬ ܪܶܗܛܳܐ ܬܚܶܝܬ ܫܰܒܛܳܐ ܣܢܳܐ ܣܰܓܺܝ ܕܰܬܚܶܝܬ ܫܰܒܛܳܐ   ܬܶܫܬܰܥܒܰܕ ܚܰܟܺܝܡܽܘܬܳܐ ܕܰܩܛܺܝܪܳܐ ܡܳܪܳܐ ܢܗܶܐ ܠܳܗ̇
1,Nisibis,16,14,Nisibis 16:14,ܚܽܘܪ ܗܳܟܺܝܠ ܐܰܝܟ ܛܰܟܶܣ   ܐܳܦ ܐܰܠܳܗܳܐ ܝܽܘܒ̈ܳܠܰܝ ܒܪ̈ܳܥܰܘܳܬܳܐ ܕܰܗܘܰܘ ܠܺܝ   ܘܰܒܡ̈ܰܠܦܳܢܶܐ ܕܝܰܗ̱ܒ ܠܺܝ ܘܒܰܐܒ̈ܳܗܶܐ ܕܡܰܢܺܝ ܠܺܝ
1,Nisibis,16,15,Nisibis 16:15,ܕܰܬܩܺܝܠܺܝܢ ܥܰܡ ܙܰܒ̈ܢܰܝܗܽܘܢ   ܥܽܘܕܪ̈ܳܢܶܐ ܕܶܐܣܟܺܡ̈ܰܝܗܽܘܢ ܕܒܰܐܝܢܳܐ ܕܙܳܕܶܩ ܕܽܘܚܳܠܳܐ   ܘܒܰܐܝܢܳܐ ܕܚܳܫܰܚ ܠܽܘܒܳܒܳܐ ܘܒܰܐܝܢܳܐ ܕܘܳܠܶܐ ܡܽܘܟܳܟܳܐ
1,Nisibis,16,16,Nisibis 16:16,ܒܡܰܬܩܳܠܳܐ ܗܰܠܶܟ ܡܽܘܫ̈ܚܳܬܝ̱   ܠܛܰܠܝܽܘܬܝ̱ ܐܰܣܪܰܚ ܣܽܘܪܳܕܳܐ ܐܳܦ ܠܰܥܠܰܝܡܽܘܬܝ̱ ܕܽܘܚܳܠܳܐ   ܠܚܰܟܺܝܡܽܘܬܝ̱ ܘܰܠܦܳܪܽܘܫܽܘܬܝ̱ ܐܰܣܪܰܚ ܝܰܗ̱ܒ ܠܳܗ̇ ܡܽܘܟܳܟܳܐ
1,Nisibis,16,17,Nisibis 16:17,ܒܚܽܘܨܦܳܐ ܘܕܰܪܓܳܐ ܕܛܰܠܝܽܘܬܳܐ   ܡܪܰܒܝܳܢܳܐ ܕܚܺܝܠܳܐ ܗ̱ܘܳܐ ܠܺܝ ܫܰܒܛܶܗ ܙܰܓܪܰܢܝ̱ ܡܶܢ ܫܶܒܝܳܐ   ܘܡܶܢ ܣܽܘܪܚܳܢܳܐ ܣܽܘܪܳܕܶܗ ܘܡܶܢ ܦܽܘܢܳܩܳܐ ܕܽܘܚܳܠܶܗ
1,Nisibis,16,18,Nisibis 16:18,ܐܰܒܳܐ ܐ̱ܚܪܺܢܳܐ ܝܰܗ̱ܒ ܠܰܥܠܰܝܡܽܘܬܝ̱   ܕܺܐܝܬ ܗ̱ܘܳܐ ܒܺܝ ܡܶܢ ܛܰܠܝܽܘܬܳܐ ܐܺܝܬ ܗ̱ܘܳܐ ܒܶܗ ܡܶܢ ܩܰܫܝܽܘܬܳܐ   ܕܺܐܝܬ ܗ̱ܘܳܐ ܒܺܝ ܡܶܢ ܣܰܝܒܽܘܬܳܐ ܐܺܝܬ ܗ̱ܘܳܐ ܒܶܗ ܡܰܟܺܝܟܽܘܬܳܐ
1,Nisibis,16,19,Nisibis 16:19,ܟܰܕ ܐܶܬܥܰܠܺܝܬ ܡܶܢ ܕܰܪ̈ܓܶܐ   ܕܛܰܠܝܽܘܬܳܐ ܘܰܥܠܺܝܡܽܘܬܳܐ ܥܒܼܰܪ ܣܽܘܪܳܕܳܐ ܩܰܕܡܳܝܳܐ   ܥܒܼܰܪ ܕܽܘܚܳܠܳܐ ܬܶܢܝܳܢܳܐ ܝܰܗ̱ܒ ܠܺܝ ܪܳܥܝܳܐ ܒܰܣܺܝܡܳܐ
1,Nisibis,16,20,Nisibis 16:20,ܗܳܐ ܠܰܓܡܺܝܪܽܘܬܝ̱ ܡܶܐܟܽܘܠܬܶܗ   ܘܰܠܚܰܟܺܝܡܽܘܬܝ̱ ܬܽܘܪ̈ܓܳܡܰܘܗ̱ܝ ܘܰܠܫܰܠܝܽܘܬܝ̱ ܡܰܟܺܝܟܽܘܬܶܗ   ܘܰܠܢܺܝܚܽܘܬܝ̱ ܒܰܣܺܝܡܽܘܬܶܗ ܘܰܠܢܰܟܦܽܘܬܝ̱ ܝܰܩܺܝܪܽܘܬܶܗ
1,Nisibis,16,21,Nisibis 16:21,ܒܪܺܝܟ ܗ̱ܽܘ ܕܰܐܝܟ ܕܒܰܡܣܰܐܬܳܐ   ܬܰܩܶܠ ܘܝܰܗ̱ܒ ܠܺܝ ܐܰܒ̈ܳܗܶܐ ܕܠܽܘܩܒܰܠ ܙܰܒ̈ܢܰܝ ܥܽܘܕܪ̈ܳܢܰܝ   ܘܠܽܘܩܒܰܠ ܟܺܐܒ̈ܰܝ ܣܰܡ̈ܳܡܢܰܝ [ܘܠܽܘܩܒܰܠ ܫܽܘܦܪ̈ܰܝ ܬܰܨ̈ܒܺܝܬܰܝ
1,Nisibis,16,22,Nisibis 16:22,ܚܢܰܢ ܗܽܘ ܗܳܟܺܝܠ ܕܰܘܶܕܢܳܝܗ̱ܝ   ܠܝܽܘܒܳܠܳܐ ܘܛܶܟܼܣܳܐ ܦܰܐܝܳܐ ܕܰܒܙܰܒܢܳܐ ܕܰܪܡܺܝܣܽܘܬܳܐ   ܗܳܐ ܒܳܥܶܝܢܰܢ ܩܰܫܝܽܘܬܳܐ ܕܬܶܟܼܐܶܐ ܒܰܢ ܐܰܝܟ ܒܰܛܠܳܝ̈ܶܐ]
1,Nisibis,17,1,Nisibis 17:1,ܐܰܦܶܣ ܡܳܪܝ̱ ܐܳܦ ܠܰܙܥܽܘܪܽܘܬܝ̱   ܕܬܶܪܡܶܐ ܒܓܰܙܳܟ ܫܳܡܽܘܢܳܗ̇ ܐܰܝܟ ܬܰܓܳܪܳܐ ܕܡܰܪܥܺܝܬܰܢ   ܕܪܰܒܺܝ ܟܰܟܰܪ ܝܽܘܠܦܳܢܳܟ ܘܰܦܼܪܰܫ ܘܰܢܦܼܰܩ ܠܰܠܡܺܐܢܳܟ   ܐܶܡܰܠܶܠ ܥܰܠ ܥܰܠܳܢܶܗ ܕܗܼܳܘܶܐ ܪܺܝܫܳܐ ܠܡܰܪܥܺܝܬܳܐ   ܬܰܠܡܺܝܕܳܐ ܗ̱ܘܳܐ ܕܰܬܠܳܬܳܐ ܗܘܳܐ ܠܶܗ ܪܰܒܳܐ ܪܒܺܝܥܳܝܳܐ   ܒܪܺܝܟ ܗ̱ܽܘ ܕܥܰܒܼܕܶܗ ܒܽܘܝܳܐܰܢ
1,Nisibis,17,2,Nisibis 17:2,ܒܚܰܕ ܚܽܘܒܳܐ ܐܰܦܬܽܘܟ ܐܶܢܽܘܢ   ܘܰܟܠܺܝܠܳܐ ܐܶܓܕܽܘܠ ܐܶܢܽܘܢ ܠܗ̈ܰܒܳܒܰܝܗܽܘܢ ܢܰܨ̈ܺܝܚܶܐ   ܘܠܰܦܩܳܚ̈ܰܝܗܽܘܢ ܒܰܣܺܝ̈ܡܶܐ ܕܗܰܘ ܪܰܒܳܐ ܘܕܰܬܠܡܺܝܕܶܗ   ܕܦܳܫ ܡܶܢܶܗ ܐܰܝܟ ܐܶܠܺܝܫܰܥ ܪܶܬܚܼܰܬ ܩܰܪܢܳܐ ܕܓܰܒܝܽܘܬܶܗ   ܘܶܐܫܬܰܡܠܺܝ ܘܰܗܘܳܐ ܪܺܝܫܳܐ ܘܶܐܬܥܰܠܺܝ ܘܰܗܼܘܳܐ ܪܰܒܳܐ   ܒܪܺܝܟ ܕܥܰܒܼܕܶܗ ܪܺܝܫܳܝܳܐ
1,Nisibis,17,3,Nisibis 17:3,ܘܚܼܰܕܺܝܘ ܫܡ̈ܰܝܳܢܶܐ ܕܥܳܢܳܐ   ܕܰܒܪܳܥܝܳܐ ܕܪܰܥܘ̱ ܪܳܥܶܝܢ ܚܶܕܝܰܬ ܕܰܝܪܳܐ ܕܥ̈ܶܠܳܢܶܐ   ܕܰܚܙܰܘ ܝܽܘܒܳܠ ܕܰܪ̈ܓܰܝܗܽܘܢ ܫܩܼܰܠ ܩܰܒܥܶܗ ܐܰܝܟ ܪܶܥܝܳܢܳܐ   ܒܓܰܘ ܓܽܘܫܡܳܐ ܪܰܒܳܐ ܕܰܥܕܳܐ ܘܰܟܪܺܝܟܺܝܢ ܠܶܗ ܗܰܕܳܡܰܘ̈ܗ̱ܝ   ܕܰܢܡܽܘܪܽܘܢ ܡܶܢܶܗ ܚ̈ܰܝܶܐ ܝܽܘܠܦܳܢܳܐ ܠܰܚܡܳܐ ܚܰܕܬܳܐ   ܒܪܺܝܟ ܗܽܘ ܕܥܰܒܕܶܗ ܐܰܘܨܰܪܗܽܘܢ
1,Nisibis,17,4,Nisibis 17:4,ܓܒܳܝܗ̱ܝ ܡܶܢ ܣܽܘܓܳܐܐ ܕܥ̈ܰܠܳܢܶܐ   ܕܝܰܗ̱ܒ ܢܶܣܝܳܢܳܐ ܕܰܫܪܳܪܶܗ ܒܰܚܪܶܗ ܙܰܒܢܳܐ ܒܓܰܘ ܥܳܢܳܐ   ܘܰܒܩܳܝܗ̱ܝ ܢܽܘܓܪܳܐ ܐܰܝܟ ܟܽܘܪܳܐ ܕܝܰܗ̱ܒ ܒܩܳܝܳܐ ܒܰܩܢܽܘܡܶܗ   ܥܰܒܕܶܗ ܫܽܘܪܳܐ ܠܣ̈ܰܓܺܝܐܶܐ ܢܗܶܐ ܨܰܘܡܳܟ ܙܰܝܢܳܐ ܠܰܐܬܪܰܢ   ܨܠܽܘܬܳܟ ܣܰܟܪܳܐ ܠܰܡܕܺܝܢ̱ܬܰܢ ܦܺܝܪܡܳܟ ܢܶܩ̇ܢܶܐ ܠܬܰܪܥܽܘܬܳܐ   ܒܪܺܝܟ ܗܽܘ ܕܩܰܕܶܫ ܕܶܒܚ̈ܳܬܳܟ
1,Nisibis,17,5,Nisibis 17:5,ܪܳܥܝܳܐ ܕܰܦܼܪܰܫ ܡܶܢ ܥܳܢܶܗ   ܪܥܳܗ̇ ܒܡܰܪ̈ܓܶܐ ܪ̈ܽܘܚܳܢܶܐ ܘܰܒܝܰܕ ܚܽܘܛܪܶܗ ܢܰܨܺܝܚܳܐ   ܡܶܢ ܕܺܐܒ̈ܶܐ ܟܣܰܝ̈ܳܐ ܢܰܛܪܳܗ̇ ܬܶܡܠܶܐ ܠܳܗ̇ ܕܽܘܟܰܬ ܪܰܒܳܟ   ܕܨܰܗܝܳܐ ܠܨܰܘܬܳܐ ܕܢܶܥܡ̈ܳܬܶܗ ܐܰܩܺܝܡܳܟ ܐܰܝܟ ܥܰܡܽܘܕܳܐ   ܒܟܰܪܟܳܐ ܕܥܰܡܳܐ ܪܥܺܝܠܳܐ ܒܰܨ̈ܠܰܘܳܬܳܟ ܢܶܣܬܰܡܰܟ   ܒܪܺܝܟ ܗܽܘ ܕܥܰܒܕܳܟ ܥܰܡܽܘܕܰܢ
1,Nisibis,17,6,Nisibis 17:6,ܐܰܫܠܼܶܡ ܐܺܝܕܶܗ ܠܬܰܠܡܺܝܕܶܗ   ܟܽܘܪܣܝܳܐ ܠܰܐܝܢܳܐ ܕܫܳܘܶܐ ܠܶܗ ܩܠܺܝܕܳܐ ܠܰܐܝܢܳܐ ܕܶܐܬܗܰܝܡܰܢ   ܓܙܳܪܳܐ ܠܰܐܝܢܳܐ ܕܶܐܬܢܰܨܰܚ ܝܳܐܶܐ ܠܺܐܝܕܳܟ ܪܽܘܚܳܦܳܐ   ܘܰܠܩܽܘܪܒܳܢܳܟ ܚܽܘܣܳܝܳܐ ܘܰܠܠܶܫܳܢܳܟ ܒܽܘܝܳܐܳܐ   ܢܨܰܒܶܬ ܫܰܝܢܳܐ ܫܽܘܠܛܳܢܳܟ ܠܓܰܘ ܥܺܝܪ̈ܶܐ ܘܰܠܒܰܪ ܟ̈ܶܢܫܶܐ   ܒܪܺܝܟ ܗܽܘ ܕܰܓܒܳܟ ܠܚ̈ܰܕܘܳܬܳܐ
1,Nisibis,17,7,Nisibis 17:7,ܡܰܠܦܳܢܽܘܬܳܟ ܬܶܬܝܰܬܰܪ   ܒܰܥܒܳܕܳܐ ܛܳܒ ܡܶܢ ܡ̈ܶܠܶܐ ܕܩܰܠܺܝܠ ܡ̈ܶܠܶܐ ܙܳܪܰܥ ܐܰܢ̱ܬ   ܦܳܠܽܘܚܶܝܗ̇ ܠܰܐܪܥܰܢ ܒܰܥܒܳܕ̈ܶܐ ܕܰܒܦܽܘܠܚܳܢܳܐ ܣܰܓܺܝܐܳܐ   ܢܶܥܬܰܪ ܙܰܪܥܳܐ ܙܰܠܺܝܠܳܐ ܟܬܰܗ ܕܙܰܪܥܳܐ ܥܰܬܺܝܩܳܐ   ܚܰܕ ܒܰܬܠܳܬܺܝܢ ܬܺܐܬܶܐ ܒܰܢ ܘܙܰܪܥܳܟ ܚܰܕܬܳܐ ܚܰܕ ܒܶܫܬܺܝܢ   ܒܪܺܝܟ ܗܽܘ ܕܡܰܣܓܶܐ ܚܰܕ ܒܰܡܳܐܐ
1,Nisibis,17,8,Nisibis 17:8,ܚܶܡܬܳܟ ܠܘܳܬܳܟ ܒܰܛܺܝܠܳܐ ܗ̱ܝ   ܕܫܰܝܢܳܐ ܪܳܣܶܡ ܥܰܠ ܟܽܠܳܟ ܛܰܢܳܢܳܐ ܠܘܳܬܳܟ ܕܰܥܺܝܟܰܐ ܗ̱ܘ   ܕܚܽܘܒܳܟ ܟܽܠܫܳܥ ܡܶܬܓܰܘܙܰܠ ܬܒܰܪܬܳܝܗ̱ܝ ܥܽܘܩܣܳܐ ܕܰܚܣܳܡܳܐ   ܕܐ̱ܢܳܫܳܐ ܒܣܼܶܬܳܪܳܐ ܠܳܐ ܢܶܡܚܶܐ ܡܶܐܟܰܠ ܩܰܪܨܳܐ ܕܰܡܕܰܘܶܕ     ܠܳܐ ܦܳܢܝܳܐ ܠܶܗ ܡܰܫܡܰܥܬܳܟ ܕܩܽܘܫܬܳܐ ܓܰܠܝܳܐ ܒܳܣܶܡ ܠܳܟ   ܒܪܺܝܟ ܗܽܘ ܕܨܰܒܶܬ ܗܰܕ̈ܳܡܰܝܟ
1,Nisibis,17,9,Nisibis 17:9,ܬܶܬܶܠ ܡܰܠܼܟܳܐ ܒܓܰܘ ܥܰܡܳܟ   ܐܺܝܬ ܝܳܬܪܽܘܢ ܒܶܝܬ ܥܶܒܪ̈ܳܝܶܐ ܬܺܐܙܰܠ ܟܽܠܳܟ ܥܰܡ ܐܰܝܢܳܐ   ܕܰܠܝܽܘܬܪܳܢܳܐ ܡܳܠܶܟ ܠܳܟ ܬܶܥܪܽܘܩ ܟܽܠܳܟ ܡܶܢ ܐܰܝܢܳܐ   ܕܰܐ̱ܚܪܳܢܝܳܐܺܝܬ ܡܳܠܶܟ ܠܳܟ ܪܰܚܒܥܳܡ ܢܺܝܫܳܐ ܢܶܗܘܶܐ ܠܳܟ   ܬܶܓܒܼܶܐ ܡܰܠܟ̈ܶܐ ܕܥܽܘܕܪܳܢܳܐ ܬܶܣܠܶܐ ܡܰܠܟ̈ܶܐ ܕܰܚܣܼܳܡܳܐ   ܒܪܺܝܟ ܗܽܘ ܕܰܡܠܰܟ ܒܽܘܝܳܢܳܐ
1,Nisibis,17,10,Nisibis 17:10,ܡܰܘܗܰܒܬܳܐ ܕܶܐܬܝܰܗܼܒܰܬ ܠܳܟ   ܡܶܢ ܪܰܘܡܳܐ ܦܶܪܚܰܬ݀ ܢܶܚܬܰܬ݀ ܠܳܐ ܬܶܩܪܶܝܗ̇ ܒܰܫܡܳܐ ܕܐ̱ܢܳܫܳܐ   ܠܳܐ ܬܶܬܠܶܝܗ̇ ܒܰܐ̱ܚܪܺܝܢ ܚܰܝܠܳܐ ܕܠܰܝܬ ܕܠܰܐܬܪܳܗ̇ ܡܳܛܶܐ ܗ̱ܘܳܐ   ܣܳܛܳܢܳܐ ܨܢܺܝܥܳܐ ܡܣܰܒܰܪ ܕܰܒ̈ܢܰܝ ܐ̱ܢܳܫܳܐ ܝܰܗܒܽܘܗ̇ ܠܳܟ   ܕܗܳܝ ܡܰܘܗܰܒܬܳܐ ܒܰܪ̱ܬ ܚܺܐܪ̈ܶܐ ܥܰܒܕܽܘܬܳܐ ܠܐ̱ܢܳܫܳܐ ܬܶܦܠܽܘܚ   ܒܪܺܝܟ ܗܽܘ ܕܰܐܪܟܶܢ ܡܰܘܗܰܒܬܶܗ
1,Nisibis,17,11,Nisibis 17:11,ܨܼܺܝܪ ܗ̱ܘܳܐ ܪܰܒܳܟ ܒܰܩܢܽܘܡܳܟ   ܗܳܐ ܕܶܡܘ̈ܳܬܶܗ ܥܰܠ ܟܽܠܳܟ ܦܼܪܰܫ ܡܶܢܰܢ ܚܰܕ ܥܰܡܰܢ ܗ̱ܽܘ   ܒܳܟ ܢܶܚܙܶܐ ܠܰܬܠܳܬܰܝܗܽܘܢ ܢܰܨ̈ܺܝܚܶܐ ܕܰܦܼܪܰܫܘ̱ ܡܶܢܰܢ   ܬܗܶܐ ܠܰܢ ܫܽܘܪܳܐ ܐܰܝܟ ܝܰܥܩܽܘܒ ܘܰܡܠܶܐ ܪ̈ܰܚܡܶܐ ܐܰܝܟ ܒܳܒܽܘ   ܘܓܰܙܳܐ ܕܡ̈ܶܠܶܐ ܐܰܝܟ ܘܰܠܓܶܫ ܒܪܺܝܟ ܗܽܘ ܕܰܒܚܰܕ ܨܳܪ ܐܶܢܽܘܢ
1,Nisibis,17,12,Nisibis 17:12,ܐܳܦ ܐܶܢܳܐ ܫܶܚܠܳܐ ܕܡܰܪܥܺܝܬܳܐ   ܠܳܐ ܟܳܡܶܬ ܥܰܠ ܘܳܠܺܝܬܳܐ ܨܳܪܶܬ ܨܰܠܡܳܐ ܠܰܬܪܰܝܗܽܘܢ   ܡܶܢ ܣܰܡ̈ܳܡܢܶܐ ܕܰܬܪܰܝܗܽܘܢ ܕܬܶܚܼܙܶܐ ܥܳܢܳܐ ܨ̈ܶܒܬܰܝܗܽܘܢ   ܐܳܦ ܡܰܪܥܺܝܬܳܐ ܫܽܘܦܪ̈ܰܝܗܽܘܢ ܘܕܰܗܘܺܝܬ ܐܶܡܪܳܐ ܡܰܠܠܳܐ   ܠܳܟ ܐܰܠܳܗܶܗ ܕܰܐܒܪܳܗܳܡ ܒܩܰܘܡܶܗ ܕܰܐܒܪܳܡ ܐܰܘܕܶܐ ܠܳܟ   ܒܪܺܝܟ ܗܽܘ ܕܰܥܒܰܕܢܝ̱ ܟܶܢܳܪܶܗ
1,Nisibis,18,1,Nisibis 18:1,ܐܳܘ ܕܟܰܗܶܢ ܒܳܬܰܪ ܪܰܒܶܗ   ܙܰܗܝܳܐ ܒܳܬܰܪ ܢܰܨܺܝܚܳܐ ܢܰܟܦܳܐ ܒܳܬܰܪ ܝܰܩܺܝܪܳܐ   ܫܰܗܪܳܐ ܒܳܬܰܪ ܨܰܝܳܡܳܐ ܪܰܒܳܟ ܡܶܢܳܟ ܠܳܐ ܫܰܢܺܝ   ܒܚܰܝܳܐ ܚܙܰܝܢܳܝܗ̱ܝ ܠܥܰܢܺܝܕܳܐ ܕܗܳܐ ܒܳܟ ܨܺܝܪ̈ܳܢ ܕܶܡܘ̈ܳܬܶܗ   ܘܰܪ̈ܫܺܝܡܳܢ ܒܳܟ ܥܳܩ̈ܒܳܬܶܗ ܘܰܨܡܰܚ ܟܽܠܶܗ ܡܶܢ ܟܽܠܳܟ   ܒܪܺܝܟ ܕܰܚܠܳܦܰܘܗ̱ܝ ܝܰܗܒܳܟ ܠܰܢ
1,Nisibis,18,2,Nisibis 18:2,ܦܺܐܪܳܐ ܕܨܺܝܪ ܒܶܗ ܐܺܝܠܳܢܶܗ   ܟܰܕ ܡܰܟܪܶܙ ܥܰܠ ܥܶܩܳܪܶܗ ܠܳܐ ܓܰܪܕܺܝ ܡܶܢܰܢ ܥܕܰܟܺܝܠ   ܛܰܥܡ̈ܳܬܳܐ ܕܒܰܣܺܝܡܽܘܬܶܗ ܡܶܠܰܘ̈ܗ̱ܝ ܚܰܘܺܝܬ ܓܽܘܫܳܡܳܐܺܝܬ   ܕܰܓܡܼܰܪܬ ܐܶܢܶܝ̈ܢ ܒܥܰܒܕܳܐ ܒܕܽܘܒܳܪܳܟ ܨܺܝܪ ܝܽܘܠܦܳܢܶܗ   ܘܰܒܣܽܘܥܪܳܢܳܟ ܦܽܘܫܳܩܶܗ ܘܒܰܓܡܽܝܪܽܘܬܳܟ ܬܽܘܪܓܳܡܶܗ   ܒܪܺܝܟ ܗܽܘ ܕܢܰܨܰܚ ܙܰܗܝܽܘܬܳܟ
1,Nisibis,18,3,Nisibis 18:3,ܥܶܠܳܢܳܐ ܐ̱ܚܪܳܝܳܐ ܕܺܝܪܶܒܼ   ܘܰܗܼܘܳܐ ܪܺܝܫܳܐ ܠܗܰܕ̈ܳܡܰܘܗ̱ܝ ܙܥܽܘܪܳܐ ܕܰܫܩܼܰܠ ܒܽܘܟܪܽܘܬܳܐ   ܠܳܐ ܒܰܕ̈ܡܰܝܳܐ ܐܰܝܟ ܝܰܥܩܽܘܒ ܘܠܳܐ ܒܰܛܢܳܢܳܐ ܐܰܝܟ ܐܰܗܪܽܘܢ   ܕܰܛܢܰܘ ܒܶܗ ܐܰܚܰܘ̈ܗ̱ܝ ܠܶܘܳܝ̈ܶܐ ܒܚܽܘܒܳܐ ܫܰܩܠܳܗ̇ ܐܰܝܟ ܡܽܘܫܶܐ   ܟܰܕ ܩܰܫܺܝܫ ܗ̱ܘܳܐ ܡܶܢ ܐܰܗܪܽܘܢ ܚܕܺܝܘ ܒܳܟ ܐܰܚܰܝ̈ܟ ܐܰܟܘܳܬܶܗ ܒܪܺܝܟ ܗܽܘ ܕܰܓܒܳܟ ܒܰܐܘܳܝܽܘܬܳܐ
1,Nisibis,18,4,Nisibis 18:4,ܠܰܝܬ ܚܣܼܳܡܳܐ ܘܰܛܢܳܢܼܳܐ   ܒܶܝܬ ܗܰܕܳܡ̈ܶܐ ܕܰܒܓܽܘܫܡܳܐ ܕܰܒܚܽܘܒܳܐ ܠܶܗ ܡܶܫܬܰܡܥܺܝܢ   ܒܪ̈ܰܚܡܶܐ ܡܶܢܶܗ ܡܶܣܬܰܥܪܺܝܢ ܕܰܘܩܰܐ ܗ̱ܘ ܪܺܝܫܳܐ ܠܗ̈ܰܕܳܡܶܐ   ܕܰܠܟܽܠ ܓܰܒ̈ܺܝܢ ܗܽܘ ܚܳܐܰܪ ܪܳܡ ܗܽܘ ܘܡܰܟܺܝܟ ܒܰܚܢܳܢܶܗ ܥܕܰܡܳܐ   ܠܥ̈ܶܩܒܶܐ ܡܶܬܬܰܚܬܶܐ ܕܢܶܣܰܒ ܡܶܢܗܶܝܢ ܢܶܟܝܳܢܳܐ   ܒܪܺܝܟ ܗܽܘ ܕܚܽܘܒܳܟ ܡܰܙܶܓ ܒܰܢ
1,Nisibis,18,5,Nisibis 18:5,ܒܨܺܝܪܳܐ ܗܘܳܬ ܗܳܕܶܐ ܟܶܐܼܡܰܬ   ܕܰܒܣܳܒܳܐ ܬܶܚܽܘܒ ܚܰܢܦܽܘܬܳܐ ܒܛܰܥܡܳܗ̇ ܫܶܟܒܼܰܬ ܣܰܝܒܽܘܬܳܐ   ܒܙܰܒܢܳܗ̇ ܢܰܨܚܼܰܬ ܛܰܠܝܽܘܬܳܐ ܕܰܐܬܠܺܝܛܳܐ ܥܠܰܝܡܳܐ ܛܰܥܢܶܗ   ܠܰܐܓܽܘܢܳܐ ܣܰܢܝܳܐ ܕܰܣܥܼܳܐ ܩܛܺܝܪܳܐ ܕܰܡܠܶܐ ܚܰܢܦܽܘܬܳܐ   ܕܰܐܝܟ ܬܶܢܳܢܳܐ ܥܰܙ ܘܰܥܒܼܰܪ ܥܰܡ ܫܽܘܪܶܝܗ ܫܽܘܠܳܡܶܗ   ܒܪܺܝܟ ܕܰܢܦܰܚܼ ܒܶܗ ܘܶܐܬܛܰܠܰܩ
1,Nisibis,18,6,Nisibis 18:6,ܩܳܠܳܐ ܕܩܰܪܢܳܐ ܡܶܢ ܫܼܶܠܝܳܐ   ܐܰܬܘܰܗ ܘܰܩܪܳܟ ܠܰܩܪܳܒܳܐ ܥܰܠܬ ܐܰܝܟ ܕܰܘܺܝܕ ܚܰܕܬܳܐܺܝܬ   ܚܳܒ ܡܶܢܳܟ ܓܽܘܠܝܰܕ ܕܰܬܪܶܝܢ ܠܳܐ ܗܶܕܝܽܘܛ ܗ̱ܘܳܐ ܬܰܟܬܽܘܫܳܟ   ܕܰܩܪܳܒܳܐ ܟܰܣܝܳܐ ܟܽܠ ܝܽܘܡ ܠܽܘܩܒܰܠ ܒܺܝܼܫܳܐ ܣܳܕܰܪ ܗܘܰܝܬ   ܡܥܳܕ ܗ̱ܽܘ ܕܽܘܪܳܫܳܐ ܟܰܣܝܳܐ ܕܰܟܠܺܝܠܳܐ ܓܰܠܝܳܐ ܢܰܝܬܶܐ   ܒܪܺܝܟ ܗ̱ܽܘ ܕܰܓܒܳܟ ܫܽܘܒܗܳܪܰܢ
1,Nisibis,18,7,Nisibis 18:7,ܡܶܢ ܩܕܳܡ ܢܶܣܝܽܘܢܳܐ ܕܰܪܺܝܫ   ܐܺܝܽܘܒ ܦܰܓܪܶܗ ܘܪܶܥܝܳܢܶܗ ܘܰܒܢܶܣܝܽܘܢܳܐ ܐܶܬܢܰܨܰܚ   ܘܝܰܘܣܶܦ ܙܟܼܳܐ ܒܩܰܝܛܽܘܢܳܐ ܕܒܶܝܬ ܚܰܢܰܢܝܳܐ ܒܰܐܬܽܘܢܳܐ   ܘܰܒܓܰܘ ܓܽܘܒܳܐ ܕܳܢܺܝܐܶܝܠ ܣܟܰܠ ܣܳܛܳܢܳܐ ܕܟܰܕ ܢܰܣܺܝ   ܚܺܝܠ ܙܳܟܽܘܬܗܽܘܢ ܟܰܣܝܳܐܺܝܬ ܐܰܘܣܶܦ ܕܢܶܚܽܘܼܒ ܓܰܠܝܳܐܺܝܬ   ܒܪܺܝܟ ܗ̱ܽܘ ܕܰܐܣܓܺܝ ܟܽܘܐܳܪܶܗ
1,Nisibis,18,8,Nisibis 18:8,ܘܰܐܟܳܪܳܐ ܕܰܐܚܢܶܦ ܘܰܐܩܶܦ   ܙܳܪܰܥ ܗ̱ܘܳܐ ܟܽܘܒ̈ܶܐ ܒܣܶܡܳܠܶܗ ܛܰܢ ܒܶܗ ܐܰܟܳܪܳܐ ܟܺܐܢܳܐ   ܘܰܓܕܰܡ ܦܰܣܩܳܗ̇ ܠܣܶܡܳܠܶܗ ܡܼܶܠܶܐ ܗ̱ܘܳܐ ܝܰܡܺܝܢܶܗ ܘܰܙܪܰܥ   ܒܠܶܒܳܐ ܡ̈ܶܠܶܐ ܚ̈ܰܝܳܬܳܐ ܘܗܳܐ ܡܶܬܦܰܠܚܳܐ ܬܰܪܥܺܝܬܰܢ   ܒܰܢܒܺܝ̈ܰܘܗ̱ܝ ܐܳܦ ܒܰܫܠܺܝܚ̈ܘܰܗ̱ܝ ܒܳܟ ܢܶܬܦܰܠܚ̈ܳܢ ܢܰܦܫ̈ܳܬܰܢ   ܒܪܺܝܟ ܗ̱ܽܘ ܕܰܓܒܳܟ ܐܰܟܳܪܰܢ
1,Nisibis,18,9,Nisibis 18:9,ܘܶܐܢ ܗܽܘ ܕܡ̈ܶܠܰܝܟ ܙܥܽܘܪܰܢ   ܦܠܽܘܚܶܝܗ̇ ܠܰܐܪܥܰܢ ܒܰܥܒܳܕܳܐ ܕܰܒܓܰܘ ܦܽܘܠܚܳܢܳܐ ܪܰܒܳܐ   ܢܶܥܫܰܢ ܩܰܢܝܳܐ ܘܥܶܩܳܪܳܐ ܛܳܒ ܗܽܘ ܥܰܒܕܳܐ ܫܰܦܺܝܪܳܐ   ܡܶܢ ܫܶܡܼܥܳܐ ܕܪܶܒܽܘ ܡܶܠܺܝ̈ܢ ܙܰܪܥܳܟ ܢܺܐܬܶܐ ܚܰܕ ܒܰܡܐܳܐ   ܘܰܠܩܺܝܫܳܝܳܐ ܚܰܕ ܒܶܐܫܬܶܝܢ ܐܳܦ ܟܳܬܳܐ ܚܰܕ ܒܰܬܠܳܬܺܝܢ   ܒܪܺܝܟ ܗ̱ܽܘ ܕܰܐܣܓܺܝ ܥ̈ܰܠܠܳܬܳܟ
1,Nisibis,18,10,Nisibis 18:10,ܢܽܘܗܪܳܐ ܕܢܶܥܡܼܰܛ ܠܳܐ ܘܳܠܶܐ   ܡܶܠܚܳܐ ܕܬܶܦܟܰܗ ܠܳܐ ܙܳܕܶܩ ܛܽܘܠܫܳܐ ܠܪܺܝܫܳܐ ܠܳܐ ܝܳܐܶܐ   ܐܳܦ ܠܳܐ ܨܳܐܬܳܐ ܠܡܰܚܙܺܝܬܳܐ ܕܶܐܢ ܣܰܡ̈ܡܳܢܶܐ ܦܰܟܺܝܗܺܝܢ   ܐܳܦܠܳܐ ܟ̈ܺܐܒܶܐ ܡܶܬܚܰܠܡܺܝܢ ܘܶܐܢ ܗܽܘ ܕܰܫܪܳܓܳܐ ܥܰܡܽܘܛ   ܐܳܦ ܬܽܘ̈ܩܠܳܬܳܐ ܣ̈ܰܓܺܝܐܳܢ ܢܽܘܗܪܳܟ ܢܶܪܕܽܘܦ ܚܶܫܽܘܟܰܢ   ܒܪܺܝܟ ܗ̱ܽܘ ܕܥܰܒܼܕܳܟ ܠܰܡܦܺܐܕܰܢ
1,Nisibis,18,11,Nisibis 18:11,ܥܒܶܕ ܠܳܟ ܣܳܦܪ̈ܶܐ ܘܕܰܝ̈ܳܢܶܐ   ܐܳܦ ܬܳܒܽܘ̈ܥܶܐ ܘܝܳܗܽܘ̈ܒܶܐ ܐܳܦ ܩܳܝ̈ܽܘܡܶܐ ܘܝܳܨܽܘ̈ܦܶܐ   ܠܚܰܕ ܚܰܕ ܐܰܫܠܶܡ ܣܽܘܥܪܳܢܶܗ ܕܰܠܡܳܐ ܒܦܶܬܳܐ ܢܶܫܚܶܬ ܠܶܗ   ܘܰܒܪܶܢܝܳܐ ܢܶܨܛܝܳܐ ܠܶܗ ܪܥܺܝܙܳܐ ܥܰܡ ܠܶܫܳܢܳܐ   ܕܒܶܗ ܡܩܰܪܶܒ ܐܰܢ̱ܬ ܒܳܥܽܘܬܳܐ ܠܚܽܘܣܳܝܳܐ ܕܟܽܠܶܗ ܥܰܡܳܐ   ܒܪܺܝܟ ܕܰܡܙܰܗܶܐ ܬܶܫܡܶܫܬܳܟ
1,Nisibis,18,12,Nisibis 18:12,ܟܡܳܐ ܕܢܶܫܬܰܦܶܐ ܪܶܥܝܳܢܳܐ   ܘܢܶܨܛܰܠܰܠ ܐܳܦ ܠܶܫܳܢܳܐ ܟܡܳܐ ܕܢܶܬܡܰܪ̈ܩܳܢ ܐܺܝ̈ܕܰܝܳܐ   ܘܢܶܙܕܰܗܶܐ ܟܽܠܶܗ ܓܽܘܫܡܳܐ ܙܥܽܘܪ ܗܽܘ ܠܟܳܗܢܳܐ ܘܟܽܘܢܳܝܶܗ   ܕܰܡܩܰܪܶܒ ܦܰܓܪܳܐ ܚܰܝܳܐ ܢܶܨܛܰܠܰܠ ܟܽܠܶܗ ܟܽܠܫܳܥ   ܕܗܽܘ ܩܳܐܶܡ ܐܰܝܟ ܡܶܨܥܳܝܳܐ ܒܶܝܬ ܐܰܠܳܗܳܐ ܠܐ̱ܢܳܫܽܘܬܳܐ   ܒܪܺܝܟ ܗܽܘ ܕܨܰܠܶܠ ܫܰܡܳܫܰܘ̈ܗ̱ܝ
1,Nisibis,19,1,Nisibis 19:1,ܫܠܶܡ ܠܰܫܡܶܗ ܐܰܒܪܳܗܳܡ   ܕܰܗܘܰܝܬ ܐܰܒܳܐ ܠܣ̈ܰܓܺܝܐܶܐ ܕܠܳܐ ܕܶܝܢ ܐܺܝܬ ܠܳܟ ܒܰܪ̱ܬ ܙܰܘܓܳܐ   ܒܰܕܡܽܘܬ ܣܰܪܳܐ ܠܰܐܒܪܳܗܳܡ ܗܳܐ ܡܰܪܥܺܝܬܳܟ ܒܰܪ̱ܬ ܙܰܘܓܳܟ   ܪܰܒܳܐ ܠܰܒܢܶܝ̈ܗ̇ ܒܰܫܪܳܪܳܟ ܝܰܠܕ̈ܶܐ ܕܪܽܘܚܳܐ ܢܶܗܘܽܘܢ ܠܳܟ   ܘܰܒܢܰܝ̈ܳܐ ܒܢܰܝ̈ ܡܽܘܠܟܳܢܳܐ ܕܢܶܗܘܽܘܢ ܒܥܶܕܳܢ ܝܳܪ̈ܽܘܬܶܐ   ܒܪܺܝܟ ܗ̱ܽܘ ܕܨܳܪܳܟ ܒܰܐܒܪܳܗܳܡ
1,Nisibis,19,2,Nisibis 19:2,ܦܺܐܪܳܐ ܦܰܐܝܳܐ ܕܢܰܟܦܽܘܬܳܐ   ܕܟܳܗܢܽܘܬܳܐ ܒܳܟ ܐܶܨܼܛܰܒܝܰܬ݀ ܙܥܽܘܪ ܐܰܚ̈ܰܘܗ̱ܝ ܐܰܝܟ ܒܰܪ ܐܺܝܫܰܝ   ܩܰܪܢܳܐ ܪܶܬܚܼܰܬ ܘܰܡܫܰܚܬܳܟ ܐܺܝܕܳܐ ܪܰܚܦܰܬ ܘܰܓܒܳܬܳܟ   ܥܺܕ̱ܬܳܐ ܣܶܘܚܼܰܬ ܘܰܪܚܼܶܡܬܳܟ ܡܰܕܒܚܳܐ ܕܰܟܝܳܐ ܠܬܶܫܡܶܫܬܳܟ   ܟܽܘܪܣܝܳܐ ܪܰܒܳܐ ܠܺܐܝܩܳܪܳܟ ܘܟܽܠܗܶܝܢ ܐܰܟܚܰܕ ܠܰܟܠܺܝܠܳܟ   ܒܪܺܝܟ ܗ̱ܽܘ ܕܰܐܣܓܺܝ ܟܽܘܠܳܠܳܟ
1,Nisibis,19,3,Nisibis 19:3,ܗܳܐ ܡܰܪܥܺܝܬܳܟ ܛܽܘܒܳܢܳܐ   ܩܽܘܡ ܘܰܣܥܽܘܪܶܝܗ̇ ܟܰܫܺܝܪܳܐ ܓܙܳܪ̈ܶܐ ܝܰܥܩܽܘܒ ܛܰܟܶܣ ܗ̱ܘܳܐ   ܛܰܟܶܣ ܥܶܪ̈ܒܶܐ ܡ̈ܰܠܳܠܶܐ ܘܙܰܗܳܐ ܒ̈ܬܽܘܠܶܐ ܕܰܟܝܳܐܺܝܬ   ܘܰܒܬܽܘ̈ܠܳܬܳܐ ܢܰܟܦܳܐܺܝܬ ܐܰܩܺܝܡ ܟܳܗ̈ܢܶܐ ܙܰܗܝܳܐܺܝܬ   ܠܪ̈ܺܝܫܳܢܶܐ ܡܰܟܺܝܟܳܐܺܝܬ ܘܰܠܩܽܘܛܢܳܐ ܙܰܕܺܝܩܳܐܺܝܬ   ܒܪܺܝܟ ܗ̱ܽܘ ܕܰܡܠܳܟ ܣܽܘܟܳܠܳܐ
1,Nisibis,19,4,Nisibis 19:4,ܢܶܩܝܳܐ ܕܰܚܠܺܝܡܳܐ ܢܰܛܰܪ   ܘܰܣܥܽܘܪ ܠܰܐܝܕܳܐ ܕܰܟܪܺܝܗܳܐ ܘܰܥܨܽܘܒ ܠܰܐܝܕܳܐ ܕܰܬܒܺܝܪܳܐ   ܘܰܦܩܽܘܕ ܠܰܐܝܕܳܐ ܕܰܐܒܺܝܕܳܐ ܪܥܺܝܳܗ̇ ܒܡܰܪ̈ܓܶܐ ܕܰܟܬܳܒ̈ܶܐ   ܘܰܐܫܩܳܗ̇ ܢܶܒܥܶܐ ܕܝܽܘܠܦܳܢܳܐ ܫܪܳܪܳܐ ܫܽܘܪܳܐ ܢܶܗܘܶܐ ܠܳܟ   ܨܠܺܝܒܳܐ ܚܽܘܛܪܳܐ ܢܶܗܘܶܐ ܠܳܟ ܘܩܽܘܫܬܳܐ ܫܠܳܡܳܐ ܢܶܗܘܶܐ ܠܳܟ   ܒܪܺܝܟ ܗ̱ܽܘ ܕܰܐܣܓܺܝ ܢܶܨ̈ܚܳܢܰܝܟ
1,Nisibis,19,5,Nisibis 19:5,ܢܶܗܘܶܐ ܥܰܡܳܟ ܒܰܓܙܳܪܳܟ   ܚܰܝܠܳܐ ܕܰܗܼܘܳܐ ܥܰܡ ܕܰܘܺܝܕ ܕܶܐܢ ܗܰܘ ܠܶܐܡܪܳܐ ܥܳܒܽܘܪܳܐ   ܡܶܢ ܦܽܘܡܳܐ ܕܰܐܪܝܳܐ ܚܰܛܦܶܗ ܟܡܳܐ ܘܳܠܶܐ ܠܳܟ ܢܰܨܺܝܚܳܐ   ܕܬܶܛܰܢ ܬܰܥܕܶܐ ܡܶܢ ܒܺܝܫܼܳܐ ܢܰܦܫܳܐ ܕܡܶܢ ܟܽܠ ܝܰܬܺܝܪܳܐ   ܕܰܒܡܶܕܶܡ ܠܳܐ ܡܶܙܕܰܒܢܳܐ ܐܶܠܳܐ ܒܰܕܡܶܗ ܕܰܡܫܺܝܚܳܐ   ܒܪܺܝܟ ܕܶܐܙܕܰܒܰܢ ܘܰܙܒܰܢ ܟܽܠ
1,Nisibis,19,6,Nisibis 19:6,ܠܡܽܘܫܶܐ ܝܶܫܽܘܥ ܫܰܡܶܫ ܗ̱ܘܳܐ   ܘܰܚܠܳܦ ܐܰܓܪܳܐ ܕܬܶܫܡܶܫܬܶܗ ܝܰܡܺܝܢܳܐ ܩܰܒܶܠ ܡܶܢܶܗ   ܕܰܠܣܳܒܳܐ ܗܕܺܝܪܳܐ ܫܰܡܼܫܰܬ ܝܰܡܺܝܢܳܐ ܝܰܗ̱ܒ ܠܳܟ ܐܳܦ ܗܽܘ   ܡܽܘܫܶܐ ܠܝܶܫܽܘܥ ܐܰܫܠܼܶܡ ܗ̱ܘܳܐ ܓܙܳܪܳܐ ܕܦܶܠܓܶܗ ܕܺܐܒ̈ܶܐ ܗ̱ܘܳܐ   ܘܠܳܟ ܐܶܬܓܰܥܠܼܰܬ ܡܰܪܥܺܝܬܳܐ ܕܪܽܘܒܥܳܗ̇ ܘܬܽܘܠܬܳܗ̇ ܩܰܕܺܝܫܳܐ ܗ̱ܝ   ܒܪܺܝܟ ܗ̱ܽܘ ܕܨܰܒܼܶܬ ܡܰܪܥܺܝܬܳܟ
1,Nisibis,19,7,Nisibis 19:7,ܚܽܘܒܶܗ ܕܡܽܘܫܶܐ ܢܰܫܼܪܶܐ ܒܳܟ   ܕܚܽܘܒܶܗ ܚܽܘܒܳܐ ܕܦܽܘܪܫܳܢܳܐ ܛܼܢܳܢܶܗ ܛܢܳܢܳܐ ܕܒܽܘܝܳܢܳܐ   ܩܽܘܪܰܚ ܘܕܳܬܰܢ ܕܰܣܕܰܩܘ̱ ܗ̱ܘܰܘ ܣܼܕܰܩ ܐܰܪܥܳܐ ܕܰܬܚܽܘܬܰܝܗܽܘܢ   ܒܣܼܶܕܩܳܐ ܣܶܕܩܳܐ ܒܰܛܶܠ ܗ̱ܘܳܐ ܒܶܐܠܕܳܕ ܘܡܺܝܕܳܕ ܐܰܘܕܰܥ ܗ̱ܘܳܐ   ܕܨܶܒܝܳܢܶܗ ܟܽܠܶܗ ܗܳܢܰܘ ܕܟܽܠܶܗ ܥܰܡܳܐ ܢܶܬܢܰܒܶܐ   ܒܪܺܝܟ ܕܶܐܬܪܰܥܺܝ ܒܨܶܒܝܳܢܶܗ
1,Nisibis,19,8,Nisibis 19:8,ܠܡܶܣܟܺܢܽܘܬܶܗ ܕܶܐܠܺܝܳܐ   ܪܚܶܡ ܐܶܠܺܝܫܳܥ ܡܶܢ ܥܽܘܬܪܳܐ ܝܰܗ̱ܒ ܡܶܣܟܺܢܳܐ ܠܡܶܣܟܺܢܳܐ   ܡܰܘܗܒܰܬܳܐ ܕܡܶܢ ܟܽܠ ܪܰܒܳܐ ܕܰܪܚܶܡܬܳܗ̇ ܠܰܨܪܺܝܟܽܘܬܶܗ   ܕܪܰܒܳܟ ܥܰܬܺܝܪܳܐ ܟܰܣܝܳܐ ܡܥܺܝܢ ܡܶܠܰܘ̈ܗ̱ܝ ܬܶܓܣܶܐ ܡܶܢܳܟ   ܠܪܽܘܚܳܐ ܕܬܶܗܘܶܐ ܟܶܢܳܪܳܐ ܘܬܶܙܡܼܰܪ ܠܳܟ ܒܳܟ ܨܶܒܝܳܢܶܝ̈ܗ̇   ܒܪܺܝܟ ܗ̱ܽܘ ܕܥܰܒܼܕܳܟ ܓܺܝܙܰܒܪܶܗ
1,Nisibis,19,9,Nisibis 19:9,ܠܰܝܬ ܕܚܰܣܳܡ ܒܰܓܒܺܝܬܳܟ   ܕܡܰܟܺܝܟܳܐ ܗ̱ܝ ܪܺܝܫܳܢܽܘܬܳܟ ܠܰܝܬ ܕܰܪܓܶܙ ܒܰܟܐܳܬܳܟ   ܕܫܰܝܢܳܐ ܙܳܪܰܥ ܦܶܬܓܳܡܳܟ ܠܰܝܬ ܕܩܳܢܶܛ ܡܶܢ ܩܳܠܳܟ   ܕܒܰܣܺܝܡܳܐ ܗ̱ܝ ܦܳܩܽܘܕܽܘܬܳܟ ܠܰܝܬ ܕܡܶܬܪܰܥܰܡ ܥܰܠ ܢܺܝܪܳܟ   ܕܗܽܘܝܽܘ ܠܳܐܶܐ ܚܠܳܦ ܨܰܘܪܰܢ ܘܡܰܩܶܠ ܝܽܘܩܪܳܐ ܕܢܰܦܫ̈ܳܬܰܢ   ܒܪܺܝܟ ܗ̱ܽܘ ܕܰܓܒܳܟ ܠܰܢܝܳܚܰܢ
1,Nisibis,19,10,Nisibis 19:10,ܠܳܐ ܬܶܩܠܶܐ ܠܽܘܩܒܰܠ ܪܰܒܳܐ   ܠܳܐ ܬܰܘܚܶܠ ܥܰܠ ܚܰܠܳܫܳܐ ܪܰܓܳܐ ܘܰܐܠܶܦ ܥܰܬܺܝܪ̈ܶܐ   ܓܰܪܶܓ ܘܰܩܢܺܝ ܡ̈ܶܣܟܺܢܶܐ ܠܩܰܫܝܳܐ ܐܰܙܘܶܓ ܡܰܬܺܝܢܳܐ   ܘܢܰܓܺܝܪ ܪܽܘܚܳܐ ܠܚܶܡܬܳܢܳܐ ܠܒܺܝܼ̈ܫܶܐ ܒܛܳܒ̈ܶܐ ܨܽܘܕ ܐܶܢܽܘܢ   ܘܰܠܒܳܙܽܘ̈ܙܶܐ ܒܝ̈ܳܗܽܘܒܶܐ ܘܰܠܛܰܡ̈ܐܶܐ ܒܝܰܕ ܩܰܕܺܝ̈ܫܶܐ   ܒܪܺܝܟ ܗ̱ܽܘ ܕܰܓܒܳܟ ܨܰܝܳܕܰܢ
1,Nisibis,19,11,Nisibis 19:11,ܣܰܒ ܠܳܟ ܪ̈ܶܒܽܘ ܣܰܡ̈ܡܳܢܺܝܢ   ܘܩܽܘܡ ܗܰܠܶܟ ܒܰܝܢܳܬ ܡܰܪ̈ܥܶܐ ܠܕܰܟܪܺܝܗ ܣܰܡܳܐ ܐܰܣܼܪܰܚ ܠܶܗ   ܘܠܰܐܝܢܳܐ ܕܰܚܠܺܝܡ ܢܽܘܛܳܪܳܐ ܠܰܘ ܚܰܕ ܣܰܡܳܐ ܬܰܣܼܪܰܚ ܠܶܗ   ܠܟܺܐܒܳܐ ܕܰܠܡܳܐ ܠܳܐ ܥܳܗܶܢ ܐܰܣܓܼܳܐ ܩܰܪܶܒ ܥܽܘܕܪ̈ܳܢܶܐ   ܕܟܺܐܒܳܐ ܢܶܩܢܼܶܐ ܚܽܘܠܡܳܢܳܐ ܐܳܦ ܐܰܢ̱ܬ ܬܺܐܠܰܦ ܢܶܣܝܳܢܳܐ   ܒܪܺܝܟ ܗ̱ܽܘ ܕܰܠܐܺܝ ܒܡܰܚ̈ܘܳܬܰܢ
1,Nisibis,19,12,Nisibis 19:12,ܢܶܗܘܶܐ ܐܰܪܥܳܐ ܕܨܶܒܝܳܢܳܟ   ܢܶܗܘܶܐ ܟܰܪܡܳܐ ܕܦܽܘܠܚܳܢܳܟ ܢܶܗܘܶܐ ܓܙܳܪܳܐ ܒܓܰܘ ܕܰܝܪܳܟ   ܘܥܼܶܪ̈ܒܶܐ ܚ̈ܠܺܝܡܶܐ ܬܚܶܝܬ ܚܽܘܛܪܳܟ ܬܶܗܘܶܐ ܐܰܢ̱ܬ ܪܺܝܫܳܐ ܪܰܒܳܐ   ܘܰܚܢܰܢ ܛܰܒ̈ܥܶܐ ܕܰܟܠܺܝܠܳܟ ܢܶܫܼܦܰܪ ܒܳܟ ܐܳܦ ܬܶܫܼܦܰܪ ܒܰܢ   ܕܰܦܐܶܝܢ ܐܶܢܽܘܢ ܠܰܚܕ̈ܳܕܶܐ ܥܰܡܳܐ ܘܟܳܗܢܳܐ ܡܳܐ ܕܐܳܘܶܝܢ   ܒܪܺܝܟ ܕܰܙܪܰܥܼ ܒܰܢ ܐܰܘܝܽܘܬܳܐ
1,Nisibis,19,13,Nisibis 19:13,ܫܡܼܰܥ ܠܰܫܠܺܝܚܳܐ ܟܰܕ ܐܳܡܰܪ   ܠܗܳܕܶܐ ܒܬܽܘܠܬܳܐ ܕܰܡܟܼܰܪ ܗ̱ܘܳܐ ܛܳܐܶ̇ܢ ܐ̱ܢܳܐ ܒܟܽܘܢ ܒܰܛܢܳܢܼܳܐ   ܒܰܛܢܳܢܳܐ ܠܰܡ ܕܰܐܠܳܗܳܐ ܠܳܐ ܕܒܶܣܪܳܐ ܐܶܠܳܐ ܕܪܽܘܚܳܐ   ܛܰܢ ܒܳܗ̇ ܐܳܦ ܐܰܢ̱ܬ ܕܰܟܝܳܐܺܝܬ ܕܬܶܕܰܥ ܕܡܶܢܝ̱ ܗ̱ܺܝ ܘܰܕܡܰܢ ܗ̱ܺܝ   ܒܳܟ ܬܼܶܪܚܰܡ ܐܳܦ ܒܳܟ ܬܰܚܶܒ ܠܝܶܫܽܘܥ ܚܰܬܢܳܗ̇ ܕܰܫܪܳܪܳܐ   ܒܪܺܝܟ ܕܰܛܢܳܢܶܗ ܩܰܕܺܝܫܰܐ ܗ̱ܘ
1,Nisibis,19,14,Nisibis 19:14,ܐܰܝܟ ܪ̈ܰܒܳܢܶܝܗ̇ ܕܽܘܒܳܪ̈ܶܝܗ̇   ܕܥܰܡ ܪܰܒܳܐ ܕܰܪܦܶܐ ܪܰܦܝܳܐ ܗ̱ܝ ܘܥܰܡ ܗܰܘ ܕܰܙܗܶܐ ܢܰܨܺܝܚܳܐ ܗ̱ܝ   ܥܺܕ̱ܬܳܐ ܕܳܡܝܳܐ ܠܡܰܚܙܺܝܬܳܐ ܕܰܐܝܟ ܦܰܪܨܽܘܦܳܐ ܕܚܳܐܰܪ ܒܳܗ̇   ܗܳܟܰܢ ܠܒܺܝܫܳܐ ܕܶܡܘ̈ܳܬܶܗ ܕܰܐܝܟ ܡܰܠܟܳܐ ܐܳܦ ܡܰܫܪܺܝܬܶܗ   ܘܰܐܝܟ ܟܳܗܢܳܐ ܐܳܦ ܡܰܪܥܺܝܬܶܗ ܐܰܟܘܳܬܗܽܘܢ ܒܗܽܘܢ ܡܶܬܼܛܰܒܥܳܐ   ܒܪܺܝܟ ܗ̱ܽܘ ܕܛܰܒܥܳܗ̇ ܒܰܕܡܽܘܬܶܗ
1,Nisibis,19,15,Nisibis 19:15,ܕܠܳܐ ܕܺܝܰܬܺܩܺܐ ܥܢܼܰܕܘ̱ ܗܶܢܽܘܢ   ܬܠܳܬܳܐ ܟܳܗ̈ܢܶܐ ܢܰܨ̈ܺܝܚܶܐ ܕܰܒܕܺܝܰܬܺܩܺܐ ܗܳܓܶܝܢ ܗ̱ܘܰܘ   ܗܳܠܶܝܢ ܬܰܪܬܶܝܢ ܕܰܐܠܳܗܳܐ ܝܽܘܬܪܳܢܳܐ ܪܰܒܳܐ ܫܒܼܰܩܘ̱ ܠܰܢ   ܗܰܘ ܛܽܘܦܣܳܐ ܕܡܶܣܟܺܢܽܘܬܳܐ ܕܠܳܐ ܩܼܢܰܘ ܡܶܕܶܡ ܛܽܘܒ̈ܳܢܶܐ   ܥܰܒܕܽܘܢ ܠܰܢ ܩܶܢܝܳܢܰܝ̈ܗܽܘܢ ܗܼܘܳܬ ܥܺܕܰܬܗܽܘܢ ܣܺܝܡܰܬܗܽܘܢ   ܒܪܺܝܟ ܕܰܩܢܼܶܐ ܒܗܽܘܢ ܩܶܢܝܳܢܰܘ̈ܗ̱ܝ
1,Nisibis,19,16,Nisibis 19:16,ܟܳܗܢܳܐ ܝܰܥܩܽܘܒ ܢܰܨܺܝܚܳܐ   ܥܰܡܶܗ ܢܼܶܨܚܰܬ̇ ܐܰܟܘܳܬܶܗ ܕܫܰܘܬܶܦ ܚܽܘܒܶܗ ܠܰܛܢܼܳܢܶܗ   ܕܶܚܠܳܐ ܘܚܽܘܒܳܐ ܐܶܬܥܼܰܛܦܰܬ ܒܒܳܒܽܘ ܪܳܚܶܡ ܙܶܕܩ̈ܳܬܳܐ   ܒܟܶܣܦܳܐ ܦܳܪܩܰܬ ܠܰܫܒܰܝ̈ܳܐ ܒܽܘܠܓܰܫ ܣܦܰܪ ܢܳܡܽܘܣܳܐ   ܠܶܒܳܗ̇ ܦܶܬܚܼܰܬ ܠܰܟܬܳܒ̈ܶܐ ܒܳܟ ܕܶܝܢ ܢܶܣܓܽܘܢ ܥܽܘܕܪ̈ܳܢܶܝܗ̇   ܒܪܺܝܟ ܗ̱ܽܘ ܕܰܐܘܪܶܒ ܬܰܓܳܪ̈ܶܝܗ̇
1,Nisibis,20,1,Nisibis 20:1,ܐܳܘ ܒܬܽܘܠܳܐ ܕܰܗܼܘܳܐ ܚܰܬܢܳܐ   ܐܰܛܶܢ ܩܰܠܺܝܠ ܪܶܥܝܳܢܳܟ ܨܶܐܕܶܝܗ̇ ܕܰܐܢ̱ܬܰܬ ܛܰܠܝܽܘܬܳܟ   ܬܶܦܼܣܽܘܩ ܢܳܩ̈ܦܼܶܐ ܕܰܗܘܰܘ ܠܳܗ̇ ܒܫܰܒܪܽܘܬܳܗ̇ ܨܶܝܕ ܣ̈ܰܓܺܝܐܶܐ ܟܼܐܺܝ   ܒܳܗ̇ ܘܰܟܢܽܘܫ ܪܶܥܝܳܢܳܗ̇ ܕܬܶܕܰܥ ܕܡܰܢܝ ܘܰܕܡܰܢܝ   ܒܳܟ ܬܶܬܚܰܦܰܛ ܐܳܦ ܬܰܚܶܒ ܠܰܡܫܺܝܚܳܐ ܚܰܬܢܳܐ ܕܩܽܘܫܬܳܐ   ܒܪܺܝܟ ܗ̱ܽܘ ܕܡܰܟܪܳܗ̇ ܠܺܝܚܺܝܕܶܗ
1,Nisibis,20,2,Nisibis 20:2,ܛܰܢ ܐܰܟܳܪܳܐ ܒܙܺܝܙܳܢ̈ܶܐ   ܕܣܰܪܥܶܦܘ̱ ܘܰܣܒܼܰܟܘ̱ ܒܶܝܬ ܚ̈ܶܛܶܐ ܦܫܺܝܚ ܗ̱ܽܘ ܝܰܥܪܳܐ ܠܥܶܩܳܪܳܐ   ܕܡܶܢ ܒܰܣܝܳܢܳܐ ܗ̱ܝ ܡܽܘܥܝܳܬܶܗ ܩܰܠܺܝܠ ܐܳܐܰܪ ܐܶܢ ܫܳܩܶܠ   ܙܰܪܥܳܐ ܡܰܚܨܶܦ ܙܳܟܶܐ ܠܶܗ ܕܰܐܟܳܪ̈ܶܐ ܬܠܳܬܳܐ ܙܰܪܥܽܘܗ̱ܝ   ܒܰܬܠܳܬܳܐ ܐܰܥ̈ܦܺܝܢ ܢܺܐܬܶܐ ܒܰܬܠܳܬܺܝܢ ܘܰܫܬܺܝܢ ܘܰܡܳܐܐ   ܒܪܺܝܟ ܗ̱ܽܘ ܕܡܰܥܬܰܪ ܥ̈ܰܠܠܳܬܳܟ
1,Nisibis,20,3,Nisibis 20:3,ܪܳܥܝܳܐ ܚܰܕܬܳܐ ܙܳܕܶܩ ܠܶܗ   ܕܢܶܣܥܽܘܪ ܥܢܳܐ ܚܰܕܬܳܐܺܝܬ ܘܢܶܕܰܥ ܕܰܟܡܳܐ ܗܰܘ ܡܶܢܝܳܢܳܗ̇   ܘܢܶܚܙܶܐ ܕܰܐܝܢܰܘ ܣܽܘܢܳܩܢܳܗ̇ ܥܢܳܐ ܗܳܝ ܕܰܙܒܺܝܢܳܐ ܒܰܕܡܶܗ   ܕܗܰܘ ܪܰܒܳܐ ܕܪ̈ܳܥܰܘܳܬܳܐ ܩܪܺܝ ܘܰܐܥܒܰܪ ܥܶܪܒܳܐ ܒܰܫܡܶܗ   ܕܡܰܪܥܺܝܬܳܐ ܗܳܝ ܕܰܟܬܺܝܒ ܫܡܳܗ̇ ܘܚܽܘܫܒܳܢܳܗ̇ ܒܰܣܼܦܰܪ ܚ̈ܰܝܶܐ   ܒܪܺܝܟ ܗ̱ܽܘ ܕܬܳܒܰܥ ܡܶܢܝܳܢܳܗ̇
1,Nisibis,20,4,Nisibis 20:4,ܗܳܐ ܡܟܺܝܪܰܬ ܡܳܪܳܟ ܥܰܡܳܟ   ܢܰܛܰܪܶܝܗ̇ ܡܶܢ ܟܺܠ ܢܶܟܝܳܢ ܘܡܶܢ ܐ̱ܢܳܫܳܐ ܕܫܰܚܶܛܘ̱ ܘܰܩܪܰܘ   ܟܢ̈ܽܘܫܳܬܳܐ ܒܰܫܡܳܗܰܝ̈ܗܽܘܢ ܫܡܶܗ ܕܰܡܟܺܝܪܳܗ̇ ܣܺܝܡ ܥܠܶܝܗ̇   ܠܳܐ ܬܶܙܢܶܐ ܒܰܫܡܳܐ ܐ̱ܚܪܺܢܳܐ ܕܠܳܐ ܥܶܡܕܰܬ ܒܰܫܡܳܐ ܕܐ̱ܢܳܫ   ܒܰܫܡܳܗ̈ܶܐ ܕܥܶܡܕܰܬ ܬܰܘܕܶܐ ܕܰܐܒܳܐ ܘܰܒܪܳܐ ܘܪܽܘܚ ܩܽܘܕܫܳܐ   ܒܪܺܝܟ ܗ̱ܽܘ ܕܒܰܫܡܶܗ ܐܶܬܩܼܰܪܝܰܬ
1,Nisibis,20,5,Nisibis 20:5,ܫܠܺܝܚܳܐ ܡܳܟܽܘܪܳܗ̇ ܛܰܢ ܒܳܗ̇   ܕܠܳܐ ܬܶܫܬܰܚܰܛ ܒܰܫܡܳܗ̈ܶܐ ܠܰܘ ܒܰܫܡܳܗ̈ܶܐ ܙܺܐܦܳܢ̈ܶܐ   ܐܶܠܳܐ ܐܳܦܠܳܐ ܒܫܰܪ̈ܺܝܪܶܐ ܠܳܐ ܒܟܺܐܦܳܐ ܐܳܦܠܳܐ ܒܕܺܝܠܶܗ   ܕܡܰܟܪ̈ܶܐ ܗܘܰܘ ܫܰܪ̈ܺܝܪܶܐ ܫܡܶܗ ܕܰܡܟܺܝܪܳܗ̇ ܣܳܡܼܘ̱ ܥܠܶܝܗ̇   ܙܺܐܦܳܢ̈ܶܐ ܐܰܝܟ ܙܰܢܳܝ̈ܶܐ ܫܡ̈ܳܗܰܝܗܽܘܢ ܣܳܡܼܘ̱ ܥܰܠ ܥܳܢܳܐ   ܫܽܘܒܚܳܐ ܠܰܫܡܳܟ ܒܳܪܽܘܝܰܢ
1,Nisibis,20,6,Nisibis 20:6,ܪܽܘܫܡܳܐ ܕܚ̈ܰܝܘܳܬܳܐ ܐܰܚܰܝ̈   ܠܳܐ ܐ̱ܢܳܫ ܡܚܰܒܶܠ ܓܰܠܝܳܐܺܝܬ ܘܰܫܡܳܐ ܒܰܫܛܳܪܳܐ ܕܰܚܬܺܝܡ   ܠܳܐ ܐ̱ܢܳܫ ܐܰܘܣܶܦ ܐܰܘ ܚܰܠܶܦ ܕܰܣܪܰܚ ܪܽܘܫܡܳܐ ܓܰܢܳܒܰܐ ܗ̱ܘ   ܘܕܰܫܡܳܐ ܡܚܰܠܶܦ ܙܺܐܦܳܢܰܐ ܗ̱ܘ ܫܡܶܗ ܕܰܡܫܺܝܚܳܐ ܐܶܬܚܰܠܰܦ   ܫܡܳܗ̈ܶܐ ܕܙܺܐܦܳܐ ܗܳܐ ܣܺܝܡܺܝܢ ܠܰܟܢܽܘ̈ܫܳܬܳܐ ܕܶܐܫ̇ܬܰܚܰܛ   ܒܪܺܝܟ ܕܰܩܪܳܐ ܠܥܳܢܶܗ ܒܰܫܡܶܗ
1,Nisibis,20,7,Nisibis 20:7,ܚܽܘܪ ܒܰܢܒ̈ܺܝܶܐ ܘܒܰܫܠܺܝ̈ܚܶܐ   ܕܰܟܡܳܐ ܕܳܡ̈ܝܳܢ ܠܰܚ̈ܕܳܕܶܐ ܢܒ̈ܺܝܶܐ ܫܡܶܗ ܗܽܘ ܕܰܐܠܳܗܳܐ   ܣܳܡܘ̱ ܥܰܠ ܥܳܢܶܗ ܕܰܐܠܳܗܳܐ ܘܰܫܠܺܝ̈ܚܶܐ ܫܡܶܗ ܕܰܡܫܺܝܚܳܐ   ܣܳܡܘ̱ ܥܰܠ ܥܺܕ̱ܬܶܗ ܕܰܡܫܳܚܳܐ ܠܰܚ̈ܕܳܕܶܐ ܕܡܰܘ ܙܺܐܦܳܢ̈ܶܐ   ܕܒܰܫܡܳܗ̈ܰܝܗܽܘܢ ܡܶܬܩܪܶܝܢ ܟܢܽܘ̈ܫܳܬܳܐ ܕܰܒܗܽܘܢ ܙܰܢܺܝ   ܒܪܺܝܟ ܗ̱ܽܘ ܕܒܰܫܡܶܗ ܐܶܬܩܰܕܫܰܢ
1,Nisibis,21,1,Nisibis 21:1,ܝܽܘܚܰܢܳܢ ܕܰܫܪܳܓܳܐ ܗ̱ܘܳܐ   ܦܰܪܣܺܝ ܘܰܐܟܶܣ ܙ̈ܰܠܺܝܠܶܐ ܣܰܪܗܶܒܘ̱ ܕܰܥܟܽܘܗ̱ܝ ܠܰܫܪܳܓܳܐ   ܕܢܶܫܕܽܘܢ ܨܳܒܶܝܢ ܪܶܓܬܗܽܘܢ ܗܘܺܝ ܠܰܡܦܺܐܕܳܐ ܒܙܰܗܝܽܘܬܳܐ   ܘܫ̇ܰܠܳܐ ܥ̇ܰܒ̈ܕܰܝ ܚܶܫܽܘܟܳܐ ܕܰܟܡܳܐ ܕܰܢܗܰܪ ܝܽܘܠܦܳܢܳܟ   ܠܳܐ ܐ̱ܢܳܫ ܡܰܡܪܰܚ ܕܰܒܕܶܢܚܶܗ ܢܫܰܡܶܫ ܪܶܓܰܬ ܚܶܫܽܘܟܳܐ   ܒܪܺܝܟ ܗ̱ܽܘ ܕܥܰܒܼܕܳܟ ܠܰܡܦܺܐܕܰܢ
1,Nisibis,21,2,Nisibis 21:2,ܛܽܘܒܳܐ ܪܰܒܳܐ ܟܣܼܶܐ ܗ̱ܘܳܐ ܒܳܗ̇   ܒܡܰܟܣܳܢܽܘܬܶܗ ܕܶܐܠܺܝܳܐ ܫܰܡܫܶܗ ܐܶܠܺܝܫܰܥ ܘܰܬܒܼܰܥ   ܚܰܕ ܬܪܶܝܢ ܐܰܓܪܳܐ ܕܬܶܫܡܶܫܬܶܗ ܫܽܘܦܪܳܐ ܚܰܕ ܬܪܶܝܢ ܝܶܗܒܰܬ ܠܶܗ   ܕܒܰܐܥܦܳܐ ܠܳܒܶܫ ܢܶܨ̈ܚܳܢܶܝܗ̇ ܕܰܐܚܶܒܬܶܗ ܠܡܶܣܟܺܢܽܘܬܶܗ   ܕܽܘܠܓܰܫ ܪܰܒܳܟ ܥܰܬܺܝܪܳܐ ܬܺܐܪܰܬ ܓܰܙܳܐ ܕܚ̈ܶܟܡܳܬܶܗ   ܒܪܺܝܟ ܗ̱ܽܘ ܕܰܡܥܰܬܰܪ ܝܽܘܠܦܳܢܳܟ
1,Nisibis,21,3,Nisibis 21:3,ܬܶܚܽܘܒ ܝܰܥܢܽܘܬܳܐ ܡܶܢ ܨܰܘܡܳܟ   ܐܰܝܟ ܕܰܒܨܰܘܡܶܗ ܕܕܳܢܺܝܐܶܝܠ ܬܶܒܗܼܰܬ ܪܶܓܬܳܐ ܨܶܝܕ ܦܰܓܪܳܟ   ܐܰܝܟ ܡܳܐ ܕܰܒܶܗܬܰܬ ܨܶܝܕ ܝܰܘܣܶܦ ܬܶܚܽܘܒ ܡܶܢܳܟ ܪܶܓܰܬ ܟܶܣܦܳܐ   ܐܰܝܟ ܡܳܐ ܕܚܳܒܰܬ ܨܶܝܕ ܫܶܡܥܽܘܢ ܬܶܐܣܽܘܪ ܒܰܐܪܥܳܐ ܐܰܟܘܳܬܶܗ   ܘܬܶܫܼܪܶܐ ܒܪܰܘܡܳܐ ܒܰܕܡܼܽܘܬܶܗ ܕܗܰܝܡܳܢܽܘܬܳܟ ܐܰܝܟ ܕܺܝܠܶܗ   ܒܪܺܝܟ ܕܰܐܫܼܠܶܡ ܠܳܟ ܬܶܫܡܶܫܬܶܗ
1,Nisibis,21,4,Nisibis 21:4,ܢܰܟܦܽܘܬܳܟ ܐܰܝܟ ܕܶܐܠܺܝܫܰܥ   ܘܰܒܬܽܘܠܽܘܬܳܟ ܕܶܐܺܠܝܳܐ ܩܳܝܡܼܳܐ ܠܥܰܝ̈ܢܰܝܟ ܐܰܝܟ ܕܺܐܝܽܘܒ   ܡܪܰܚܡܳܢܽܘܬܳܟ ܐܰܝܟ ܕܰܘܺܝܕ ܘܰܕܠܳܐ ܚܣܰܡ ܐܰܝܟ ܢܰܘܢܳܬܰܢ   ܥܰܙܽܝܙܽܘܬܳܟ ܕܶܐܪܰܡܝܳܐ ܒܰܣܺܝܡܽܘܬܳܟ ܕܰܫܠܺܝ̈ܚܶܐ   ܠܳܟ ܥܰܬܺܝܩܳܐ ܕܰܢܒ̈ܺܝܶܐ ܠܳܟ ܚ̈ܰܕܬܳܬܳܐ ܕܰܫܠܺܝ̈ܚܶܐ   ܒܪܺܝܟ ܕܰܡܠܰܟ ܡܶܢ ܓܰܙܰܝ̈ܗܽܘܢ
1,Nisibis,21,5,Nisibis 21:5,ܬܶܗܘܶܐ ܟܠܺܝܠܳܐ ܠܟܽܘܡܪܽܘܬܳܐ   ܘܒܳܟ ܬܶܙܕܰܗܶܐ ܬܶܫܡܶܫܬܳܐ ܬܶܗܘܶܐ ܐܰܚܳܐ ܠܩܰܫ̈ܺܝܫܶܐ   ܐܳܦ ܦܳܩܽܘܕܳܐ ܠܫ̈ܰܡܳܫܶܐ ܬܶܗܘܶܐ ܪܰܒܳܐ ܠܫܰܒܪܽܘܬܳܐ   ܚܽܘܛܪܳܐ ܘܺܐܝܕܳܐ ܠܣܰܝܒܽܘܬܳܐ ܬܶܗܘܶܐ ܫܽܘܪܳܐ ܠܢ̈ܰܟܦܳܬܳܐ   ܩܳܝܡܼܳܐ ܒܩܰܘܡܳܟ ܢܶܬܢܰܨܰܚ ܘܥܺܕ̱ܬܳܐ ܒܫܽܘܦܪܳܟ ܬܶܨܛܰܒܰܬ   ܒܪܺܝܟ ܗ̱ܽܘ ܕܰܓܒܳܟ ܕܰܬܟܰܗܶܢ
1,Nisibis,21,6,Nisibis 21:6,ܒܡܶܣܟܺܢܽܘܬܳܟ ܢܶܬܒܰܛܰܠ   ܥܺܝܕܳܐ ܣܰܢܝܳܐ ܕܒܶܝܬ ܓܰܚܙܰܝ ܒܩܺܝܫܽܘܬܳܟ ܢܶܬܛܰܠܰܩ   ܥܺܝܕܳܐ ܛܰܡܐܳܐ ܕܒܶܝܬ ܥܰܠܺܝ ܒܰܐܘܝܽܘܬܳܟ ܬܽܘܒ ܢܶܬܦܰܟܰܗ   ܫܠܳܡܳܐ ܢܟܺܝܠܼܳܐ ܕܣ̈ܶܦܘܳܬܰܢ ܕܶܐܣܟܰܪܝܽܘܛܳܐ ܢܳܟܽܘܠܳܐ   ܣܰܘܟܶܝܗ̇ ܠܟܽܠܳܗ̇ ܡܰܚܫܰܒܬܰܢ ܘܨܽܘܪܶܝܗ̇ ܡܶܕܪܺܝܫ ܚܰܕܬܳܐܺܝܬ   ܒܪܺܝܟ ܕܰܒܟܽܘܪܳܟ ܨܳܪܶܦ ܠܰܢ
1,Nisibis,21,7,Nisibis 21:7,ܒܩܰܘܡܳܟ ܢܶܒܗܰܬ ܡܳܡܽܘܢܳܐ   ܕܰܗܘܳܐ ܡܳܪܳܐ ܠܚܺܐܪܽܘܬܰܢ ܢܶܬܒܰܛܰܠ ܡܶܢܰܢ ܟܺܐܒܳܐ   ܕܰܐܥܺܝܕ ܥܰܡܰܢ ܘܰܒܣܶܡ ܠܰܢ ܒܰܛܶܠ ܥ̈ܰܠܠܳܬܳܐ ܕܶܐܚܰܕ   ܥܝ̈ܳܕܶܐ ܕܰܡܠܼܶܝܢ ܚܽܘܣܪ̈ܳܢܶܐ ܩܶܢܬܰܢ ܒܺܝܫܼܬܳܐ ܒܰܥܝܳܕܳܐ   ܬܼܰܩܢܰܢ ܛܳܒܬܳܐ ܒܰܥܝܳܕܳܐ ܗܘܺܝ ܡܳܪܝ̱ ܥܠܼܰܬ ܥܽܘܕܪܳܢܰܢ   ܒܪܺܝܟ ܕܰܓܒܳܟ ܡܶܛܽܠ ܚܰܝܰܝܢ
1,Nisibis,21,8,Nisibis 21:8,ܥܝܳܕ̈ܶܐ ܒܺܝ̈ܫܶܐ ܢܶܬܦܰܣܩܽܘܢ   ܥܺܕ̱ܬܳܐ ܢܶܟܣ̈ܶܐ ܠܳܐ ܬܶܩܼܢܶܐ ܘܰܕܬܶܣܦܰܩ ܬܶܩܢܶܐ ܪ̈ܽܘܚܳܬܳܐ   ܘܶܐܢ ܗܽܘ ܕܬܶܣܼܦܰܩ ܕܽܘܡܳܪܰܐ ܗ̱ܘ ܘܥܰܙܺܝܕ̈ܶܐ ܠܳܐ ܢܶܬܩ̇ܰܒܪܽܘܢ   ܒܰܦܣܳܩ ܣܰܒܪܳܐ ܚܰܢܦܳܐܺܝܬ ܒܢܰܚ̈ܬܶܐ ܘܶܐܠܝܳܐ ܘܡܰܪܩܽܘܕܬܳܐ   ܕܚܰܝܳܐ ܠܳܒܶܫ ܟܽܘܬܺܝܢܳܐ ܘܥܰܢܺܝܕܳܐ ܟܽܠܶܗ ܥܰܝܒܳܐ    ܒܪܺܝܟ ܕܰܠܥܰܦܪܰܢ ܡܰܗܼܦܶܟ ܠܰܢ
1,Nisibis,21,9,Nisibis 21:9,ܪܶܓܬܳܐ ܥܼܶܠܰܬ ܒܺܝܼܫܬܳܐ   ܐܳܦ ܝܰܥܢܽܘܬܳܐ ܕܒܶܝܬ ܥܰܠܝ ܘܓܰܢܳܒܽܘܬܳܐ ܕܒܶܝܬ ܓܰܚܙܝ   ܡܨܰܥܪܳܢܽܘܬܳܐ ܕܒܶܝܬ ܢܳܒܳܠ ܡܥܺܝ̈ܢܶܐ ܣܰܢܝ̈ܳܬܳܐ ܛܰܡܶܡ   ܕܠܳܐ ܢܶܗܘܶܐ ܢܶܒܥܳܐ ܪܰܒܳܐ ܘܢܶܗܘܶܐ ܡܶܢܶܗ ܦܽܘܠܦܳܠܳܐ   ܕܳܐܦ ܠܳܟ ܢܶܡܼܛܶܐ ܡܶܢ ܪܶܙܦܶܗ ܡܳܪܰܢ ܢܶܣܟܽܘܪ ܢܶܒ̈ܥܰܝܗܶܝܢ   ܒܪܺܝܟ ܕܰܐܘܒܶܫ ܡܰܒܽܘ̈ܥܰܝܗܶܝܢ
1,Nisibis,21,10,Nisibis 21:10,ܠܣܳܒܳܐ ܡܶܠܬܳܐ ܐܰܓܥܶܠ ܠܶܗ   ܠܛܰܠܝܳܐ ܫܶܬܩܳܐ ܐܰܫܠܶܡ ܠܶܗ ܕܢܽܘܟܪܳܝܳܐ ܕܥܳܐܶܠ ܨܶܐܕܰܝܟ   ܡܶܢ ܛܽܘܟܳܣܳܟ ܝܺܠܶܦ ܠܳܟ ܕܡܰܢܽܘ ܡܡܰܠܶܠ ܩܰܕܡܳܝܳܐ   ܘܡܼܰܢܽܘ ܕܰܬܪܶܝܢ ܘܰܬܠܳܬܳܐ ܘܶܐܢ ܟܽܠܢܳܫ ܢܳܛܰܪ ܦܽܘܡܶܗ    ܘܶܐܢ ܟܽܠܢܳܫ ܝܳܕܰܥ ܕܰܪܓܶܗ ܛܽܘܒܳܢܳܐ ܗܘܰܘ ܩܳܪܶܝܢ ܠܳܟ   ܢܶܓܡܽܘܪ ܡܳܪܰܢ ܨܶܒܝܳܢܳܟ
1,Nisibis,21,11,Nisibis 21:11,ܩܳܠ ܫܪܳܪܳܟ ܚܰܕ ܢܶܗܘܶܐ   ܘܩ̈ܳܠܶܐ ܫܐܺܝ̈ܠܶܐ ܕܠܳܐ ܡܶܢܝܳܢ ܨܰܠܡܳܐ ܕܩܽܘܫܬܳܐ ܥܰܠ ܠܶܒܳܟ   ܘܥܰܠ ܦܰܪܨܽܘܦܳܟ ܟܽܠ ܕܶܡ̈ܘܳܢ ܟܡܺܝܪܳܐ ܚܘܺܝܚܳܐ ܘܢܰܫܺܝܫܳܐ   ܠܕܰܐܣܟܶܠ ܚܰܘܳܐ ܕܰܪܓܺܝܙ ܐܰܢ̱ܬ ܠܕܰܢܟܶܦܼ ܚܰܘܳܐ ܕܰܦܨܺܝܚ   ܐܰܢ̱ܬ ܚܰܕ ܗܘܺܝ ܠܰܐܠܳܗܽܘܬܳܐ ܘܰܠܐ̱ܢܳܫܽܘܬܳܐ ܣܰܓܺܝ̈ܐܶܐ   ܒܪܺܝܟ ܗ̱ܽܘ ܕܥܰܡ ܟܽܠ ܟܽܠ ܗܘܳܐ
1,Nisibis,21,12,Nisibis 21:12,ܐܶܢ ܬܶܫܡܼܰܥ ܛܶܒܼܳܐ ܒܼܺܝܫܳܐ   ܡܶܢ ܫܰܪ̈ܺܝܪܶܐ ܕܠܶܐ ܡܰܛܥܶܝܢ ܐܰܫܦܰܥ ܕܶܡ̈ܥܶܐ ܕܰܥܶܟܶܝܗ̇   ܠܢܽܘܪܳܐ ܕܣܳܦܼܰܬ ܒܰܐ̱ܚܪ̈ܳܢܶܐ ܢܶܒܥܽܘܢ ܥܰܡܳܟ ܦܳܪ̈ܽܘܫܶܐ   ܘܰܓܙܽܘܪ ܨܰܘܡܳܐ ܠܝܳܕܽܘ̈ܥܶܐ ܘܰܒܚܰܫܳܐ ܬܶܗܘܶܐ ܕܰܝܪܳܟ   ܥܰܠ ܗܰܘ ܕܶܐܒܼܰܕ ܒܰܚܼܛܺܝܬܳܐ ܕܢܶܬܦܢܶܐ ܒܰܬܝܳܒܽܘܬܳܐ   ܒܪܺܝܟ ܕܶܐܫܟܼܰܚ ܥܶܪܒܳܐ ܕܶܐܒܼܰܕ
1,Nisibis,21,13,Nisibis 21:13,ܠܟܽܠܢܳܫ ܐܶܕܢܳܟ ܠܳܐ ܬܶܬܶܠ   ܕܠܳܐ ܢܛܺܝܦܽܘܢܳܟ ܕܰܓ̈ܳܠܶܐ ܠܟܽܠܢܳܫ ܪܶܓܠܳܟ ܠܳܐ ܬܶܫܰܐܠ   ܕܠܳܐ ܢܰܦܗܽܘܢܳܟ ܙܰܠܺܝ̈ܠܶܐ ܠܟܽܠܢܳܫ ܢܰܦܫܳܟ ܠܳܐ ܬܶܬܶܠ   ܕܠܳܐ ܢܕܽܘܫܽܘܢܳܟ ܡܰܪ̈ܳܚܶܐ ܛܰܪ ܐܺܝܕܳܟ ܡܶܢ ܙܺܐܦܳܢܳܐ   ܕܠܳܐ ܢܶܠܩܽܘܛ ܟܽܘܒ̈ܶܐ ܒܺܐܝܕܳܟ ܗܘܺܝ ܪܰܚܺܝܩܳܐ ܘܩܰܪܺܝܒܳܐ   ܒܪܺܝܟ ܗ̱ܽܘ ܕܩܰܪܺܝܒ ܟܰܕ ܪܰܚܺܝܩ
1,Nisibis,21,14,Nisibis 21:14,ܗܳܐ ܛܶܒܼܶܗ ܕܡܰܠܟܳܐ ܚܰܕܬܳܐ   ܪܳܥܶܡ ܘܳܐܬܶܐ ܒܰܒܪܺܝܬܳܐ ܠܰܒ̈ܙܺܝܙܶܐ ܗܘܼܳܐ ܠܽܘܒܳܒܳܐ   ܘܰܠܒ̈ܳܙܽܘܙܶܐ ܣܽܘܪܳܕܳܐ ܓܽܘܥܳܡܳܐ ܕܝ̈ܰܥܢܶܐ ܡ̇ܰܛܺܝ   ܕܰܢܬܺܝܒܽܘܢ ܟܽܠ ܡܳܐ ܕܰܒܠܼܰܥܘ̱ ܢܶܬܪܰܗܒܽܘܢ ܐܳܦ ܡܶܢ ܨܶܐܕܰܝܟ   ܕܒܶܝܬ ܟܳܗܢܳܐ ܠܡܰܠܟܳܐ ܟܺܐܢܳܐ ܥܗܺܝܕܳܐ ܩ̈ܰܕܡܶܐ ܢܶܬܚܰܢܩܽܘܢ   ܒܪܺܝܟ ܕܰܪܓܼܶܙ ܘܰܦܢܳܐ ܪܰܚܶܡ
1,Nisibis,21,15,Nisibis 21:15,ܐܺܝܬ ܕܶܐܫܼܟܰܚ ܐܰܬܪܳܐ ܘܰܐܫܺܝܚ   ܘܺܐܝܬ ܕܰܥܼܨܳܐ ܘܰܐܠܶܨ ܝܰܨܪܶܗ ܚܰܕ ܪܳܢܶܐ ܕܰܢܛܺܝܼܪ ܕܺܝܢܼܳܐ   ܘܰܐ̱ܚܪܺܢܳܐ ܕܳܐܦ ܠܳܐ ܗܳܘܶܐ ܐܺܝܬ ܕܰܓܼܢܰܒ ܘܰܐܦܺܝܓ ܨܶܗܝܶܗ   ܘܺܐܝܬ ܕܰܓܢܼܰܒ ܘܰܨܗܶܐ ܠܡܶܓܢܰܒ ܓܢܰܒܘ̱ ܥܰܬܺܝܪ̈ܶܐ ܘܡܶܣܟܺܢ̈ܶܐ   ܓܢܼܰܒܘ̱ ܕܶܝܢ ܟ̈ܰܦܢܶܐ ܒܰܡܫܽܘܚܬܳܐ ܘܰܓܢܰܒܘ̱ ܣܰܒ̈ܥܶܐ ܕܠܳܐ ܡܽܘܫܳܚܳܐ   ܒܪܺܝܟ ܕܰܒܚܰܪ ܟܽܠ ܨܶܒܝܳܢܺܝ̈ܢ
1,Nisibis,21,16,Nisibis 21:16,ܗܳܫܳܐ ܕܶܝܢ ܝܰܗ̱ܒ ܐܰܬܪܳܐ   ܘܚܰܘܺܝ ܟܽܠܢܳܫ ܨܒܶܝܳܢܶܗ ܕܰܐܝܟܰܢܳܐ ܘܰܠܡܼܰܢ ܕܳܡܶܐ   ܘܡܳܢܳܐ ܓܒܼܳܐ ܠܶܗ ܡܶܢ ܡܳܢܳܐ ܫܩܼܰܠ ܢܶܣܝܳܢܳܐ ܡܶܢ ܟܽܠܢܳܫ   ܕܰܡ ܢܶܟܦܽܘܪ ܕܳܐܦ ܠܳܐ ܣܢܳܐ ܗ̱ܘܳܐ ܝܰܗ̱ܒ ܠܰܢ ܐܰܬܪܳܐ ܕܢܶܬܒܰܝܰܢ   ܕܛܳܒ ܡܶܢ ܗܳܢܳܐ ܫܽܘܠܛܳܢܳܐ ܩܽܘܦܳܚܳܐ ܡܥܰܕܰܪ ܣܰܓܺܝ   ܒܪܺܝܟ ܕܰܠܥܽܘܕܪܳܢ ܟܳܐܶܐ ܒܰܢ
1,Nisibis,21,17,Nisibis 21:17,ܠܳܐ ܓܶܝܪ ܨܳܒܶܐ ܕܒܰܩܛܺܝܪܳܐ   ܢܺܝܪܶܗ ܢܰܪܡܶܐ ܥܰܠ ܨܰܘܪܰܢ ܝܰܗ̱ܒ ܠܰܢ ܐܰܬܪܳܐ ܘܶܐܫܬܰܥܠܶܝܢ   ܕܳܡܐ ܕܰܡܪܰܕܢܰܢ ܘܶܐܣܬܰܓܰܦܢ ܢܪܰܚܶܡ ܢܺܝܪܶܗ ܩܰܠܺܝܠܳܐ   ܢܶܓܼܒܶܐ ܫܰܒܛܶܗ ܒܰܣܺܝܡܳܐ ܢܝ̇ܳܚܰܢ ܣܰܓܺܝ ܡܠܳܐܳܐ ܠܰܢ   ܕܒܰܩܛܺܝܪܶܗ ܗܳܝ ܢܺܝܚܽܘܬܳܐ ܘܰܒܢܺܝܪܶܗ ܩܰܠܺܝܠܽܘܬܳܐ   ܒܪܺܝܟ ܗ̱ܽܘ ܕܥܰܡܠܶܗ ܒܽܘܣܳܡܰܐ ܗ̱ܘ
1,Nisibis,21,18,Nisibis 21:18,ܥܳܠܡܳܐ ܟܽܠܶܗ ܐܰܝܟ ܓܽܘܫܡܳܐ   ܒܟܽܘܪܗܳܢܳܐ ܪܰܒܳܐ ܢܦܼܰܠ ܗ̱ܘܳܐ ܕܒܶܐܫܳܬܳܗ̇ ܕܚܰܢܦܽܘܬܳܐ   ܐܶܫܬܰܚܰܢ ܘܰܡܼܪܰܥ ܘܰܢܦܼܰܠ ܝܰܡܺܝܢܳܐ ܕܪ̈ܰܚܼܡܶܐ ܓܶܫܬܶܗ   ܘܥܶܣܼܶܬ ܢܰܦܫܶܗ ܒܰܚܢܼܳܢܳܐ ܦܶܣܩܼܰܬ ܒܰܥܓܰܠ ܚܰܢܦܽܘܬܳܐ   ܕܗܼܺܝ ܗܺܝ ܥܶܠܼܰܬ ܟܽܘܪܗܳܢܶܗ ܘܶܐܬܢܰܦܰܨ ܘܰܕܥܼܶܬ ܘܰܦܢܼܳܐ   ܫܽܘܒܚܳܐ ܠܺܐܝܼܕܳܐ ܕܰܣܥܰܪܬܶܗ
1,Nisibis,21,19,Nisibis 21:19,ܬܶܫܬܰܝܰܢ ܐܰܪܥܳܐ ܒܝܰܘ̈ܡܰܝܟ   ܕܰܚܙܳܬܳܟ ܕܰܡܠܼܶܐ ܫܰܝܢܐ ܐܰܢ̱ܬ ܒܳܟ ܢܶܬܒ̈ܰܢܝܳܢ ܥܺܕ̈ܳܬܳܐ   ܘܢ̈ܶܬܥܰܛܦܳܢ ܬܰܨܒܺܝ̈ܳܬܰܝܗܶܝܢ ܘܢܶܬܦܰܬܚܽܘܢ ܒܗܶܝܢ ܣܳܦܼܪ̈ܰܝܗܶܝܢ   ܘܢܶܣܬܰܕܪܽܘܢ ܦܳܬܽܘܪ̈ܰܝܗܶܝܢ ܘܢܶܙܕܰܗܽܘܢ ܫܰܡܳܫܰܝ̈ܗܶܝܢ ܬܰܣܼܰܩ   ܠܡܶܢܗܶܝܢ ܬܰܘܕܺܝܬܳܐ ܪܺܝܫܺܝܬܳܐ ܠܡܳܪܶܐ ܫܰܝܢܳܐ   ܒܪܺܝܟ ܕܰܡܢܰܚܶܡ ܥܶܗܰܕܬܰܢ
1,Nisibis,21,20,Nisibis 21:20,ܨܠܽܘܬܳܟ ܬܶܣܼܰܩ ܠܰܫܡܰܝܳܐ   ܬܶܣܰܩ ܥܰܡܳܗ̇ ܬܰܪܥܽܘܬܳܐ ܢܰܡܛܰܪ ܡܳܪܳܗ̇ ܕܰܫܡܰܝܳܐ   ܛܳܒ̈ܳܬܶܗ ܥܰܠ ܒܺܝܼܫܽܘܬܰܢ ܘܒܽܘ̈ܝܳܐܰܘܗ̱ܝ ܥܰܠ ܥܳܩ̈ܳܬܰܢ   ܘܟܽܘܢܳܫܶܗ ܥܰܠ ܒܽܘܕܳܪܰܢ ܢܥܺܝܪ ܛܢܳܢܼܶܗ ܥܰܡ ܚܽܘܒܶܗ   ܚܶܣܕܰܢ ܬܶܬܒܰܥ ܟܺܐܢܽܘܬܶܗ ܥܰܘܠܰܢ ܬܶܥܼܛܶܐ ܛܰܝܒܽܘܬܶܗ   ܒܪܺܝܟ ܕܰܡܒܰܪܶܟ ܡܰܪܥܺܝܬܶܗ
1,Nisibis,21,21,Nisibis 21:21,ܕܟܳܗܢܳܐ ܘܡܰܠܟܳܐ ܩܰܕܡܳܝܳܐ   ܐܰܝܟ ܒܰܚܕ̈ܳܕܶܐ ܨܺܝܪܺܝܢ ܗ̱ܘܰܘ ܘܰܐܝܟ ܕܰܒ̈ܟܰܦܶܐ ܬܩܺܝܠܺܝܢ ܗ̱ܘܰܘ   ܐܳܦ ܘܰܠܓܳܫ ܐܳܦ ܒܰܪ ܡܰܠܟܳܐ ܕܡܰܟܺܝܟܺܝܢ ܗ̱ܘܰܘ ܘܰܒܗܰܝܠܶܝܢ   ܢܕܰܡܽܘܢ ܐ̱ܚܪ̈ܳܝܳܐ ܠܰܚܕ̈ܳܕܶܐ ܟܳܗ̈ܢܶܐ ܢܶܗܘܽܘܢ ܢܰܗܺܝܪ̈ܶܐ   ܘܰܡܗܰܠܟܳܐ ܢܶܗܘܽܘܢ ܙܰܠܺܝ̈ܩܶܐ ܐܳܦ ܕ̈ܰܝܳܢܶܐ ܙܰܗܪ̈ܺܝܪܶܐ   ܒܪܺܝܟ ܗ̱ܽܘ ܕܰܐܢܗܰܪ ܢܰܦܫ̈ܳܬܰܢ
1,Nisibis,21,22,Nisibis 21:22,ܡܶܢ ܡܰܠܟܽܘܬܳܐ ܢܳܡܽܘ̈ܣܶܐ ܘܡܶܢ   ܟܳܗܢܽܘܬܳܐ ܚܽܘ̈ܣܳܝܶܐ ܕܢܰܪܟܶܢ ܬܰܪ̈ܬܰܝܗܶܝܢ ܣܰܢܝܳܐ ܗ̱ܝ   ܕܢܰܥܙܶܢ ܬܰܪ̈ܬܰܝܗܶܝܢ ܩܰܫܝܳܐ ܗ̱ܝ ܚܕܳܐ ܬܶܥܰܙ ܘܰܚܕܳܐ ܬܶܒܼܣܰܡ   ܒܒܽܘܝܳܢܳܐ ܘܰܒܦܽܘܪܫܳܢܳܐ ܕܶܚܠܳܐ ܒܪ̈ܰܚܡܶܐ ܬܶܬܡܰܙܰܓ   ܬܗܶܐ ܟܳܗܢܽܘܬܰܢ ܒܰܣܺܝܡܳܐ ܐܳܦ ܡܰܠܟܽܘܬܰܢ ܥܰܙܺܝܙܳܐ   ܒܪܺܝܟ ܕܡܰܙܶܓ ܥܽܘܕܪ̈ܳܢܺܝܢ
1,Nisibis,21,23,Nisibis 21:23,ܢܨܰܠܽܘܢ ܟܳܗ̈ܢܶܐ ܥܰܠ ܡܰܠܟ̈ܶܐ   ܕܢܶܗܘܽܘܢ ܫܽܘܪܳܐ ܠܐ̱ܢܳܫܽܘܬܳܐ ܡܶܢ ܨܶܝܕ ܡܰܠܟ̈ܶܐ ܙܳܟܽܘܬܳܐ   ܘܡܶܢ ܟܳܗ̈ܢܶܐ ܗܰܝܡܳܢܽܘܬܳܐ ܙܳܟܽܘܬܳܐ ܢܶܬܢܰܛܰܪ ܦܰܓܪ̈ܶܐ   ܘܗܰܝܡܳܢܽܘܬܳܐ ܢܰܦܫ̈ܳܬܳܐ ܡ̈ܰܠܟܶܐ ܢܶܫܠܽܘܢ ܬܰܟܬܽܘܫܳܐ   ܟܳܗ̈ܢܶܐ ܢܶܫܠܽܘܢ ܥܽܘܩܳܒܳܐ ܕܪܺܝܫܳܐ ܘܩܺܐܪܣܳܐ ܢܶܬܒܰܛܰܠ   ܒܪܺܝܟ ܝܰܠܕܶܗ ܕܰܡܫܶܝܢ ܟܽܠ ܫܽܘܒܚܳܐ ܠܳܟ ܥܰܠ ܡܰܘܗܰܒܬܳܟ
1,Nisibis,25,1,Nisibis 25:1,ܡܰܬܠܳܟ ܢܦܺܝܣܳܟ ܡܳܪܝ̱   ܕܶܐܡܼܰܪܬ ܕܰܐܪܡܰܠܬܳܐ ܐܶܠܼܙܰܬ̇ ܠܕܰܝܳܢܳܐ   ܫܽܘܥܳܐ ܕܠܳܐ ܪ̈ܰܚܡܶܐ ܦܰܪܙܠܳܐ ܕܠܳܐ ܪܳܐܶܟ   ܪܰܓܼܺܝܬ ܘܪܰܟܶܟܬܳܝܗ̱ܝ
1,Nisibis,25,1,Nisibis 25:1,ܛܳܒܰܐ ܗ̱ܘ ܕܩܳܕܶܡ ܠܶܗ   ܠܰܐܝܢܳܐ ܕܒܳܥܶܐ ܠܶܗ ܘܥܰܕ ܠܳܐ ܢܚܽܘܪ ܒܶܗ ܐ̱ܢܳܫ   ܟܽܠܶܗ ܦܢܼܳܐ ܨܶܐܝܕܰܘܗ̱ܝ ܘܥܰܕܠܳܐ ܡܼܛܳܐ ܬܰܪܥܶܗ    ܦܼܬܰܚ ܠܶܗ ܒܶܝܬ ܓܰܙܶܗ]
1,Nisibis,26,1,Nisibis 26:1,-----   ----- -----   ----- ܕܒܳܟ ܐܰܪܓܙܽܘܢܳܝ ܒܳܟ ܬܽܘܒ   ܡܶܫܟܚܺܝܢ ܡܪܰܥܶܝܢ ܠܺܝ
1,Nisibis,26,2,Nisibis 26:2,ܘܶܐܗܘܶܐ ܡܟܰܠܰܠܬܳܐ   ܟܢܺܝܟܳܬܳܐ ܘܡܰܟܢܺܝܬܳܐ ܕܰܒܢܶܝ̈ܗ ܒܓܰܘ ܥܽܘܒܳܗ̇   ܣܢܳܐܝ̈ܶܗ̇ ܠܒܰܪ ܡܶܢܳܗ̇ ܕܰܟܪܺܝܗ ܫܦܶܐ ܘܕܰܟܶܐ   ܡܶܢܗܽܘܢ ܕܙܺܝ̈ܙܳܢܶܐ
1,Nisibis,26,3,Nisibis 26:3,ܐܰܘ ܐܳܣܝܳܐ ܚܰܘܳܐ   ܚܶܟܡܬܳܟ ܒܗ̈ܰܕܳܡܰܝ ܘܕܶܐܬܦܰܣܰܩܘ̱ ܡܶܢ ܓܽܘܫܡܝ̱   ܪܰܟܶܒ ܩܒܽܘܥ ܐܶܢܽܘܢ ܘܰܐܝܟ ܗܰܘ ܕܠܳܐ ܦܣܺܝܩܺܝܢ   ܢܶܗܘܽܘܢ ܠܚ̈ܰܙܳܝܶܐ
1,Nisibis,26,4,Nisibis 26:4,ܕܒܺܝܫܳܐ ܚܕܺܝ ܒܡܽܘ̈ܡܰܝ   ܘܶܐܗܰܠ ܒܗ̈ܰܕܳܡܰܝ ܐܰܘܣܶܦ ܠܗܽܘܢ ܫܽܘܦܪܳܐ   ܕܰܡܥܺܝܩ ܠܣܰܢܝܽܘܬܶܗ ܢܶܬܬܘܶܐ ܒܰܫܩܳܠ ܛܰܥܢܶܗ   ܕܰܚܙܳܐ ܟܡܳܐ ܫܶܦܪܰܬ
1,Nisibis,26,5,Nisibis 26:5,ܢܰܦܠܰܢܝ̱ ܒܢܶܣܝܳܢܶܗ ܚܰܫܳܐ   ܕܠܳܐ ܢܰܬܢܺܝܘܗ̱ܝ ܠܺܝ ܟܐܶܒ ܕܶܐܬܓܰܙܪܶܬ   ܘܕܶܐܬܦܰܣܰܩܘ̱ ܗܶܢܽܘܢ ܢܶܙܕܰܗܰܪ ܒܚܽܘܠܡܳܢܳܐ   ܐ̱ܚܪܳܝܳܐ ܕܠܳܐ ܢܺܐܒܳܐ
1,Nisibis,26,6,Nisibis 26:6,ܘܶܐ̱ܢܳܐ ܘܗܼܶܢܽܘܢ ܠܳܟ   ܢܰܘܕܶܐ ܒܟܽܠ ܝܰܘܡ̈ܺܝܢ ܕܰܐܪܫܶܠܬ ܘܰܐܠܶܦܬܳܢܝ̱   ܚܰܫܳܐ ܒܢܶܣܝܳܢܳܐ ܘܟܰܢܶܫܬ ܘܰܐܩܢܺܝܬܳܢܝ̱   ܚܽܘܒܳܐ ܒܒܽܘܩܝܳܢܳܐ
1,Nisibis,26,7,Nisibis 26:7,ܘܥܠܰܝ ܥܰܠ ܚܰܠܳܫܳܐ   ܐܳܘ ܥܺܕ̱ܬܳܐ ܨܰܠܳܝ ܕܚܳܫܶܬ ܒܦܽܘܠܳܓܶܟܝ̱   ܐܶܚܕܳܐ ܒܪܽܘܟܳܒܶܟܝ̱ ܘܥܰܡܶܟܝ̱ ܠܡܰܠܟܽܘܬܳܐ   ܐܶܥܽܘܠ ܒܣܶܬܳܪܶܟܝ̱
1,Nisibis,27,1,Nisibis 27:1,ܠܳܐܣܝܳܐ ܦܫܺܝܩܳܐ ܡܳܪܝ̱   ܕܢܶܦܣܽܘܩ ܠܗܰܕܳܡܶܐ ܠܳܐ ܕܶܝܢ ܕܠܺܝܠܳܐ ܠܶܗ   ܕܬܽܘܒ ܢܩܰܒܥܺܝܘܗ̱ܝ ܒܰܐܬܪܶܗ ܠܳܟ ܡܳܪܝ̱ ܬܰܪ̈ܬܰܝܗܶܝܢ   ܕܠܺܝܠܳܢ ܕܰܐܠܳܗܐ ܐܰܢ̱ܬ
1,Nisibis,27,2,Nisibis 27:2,ܫ̈ܢܰܝܳܐ ܬܰܪ̈ܬܶܝܢ ܘܰܥܣܰܪ   ܦܰܪܣܽܘܗ̇ ܐܳܣ̈ܰܘܳܬܳܐ ܠܗܳܝ ܐܰܢܬܬܳܐ ܕܰܕܡܳܗ̇   ܦܰܪܣܺܝܘ ܘܠܳܐ ܥܰܕܰܪܘ̱ ܐܶܠܽܘ ܐܰܣܺܝܘ ܨܰܥܪܰܐ ܗ̱ܘ   ܟܡܳܐ ܟܺܝܬ ܕܠܳܐ ܐܰܣܺܝܘ
1,Nisibis,27,3,Nisibis 27:3,ܟܡܳܐ ܕܦܰܪܣܘܝܗ̇  ܗܼܶܢܽܘܢ   ܢܰܟܶܦܬ ܘܰܐܣܺܝܬܳܗ̇ ܕܶܐܬܚܰܦܝܰܬ ܩܶܪܒܰܬ   ܠܢܰܚܬܳܟ ܘܠܳܐ ܠܓܽܘܫܡܳܟ ܠܒܽܘܫܳܐ ܡܢܰܟܶܦ ܟܽܠ   ܐܳܣܝܳܐ ܗܘܳܐ ܗ̱ܘܳܐ ܠܳܗ̇
1,Nisibis,27,4,Nisibis 27:4,ܟܡܳܐ ܟܺܝܬ ܬܢܰܟܶܦ ܡܳܪܝ̱   ܠܥܺܕܬܳܟ ܕܗܳܐ ܙܳܠܰܬ ܕܳܐܦ ܥܳܒܪ̈ܰܝ ܐܽܘܪܚܳܐ   ܐܶܣܛܺܝܘ ܚܙܰܘ ܨܰܥܪܳܗ̇ ܠܥܳܒܽܘܪܬܳܐ ܢܰܟܶܦܬ   ܘܠܰܡܟܺܝܪܬܳܟ ܦܰܪܣܺܝܬ
1,Nisibis,27,5,Nisibis 27:5,ܐܳܦ ܠܳܐ ܦܚܶܡ ܢܽܘܓܪܳܐ   ܕܰܡܚܽܘܬܝ̱ ܠܗܰܘ ܢܽܘܓܪܳܐ ܒܪ̱ܰܬ ܫܶܬ ܫܢܺܝ̈ܢ ܐܺܝܬܶܝܗ̇   ܦܶܠܓܽܘܬ ܫ̈ܢܶܝܗ̇ ܕܗܳܝ ܟܺܐܒܳܐ ܕܚܰܕ̱ܬ ܐܰܣܳܐ   ܕܰܐܣܺܝܬ ܥܰܬܺܝܩܳܐ
1,Nisibis,27,6,Nisibis 27:6,ܘܶܐܢ ܕܶܐܣܬܰܢܺܝܬ ܩܰܠܺܝܠ   ܐܰܪܫܶܠܬ ܘܰܫܒܰܩܬܳܢܝ̱ ܐܰܝܟܰܢ ܣܢܶܐ ܠܳܟ ܡܳܪܝ̱   ܕܫܳܛ ܐܰܢ̱ܬܬܶܗ ܕܣܰܢܝܳܐ ܣܰܢܝܽܘܬܝ̱ ܪܚܰܡ ܘܰܐܠܶܦ   ܕܢܰܚܶܒ ܠܒܰܪ̱ܬ ܙܰܘܓܶܗ
1,Nisibis,27,7,Nisibis 27:7,ܠܺܠܝܳܐ ܕܣܰܢܝܳܐ ܗܘܳܬ   ܐܰܢ̱ܬ ܗ̱ܽܘ ܕܰܐܫܦܰܪܬܳܗ̇ ܥܰܝ̈ܢܶܝܗ̇ ܢܣܽܝ̈ܣܳܢ ܗܘܰܝ   ܘܝ̈ܰܠܕܶܝܗ̇ ܦܐܶܝܢ ܗ̱ܘܰܘ ܛܳܒ ܐܶܢܳܐ ܡܳܪܝ̱ ܕܦܰܐܝܐ ܐܰܢ̱ܬ  ܝ̈ܰܠܕܰܝ ܡܓܰܢܺܝܢ ܠܺܝ
1,Nisibis,27,8,Nisibis 27:8,ܐܰܢ̱ܬ ܗ̱ܽܘ ܒܰܠܚܽܘܕ ܘܶܐܡܳܟ   ܕܡܶܢ ܟܽܠ ܦܐܶܝܢ ܐܢ̱ܬܽܘܢ ܛܳܒ ܕܡܽܘܡܳܐ ܒܳܟ ܡܳܪܝ̱ ܠܳܐ ܐܺܝܬ   ܘܠܳܐ ܟܽܘܬܡ̈ܳܬܳܐ ܒܶܐܡܳܟ ܡܶܢ ܒܶܝܬ ܬܶܪ̈ܝܢ ܫܽܘܦܪ̈ܺܝܢ   ܝ̈ܰܠܕܰܝ ܠܡܰܢ ܕܳܡܶܝܢ
1,Nisibis,27,9,Nisibis 27:9,ܐܰܒܽܘܟ ܟܰܕ ܫܰܩܠܳܗ̇   ܠܰܟܢܽܘܫܬܳܐ ܣܢܺܝܬܳܐ ܕܙܰܢܝܰܬ ܒܗܰܘ ܥܶܓܠܳܐ   ܘܥܰܠ ܗܰܘ ܣܢܳܐ ܝܰܠܕܳܗ̇ ܕܟܶܐܡܰܬ ܒܛܽܘܦܣܶܗ ܗܽܘ   ܛܒܺܝܥܺܝܢ ܕܢܽܘܟܪܳܝܳܐ
1,Nisibis,27,10,Nisibis 27:10,ܗܳܐ ܓܶܝܪ ܒܪܳܙܶܗ ܗܽܘ   ܕܩܳܪܶܝܢ ܠܫܰܪ̈ܺܝܪܶܐ ܠܡܽܘܫܶܐ ܘܠܰܢܒ̈ܺܝܶܐ   ܕܰܩܪܰܘ ܒܟܽܠ ܙܰܒ̈ܢܺܝܢ ܐܰܢ̱ܬ ܡܳܪܝ̱ ܝܳܕܰܥ ܐܰܢ̱ܬ   ܡܳܢܳܐ ܥܒܰܕܘ̱ ܗ̱ܘܰܘ ܒܳܟ
1,Nisibis,27,11,Nisibis 27:11,ܫܠܺܝܚܳܐ ܠܳܟ ܡܳܪܝ̱ ܡܰܟܪܰܢܝ̱   ܠܰܒܬܽܘܠܬܳܐ ܕܟܺܝܬܳܐ ܥܶܓܠܳܐ ܕܰܐܒ̈ܳܗܰܝ   ܣܢܺܝܬ ܡܳܪܝ̱ ܘܰܐܚܶܒܬܳܟ ܠܳܐ ܢܕܰܩܪܽܘܢ ܝ̈ܰܠܕܰܝ   ܥܶܪ̈ܒܶܐ ܠܰܐܚܰܝ̈ܗܽܘܢ
1,Nisibis,27,12,Nisibis 27:12,ܡܶܢ ܐܶܡܪܳܐ ܐܶܢܽܘܢ   ܕܶܐܬܕܺܝܢ ܘܠܳܐ ܡܰܠܶܠ ܐܶܬܢܼܟܶܣ ܘܠܳܐ ܒܰܓܶܢ   ܐܶܙܕܩܶܦ ܘܠܳܐ ܪܰܛܶܢ ܘܕܰܚܝܳܐ ܗܦܰܟ ܠܳܐܶܐ   ܕܢܰܚ̇ܶܐ ܠܩ̈ܳܛܽܘܠܰܘܗܝ
1,Nisibis,27,13,Nisibis 27:13,ܠܰܘ ܐܕܝܡ ܐܰܘܠܶܕܟܘܢ   ܕܰܐܡܪܰܚ ܕܠܳܐ ܒܙܶܕܩܳܐ ܘܰܒܪܶܗ ܕܠܳܐ ܒܕܺܝܢܼܳܐ   ܡܰܓܳܢ ܩܛܰܠ ܐܰܠܚܽܘܗܝ ܒܢܰܝ̈ܳܐ ܕܪܽܘܚܐ ܐܰܢ̱ܬܽܘܢ   ܘܝ̈ܰܠܕܶܐ ܒ̈ܢܰܝ ܡ̈ܰܝܳܐ
1,Nisibis,27,14,Nisibis 27:14,ܐܺܡܰܪ ܠܟܽܘܢ ܐܳܦ ܕܺܝܠܝ   ܕܪܰܓܡܽܘܢܝ̱ ܘܠܳܐ ܪܶܓܙܶܬ ܙܰܩܦܽܘܢܝ̱ ܘܠܳܐ ܨܰܚܺܝܬ   ܐܰܘܩܕܽܘܢܝ̱ ܘܠܳܐ ܠܳܛܶܬ ܠܗܰܘ ܡܳܪܟܽܘܢ ܕܰܡܰܘ   ܘܰܠܶܐܡܟܽܘܢ ܡܰܪܰܘ
1,Nisibis,27,15,Nisibis 27:15,ܝܰܠܕܳܐ ܕܰܚ̈ܘܰܘܳܬܳܐ   ܐܶܬܩܪܺܝܘ ܒ̈ܢܰܝ ܐ̱ܢܳܫܳܐ ܠܳܐ ܗܘܼܳܐ ܒܰܟܝ̈ܳܢܰܝܗܽܘܢ   ܐܶܠܳܐ ܒܰܥ̇ܒ̈ܳܕܰܝܗܽܘܢ ܕܥܳܠܒܳܐ ܗ̱ܝ ܠܕܳܐܟܶܕܢܳܐ   ܡܶܪܬܳܗ̇ ܕܚܺܐܪܽܘܬܳܐ
1,Nisibis,27,16,Nisibis 27:16,ܗܳܟܰܢ ܐܳܦ ܐܰܠܳܗ̈ܶܐ   ܐܶܬܩܪܺܝܘ ܒ̈ܢܰܝ ܐ̱ܢܳܫܳܐ ܠܳܐ ܗܘܼܳܐ ܒܺܐܝܬܽܘܬܳܐ   ܐܶܠܳܐ ܒܛܰܝܒܽܘܬܳܐ ܠܟܽܘܢ ܕܶܝܢ ܐ̱ܚܝܳܢܽܘܬܳܐ   ܥܶܒܕܶܬ ܠܟܽܘܢ ܥܰܡܳܗ̇
1,Nisibis,27,17,Nisibis 27:17,ܬܶܗܪܰܐ ܗ̱ܘ ܕܰܐܠܳܗܳܐ   ܢܰܦܫܶܗ ܠܟܽܘܢ ܚܰܝܶܢ ܘܰܐܢ̱ܬܽܘܢ ܦܣܰܩܬܽܘܢܳܗ̇   ܡܶܢܟܽܘܢ ܐ̱ܚܝܳܢܽܘܬܶܗ ܕܶܐܢܗܼܽܘ ܕܰܒܪܺܝܬܰܐ ܗ̱ܘ ܓܶܝܪ   ܠܥܰܒܕܰܐ ܗ̱ܘ ܐܬܚܰܝܰܢܬܽܘܢ
1,Nisibis,27,18,Nisibis 27:18,ܠܳܟ ܬܶܫ̈ܒܚܳܢ ܐܰܠܳܗܝ̱    ܕܠܳܐ ܗܼܘܳܐ ܥܰܡ ܒܶܪ̈ܝܳܬܳܐ ܥܒܰܕܬ ܠܰܢ ܐ̱ܚܝܳܢܽܘܬܳܐ   ܐܶܠܳܐ ܥܰܡܳܟ ܕܺܝܠܳܟ ܡܳܪܳܐ ܕܟܽܠ ܒܶܪ̈ܝܳܢ   ܫܽܘܒܚܳܐ ܠܚܽܘܠܛܳܢܳܟ
1,Nisibis,27,19,Nisibis 27:19,ܠܰܘ ܓܶܝܪ ܬܶܕܡܽܘܪܬܳܐ ܗ̱ܝ   ܐܶܢ ܗܼܽܘ ܕܒܶܪ̈ܝܳܬܳܐ ܡܳܬܚܺܝܢܰܢ ܐܰܟܚܰܕ   ܕܰܚܕܳܐ ܗ̱ܝ ܥܰܒܕܽܘܬܳܐ ܒܪܺܝܟ ܗ̱ܽܘ ܡܳܪܳܐ ܕܥܰܒ̈ܕܰܘܗ̱ܝ   ܐ̱ܚܝ̈ܳܢܰܘܗ̱ܝ ܨܼܒܳܐ ܕܢܶܗܘܽܘܢ
1,Nisibis,28,1,Nisibis 28:1,ܐܶܢܗܽܘ ܕܰܟܝ̈ܳܢܶܐ ܡܳܪܝ̱   ܣܢܶܝܢ ܐܶܢܽܘܢ ܒܟܺܐܒܰܝ̈ܗܽܘܢ ܫܟܺܝܪ̈ܺܝܢ ܒܚܰܫܰܝ̈ܗܽܘܢ   ܢܕܺܝܕܺܝܢ ܒܡܽܘ̈ܡܰܝܗܽܘܢ ܪ̈ܓܺܝܓܶܐ ܒܦܺܐܪ̈ܰܝܗܽܘܢ   ܘܰܦܐܶܝܢ ܒܫܽܘܦܪ̈ܰܝܗܽܘܢ
1,Nisibis,28,2,Nisibis 28:2,ܟܡܳܐ ܟܺܝܬ ܒܢܰܝ̈ܢܳܫܳܐ   ܢܶܪܓܫܽܘܢ ܒܟܺܐܒܰܝ̈݁ܗܽܘܢ ܘܢܰܟܪܽܘܢ ܒܶܐܒܠܰܝ̈ܗܽܘܢ   ܘܢܶܒܗܬܽܘܢ ܒܡܽܘܡܰܝ̈ܗܽܘܢ ܕܰܗܘܰܘ ܚܛܳܗ̈ܰܝܗܽܘܢ    ܥܶܠܬܳܐ ܠܢ̈ܶܓܕܰܝܗܽܘܢ
1,Nisibis,28,3,Nisibis 28:3,ܣܰܘ̈ܟܶܐ ܕܶܐܬܦܰܫܰܚ   ܚܒܳܪ̈ܳܬܗܶܝܢ ܣܰܢܝܳܢ ܘܣܶܕܩ̈ܶܐ ܣܢܶܝܢ ܐܶܢܽܘܢ   ܡܳܐ ܕܛܳܒ ܐܶܬܡܰܠܺܝܘ ܟܡܳܐ ܟܺܝܬ ܢܕܺܝܕܺܝܢ   ܡܳܪܝ̱ ܐܶܢ ܦܳܝܫܺܝܢ ܗܳܟܰܢ
1,Nisibis,28,4,Nisibis 28:4,ܢܰܚܬܳܐ ܣܼܕܶܩ ܢܰܦܫܶܗ   ܘܰܗܦܰܟܬ ܡܰܠܺܝܬܳܝܗ̱ܝ ܘܰܗܼܦܰܟ ܬܢܳܐ ܣܶܕܩ̈ܰܘܗ̱ܝ   ܘܰܐܘܣܶܦܬ ܘܰܐܬܩܶܢܬܳܝܗ̱ܝ ܒܕܰܡܳܟ ܐܬܦܰܠܦܰܠ ܡܳܪܝ̱   ܘܶܐܬܡܣܺܝ ܡܼܪܰܕ ܡܶܢܳܟ
1,Nisibis,28,5,Nisibis 28:5,ܐܺܝܬ ܗ̱ܽܘ ܕܰܥܕܰܟܺܝܠ ܣܰܒܪܳܐ   ܠܣܶܕܩ̈ܰܝ ܕܢܶܬܡܰܠܽܘܢ ܕܳܐܦܶܢ ܫܘܺܝܪ̈ܺܝܢ ܡܳܪܝ̱   ܠܳܟ ܡܳܝܫܺܝܢ ܒܳܥܶܝܢ ܘܳܐܦܶܢ ܫܼܪܰܥܘ̱ ܘܰܢܦܼܰܠܘ̱   ܠܘܳܬܳܟ ܣܒܰܪܘ̱ ܕܰܫܼܪܰܟܘ̱
1,Nisibis,28,6,Nisibis 28:6,ܚܰܘܳܐ ܠܗܽܘܢ ܢܰܦܫܳܟ   ܢܽܘܗܪܰܢ ܕܒܳܥܶܝܢ ܠܳܟ ܘܕܰܫܼܪܰܥܘ̱ ܢܦܼܰܠܘ̱ ܘܰܣܒܰܪܘ̱    ܕܟܶܐܡܰܬ ܡܩܳܡ ܗܽܘ ܩܳܡ ܐܶܬܪܟܶܢ ܘܰܚܘܳܐ ܡܳܪܝ̱   ܕܨܶܝܕ ܢ̈ܳܦܠܶܐ ܗ̱ܘ ܪܰܟܶܢܬ
1,Nisibis,28,7,Nisibis 28:7,ܘܕܳܫܬ ܫ̈ܳܢܺܝܢ ܝ̈ܰܠܕܰܝ   ܦܪܰܫܘ̱ ܡܶܢܝ̱ ܘܠܰܝܬ ܐܶܢܽܘܢ ܢܶܫ̈ܰܝ ܩܒܼܰܪ ܘܰܛ̈ܥܰܝ   ܐܶܒ̈ܠܶܐ ܕܝܰܠܕܰܝ̈ܗܶܝܢ ܠܳܐ ܐܶܬܛܥܺܝܘ ܝ̈ܰܠܕܰܝ    ܕܠܳܐ ܐܶܬܩܒܰܪܘ̱ ܡܺܝ̈ܬܰܝ
1,Nisibis,28,8,Nisibis 28:8,ܠܳܐ ܢܰܗ̇ܠܽܘܢ ܒܺܝ ܡܳܪܝ̱   ܥܰܒܼ̈ܕܰܝܟ ܛܰܢܳܢ̈ܶܐ ܠܳܐ ܢܶܥܕܠܽܘܢ ܕܶܐܒܟܶܐ   ܠܡ̈ܺܝܬܰܝ ܒܚܰܝ̈ܰܝܗܽܘܢ ܕܰܠܘܰܝ ܚܠܳܦ ܚ̈ܰܝܶܐ   ܒܡܰܘܬܳܐ ܦܪܰܫܼܘ̱ ܗܘܰܘ ܡܶܢܝ̱
1,Nisibis,28,9,Nisibis 28:9,ܠܘܰܝ ܪܶܚܦܶܬ ܣܳܡܶܬ   ܐܺܝ̈ܕܰܝ ܥܰܠ ܥܰܝܢܰܝ̈ܗܽܘܢ ܘܰܠܘܺܝܬ ܒܡܰܙܡܽܘܪ̈ܶܐ   ܘܶܐܬܓܰܥܠܶܬ ܠܡܰܚܶܐ ܟܽܠ ܕܠܺܝ ܬܽܘܒ ܒܢܽܘܚܳܡܳܐ   ܢܰܦܢܶܐ ܕܶܐܚܙܶܐ ܐܶܢܽܘܢ
1,Nisibis,28,10,Nisibis 28:10,ܘܠܳܐ ܡܳܪܝ̱ ܕܗܳܐ ܒܬܰܪ̈ܬܶܝܢ   ܥܠܰܝܗܽܘܢ ܐܰܒܺܝܠܳܐ ܐ̱ܢܳܐ ܕܰܐܝܢܳܐ ܕܡܺܝܬ ܒܽܐܘܪܚܳܐ   ܐܶܬܩܒܰܪ ܒܰܐܟܣܶܢܝܳܐ ܘܰܕܡܺܝܬܘ̱ ܒܥܽܘܡܪ̈ܰܝܗܽܘܢ   ܐܶܬܢܕܶܕܘ̱ ܒܟܶܕ̈ܟܰܝܗܽܘܢ؟
1,Nisibis,28,11,Nisibis 28:11,ܥܒܶܕ ܡܳܪܝ̱ ܠܚܰܝ̈ܰܝܗܽܘܢ   ܢܽܘܚܳܡ ܬܝܳܒܽܘܬܳܐ ܘܰܐܣܓܳܐ ܠܡ̈ܰܘܬܰܝܗܽܘܢ   ܗܽܘܠܳܠ ܙܡܺܝܪ̈ܳܬܳܐ ܢܶܚܼܕܶܐ ܒܚܰܝ̈ܰܝܗܽܘܢ   ܢܙܰܝܰܚ ܫܠܰܕܰܝܗܽܘܢ
1,Nisibis,28,12,Nisibis 28:12,ܒܩܳܠ ܬܽܘܪܬܳܐ ܘܢܶܩܝܳܐ   ܢܰܐܠܶܦ ܠܡܰܟܪܳܝܽܘ ܕܓܳܥܶܝܢ ܕܠܰܝܬ ܐܶܢܽܘܢ   ܒܢܰܝ̈ܗܶܝܢ ܕܰܐܒܺܝܕܺܝܢ ܘܰܐܝܟ ܗܰܘ ܕܗܶܢܶܝܢ ܡܳܪܝ̱   ܐܳܒܕܳܢ ܒܰܐܒܺܝ̈ܕܶܐ
1,Nisibis,28,13,Nisibis 28:13,ܘܶܐܢ ܐܶܫܬܟܰܚܘ̱ ܘܰܦܢܰܘ   ܬܽܘܒ ܐܶܬܦܨܰܚ ܘܰܣܘܼܰܚ ܘܰܐܝܟ ܗܰܘ ܕܗܶܢܶܝܢ ܡܳܪܝ̱   ܬܽܘܒ ܐܶܫܬܟܰܚ ܘܰܦܼܢܺܝ ܡܳܐ ܕܳܚܠܳܢܝ̱ ܕܰܠܡܳܐ   ܬܚܰܣܕܳܢܝ̱ ܒܚ̈ܰܝܘܳܬܳܐ
1,Nisibis,28,14,Nisibis 28:14,ܠܰܟܢܽܘܫܬܳܐ ܣܰܟܠܳܬܳܐ   ܚܶܣܕܶܬ ܡܳܪܝ̱ ܣ̇ܰܓܺܝ ܒܚܽܘܪܒܳܐ ܘܰܣܢܽܘܢܺܝܬܳܐ   ܕܰܡ̈ܛܰܟܣܳܢ ܙܰܒ̈ܢܶܐ ܕܢܶܒܗܰܬ ܠܚܺܐܪܽܘܬܳܐ   ܩܰܠܶܣ ܠܦܳܪܰܚܬܳܐ
1,Nisibis,29,1,Nisibis 29:1,ܠܽܐܘܪܶܫܠܶܡ ܡܳܪܰܢ   ܒܕܶܡ̈ܥܶܐ ܡܶܒܟܳܐ ܗܘܺܝܬ ܐܶܡܳܐ ܕܙܳܩ̈ܽܘܦܶܐ   ܕܰܒ̈ܢܶܝܗ̇ ܐܳܘܝܳܢ ܗ̱ܘܰܘ ܒܳܗ̇ ܥܰܠ ܥܺܕܬܳܟ ܪܰܚܶܡ   ܕܰܒܢܶܝ̈ܗ̇ ܦܠܺܝܓܺܝܢ ܒܳܗ̇ ܥܺܘܢܺܝܬܳܐ: ܪܰܚܶܡ ܥܠܰܝ ܕܰܗܘܺܝܬ ܚܶܣܕܳܐ ܠܢܽܘܟܪܳܝܳܐ
1,Nisibis,29,2,Nisibis 29:2,ܘܗܶܢܽܘܢ ܕܚܰܕ ܥܰܠ ܚܰܕ   ܕܢܶܬܦܰܠܓܽܘܢ ܥܰܕܰܪ ܐܳܘܝܳܢ ܗ̱ܘܰܘ ܒܚܰܕ ܪܶܥܝܳܢ   ܘܰܒ̈ܢܰܝ ܕܘ̇ܳܠܶܐ ܗܘܳܐ ܕܢܶܫܠܡܽܘܢ ܠܚܰܕ ܚܽܘܒܳܐ   ܦܰܠܓܽܘܗ̱ܝ ܠܚܰܕ ܩܽܘܫܬܳܐ
1,Nisibis,29,3,Nisibis 29:3,ܐܶܬܰܐܘܺܝܘ ܚ̈ܘܰܘܳܬܳܐ   ܒܳܠܥܰܝ̈ ܠܰܐܚ̈ܰܝܗܽܘܢ ܘܰܪܚܶܡܘ̱ ܠܚܰܒܪ̈ܰܝܗܽܘܢ   ܘܶܐܡܪ̈ܰܝ ܠܰܐܚ̈ܰܝܗܽܘܢ ܕܺܐܒ̈ܶܐ ܗ̱ܘܰܘ ܘܰܣܥܰܘ   ܥܰܠ ܪܳܥܝܳܐ ܕܓܰܘ
1,Nisibis,29,4,Nisibis 29:4,ܠܽܐܘܪܶܫܠܶܡ ܐܶܡܰܪܬ   ܕܰܬܟܰܢܫܺܝܗ̇ ܒܪܳܙܳܐ ܕܶܐܡܳܐ ܕܦܰܪ̈ܽܘܓܶܝܗ̇   ܟܶܢܫܰܬ ܬܚܶܝܬ ܟ̈ܶܢܦܶܝܗ̇ ܫܪܳܪܳܟ ܢܟܰܢܶܫ ܡܳܪܝ̱   ܝ̈ܰܠܕܰܝ ܬܚܶܝܬ ܟ̈ܶܢܦܰܝ
1,Nisibis,29,5,Nisibis 29:5,ܒܰܝܰܐܬ ܠܰܫܡܽܘܐܶܝܠ   ܟܰܕ ܐܰܣܠܝܽܘܗ̱ܝ ܣܰܟ̈ܠܶܐ ܕܠܳܟ ܒܶܗ ܐܰܣܠܺܝ ܥܰܡܳܐ   ܘܥܺܕܬܳܟ ܒܐ̱ܪܳܙܳܟ ܡܳܪܝ̱ ܕܰܠܟܳܗܢܳܟ ܐܰܣܠܺܝܘ   ܠܺܝ ܒܶܗ ܣܢܰܘ ܝ̈ܰܠܕܰܝ
1,Nisibis,29,6,Nisibis 29:6,ܘܡܶܛܽܠ ܕܝܳܕܰܥ ܗܘܰܝܬ   ܕܙܰܒܢܰܐ ܗ̱ܘ ܕܨܽܘܚܺܝܬܳܐ ܠܳܐ ܝܰܗܒܬ ܠܺܝ ܛܶܠܰܝ   ܪܳܥܝܳܐ ܕܰܙܩܺܝܠ ܘܰܦܐܶܐ ܕܰܢܩܶܦ ܗܳܝ ܨܽܘܚܺܝܬܳܐ   ܒܰܥܓܰܠ ܠܛܰܠܝܽܘܬܳܐ
1,Nisibis,29,7,Nisibis 29:7,ܒܣܳܒܳܐ ܡܨܰܚܶܝܢ ܠܺܝ   ܒܢܰܟܦܳܐ ܡܦܰܪܣܺܝܢ ܠܺܝ ܕܳܐܦ ܠܳܐ ܟܝܳܢܳܐ ܡܳܪܝ̱   ܝܰܗ̱ܒ ܕܬܶܬܩܰܪܰܒ ܡܶܠܬܳܐ ܕܨܽܘܚܺܝܬܳܐ   ܒܰܥܓܰܠ ܠܣܰܝܒܽܘܬܳܐ
1,Nisibis,29,8,Nisibis 29:8,ܠܳܐ ܨܺܝܡ ܠܗܽܘܢ ܥܰܡܶܗ   ܠܳܐ ܫܗܺܝܪ ܠܗܽܘܢ ܥܰܡܶܗ ܕܣܳܒܳܐ ܕܠܰܥܼܠܰܝܡ̈ܶܐ   ܡܳܠܐܳܐ ܒܥܺܝܪܽܘܬܶܗ ܒܳܥܽܘܬܝ̱ ܕܢܺܐܬܽܘܢ ܡܳܪܝ̱   ܥܰܡܶܗ ܠܦܽܘܚܳܡܳܐ
1,Nisibis,29,9,Nisibis 29:9,ܡܶܣܟܺܝܢ ܘܥܰܬܺܝܪܺܝܢ   ܡܫܰܝܰܢ ܘܚܳܪ̈ܝܳܝܺܢ ܒܰܣܺܝܡ ܘܥܰܙܺܝܙܺܝܢ   ܡܰܟܺܝܟ ܘܛܳܠܽܘܡܺܝܢ ܕܰܐܟܒܰܪ ܒܡܽܘܟܳܟܶܗ   ܐܶܣܬܪܰܚܘ̱ ܘܶܐܫܬܰܥܠܺܝܘ
1,Nisibis,29,10,Nisibis 29:10,ܒܓܰܒܪܳܐ ܕܰܡܠܶܐ ܪ̈ܰܚܡܶܐ   ܗܘܰܘ ܡܳܪܝ̱ ܕܠܳܐ ܪ̈ܰܚܡܶܐ ܕܰܨܥܰܪܘ̱ ܠܰܐܒܽܘܗܽܘܢ   ܘܰܠܐܶܡܗܽܘܢ ܦܰܪܣܺܝܘ ܥܰܒܕܽܘܢܝ̱ ܒܗܰܘ ܣܳܒܳܐ   ܣܳܒܬܳܐ ܡܰܨܚܰܝܬܳܐ
1,Nisibis,29,11,Nisibis 29:11,ܘܡܰܢܽܘ ܕܠܳܐ ܢܶܒܟܳܐ   ܕܰܠܐܰܝܟܳܐ ܡܛܳܬ ܚܰܪܬܝ̱ ܕܶܐܬܝܰܩܪܰܬ ܛܰܠܝܽܘܬܝ̱   ܘܶܐܨܛܰܥܪܰܬ ܣܰܝܒܺܘܬܝ̱ ܒ̈ܢܰܝ ܐܶܙܠ̱ܽܘܢܝ̱ ܘܰܗ̇ܘܺܝܬ   ܚܶܣܕܳܐ ܠܙܳܩ̈ܽܘܦܶܐ
1,Nisibis,29,12,Nisibis 29:12,ܬܰܩ̈ܢܰܝ ܥܢܰܕܘ̱ ܘܰܦܪܰܫܘ̱   ܘܫܰܒܩܽܘܢܝ̱ ܠܡܽܘܝܳܩܳܐ ܕܚ̈ܰܢܦܶܐ ܒܥܶܠܰܬܗܽܘܢ   ܚܳܓܘ̱ ܡܶܢ ܩܕܳܡ ܐܰܦܰܝ̈ ܟܽܠ ܐ̱ܢܳܫ ܒܨܶܒܥܶܗ ܗܽܘ   ܝܰܘܡܳܢ ܡܚܰܘܶܐ ܠܺܝ
1,Nisibis,29,13,Nisibis 29:13,ܗܳܐ ܐܶܬܕܒܰܪܘ̱ ܛܰܪ̈ܩܰܝ   ܓܡܺܝܪ̈ܰܝ ܘܢܰܨ̈ܺܝܚܝ̱ ܕܥܰܒܕܽܘܢܝ̱ ܡܟܰܠܰܠܬܳܐ   ܚܣܺܝܡܰܬ ܒܓܰܘ ܬܺܒܶܝܠ ܘܕܰܗܘܺܝܬ ܡܫܰܡܰܗܬܳܐ   ܗܘܺܝܬ ܠܺܝ ܡܚܰܣܰܕܬܳܐ
1,Nisibis,29,14,Nisibis 29:14,ܕܚܰܕ ܚܰܕ ܒܕܽܘܒܳܪ̈ܰܘܗ̱ܝ   ܝܰܩܪܽܘܢܝ̱ ܒܢܰܨ̈ܺܚܢܶܐ ܚ̈ܰܢܦܶܐ ܘܢܽܘܟܪ̈ܳܝܶܐ   ܝܰܩܪܽܘܢܝ̱ ܒܥܶܠܰܬܗܽܘܢ ܝܰܘܡܳܢ ܐܳܦ ܡܶܢ ܕܺܝܠܝ̱   ܗܳܐ ܡܳܪܝ̱ ܒܣܺܝܪܳܐ ܐ̱ܢܳܐ
1,Nisibis,29,15,Nisibis 29:15,ܐܰܝܟܳܐ ܡܛܰܘ ܢܰܟ̈ܦܰܝ   ܢܰܨ̈ܚܰܝ ܒܨܰܘܡܰܝ̈ܗܽܘܢ ܐܰܡܺܝ̈ܢܶܐ ܠܛܳܒ̈ܳܬܳܐ   ܚ̈ܦܺܝܛܰܝ ܒܣܽܘܥܪ̈ܳܢܶܐ ܠܰܝܬܰܘܗ̱ܝ ܠܗܰܘ ܛܰܥܡܳܐ   ܕܠܰܝܬܶܝܗ̇ ܠܗܳܝ ܡܶܠܚܳܐ
1,Nisibis,29,16,Nisibis 29:16,ܒܚܰܕ ܡܶܢܗܽܘܢ ܡܰܠܟܳܐ   ܡܨܶܐ ܗܘܳܐ ܕܢܶܬܪܰܥܶܐ ܘܒܰܬܪ̈ܶܝܢ ܕܢܶܬܒܰܝܰܐ   ܘܢܶܚܕܶܐ ܡܠܶܟ ܡ̈ܰܠܟܶܐ ܓܒܰܝܬ ܕܰܒܰܪܬ ܐܶܢܽܘܢ   ܚܰܕ ܚܰܕ ܠܩܽܘܪܒܳܢܳܟ
1,Nisibis,29,17,Nisibis 29:17,ܦܳܠܚ̈ܰܝ ܟܢܰܫܘ̱ ܦܺܐܪ̈ܰܝ   ܓܡܺܝܪ̈ܶܐ ܘܒܰܣܺܝ̈ܡܶܐ ܗܘܳܐ ܛܰܥܡܗܽܘܢ ܩܽܘܫܬܳܐ   ܘܚܰܠܝܽܘܬܗܽܘܢ ܚܽܘܒܳܐ ܝܰܘܡܳܢ ܦܟܼܰܗܘ̱ ܦܺܐܪ̈ܰܝ   ܕܰܢܓܰܪ ܥܠܰܝ ܣܰܬܘܳܐ
1,Nisibis,29,18,Nisibis 29:18,ܣܰܬܘܳܐ ܟܰܣܝܳܐ ܘܣܰܢܝܳܐ   ܒܬܰܠܓ̈ܰܘܗ̱ܝ ܘܒܰܓܠܺܝܕ̈ܰܘܗ̱ܝ ܠܰܣܡܳܕܪܐ ܥܰܘܪܶܗ   ܕܡܶܢܶܗ ܕܡܽܘܥܺܝܬܶܗ ܟܪܺܝܗ ܗܽܘ ܒܬܽܘܠܡܳܕܶܗ   ܘܰܡܪܰܥ ܒܫܽܘܪܳܝܶܗ
1,Nisibis,29,19,Nisibis 29:19,ܫܽܘܦܪܳܐ ܥܼܠܰܒ ܘܰܙܟܼܳܐ   ܕܛܰܪ̈ܦܶܐ ܕܰܒܗܰܘ ܙܰܒܢܳܐ ܠܦܺܐܪ̈ܶܐ ܕܝܰܘܡܳܢܳܐ   ܒܰܘܥܳܪܗܽܘܢ ܣܰܓܺܝ ܚܰܒܺܝܒ ܕܩܰܕܡܳܝ̈ܶܐ   ܡܶܢ ܛܥܶܢܬܳܐ ܕܝܰܘܡܳܢ
1,Nisibis,29,20,Nisibis 29:20,ܩܰܝ̈ܛܶܐ ܗ̱ܘܰܘ ܣܰܬ̈ܘܶܐ   ܘܶܐܒܰܕܘ̱ ܠܛܽܘ̈ܟܣܶܐ ܘܰܬܡܰܗܘ̱ ܘܩܳܡܘ̱ ܦܺܐܪ̈ܶܐ   ܘܡܶܕܪܽܘ ܠܛܰܥܡ̈ܰܝܗܽܘܢ ܕܰܫܡܶܢ ܒܫܶܠ ܡܰܓܺܝܓ   ܕܰܒܟܰܪ ܒܟܽܘܠ ܦܰܟܺܝܗ
1,Nisibis,29,21,Nisibis 29:21,ܦܺܐܪܳܐ ܠܩܺܝܫܳܝܳܐ   ܐ̱ܚܪܳܝܳܐ ܐ̱ܚܝܳܢ ܣܰܬܘܳܐ ܪܺܝܚܶܗ ܘܛܰܥܡܶܗ ܒܶܗ   ܥܳܠܶܒ ܘܙܳܟܶܐ ܠܶܗ ܠܗܳܢܳܐ ܦܺܐܪܳܐ ܕܝܰܘܡܳܢ   ܕܰܒܫܼܶܠ ܒܓܰܘ ܩܰܝܛܳܐ
1,Nisibis,29,22,Nisibis 29:22,ܡܠܺܝ ܡܰܥܨܪ̈ܳܬܝ̱ ܘܰܫܦܰܥ   ܚܰܡܪܳܐ ܕܠܳܐ ܪܳܬܰܚ ܘܰܐܝܟ ܗܰܘ ܕܠܰܘ ܚܰܕܬܰܐ ܗ̱ܘ   ܕܚܽܘܒܶܗ ܫܠܳܐ ܘܢܰܫܺܝܫ ܡܶܢܶܗ ܕܚܕܰܬܳܐ ܡܳܪܝ̱   ܡܰܫܓܳܢܝ̱ ܘܥܰܬܺܝܩܳܐ
1,Nisibis,29,23,Nisibis 29:23,ܚܰܡܪܳܐ ܕܚܰܕܬ ܪܳܬܰܚ   ܘܰܐܝܢܳܐ ܕܰܥܬܶܩ ܡܰܬܺܝܢ ܚܰܡܪܶܗ ܕܗܳܢ ܕܳܪܳܐ   ܡܰܫܓܳܢܝ̱ ܒܬܰܪ̈ܬܰܝܗܶܝܢ ܚܽܘܒܶܗ ܘܠܳܐ ܪܳܬܰܚ   ܛܰܥܡܶܗ ܘܠܳܐ ܡܰܬܺܝܢ
1,Nisibis,29,24,Nisibis 29:24,ܘܰܚܠܳܦ ܕܘܳܠܶܐ ܗ̱ܘܳܐ   ܕܢܶܪܬܰܚ ܒܚܰܠܝܽܘܬܶܗ ܒܚܶܡܬܳܐ ܠܚܽܘܕ ܪܳܬܰܚ   ܕܪܽܘܓܙܳܐ ܡܰܗܦܶܟ ܠܶܗ ܠܳܟ ܗ̱ܽܘ ܡܶܟܺܝܠ ܓܰܠܝܳܐ   ܚܰܪܬܳܐ ܕܳܡܢܳܐ ܗܺܝ
1,Nisibis,29,25,Nisibis 29:25,ܠܳܐ ܥܳܕܠܳܐ ܐ̱ܢܳܐ ܡܳܪܝ̱   ܕܣܰܬܘܰܐ ܗ̱ܘ ܢܓܰܪ ܣܰܓܺܝ ܓܰܪܒܝܳܐ ܢܶܫܒܰܬ ܣܰܓܺܝ   ܘܒܳܗ̇ ܬܰܝܡܢܳܐ ܩܪܳܬ ܘܗܺܝ ܓܰܪܒܝܳܐ ܕܨܰܚܘܳܐ   ܥܰܝܡܳܐ ܥܠܰܝ ܥܶܒܕܰܬ
1,Nisibis,29,26,Nisibis 29:26,ܘܰܐܝܟܰܢ ܕܬܰܠܡ̈ܺܝܕܶܐ   ܐܰܥܺܝܪܽܘܟ ܒܓܰܘ ܝܰܡܳܐ ܘܩܳܡܬ ܗܘܰܝܬ ܘܰܒܩܳܠܳܟ   ܦܣܰܩܬܶܗ ܠܥܰܠܥܳܠܳܐ ܫܡܼܰܥ ܡܳܪܝ̱ ܒܩܳܠ ܕܶܡ̈ܥܶܐ   ܕܟܽܠܝܽܘܡ ܡܥܺܝܪ̈ܳܢ ܠܳܟ
1,Nisibis,29,27,Nisibis 29:27,ܡܶܢ ܬܰܝܡܢܳܐ ܟܬܺܝܒ ܡܳܪܝ̱   ܕܶܐܬܰܝܬ ܘܰܫܪܰܝܬܳܝܗ̱ܝ ܐ̱ܓܠܺܝܕܳܐ ܕܡܶܨܪ̈ܳܝܶܐ   ܘܰܐܦܪܰܥ ܢܦܰܦ ܥܰܡܳܐ ܣܰܪܗܶܒ ܥܒܶܕ ܩܰܝܛܳܐ   ܦܨܺܝܚܳܐ ܕܡܰܦܨܰܚ ܠܰܢ
1,Nisibis,29,28,Nisibis 29:28,ܒܶܗ ܢܶܒܫܠܽܘܢ ܦܺܐܪ̈ܰܝ   ܒܶܗ ܢܶܫܡܢܽܘܢ ܙܰܪ̈ܥܰܝ ܒܶܗ ܢܶܫܦܪܽܘܢ ܙܰܒ̈ܢܰܝ   ܒܶܗ ܢܶܥܒܪܽܘܢ ܚ̈ܰܫܰܝ ܒܶܗ ܢܶܫܠܡܽܘܢ ܐܶܒ̈ܺܠܰܝ   ܘܒܶܗ ܢܶܪܥܡܽܘܢ ܥܺܐܕ̈ܰܝ
1,Nisibis,29,29,Nisibis 29:29,ܢܶܣܓܽܘܢ ܚܰܕ ܒܰܡܳܐܐ   ܦܺܐܪ̈ܰܝ ܒܛܰܝܒܽܘܬܳܟ ܕܗܽܘ ܗܰܘ ܝܽܘܬܪܳܢܳܐ   ܢܺܐܬܶܐ ܐܰܝܟ ܪܰܒܰܝܬܳܐ ܠܰܐܪܥܳܐ ܕܒܰܛܶܠܬܶܗ   ܚܶܨܕܳܐ ܒܓܰܘ ܣܰܬܘܳܐ
1,Nisibis,29,30,Nisibis 29:30,ܟܰܦܢܳܐ ܟܰܣܝܳܐ ܗܘܳܐ ܗ̱ܘܳܐ   ܘܰܙܥܼܰܪ ܥܒܽܘܪ ܩܽܘܫܬܳܐ ܘܓܰܪܕܺܝ ܠܚܶܡ ܚܽܘܒܳܐ   ܘܡܶܢ ܟܰܦܢܗܽܘܢ ܐ̱ܢܳܫܳܐ ܐܶܙܕܪܰܩܘ̱ ܠܟܽܠ ܦܶܢ̈ܝܳܢ   ܘܶܐܫܬܕܺܝܘ ܠܟܽܠ ܓܰܒ̈ܺܝܢ
1,Nisibis,29,31,Nisibis 29:31,ܠܰܐܝܢܳܐ ܕܨܳܒܶܐ ܡܳܪܝ̱   ܐܰܘܨܪܳܟ ܡܠܶܐ ܣܶܒܥܳܐ ܕܶܐܢ ܐܰܘܨܪܶܗ ܕܝܰܘܣܶܦ   ܦܰܪܢܶܣ ܠܟܰܦܢܽܘܬܳܐ ܡܬܰܪܣܰܐ ܗ̱ܘ ܚܰܕ ܒܰܡܳܐܐ   ܐܰܘܨܪܳܟ ܠܗܰܝܡܳܢܽܘܬܝ̱
1,Nisibis,29,32,Nisibis 29:32,ܗܰܒ ܠܰܢ ܘܰܐܣܓܳܐ ܠܰܢ   ܣܰܒܥܶܗ ܕܝܽܘܠܦܳܢܳܟ ܨܰܘܡܳܐ ܚܰܕ ܒܰܬܠܳܬܺܝܢ   ܢܺܐܬܶܐ ܚܽܘܒܳܐ ܒܶܫܬܺܝܢ ܫܪܳܪܳܟ ܠܚܽܘܕ ܒܰܡܳܐܐ   ܢܺܐܬܶܐ ܒܟܽܠ ܛܳܒ̈ܳܢ
1,Nisibis,29,33,Nisibis 29:33,ܐܰܢ̱ܬ ܗ̱ܽܘ ܐܶܡܰܪܬ ܕܶܐܦܪܽܘܥ   ܫ̈ܢܰܝܳܐ ܕܶܐܟܰܠ ܩܰܡܨܳܐ ܙܳܚܠܳܐ ܘܨܰܪܨܽܘܪܳܐ   ܠܺܝ ܡܳܪܝ̱ ܦܪܽܘܥ ܝܰܬܺܝܪ ܕܩܶܡܨܳܐ ܟܰܣܝܳܐ ܐܳܟܠܳܗ̇   ܘܙܰܪܥܳܗ̇ ܠܗܰܝܡܳܢܽܘܬܝ̱
1,Nisibis,29,34,Nisibis 29:34,ܐܰܪܥܳܐ ܕܕܳܪ̈ܽܘܫܶܐ   ܚܰܩܠܳܐ ܕܰܡܗܰܠܰܝܗܽܘܢ ܫܒܳܬ ܒܪܽܘܚ ܛܽܘܥܝܰܝ   ܘܰܗܘܼܳܐ ܟܰܦܢܳܐ ܠܢܰܦܫܳܐ ܐܰܝܕܳܐ ܕܠܳܐ ܐܰܣܢܶܬ   ܩܽܘܫܬܳܐ ܒܰܪ ܥܰܝܢܳܗ̇
1,Nisibis,29,35,Nisibis 29:35,ܐܟܪܝ ܟܪܽܘܒ ܠܰܐܪ̈ܥܳܬܝ̱   ܘܬܼܢܝ ܘܰܬܠܳܬ ܡܳܪܝ̱ ܐܳܦ ܓܶܝܪ ܬܠܺܝܬܳܝܳܐܺܝܬ   ܐܰܥܡܕܰܬ ܘܰܐܚܺܝܬܳܗ̇ ܠܰܐܪܥܳܐ ܕܢܰܦܫ̈ܳܬܰܢ   ܘܥܺܕ̱ܬܳܐ ܕܪ̈ܽܘܚܳܬܰܢ
1,Nisibis,29,36,Nisibis 29:36,ܘܰܬܢܰܘ ܘܳܐܦ ܬܠܳܬܰܘ   ܫ̈ܠܺܝܚܶܐ ܘܰܙܪܰܥܼܘ̱ ܘܰܚܨܰܕܘ̱ ܘܡܶܢܳܗ̇ ܕܗܳܝ ܟܬܳܐ   ܐܶܬܝܰܒܠܰܬ ܘܶܐܬܳܬ ܘܥܶܬܪܰܬ ܡܶܠܰܬ ܐܰܪܥܳܐ   ܒܽܐܘܨܳܪܳܐ ܕܝܽܘܠܦܳܢܳܐ
1,Nisibis,29,37,Nisibis 29:37,ܘܰܐܝܟܰܢ ܕܳܐܦ ܫܶܪܫܳܗ̇   ܝܳܒܶܠ ܡܼܛܳܐ ܨܶܐܕܰܝܢ ܗܳܟܰܢ ܡܝܰܒܶܠ ܬܽܘܒ   ܥܕܰܡܳܐ ܠܡܶܐܬܺܝܬܳܟ ܕܡ̈ܰܠܟܶܐ ܒܣܰܝ̈ܦܰܝܗܽܘܢ   ܠܳܐ ܐܶܬܡܨܺܝܘ ܦܰܣܩܽܘܗ̇
1,Nisibis,29,38,Nisibis 29:38,ܟܡܳܐ ܡܳܪܝ̱ ܕܶܐܬܶܠ ܠܳܟ   ܣܰܓܺܝ ܙܥܽܘܪ̈ܳܢ ܠܳܟ ܘܰܟܡܳܐ ܕܬܶܬܶܠ ܠܺܝ   ܬܽܘܒ ܫܳܐܠܳܐ ܝܰܥܢܽܘܬܝ̱ ܠܕܺܝܠܰܢ ܟܦܼܶܢ ܚܽܘܒܳܟ   ܠܕܺܝܠܳܟ ܨܗܶܐ ܣܽܘܢܩܳܢܝ̱
1,Nisibis,29,39,Nisibis 29:39,ܬܰܪܥܺܝܬܝ̱ ܬܗܶܐ ܐܰܪܥܳܟ   ܟܪܽܘܒܶܝܗ̇ ܒܫܶܡ ܐܰܒܽܘܟ ܘܬܶܢܝܳܗ̇ ܒܫܶܡ ܝܰܠܕܳܟ   ܬܠܳܬ ܒܪܽܘܚ ܩܽܘܕܫܳܟ ܘܰܟܦܳܐ ܕܬܶܫܒܽܘܚܬܳܐ   ܬܶܣܰܩ ܠܫܳܠܽܘܚܳܟ
1,Nisibis,29,40,Nisibis 29:40,ܕܰܦܢܺܝܬܳܐ ܠܺܝ ܝ̈ܰܠܕܰܝ   ܘܰܐܩܦܰܬ ܠܺܝ ܪ̈ܚܽܘܡܰܝ ܕܶܐܢ ܡܳܪܝ̱ ܦܳܪܰܚܬܳܐ   ܚܳܕܝܳܐ ܒܦܰܪ̈ܽܘܓܶܝܗ̇ ܡܶܢ ܕܠܳܐ ܬܶܚܕܶܐ   ܒܨܰܘܬܳܐ ܕܚܰܒܺܝ̈ܒܶܝܗ̇
1,Nisibis,29,41,Nisibis 29:41,ܢܶܫܬܰܘܕܥܽܘܢ ܩܳܠܳܐ   ܕܶܐܡܗܽܘܢ ܒܛܰܝܒܽܘܬܳܟ ܘܢܶܣܬܰܪܗܒܽܘܢ ܨܶܐܕܰܝ   ܢܬܽܘܒܽܘܢ ܘܢܶܦܢܽܘܢ ܠܺܝ ܘܶܐ̱ܢܳܐ ܘܗܳܢܽܘܢ ܡܳܪܝ̱   ܢܰܘܕܶܐ ܒܚܰܕ ܩܽܘܫܬܳܐ
1,Nisibis,30,1,Nisibis 30:1,ܘܰܐܝܟܰܢ ܕܰܚ̈ܛܶܐ ܒܶܪܝ̱   ܡܰܐܕܰܬܓܡܰܪ ܫܰܠܚܳܝܗ̱ܝ ܠܥܽܘܪܳܐ ܕܠܳܐ ܙܳܕܶܩ   ܕܰܗܘܼܳܐ ܚܠܺܝܛ ܒܗܶܝܢ ܗܳܟܰܢ ܫܠܼܰܚܘ̱ ܟܺܐܢ̈ܶܐ   ܡܶܕܶܡ ܕܠܳܐ ܥܰܕܰܪ
1,Nisibis,30,2,Nisibis 30:2,ܡܽܘܫܶܐ ܘܕܳܢܺܝܐܶܝܠ   ܡܗܺܝܪ̈ܶܐ ܘܚ̈ܰܟܺܝܡܶܐ ܝܰܘ̈ܢܶܐ ܕܶܐܬܥܪܰܡ   ܒܰܝܢܳܬ ܚܘ̈ܰܘܳܬܳܐ ܚܰܕ ܐܶܬܪܕܺܝ ܒܡܶܨܪܶܝܢ   ܐ̱ܚܪܺܢܳܐ ܒܓܰܘ ܒܳܒܶܠ
1,Nisibis,30,3,Nisibis 30:3,ܫܒܼܰܩ ܚܰܕ ܕܚ̈ܰܠܳܫܶܐ   ܐ̱ܚܪܺܢܳܐ ܕܟܰܠܕ̈ܳܝܶܐ ܚܶܟܡܬܳܐ ܕܒܰܟܝܳܢܳܐ   ܫܰܘܬܶܦܘ̱ ܠܫܰܒܪܽܘܬܳܐ ܒܰܕܡܽܘܬ ܢܰܗܺܝܪܳܐ   ܐ̱ܚܝܳܢܳܐ ܕܒ̈ܳܒܳܬܳܐ
1,Nisibis,30,4,Nisibis 30:4,ܨܢܺܝܥܺܝܢ ܒܪܺܝܪܺܝܢ ܗ̱ܘܰܘ   ܥܪܺܝܡܺܝܢ ܦܫܺܝܛܺܝܢ ܗ̱ܘܰܘ ܫܦܶܝܢ ܗ̱ܘܰܘ ܘܦܳܪܽܘܫܺܝܢ   ܡܗܺܝܪܺܝܢ ܘܬܰܡܺܝܡܺܝܢ ܚܙܰܘ ܛܳܒܬܳܐ ܠܰܒܫܽܘܗ̇   ܚܙܰܘ ܒܺܝܫܬܳܐ ܫܰܠܚܽܘܗ̇
1,Nisibis,30,5,Nisibis 30:5,ܘܰܐܝܟ ܐ̱ܢܳܫܳܐ ܕܠܳܐ ܪܕܳܐ   ܒܽܐܘܪܚܳܐ ܕܠܳܐ ܝܳܕܰܥ ܠܳܐ ܝܳܕܥܺܝܢ ܗ̱ܘܰܘ ܠܳܗ̇   ܠܽܐܘܪܚܶܗ ܕܚܶܫܽܘܟܳܐ ܒܰܚܕܰܐ ܗ̱ܘ ܡܦܣܺܝܢ ܗ̱ܘܰܘ   ܐܽܘܪܚܶܗ ܕܢܰܗܺܝܪܳܐ
1,Nisibis,30,6,Nisibis 30:6,ܠܘܳܬ ܒܺܝܫܬܳܐ ܫܰܒܪ̈ܶܐ   ܠܘܳܬ ܪܶܓܬܳܐ ܚܣ̈ܺܝܠܶܐ ܛ̈ܠܳܝܶܐ ܠܪܳܡܽܘܬܳܐ   ܓܡܺܝܪ̈ܶܐ ܠܘܳܠܺܝܬܳܐ ܛܰܪ̈ܩܶܐ ܠܙܰܗܝܽܘܬܳܐ   ܘܢܰܟ̈ܦܶܐ ܠܕܰܟܝܽܘܬܳܐ
1,Nisibis,30,7,Nisibis 30:7,ܡܰܢܽܘ ܚܙܳܐ ܡܶܢ ܡܬܽܘܡ   ܕܺܐܒ̈ܶܐ ܕܪ̈ܰܒܳܢܶܐ ܗܘܰܘ ܠܶܐܡܪ̈ܶܐ ܢܰܟ̈ܦܶܐ   ܠܝܰܘ̈ܢܶܐ ܚ̈ܘܰܘܳܬܳܐ ܘܰܠܨܰܦܪܳܐ ܢ̈ܶܨܶܐ   ܕܢܺܐܠܦܽܘܢ ܥܝ̈ܳܕܰܝܗܽܘܢ
1,Nisibis,30,8,Nisibis 30:8,ܒܺܝܫܰܐ ܗ̱ܘ ܚܼܠܰܛ ܐܰܚܰܝ̈   ܡܶܐܪܬܶܗ ܒܚܰܠܝܽܘܬܳܐ ܘܚܶܫܟܶܗ ܒܢܰܗܺܝܪܳܐ   ܘܙܺܐܦܶܗ ܒܓܰܘ ܩܽܘܫܬܳܐ ܘܒܶܝܫܬܶܗ ܒܛܰܝܒܽܘܬܳܐ   ܘܥܰܘܠܶܗ ܒܟܺܐܢܽܘܬܳܐ
1,Nisibis,30,9,Nisibis 30:9,ܡܳܐܢ̈ܶܐ ܓܒܳܐ ܗܘܳܐ ܠܶܗ   ܕܟܰܝ̈ܳܐ ܘܩܰܕܺܝ̈ܫܶܐ ܘܰܢܣܼܰܟ ܒܗܽܘܢ ܬܶܛܪܶܗ   ܣܝܳܢܶܗ ܡܠܳܐ ܐܶܢܽܘܢ ܝܽܘܠܦܳܢ ܚܰܪ̈ܳܫܶܐ   ܘܡܺܐܡܪܳܐ ܕܟܰܠܕ̈ܳܝܶܐ
1,Nisibis,30,10,Nisibis 30:10,ܘܰܐܓܰܪ ܘܰܐܘܚܰܪ ܗ̱ܘܳܐ   ܬܰܛܪܶܗ ܒܕܰܟܝܽܘܬܳܐ ܕܰܐܟܒܰܪ ܢܥܺܝܕ ܩܽܘܫܬܳܐ   ܥܰܡܶܗ ܕܚܶܫܽܘܟܳܐ ܘܢܶܛܥܶܐ ܘܢܳܕܶܫ ܗ̱ܘܳܐ   ܫܪܳܪܳܐ ܒܓܰܘ ܫܽܘܩܪܳܐ
1,Nisibis,30,11,Nisibis 30:11,ܘܰܪܢܳܐ ܕܶܐܢ ܬܶܗܘܶܐ   ܟܽܠܳܗ̇ ܕܝܽܘܬܪܳܢܳܐ ܗ̱ܝ ܟܰܕ ܗܼܺܝ ܕܚܽܘܣܪܳܢܳܐ ܗ̱ܝ   ܕܰܗܘܼܳܐ ܡܕܺܝܠ ܬܶܛܪܶܐ ܣܝܳܢܳܐ ܕܝܽܘܠܦܳܢܶܗ   ܒܦܽܘܡ̈ܶܐ ܒ̈ܢܰܝ ܩܽܘܫܬܳܐ
1,Nisibis,30,12,Nisibis 30:12,ܘܰܪܢܳܐ ܕܶܐܢ ܗܼܽܘ ܕܡܰܪܕܽܘ   ܫ̈ܦܰܝܳܐ ܘܰܫܕܰܘ ܬܶܛܪܶܐ ܕܰܢܣܰܟ ܒܗܽܘܢ ܚܰܪܡܳܐ   ܠܳܐ ܡܶܫܟܚܳܐ ܕܠܰܓܡܳܪ ܠܳܐ ܢܦܽܘܫ ܒܗܽܘܢ ܛܰܥܡܳܐ   ܘܗܰܘܦܳܐ ܕܝܽܘܠܦܳܢܶܗ
1,Nisibis,30,13,Nisibis 30:13,ܗܳܟܰܢ ܢܟܶܠ ܛܰܘܶܫ   ܡܳܐܢ̈ܶܐ ܕܬܶܫܡܶܫܬܳܐ ܕܡܶܟܽܝܠ ܕܶܐܬܛܰܘܰܫܘ̱   ܠܳܐ ܡܨܶܝܢ ܕܢܶܬܕܰܟܽܘܢ ܕܢܶܦܣܽܘܩ ܣܒܰܪ ܥܰܡܳܐ   ܕܠܳܐ ܢܚܽܘܪ ܠܦܽܘܢܳܝܳܐ
1,Nisibis,30,14,Nisibis 30:14,ܘܰܒܗܼܶܬ ܒܬܰܪ̈ܬܰܝܗܶܝܢ   ܡܳܐܢ̈ܶܐ ܕܒܰܟܝܳܢܳܐ ܠܳܐ ܐܶܬܡܨܺܝ ܛܰܘܶܫ   ܕܡܳܪܗܽܘܢ ܬܒܰܥ ܐܶܢܽܘܢ ܕܗܳܝ ܦܶܣܬܳܐ ܕܺܐܝܕܳܐ   ܐ̱ܬܳܬ ܕܰܟܝܰܬ ܐܶܢܽܘܢ
1,Nisibis,30,15,Nisibis 30:15,ܟܬܳܒܳܗ̇ ܗ̱ܘܳܐ ܫܶܦܥܳܐ   ܘܰܗܘܼܳܐ ܐܳܦ ܦܽܘܫܳܩܳܗ̇ ܨܰܪܦܳܐ ܒܓܰܘ ܟܽܘܪܳܐ   ܘܒܺܐܕܳܐ ܕܕܳܢܺܝܐܶܝܠ ܐܶܬܡܪܰܩܘ̱ ܘܶܐܬܕܰܟܺܝܘ   ܘܰܫܦܼܰܪܘ̱ ܘܶܐܬܚܰܠܰܠܘ̱
1,Nisibis,30,16,Nisibis 30:16,ܘܕܰܢܦܼܰܩܘ̱ ܒܫܺܝܛܽܘܬܳܐ   ܦܢܰܘ ܥܰܠܘ̱ ܒܙܰܗܝܽܘܬܳܐ ܕܰܢܦܼܰܩܘ̱ ܒܓܽܘܕܳܦܳܐ   ܐܶܬܚܡܶܠܘ̱ ܒܩܽܘܠܳܣܳܐ ܕܶܐܬܗܰܦܰܟܘ̱ ܒ̈ܢܰܝ ܛܽܘܥܝܰܝ   ܘܫܰܒܚܽܘܗ̱ܝ ܠܡܳܪܶܐ ܟܽܠ
1,Nisibis,30,17,Nisibis 30:17,ܡܳܐܢ̈ܶܐ ܕܒܰܟܝܳܢܳܐ   ܐܰܟܣܽܘܗ̱ܝ ܕܠܳܐ ܟܝܳܢܳܐ ܡܳܐܢ̈ܶܐ ܕܚܺܐܪܽܘܬܳܐ   ܐܰܟܣܽܘܗ̱ܝ ܒܨܶܒܝܳܢܳܐ ܡܳܐܢ̈ܶܐ ܡܠܰܘ ܩܽܘܫܬܳܐ   ܘܰܐܣܪܰܚܘ̱ ܫܪܳܪܰܝܗܽܘܢ
1,Nisibis,30,18,Nisibis 30:18,ܡܳܐܢ̈ܶܐ ܕܰܡܠܶܝܢ ܗ̱ܘܰܘ ܬܽܘܒ   ܒܨܶܒܝܳܢܗܽܘܢ ܫܽܘܩܪܳܐ ܐܶܬܟܦܺܝܘ ܘܶܐܣܬܰܦܰܩܘ̱   ܘܶܐܬܶܐܫܶܕܘ̱ ܘܶܐܣܬܰܪܰܩܘ̱ ܒܺܝܫܳܐ ܠܐܺܝ ܕܢܰܬܼܩܶܢ   ܘܡܶܕܪܺܝܫ ܕܢܰܡܠܶܐ ܐܶܢܽܘܢ
1,Nisibis,30,19,Nisibis 30:19,ܡܽܘܫܶܐ ܥܣܰܪ ܙܰܒ̈ܢܺܝܢ   ܟܦܳܐ ܐܶܢܽܘܢ ܒܓܰܘ ܡܶܨܪܶܝܢ ܘܰܐܘܣܶܦ ܐܳܦ ܕܳܢܺܝܐܶܝܠ   ܟܦܳܐ ܐܶܢܽܘܢ ܒܓܰܘ ܒܳܒܶܠ ܡܳܪܰܢ ܬܼܒܰܪ ܐܶܢܽܘܢ    ܘܥܽܘܪܳܐ ܥܼܒܰܕ ܐܶܢܽܘܢ
1,Nisibis,30,20,Nisibis 30:20,ܡܳܐܢ̈ܶܐ ܒ̈ܢܰܝ ܩܽܘܫܬܳܐ   ܩܛܺܝܪܳܐ ܡܠܳܐ ܐܶܢܽܘܢ ܘܗܼܶܢܽܘܢ ܠܗܽܘܢ ܣܰܦܶܩܘ̱   ܘܰܚܠܳܦ ܡܶܪܬܳܐ ܕܶܐܫܰܕ ܚܽܘܒܳܐ ܚܰܠܝܳܐ ܘܩܽܘܫܬܳܐ   ܗܼܶܢܽܘܢ ܒܗܽܘܢ ܢܣܼܰܟܘ ܬܽܘܒ
1,Nisibis,30,21,Nisibis 30:21,ܚܢܰܢ ܕܶܝܢ ܕܦܳܪܽܘܩܰܢ   ܫܪܳܪܶܗ ܢܣܼܰܟ ܘܰܡܠܳܢ ܡܳܐܢܳܐ ܟܦܳܐ ܢܰܦܫܶܗ   ܘܶܐܬܶܐܫܰܕ ܒܨܶܒܝܳܢܶܗ ܘܰܗܼܦܰܟ ܡܠܳܐ ܥܽܘܒܶܗ   ܬܶܛܪܳܐ ܘܚܶܪܝܳܢܳܐ
1,Nisibis,30,22,Nisibis 30:22,ܒܪܺܝܟ ܐܰܢ̱ܬ ܥܳܒܽܘܕܰܢ   ܕܰܗܘܰܝܬ ܓܳܒܽܘܠܰܢ ܡܳܐܢ̈ܶܐ ܕܬܰܪܥܺܝܬܳܐ   ܥܒܰܕܬܳܢܝ̱ ܡܶܢ ܥܰܦܪܳܐ ܠܳܐ ܢܶܬܡܠܶܐ ܥܰܦܪܳܐ   ܚܠܳܦ ܣܺܝܡܬܳܐ ܕܩܽܘܫܬܳܐ
1,Nisibis,31,1,Nisibis 31:1,ܥܗܼܰܕ ܡܳܪܝ̱ ܨ̈ܠܰܘܳܬܶܗ   ܕܰܐܒܪܳܗܳܡ ܒܓܰܘ ܚܳܪܳܢ ܕܝܰܥܩܽܘܒ ܒܦܰܕܳܢܳܐ   ܘܒܰܝܰܐ ܠܣܳܓܽܘܕܳܟ ܕܰܫܩܼܰܠ ܠܒܼܶܫ ܐܶܢܽܘܢ   ܒܚܽܘܒܶܗ ܠܚܰܒܺܝ̈ܒܰܝܟ
1,Nisibis,31,2,Nisibis 31:2,ܘܰܫܼܦܰܪ ܒܨܶܒ̈ܬܰܝܗܽܘܢ   ܘܰܢܨܰܚ ܒܨܰܘܡ̈ܰܝܗܽܘܢ ܘܰܕܚܳܪ ܒܡܰܚܙܺܝܬܳܟ   ܐܰܘܣܶܦ ܫܼܦܰܪ ܣܰܓܺܝ ܢܰܟܦܳܐ ܕܡܶܢ ܟܽܠܳܗ̇   ܓܦܶܬܳܐ ܚܣܼܰܠ ܦܽܘܡܶܗ
1,Nisibis,31,3,Nisibis 31:3,ܡܥܳܕܳܐ ܗ̱ܝ ܡܳܪܝ̱ ܚܳܪܳܢ   ܕܰܬܥܺܝܩ ܠܒܶܝܬ ܝܰܥܩܽܘܒ ܛܳܠܽܘܡܬܳܐ ܕܥܰܡ̈ܠܰܘܗ̱ܝ   ܐܰܣܟܶܠ ܘܩܳܡ ܕܳܐܶܢ ܕܰܨܒܳܬ ܢܟܰܠ ܘܰܐܥܶܠ   ܚܳܬܳܐ ܚܠܳܦ ܚܳܬܳܗ̇
1,Nisibis,31,4,Nisibis 31:4,ܠܳܐ ܡܶܬܥܒܶܕ ܗܳܟܰܢ   ܒܰܐܬܪܰܢ ܐܡܰܪ ܠܳܒܳܢ ܥܺܝܕܳܟ ܢܦܺܝܣ ܥܠܰܝܟ  ܕܰܐܘ ܐܰܢ̱ܬ ܠܚܽܘܕ ܕܰܓܶܠ ܘܰܐܬܪܳܟ ܫܦܶܐ ܘܫܰܪܺܝܪ   ܐܰܘ ܒܳܟ ܛܒܺܝܥ ܐܰܬܪܳܟ
1,Nisibis,31,5,Nisibis 31:5,ܗܳܝ ܓܶܝܪ ܕܚܰܠܶܦܬܳܝܗ̱ܝ   ܠܰܐܓܪܶܗ ܥܣܰܪ ܙܰܒ̈ܢܺܝܢ ܘܡܶܟܳܐ ܘܰܠܟܳܐ ܫܕܰܝܬܳܝܗ̱ܝ   ܠܡܳܐ ܬܽܘܒ ܕܰܐܬܪܳܟ ܗ̱ܺܝ ܕܠܳܐ ܢܶܬܠܽܘܢ ܐܰܓܪܳܐ   ܕܡܳܐ ܕܩܰܨܘ̱ ܛܠܰܡܘ̱ ܕܰܓܶܠܘ̱
1,Nisibis,31,6,Nisibis 31:6,ܐܰܪܫܶܠ ܫܒܼܰܩ ܓܰܙܶܗ   ܘܰܣܠܼܶܩ ܕܢܶܬܟܰܬܰܫ ܥܰܡ ܗܰܘ ܕܣܰܝܒܰܪ ܗ̱ܘܳܐ    ܟܡܺܐ̈ܢܰܘܗ̱ܝ ܘܥܽܘܩ̈ܣܰܘܗ̱ܝ ܕܰܢܟܼܶܠ ܠܫܰܪܺܝܪܳܐ   ܘܚܰܣܶܕ ܠܫܰܦܺܝܪܳܐ
1,Nisibis,31,7,Nisibis 31:7,ܕܥܺܝܪܳܐ ܠܫܰܗܪܳܐ ܩܳܡ   ܒܽܐܘܪܚܳܐ ܘܰܒܓܰܘ ܚܳܪܳܢ ܚܳܒ ܒܫܶܢܬܶܗ ܠܳܒܳܢ   ܕܚܶܠܡܳܐ ܙܟܳܝܗ̱ܝ ܘܰܐܝܬܺܝ ܟܠܺܝܠܳܐ ܠܗܰܘ ܫܰܗܪܳܐ   ܐܰܓܪܳܐ ܕܥܺܝܪܽܘܬܶܗ
1,Nisibis,31,8,Nisibis 31:8,ܓܒܳܐ ܠܶܗ ܩܰܪ̈ܚܶܐ ܚܳܒ   ܘܶܐܙܕܰܟܺܝ ܒܚܶܘܳܪ̈ܶܐ ܩܪܰܚ ܦܝܳܣܶܟܝ̱ ܗ̱ܘܳܐ   ܠܳܒܳܢ ܒܫܽܘܚ̈ܠܳܦܰܘܗ̱ܝ ܥܢܳܢܰܐ ܗ̱ܘ ܕܚ̈ܽܘܠܳܦܶܐ   ܘܓܺܝܓܠܳܐ ܕܫܽܘܚ̈ܠܳܦܶܐ
1,Nisibis,31,9,Nisibis 31:9,ܡܳܪܶܗ ܚܼܙܳܐ ܥܰܡܠܶܗ   ܘܰܕܟܰܕ ܛܠܺܝܡ ܫܰܬܺܝܩ ܘܰܕܟܰܕ ܥܠܺܝܒ ܡܰܗܡܶܐ   ܘܕܰܐܣܓܺܝ ܨܠܰܘ̈ܳܬܶܗ ܟܰܠܠܶܗ ܒܢܶܨ̈ܚܳܢܶܐ   ܫܳܡܰܥ ܨܠܰܘ̈ܳܬܳܐ
1,Nisibis,31,10,Nisibis 31:10,ܣܳܒܳܐ ܐܶܠܺܝܥܳܙܳܪ   ܕܰܢܚܼܶܬ ܡܟܰܪ ܚܳܬܶܗ ܕܰܚܼܙܳܐ ܨܢܺܝܥܽܘܬܶܗ   ܒܟܽܠ ܡܰܘܗ̈ܒܳܢ ܛܰܡܪܶܗ ܕܠܳܒܳܢ ܠܒܺܝܫ ܗ̱ܘܳܐ ܠܶܗ   ܠܒܰܝܬܳܐ ܘܰܠܥܳܡܽܘܪ̈ܰܘܗ̱ܝ
1,Nisibis,31,11,Nisibis 31:11,ܓܰܡ̈ܠܶܐ ܥܣܰܪ ܛܥܼܶܢ ܗ̱ܘܳܐ   ܘܰܐܝܬܺܝ ܠܟܽܠ ܛܽܘ̈ܒܺܝܢ ܕܰܢܦܺܝܣ ܠܟܽܠ ܦܽܘܡܺܝ̈ܢ   ܙܰܒܢܳܗ̇ ܠܚܺܐܪܽܘܬܳܐ ܘܰܫܚܕܳܗ̇ ܠܟܰܦܢܽܘܬܳܐ   ܕܚܳܪܳܢ ܒܩܽܘܪ̈ܒܳܢܰܘܗ̱ܝ
1,Nisibis,31,12,Nisibis 31:12,ܐܳܦ ܗܰܘ ܗܕܺܝܪ ܐܰܦ̈ܶܐ   ܒܚܶܟܡܳܐ ܓܢܼܰܒ ܐܶܢܽܘܢ ܟܬܺܝܒ ܓܶܝܪ ܕܝܰܗ̱ܒ   ܠܰܐܒܽܘܗ̇ ܘܰܟܬܺܝܒ ܕܰܝܗ̱ܒ ܠܶܐܡܳܗ̇ ܒܠܳܒܳܢ ܣܦܳܐ ܘܰܐܣܼܓܺܝ   ܕܠܶܫܳܢܗܽܘܢ ܗܼܽܘ ܗ̱ܘܳܐ
1,Nisibis,31,13,Nisibis 31:13,ܥܺܝܕܶܗ ܐܶܬܳܐ ܕܢܶܒܥܶܐ   ܨܶܝܕ ܗܰܘ ܚܒܰܪ ܥܽܘܦܳܐ ܕܰܫܠܺܝܚ ܫܩܺܝܠ ܚܽܘܛܪܳܐ   ܢܺܝܫܳܐ ܕܰܙܩܺܝܦܽܘܬܳܐ ܕܡܶܣܟܺܝܢ ܗ̱ܘܳܐ ܘܰܫܦܶܐ   ܛܰܡܪܶܗ ܒܟܽܠ ܨ̈ܶܢܥܳܢ
1,Nisibis,31,14,Nisibis 31:14,ܢܰܟܠܽܘܗ̱ܝ ܒܓܰܘ ܥܳܢܳܐ   ܟܡܺܐܢ̈ܰܘܗ̱ܝ ܒܡܶܫܬܽܘܬܳܐ ܓܰܒܪܳܐ ܕܠܳܐ ܐܰܠܳܗ   ܘܰܐܝܟܰܢ ܡܨܶܐ ܕܰܢܫܰܪ ܒ̈ܢܳܬܶܗ ܣܢܳܐ ܘܥܰܠ ܡܰܢ   ܡܨܶܐ ܗ̱ܘܳܐ ܕܢܶܬܪܰܚܰܡ
1,Nisibis,31,15,Nisibis 31:15,ܫܰܦܝܳܐ ܠܢܳܟܽܘܠܳܐ   ܗܰܝܡܶܢܘ̱ ܒܫܽܘܘܕ̈ܳܝܰܘܗ̱ܝ ܡܶܛܽܘܠ ܕܶܐܣܬܰܬܰܪ   ܒܰܫܡܶܗ ܕܰܐܒܪܳܗܳܡ ܒܥܶܕܳܢ ܒܡܶܫܬܽܘܬܳܐ   ܢܟܼܶܠ ܡܰܨܥܶܗ ܠܚܰܬܢܳܐ
1,Nisibis,31,16,Nisibis 31:16,ܘܡܶܛܽܠ ܕܡܰܛܥܶܐ ܗ̱ܘܳܐ   ܒܓܶܢܣܶܗ ܕܰܐܒܪܳܗܳܡ ܝܰܥܩܽܘܒ ܗ̱ܘܳܐ ܟܽܘܪܳܐ   ܕܒܶܗ ܐܶܬܓܠܺܝ ܢܚܳܫܶܗ ܘܶܐܬܺܝܕܰܥ ܒܫܽܘܚ̈ܠܳܦܰܘܗ̱ܝ   ܕܰܣܢܐܶܐ ܗ̱ܘ ܕܒܶܝܬ ܐܺܝܣܚܳܩ
1,Nisibis,31,17,Nisibis 31:17,ܪܬܰܚ ܠܶܗ ܘܠܳܐ ܛܰܫܺܝ   ܒܺܝܫܬܶܗ ܕܰܢܨܰܛܒܶܬ ܩܛܺܝܪܳܐ ܐܶܡܼܰܪ ܕܰܟܠܳܢܝ̱   ܕܢܶܗܘܶܐ ܕܠܳܐ ܛܰܝܒܽܘ ܚܰܘܺܝ ܕܨܶܒܝܳܢܶܗ   ܣܰܩܽܘܒܠܰܐ ܗ̱ܘ ܕܬܰܪܥܽܘܬܳܐ
1,Nisibis,31,18,Nisibis 31:18,ܝܰܥܩܽܘܒ ܕܒܰܪ ܫܰܝܢܰܐ ܗ̱ܘ   ܚܼܕܺܝ ܒܶܗ ܒܗܰܘ ܫܰܝܢܳܐ ܘܙܰܒܢܶܗ ܒܫܳܪܽܘܬܳܐ   ܠܝܰܥܢܳܐ ܕܚܳܕܶܐ ܒܳܗ̇ ܟܺܐܢܳܐ ܠܟܺܐܢܳܐ ܩܳܡ   ܣܓܺܝܕܳܐ ܠܣܳܓܽܘܕܶܗ
1,Nisibis,31,19,Nisibis 31:19,ܕܶܐܬܚܣܶܡ ܣܰܢܝܳܐܺܝܬ   ܘܶܐܣܬܩܰܪ ܥܪܺܝܨܳܐܺܝܬ ܐܶܬܪܕܶܦ ܪܗܺܝܒܳܐܺܝܬ   ܘܨܰܠܺܝ ܬܟܺܝܒܳܐܺܝܬ ܘܶܐܬܦܪܶܩ ܬܡܺܝܗܳܐܺܝܬ   ܘܶܐܬܦܨܰܚ ܫܦܺܝܥܳܐܺܝܬ
1,Nisibis,31,20,Nisibis 31:20,ܠܳܒܳܢ ܚܼܙܳܐ ܕܠܳܟ ܡܳܐ   ܕܰܥܒܼܰܕ ܐܰܝܟ ܕܰܠܩܽܘܒܠܰܐ ܗ̱ܘ ܗܘܼܳܐ ܠܶܗ ܚܠܳܦ ܝܰܥܩܽܘܒ   ܗܼܦܰܟ ܠܶܗ ܕܢܶܫܬܰܝܰܢ ܩܝܳܡܳܐ ܐܰܩܺܝܡ ܥܰܡܶܗ   ܘܰܢܫܼܰܩ ܫܪܳܝܗ̱ܝ ܘܰܐܫܩܶܠ
1,Nisibis,31,21,Nisibis 31:21,ܘܰܐܓܗܺܝ ܫܦܳܐ ܟܽܠܶܗ   ܡܶܢ ܗܰܘ ܕܠܺܝܚ ܟܽܠܶܗ ܟܺܐܢܳܐ ܦܣܼܰܩ ܐܶܢܽܘܢ    ܠܥܳܠܰܡ ܦܼܪܰܫ ܐܶܢܽܘܢ ܠܥܽܘܡܩܶܗ ܢܚܼܶܬ ܬܶܛܪܳܐ   ܠܪܰܘܡܶܗ ܦܢܳܐ ܫܰܦܝܳܐ
1,Nisibis,31,22,Nisibis 31:22,ܨܠܽܘܬܝ̱ ܡܳܪܝ̱ ܕܠܰܘ ܗܳܟܰܢ   ܬܶܥܒܶܕ ܒܝܰܘܡ̈ܳܬܰܢ ܕܶܐܢܗܼܽܘ ܕܥܶܩܳܪܶܗ   ܡܩܰܒܶܠ ܕܡܰܪܺܝܪܳܐ ܠܚܰܠܝܳܐ ܕܢܶܛܥܰܡ ܒܶܗ   ܘܟܰܕ ܠܳܐ ܫܘܶܝܢ ܐܳܘܳܝܢ
1,Nisibis,31,23,Nisibis 31:23,ܟܡܳܐ ܟܺܝܬ ܦܫܺܝܩܳܐ ܡܳܪܝ̱   ܠܰܡܫ̈ܰܠܛܶܐ ܕܠܳܐ ܗܘܳܐ ܟܝ̈ܳܢܶܐ ܐܰܣܺܝܪ̈ܶܐ ܐܶܢܽܘܢ   ܕܢܶܦܢܽܘܢ ܘܚܰܕ ܢܶܗܘܽܘܢ ܘܰܐܝܢܳܐ ܕܰܢܦܼܰܠ ܢܶܒܥܶܐ   ܘܰܐܝܢܳܐ ܕܩܳܡ ܢܶܣܡܽܘܟ
1,Nisibis,31,24,Nisibis 31:24,ܐܶܢ ܓܶܝܪ ܚܰܝ̈ܘܳܬܳܐ   ܝ̈ܰܠܕܶܐ ܕܢܽܘܟܪ̈ܳܝܺܝܢ ܠܰܟܝܳܢܰܗܶܝܢ ܣܰܓܺܝ   ܩܰܒܶܠ ܪܚܶܡ ܘܺܐܝܢܶܩ ܘܶܐܢ ܦܼܪܰܫܘ̱ ܒܩ̈ܳܠܝܰܗܶܝܢ   ܡܰܟܪ̈ܙܳܢ ܥܰܠ ܚܰܫ̈ܰܝܗܶܝܢ
1,Nisibis,31,25,Nisibis 31:25,ܠܥܺܝܪ̈ܶܐ ܢܕܰܡܶܐ ܡܳܪܝ̱   ܚ̈ܳܕܝܰܝ ܒܬܰܝ̈ܳܒܶܐ ܕܶܐܠܳܐ ܐܰܒܺܝܠܳܐ ܐ̱ܢܳܐ   ܣܰܓܺܝ ܥܕܺܝܠܳܐ ܐ̱ܢܳܐ ܕܶܐܡܳܐ ܕܠܳܐ ܪ̈ܰܚܡܶܐ   ܠܥܺܝܪ̈ܶܐ ܚܫܺܝܒܳܐ ܐ̱ܢܳܐ
1,Nisibis,31,26,Nisibis 31:26,ܟܡܳܐ ܡܚܰܝܢܺܝܢ ܥܽܘ̈ܒܰܝ   ܠܝ̈ܰܠܕܰܝ ܕܡܶܢܝ̱ ܐܶܢܽܘܢ ܘܰܒ̈ܢܰܝ ܟܝܳܢܝ̱ ܐܶܢܽܘܢ   ܘܰܒ̈ܢܰܝ ܫܪܳܪܝ̱ ܒܰܙܒܰܢ ܢܶܪܥܽܘܢ ܒܦܺܐܪ̈ܰܝܗܽܘܢ   ܕܰܐܪܓܙܽܘܗ̱ܝ ܠܦܰܠܳܚܳܐ
1,Nisibis,31,27,Nisibis 31:27,ܒܰܝܰܐ ܠܦܰܠܳܚܳܐ   ܕܥܰܡ ܢܶܨܒܬܶܗ ܒܰܪܕܳܐ ܘܓܰܪܦܳܐ ܘܡܳܡܽܘܠܳܐ   ܟܠܰܘ ܢܶܨܒܬܳܐ ܚܕܰܬܳܐ ܥܰܬܺܝܩܬܳܐ ܣܰܓܶܦܘ̱   ܒܥܰܒ̈ܕܶܐ ܥܒܰܕ ܓܽܘܢܚܳܐ
1,Nisibis,31,28,Nisibis 31:28,ܒܰܝܰܐ ܠܰܐܟܳܪܳܐ   ܕܰܪܦܶܬܬ ܒܫܽܘܪܶܝܗ ܬܽܘܠܥܳܐ ܒܓܰܘ ܐܰܪܥܳܐ   ܘܒܰܐܘܨܳܪܳܐ ܩܳܠܡܳܐ ܒܪܶܡܬܶܗ ܠܗܰܘ ܕܰܠܓܰܘ   ܐܟܰܠܬܶܗ ܠܗܰܘ ܕܰܠܒܰܪ
1,Nisibis,31,29,Nisibis 31:29,ܕܶܐܬܛܠܰܡ ܒܬܰܪ̈ܬܰܝܗܶܝܢ   ܢܶܥܼܬܰܪ ܒܬܰܪ̈ܬܰܝܗܶܝܢ ܙܰܪܥܳܐ ܠܒܰܪ ܒ̇ܰܪܳܟ   ܡܼܠܺܝ ܐܰܘܨܪ̈ܶܐ ܕܰܠܓܰܘ ܚܰܕܬܳܐ ܘܥܰܬܺܝܩܳܐ   ܢܶܣܼܪܰܚ ܒܝܽܘܠܦܳܢܶܗ
1,Nisibis,31,30,Nisibis 31:30,ܢܦܼܰܩ ܪܳܥܝܳܐ ܚܰܕܬܳܐ   ܘܰܐܪܥܽܘܗ̱ܝ ܕܫܘܬܝܢ ܙܪܺܝܦܬܳܐ ܘܥܺܝܡܳܐ   ܘܕܰܘܶܕܘ ܠܥ̈ܶܠܳܢܶܐ ܠܕܺܐܒ̈ܶܐ ܪܚܶܡܘ̱ ܘܰܣܒܰܪܘ̱   ܕܗܰܘ ܪܳܥܝܳܐ ܕܰܐܒܰܐ ܗ̱ܘ
1,Nisibis,31,31,Nisibis 31:31,ܕܫܶܟܪܰܬ ܒܚܶܫܽܘܟܳܐ   ܥܰܝܢܳܐ ܕܥܰܗܠܳܢܳܐ ܚܙܳܝܗܽܘܢ ܘܡܰܕܥܗܽܘܢ    ܢܶܬܩܰܢ ܒܝܰܕ ܢܽܘܗܪܳܟ ܘܥܰܠ ܪܳܥܝܳܐ ܢܶܦܼܢܽܘܢ    ܘܠܶܐܡܪ̈ܰܘܗ̱ܝ ܢܶܪܥܽܘܢ
1,Nisibis,31,32,Nisibis 31:32,ܘܰܕܐܶܡܪ̈ܶܐ ܘܕܺܐܒ̈ܶܐ   ܐ̱ܘܶܝܢ ܐܶܢܽܘܢ ܒܟܽܘܝܳܠܳܐ ܥܶܪܒܳܐ ܕܩܼܰܪ ܚܰܒܪܶܗ   ܓܥܽܘܪ ܡܳܪܝ̱ ܒܣܳܛܳܢܳܐ ܕܡܶܢ ܐܶܡܪ̈ܶܐ ܒܪ̈ܺܝܪܶܐ   ܥܰܒܼܕܳܐ ܢܶܡܪ̈ܶܐ ܕܚܺܝ̈ܠܶܐ
1,Nisibis,31,33,Nisibis 31:33,ܡܰܢܽܘ ܕܢܶܬܶܠ ܠܶܗ   ܠܗܰܘ ܪܳܥܝܳܐ ܕܥܶܪ̈ܒܶܐ ܕܕܺܐܒ̈ܶܐ ܢܫܰܚܠܶܦ   ܗ̱ܘܳܐ ܡܰܢܽܘ ܕܠܰܐܟܳܪܳܐ ܢܶܬܶܠ ܕܙܺܝ̈ܙܳܢܶܐ   ܠܚܶܛ̈ܶܐ ܢܫܰܚܠܶܦ ܗ̱ܘܳܐ
1,Nisibis,31,34,Nisibis 31:34,ܗܳܐ ܠܟܳܗ̈ܢܶܐ ܦܽܘܪܣܳܐ   ܕܰܢܫܰܚܠܦܽܘܢ ܕܺܐܒ̈ܶܐ ܘܥܰܡܗܽܘܢ ܠܙܺܝ̈ܙܳܢܶܐ   ܡܶܠܐܰܐ ܗ̱ܘ ܗܳܐ ܠܳܐܶܝܢ ܒܕܺܐܒ̈ܶܐ ܕܢܶܗܘܽܘܢ ܥܶܪ̈ܒܶܐ   ܘܟܽܘ̈ܒܶܐ ܕܢܶܗܘܽܘܢ ܙܰܪ̈ܥܶܐ
1,Nisibis,31,35,Nisibis 31:35,ܥܰܕܰܪ ܠܦܰܠܳܚܳܐ   ܕܰܢܨܰܒܬܳܗ̇ ܠܰܐܪܥܳܐ ܨܗܺܝܬܳܐ ܒܡܰܒ̈ܽܘܥܶܐ   ܒܐܶܣܳܐ ܘܒܰܫܪܽܘܝܳܢܳܐ ܘܒܐܫܟܪܥܐ ܡ̈ܠܺܝܠܳܝܶܐ   ܘܰܒܐ̱ܪ̈ܳܙܶܐ ܡܫ̈ܺܝܚܳܝܶܐ
1,Nisibis,31,36,Nisibis 31:36,ܢܶܗܘܽܘܢ ܒܣܰܘ̈ܟܰܝܗܽܘܢ   ܠܡܳܐܢܳܐ ܠܦܳܪܰܚܬܳܐ ܠܰܐܝܬܳܐ ܕܡܶܢ ܪܽܘܚܩܳܐ   ܕܳܐܬܶܝܢ ܠܡܶܙܡܰܪ ܠܳܟ ܕܰܘܺܝܕ ܒܩ̈ܺܝܢܳܬܳܐ   ܘܫܽܘܒܚܳܐ ܒܢܶܥܡ̈ܳܬܳܐ
1,Nisibis,31,37,Nisibis 31:37,ܘܫܶܦܠܳܐ ܕܝܰܩܰܪ ܓܶܦܶܗ   ܘܶܐܡܐܰܢ ܩܰܦܶܣ ܦܽܘܡܶܗ ܠܫܰܗܪܳܐ ܘܗܽܘܠܳܠܳܐ   ܒܩܺܝܬܳܪܗܽܘܢ ܫܰܗܪ̈ܶܐ ܒܟܶܢܳܪܗܽܘܢ ܢܰܟ̈ܦܶܐ   ܢܶܒܥܽܘܢ ܥܠܰܝ ܡܳܪܰܢ
1,Nisibis,32,1,Nisibis 32:1,ܪܳܦܩܳܐ ܚܳܬܶܗ ܕܠܳܒܳܢ   ܠܳܐ ܕܳܡܝܳܐ ܗܘܳܬ ܠܶܗ ܠܗܳܝ ܚܶܟܡܬܳܐ ܫܦܺܝܬܳܐ   ܠܗܰܘ ܨܶܢܥܬܳܐ ܣܢܺܝܬܳܐ ܒܕܺܝܠܶܗ  ܚܝܳܬ ܪܳܦܩܳܐ   ܒܕܺܝܠܳܗ̇ ܐܶܒܰܕ ܠܳܒܳܢ
1,Nisibis,32,2,Nisibis 32:2,ܫܦܺܝܬܳܐ ܕܢܶܩܦܰܬ ܠܶܗ   ܠܣܳܒܳܐ ܕܕܰܒܪܳܗ̇ ܗ̱ܘܳܐ ܪܳܡܳܐ ܚܼܙܳܐ ܕܠܰܐܒܪܳܡ   ܣܰܓܺܝ ܥܗܺܝܕܬܳܐ ܗܘܳܬ ܫܰܕܰܪ ܡܼܟܰܪ ܕܰܒܪܳܗ̇   ܘܰܐܥܠܳܗ̇ ܠܝܽܘܪܬܳܢܶܗ
1,Nisibis,32,3,Nisibis 32:3,ܚܶܛܬܳܐ ܡܶܢ ܒܶܝܬ ܟܽܘ̈ܒܶܐ   ܢܶܦܩܰܬ ܘܙܺܝ̈ܙܳܢܶܐ ܘܡܶܢ ܐܰܘܨܪܳܐ ܕܚ̈ܰܢܦܶܐ    ܠܗܰܘ ܡܰܥܡܪܳܐ ܕܟܺܐܢ̈ܶܐ ܐܰܘ ----    ----- ܀܀܀
1,Nisibis,32,4,Nisibis 32:4,ܪܰܒܗܽܘܢ ܟܣܶܐ ܘܰܨܢܺܝܥ   ܘܺܝܠܶܦܘ̱ ܐܘܡܳܢܘܬܶܗ ܘܕܰܡܺܝܘ̱ ܒܨ̈ܶܢܥܳܬܶܗ   ܕܰܠܐܺܝ ܒܗܽܘܢ ܣܰܓܺܝ ܕܢܶܗܘܽܘܢ ܒ̈ܢܰܝ ܓܰܒܶܗ   ܡܳܐܢܰܘ̈ܗ̱ܝ ܘܬܰܠܡ̈ܺܝܕܰܘܗ̱ܝ
1,Nisibis,32,5,Nisibis 32:5,ܡܶܢ ܕܺܝܠܗܽܘܢ ܡܨܶܝܢ   ܗ̱ܘܰܘ ܠܰܡܚܳܪ ܒܗܳܝ ܕܺܝܠܶܗ ܕܰܐܝܟܰܢ ܕܳܐܦ ܠܶܝܳܐ   ܠܳܐ ܕܳܡܝܳܐ ܠܪܳܚܶܝܠ ܗܳܟܰܢ ܐܳܦ ܠܳܐ ܦܬܰܟܪܳܐ   ܕܳܡܶܐ ܠܰܐܠܳܗܳܐ
1,Nisibis,32,6,Nisibis 32:6,ܘܶܐܢܗܽܘ ܕܳܐܦ ܚܳܬܳܐ   ܠܳܐ ܕܳܡܝܳܐ ܠܚܳܬܳܗ̇ ܟܰܕ ܒܰܪ̱ܬ ܟܝܳܢܳܗ̇ ܗܺܝ   ܟܡܳܐ ܟܺܝܬ ܢܽܘܟܪܳܝܳܐ ܛܽܘܥܝܰܝ ܠܰܐܠܳܗܳܐ   ܕܶܐܬܟܰܢܝܰܬ ܒܰܫܡܶܗ
1,Nisibis,32,7,Nisibis 32:7,ܘܝܰܥܩܽܘܒ ܐܳܦܶܢ ܢܰܟܠܽܘܗ̱ܝ   ܐܶܬܪܡܺܝ ܩܢܳܗ̇ ܟܺܐܢܳܐ ܠܰܐܪܥܳܐ ܕܰܐܓܥܶܠܘ̱ ܠܶܗ   ܙܰܪܥܶܗ ܫܕܳܐ ܒܓܰܘܳܗ̇ ܕܠܳܐ ܢܦܽܘܫ ܗ̱ܘܳܐ ܙܰܪܥܶܗ   ܒܰܐܬܪܳܐ ܕܙܺܝ̈ܙܳܢܶܐ
1,Nisibis,32,8,Nisibis 32:8,ܩܽܘܫܬܰܐ ܗ̱ܘ ܕܠܳܐ ܡܶܡܬܽܘܡ   ܐܶܬܪܡܺܝ ܕܢܶܩܰܦ ܗ̱ܘܳܐ ܫܪܳܪܶܗ ܠܚܰܢܦܽܘܬܳܐ   ܘܩܽܘܕܫܶܗ ܠܛܰܡܐܽܘܬܳܐ ܘܢܰܚܬܶܗ ܠܨܳܐܽܘܬܳܐ   ܘܶܐܣܛܶܗ ܠܦܽܘܠܦܳܠܳܐ
1,Nisibis,32,9,Nisibis 32:9,ܪܳܦܩܳܐ ܠܽܐܘܡܢܽܘܬܶܗ   ܠܩܽܘܒܠܶܗ ܠܒܶܫܬܳܗ̇ ܗܘܳܬ ܘܰܒܨܶܢܥܬܶܗ ܥܰܡܶܗ   ܢܶܦܠܰܬ ܒܰܐܓܽܘܢܳܐ ܒܙܰܝܢܳܐ ܕܰܚܫܼܰܠ ܗܶܦܟܰܬ   ܠܶܒܫܰܬ ܘܚܰܝܶܒܬܶܗ
1,Nisibis,32,10,Nisibis 32:10,ܘܟܰܕ ܛܳܒ ܗ̱ܽܘ ܥܺܣܽܘ   ܐܺܝܬܰܘܗ̱ܝ ܒܪܳܗ̇ ܒܽܘܟܪܳܗ̇ ܝܶܕܥܰܬ ܕܢܽܘܟܪܳܝ ܗ̱ܽܘ   ܠܙܰܪܥܳܐ ܕܫܰܪ̈ܺܝܪܶܐ ܘܟܶܐܡܰܬ ܠܚܳܪܳܢ ܗ̱ܽܘ   ܡܰܚܝܳܢ ܒܕܽܘܒܳܪ̈ܰܘܗ̱ܝ
1,Nisibis,32,11,Nisibis 32:11,ܪܰܒܗܽܘܢ ܕܚܶܪ̈ܢܳܝܶܐ   ܫܪܳܐ ܗ̱ܘܳܐ ܒܓܰܘ ܥܺܣܽܘ ܐܶܨܛܰܢܥܰܬ ܪܳܦܩܳܐ   ܙܟܳܬܶܗ ܠܗܰܘ ܕܰܐܠܶܦ ܕܡܶܕܶܡ ܚܠܳܦ ܡܶܕܶܡ   ܢܶܥܒܕܽܘܢ ܒ̈ܢܰܝ ܐ̱ܢܳܫܳܐ
1,Nisibis,32,12,Nisibis 32:12,ܘܰܩܪܳܬ ܠܬܰܡܺܝܡܳܐ   ܘܢܶܟܠܰܬ ܘܶܐܠܒܶܫܬܶܗ ܡܰܫ̈ܟܶܐ ܒ̈ܢܰܝ ܪܳܙܶܗ   ܕܺܝܠܶܗ ܕܣܳܛܳܢܳܐ ܕܰܒܟܽܠܗܶܝܢ ܕܺܝܠܶܗ   ܢܶܙܕܟܶܐ ܓܡܺܝܪܳܐܺܝܬ
1,Nisibis,32,13,Nisibis 32:13,ܘܢܶܟܠܰܬ ܘܚܰܠܶܨܬܶܗ   ܓܰܙܳܐ ܕܒܽܘܪ̈ܟܳܬܳܐ ܘܒܶܥܪܰܬ ܘܣܰܦܶܩܬܶܗ   ܕܠܳܐ ܢܶܫܬܼܒܶܩ ܗܰܘܦܳܐ ܠܰܒܪܳܗ̇ ܕܣܶܡܳܠܳܐ   ܕܰܬܣܰܪܩܺܝܘܗ̱ܝ ܓܰܒܶܗ
1,Nisibis,32,14,Nisibis 32:14,ܘܰܐܝܟܰܢ ܕܣܰܪܶܩܬܶܗ   ܡܶܢܗܶܝܢ ܕܒܽܘܪ̈ܟܳܬܳܐ ܫܰܕܪܰܬ ܠܬܰܡܺܝܡܳܐ   ܡܳܐܢܳܐ ܕܫܰܦܝܽܘܬܳܐ ܘܰܢܚܼܶܬ ܚ̇ܳܠܶܨ ܬܽܘܒ   ܕܰܢܡܰܣܟܢܶܝܗ̇ ܠܚܳܪܳܢ
1,Nisibis,32,15,Nisibis 32:15,ܙܟܳܬܶܗ ܠܥܶܠ ܘܰܠܬܰܚܬ   ܪܳܦܩܳܐ ܠܢܳܟܽܘܠܳܐ ܒܢܶܟܠܶܗ ܢܟܰܠܬܶܗ ܗܘܳܬ   ܙܟܳܬܶܗ ܒܒܽܘܪ̈ܟܳܬܳܐ ܙܟܳܬܶܗ ܒܰܫܒܳܬܳܐ   ܕܰܐܝܬܺܝ ܠܬܽܘܠܡܳܕܶܗ
1,Nisibis,32,16,Nisibis 32:16,ܘܫܰܕܪܰܬ ܠܨܰܝܕܳܐ   ܘܰܐܓܰܪ ܘܕܳܨ ܐܶܢܶܝܢ ܠܬܰܪ̈ܬܶܝܢ ܛܰܠܝ̈ܳܬܳܐ   ܛܽܘܦܣܳܐ ܕܰܟܢܽܘܫ̈ܳܬܳܐ ܕܚܳܫܚܳܐ ܗ̱ܝ ܠܬܰܪ̈ܬܰܝܗܶܝܢ   ܗܳܝ ܡܰܓܪܰܬ ܪܽܘܚܳܐ
1,Nisibis,33,1,Nisibis 33:1,ܟܽܘ̈ܒܶܐ ܘܙܺܝ̈ܙܳܢܶܐ   ܘܗ̈ܶܛܛܶܐ ܕܚܰܢܦܽܘܬܳܐ ܕܰܪܘܺܝܘ ܒܢܽܘܩ̈ܳܝܶܐ   ܕܢܶܫܒܰܬ ܒܗܽܘܢ ܛܽܘܥܝܰܝ ܘܰܫܘܰܚܘ̱ ܒܓܰܘ ܓܳܪܳܢ   ܒܗܰܘ ܢܰܘܣܳܐ ܕܫܺܐܕ̈ܶܐ
1,Nisibis,33,2,Nisibis 33:2,ܘܶܐܢܗܼܽܘ ܕܳܐܕܳܡ ܐܰܘܥܺܝ   ܟܽܘܒ̈ܶܐ ܕܒܰܟܝܳܢܳܐ ܕܰܥܒܼܰܪ ܒܚܺܐܪܽܘܬܶܗ   ܬܚܽܘܡܳܐ ܕܦܽܘܩܕܳܢܳܐ ܒܨܶܒܝܳܢܗܽܘܢ ܟܽܘ̈ܒܶܐ   ܐܺܝܥܰܘ ܒܓܰܘ ܚܳܪܳܢ
1,Nisibis,33,3,Nisibis 33:3,ܐܰܟܳܪܳܐ ܢܚܼܶܬ ܠܰܐܪܥܳܐ   ܡܶܛܽܠ ܒ̈ܢܰܝ ܐ̱ܢܳܫܳܐ ܕܰܗܘܰܘ ܠܗܽܘܢ ܟܽܘ̈ܒܶܐ   ܕܢܶܗܘܽܘܢ ܠܗܽܘܢ ܚܶܛ̈ܶܐ ܟܽܘ̈ܒܶܐ ܓܕܰܠܘ̱ ܟܽܘܒ̈ܶܐ   ܠܪܺܝܫܶܗ ܕܰܐܟܳܪܳܐ
1,Nisibis,33,4,Nisibis 33:4,ܠܳܐ ܕܶܝܢ ܐܶܒܰܕ ܙܰܪܥܳܗ̇   ܕܗܳܝ ܦܶܠܳܐܬܳܐ ܕܰܪܫܰܡܼܘ̱ ܕܗܳܐ ܐܶܬܗܼܦܶܟܘ̱ ܟܽܘ̈ܒܶܐ   ܠܘܰܪܕܳܐ ܘܫܽܘܫ̈ܰܢܶܐ ܟܠܺܝܠܳܐ ܠܦܰܠܳܚܳܐ    ܕܣܰܝܒܰܪ ܟܠܺܝܠ ܟܽܘܒ̈ܶܐ
1,Nisibis,33,5,Nisibis 33:5,ܘܰܠܗܰܘ ܐܰܟܳܪܳܐ   ܕܰܠܐܺܝ ܒܓܰܘ ܚܳܪܳܢ ܒܟܽܘܒ̈ܶܐ ܕܢܶܗܘܽܘܢ ܚܶܛ̈ܶܐ   ܢܶܗܘܽܘܢ ܒܛܰܝܒܽܘܬܳܟ ܒܳܪܽܘܬܳܐ ܘܰܐܣܳܐ ܦܰܩ̈ܚܶܐ   ܟܠܺܝܠܳܐ ܠܰܐܬܠܺܝܛܳܟ
1,Nisibis,33,6,Nisibis 33:6,ܕܳܡܶܐ ܗ̱ܘ ܥܶܠܳܢܳܟ   ܠܳܟ ܡܳܪܝ̱ ܒܟܽܠ ܡܶܕܶܡ ܘܰܐܝܟܰܢ ܕܕܰܡܺܝ ܡܳܪܝ̱   ܨܰܥܪܶܗ ܒܡܽܘܟܳܟܳܟ ܢܕܰܡܶܐ ܒܪܽܘܡܪܳܡܳܟ   ܕܥܰܠ ܟܽܘܪܣܝܶܗ ܢܺܐܪܰܒ
1,Nisibis,33,7,Nisibis 33:7,ܘܽܐܘܪܚܳܐ ܕܬܰܪܥܽܘܬܳܐ   ܘܰܫܒܺܝܠ ܚ̈ܰܕܘܳܬܳܐ ܡܶܢ ܐܽܘܪܗܳܝ ܢܶܡܬܽܘܚ   ܥܕܰܡܳܐ ܠܓܰܘ ܚܳܪܳܢ ܘܡܶܢ ܥܺܕ̱ܬܳܐ ܠܥܺܕ̱ܬܳܐ   ܢܶܪܕܽܘܢ ܒܰܐܘܝܽܘܬܳܐ
1,Nisibis,33,8,Nisibis 33:8,ܡܶܢ ܐܽܘܪܗܳܝ ܣܳܒܳܐ   ܢܣܰܥܪܺܝܗ̇ ܠܗܳܝ ܚܳܪܳܢ ܒܺܪܬܳܐ ܕܪܰܒܺܝ ܗ̱ܘܳܐ   ܘܒܰܪ ܐܰܘܗܺܝ ܢܶܣܥܽܘܪ ܠܶܐܡܶܗ ܘܬܽܘܒ ܢܰܦܢܶܐ   ܨܶܝܕ ܡܟܺܝܪܬܶܗ ܚܳܪܳܢ
1,Nisibis,33,9,Nisibis 33:9,ܡܰܠܳܝܗ̱ܝ ܒܛܰܝܒܽܘܬܳܟ   ܠܦܶܚܬܳܐ ܕܰܥܒܼܰܕ ܒܺܝܼܫܳܐ ܦܣܳܩܳܐ ܦܣܰܩ ܪܰܒܳܐ   ܕܢܶܦܣܽܘܩ ܬܪ̈ܶܝܢ ܓܰܒܺܝ̈ܢ ܒܦܶܚܬܶܗ ܫܕܺܝܘܗ̱ܝ ܘܰܥܒܶܕ   ܐܽܘܪܚܳܐ ܠܥܶܠ ܡܶܢܶܗ
1,Nisibis,33,10,Nisibis 33:10,ܘܢܰܘܕܶܐ ܠܛܰܝܒܽܘܬܳܟ   ܕܰܢܩܰܠܬ ܘܫܰܦܝܽܘܬܶܗ ܠܽܐܘܪܚܳܐ ܩܕܳܡ ܟܶܢܫ̈ܶܐ   ܕܳܐܬܫܳܢ ܠܥܰܕܥܺܐܕܳܐ ܕܰܪܕܰܘ ܕܠܺܝܠܳܐܺܝܬ   ܢܰܘܕܽܘܢ ܫܦܺܝܥܳܐܺܝܬ
1,Nisibis,33,11,Nisibis 33:11,ܘܢܰܘܕܽܘܢ ܚܠܳܦܰܝܗܽܘܢ   ܝܰܥܩܽܘܒ ܘܺܐܝܣܚܳܩ ܘܰܐܒܪܳܡ ܕܶܐܢ ܠܣܳܓܕ̈ܰܝ ܥܶܓܠܳܐ   ܥܰܕܰܪܘ̱ ܫܡܳܗ̈ܰܝܗܽܘܢ ܥܰܡܰܢ ܒܦܰܕܳܢܳܐ   ܒܕܽܘܟܪܳܢܗܽܘܢ ܢܶܚܼܕܽܘܢ
1,Nisibis,33,12,Nisibis 33:12,ܘܰܐܝܟܰܢ ܕܒܰܚܡܺܝܪܶܗ   ܟܰܣܝܳܐ ܕܰܐܒܪܳܗܳܡ ܐܶܬܢܓܶܕܘ̱ ܠܓܰܘ ܐܰܬܪܰܢ   ܟܽܠܗܽܘܢ ܐܰܒܳܗ̈ܳܬܳܐ ܗܳܟܰܢ ܒܕܰܫ̈ܠܺܝܚܶܐ   ܚܡܺܝܪܗܽܘܢ ܢܓܰܕ ܘܰܐܝܬܺܝ ܫ̈ܠܺܝܚܶܐ ܒ̈ܢܰܝ ܓܰܒܶܗ
1,Nisibis,33,13,Nisibis 33:13,ܒܓܰܪ̈ܡܰܘܗ̱ܝ ܕܝܽܘܚܰܢܳܢ   ܕܡܶܢܗܽܘܢ ܒܓܰܘ ܐܰܬܪܰܢ ܢܒ̈ܺܝܶܐ ܐܶܬܰܘ ܠܰܐܪܥܰܢ   ܒܓܽܘܪܝܳܐ ܘܒܰܫܡܽܘܢܳܐ ܘܰܒܚܳܒܗܽܘܢ ܚܰܒܺܝܒ   ܐܶܬܰܘ ܣܳܗ̈ܕܶܐ ܣܥܰܪܽܘܢ
1,Nisibis,34,1,Nisibis 34:1,ܐܳܣܝܳܐ ܐܰܒܪܳܡ ܡܫܰܒܚܳܐ ܠܚܳܪܳܢ ܐܶܬܳܐ ܕܰܟܪܺܝܗܳܐ ܗܘܳܬ ܓܳܫܳܗ̇ ܘܰܬܡܰܗ ܘܶܐܬܦܼܢܺܝ ܠܰܐܪܥܳܐ ܕܰܟܢܰܥܢ ܡܰܛܺܝ ܠܡܶܨܪܶܝܢ ܠܟܽܠܶܗ ܓܽܘܫܡܳܐ ܣܰܥܪܶܗ ܘܰܢܚܼܶܬ ܘܰܥܼܨܰܒ ܘܰܐܣܺܝ ܒܡܶܠܬܳܐ ܕܩܽܘܫܬܳܐ ܕܰܐܒܪܳܡ ܠܳܐ ܣܦܼܰܩ ܠܶܟܝ̱ ܡܰܢܽܘ ܕܣܳܦܶܩ ܠܶܟܝ̱ ܚܳܪܳܢ ܕܟܽܘܪܗܳܢܳܗ̇ ܒܰܣܼܶܡ ܠܳܗ̇
1,Nisibis,34,2,Nisibis 34:2,ܐܳܣܝܳܐ ܝܰܥܩܽܘܒ ܡܫܰܡܗܳܐ ܠܚܳܪܳܢ ܐܶܬܳܐ ܕܰܢܕܺܝܩ ܥܠܶܝܗ̇ ܓܳܫܳܗ̇ ܘܰܫܕܳܗ̇ ܘܰܐܪܦܺܝܗ̇ ܕܠܳܐ ܢܶܒܼܛܰܠ ܒܳܗ̇ ܫܢ̈ܰܝܳܐ ܥܶܣܪܺܝܢ ܡܟܰܢܶܟ ܗ̱ܘܳܐ ܠܳܗ̇ ܘܕܰܚܼܙܳܐ ܕܰܫܢܳܬ ܐܳܦ ܗܶܡܣܰܬ ܒܶܗ ܐܰܪܦܺܝܗ̇ ܘܫܰܢܺܝ ܗܳܐ ܡܺܝ̈ܟܰܝ ܡܪ̈ܺܝܪܺܝܢ ܘܝ̈ܰܠܕܰܝܟܝ̱ ܓܕܺܝ̈ܕܺܝܢ ܚܳܪܳܢ ܐܶܬܚ̇ܰܠܺܝ ܒܰܨܠܺܝܒܳܐ
1,Nisibis,34,3,Nisibis 34:3,ܒܳܒܶܠ ܐܺܝܬܶܝܗ̇ ܫܒܳܒܳܬܳܐ ܕܗܰܘ ܒܶܢܝܳܢܳܐ ܕܦܳܫܘ̱ ܒܰܢ̈ܳܝܰܘܘ̱ܝ؟ ܡܶܨܪܶܝܢ ܐܺܝܬܶܝܗ̇ ܫܒܳܒܳܬܳܐ ܕܰܣܕܽܘܡ̈ܳܝܶܐ ܐܰܢ̱ܬ ܕܶܝܢ ܚܳܪܳܢ ܗܳܐ ܣܺܝܡܬܝ̱ ܗܽܘ ܒܰܫܒܳܒܽܘܬܳܐ ܕܰܡܫܰܒܰܚܬܳܐ ܐܽܘܪܗܳܝ ܦܺܐܝܬܳܐ ܒܰܪܬܳܐ ܕܶܡܝ̱ ܠܶܐܡܶܟܝ̱ ܕܡܶܠܚܳܐ ܗ̱ܝ ܒܓܰܘ ܬܺܒܶܝܠ ܘܡܰܕܶܟܝ̱ ܒܝܽܘܠܦܳܢܳܗ̇ ܪܶܥܝܳܢܶܟܝ̱
1,Nisibis,34,4,Nisibis 34:4,ܐܰܝܢܳܐ ܕܚܳܐܰܪ ܕܫܳܥܬܳܐ ܒܓܰܘ ܡܰܚܙܺܝܬܳܐ ܡܶܨܛܰܒܰܬ ܒܳܗ̇ ܐܰܢ̱ܬܝ ܕܶܝܢ ܚܳܪܳܢ ܨܳܐܬܳܐ ܗܳܐ ܡܰܚܙܺܝܬܶܟܝ̱ ܫܒܺܝܚܳܐ ܘܕܰܟܝܳܐ ܐܶܨܛܰܒܰܬܝ̱ ܒܳܗ̇ ܒܰܡܒܰܪܟܳܬܳܐ ܕܣܺܝܡܳܐ ܩܕܳܡܰܝܟܝ̱ ܕܬܶܫܦܪܺܝܢ ܠܝܶܫܽܘܥ ܚܽܘܪܝ̱ ܒܳܗ̇ ܘܰܫܦܰܪܝ̱ ܒܳܗ̇ ܕܬܶܗܘܶܐ ܠܥܽܘܕܪܳܢܶܟܝ̱ ܕܰܠܡܳܐ ܠܟܽܘܐܳܪܳܐ ܬܶܗܘܶܐ ܠܶܟܝ̱
1,Nisibis,34,5,Nisibis 34:5,ܚܙܰܘ ܠܡܶܨܪܶܝܢ ܟܪܺܝܗܳܬܳܐ ܕܳܐܦ ܐܶܬܚܰܠܡܰܬ ܒܡܰܐܣܶܐ ܟܽܠ ܘܚܳܠܕܳܝܬܐ ܕܰܦܬܰܟܪܽܘܬܳܐ ܒܚܳܪܳܢ ܚܶܠܕܰܬ ܘܡܳܐ ܕܶܐܬܚܰܠܡܰܬ ܠܰܝܬ ܬܽܘܟܠܳܢܳܐ ܥܰܠ ܚܽܘܠܡܳܢܳܗ̇ ܕܰܒܟܽܠ ܥ̈ܶܠܠܳܢ ܣܶܬܳܪܳܐ ܗ̱ܝ ܡܚܽܘܬܳܗ̇ ܒܳܒܶܠ ܘܳܐܦ ܚܳܪܳܢ ܘܡܶܨܪܶܝܢ ܬܠܳܬܰܝܗܶܝܢ ܫܡ̈ܳܗܶܐ ܬܠܺܝ̈ܬܳܝܶܐ ܥܡܼܰܕ ܘܰܠܒܼܶܫ
1,Nisibis,34,6,Nisibis 34:6,ܡܳܐ ܕܳܡܶܐ ܕܶܝܢ ܥܳܠܡܳܐ ܠܨܰܠܡܳܐ ܪܰܒܳܐ ܕܰܚܼܙܳܐ ܛܪܽܘܢܳܐ ܪܺܝܫܶܗ ܒܳܒܶܠ ܡܨܰܥܬܶܗ ܐܰܪܥܳܐ ܕܺܝܗܽܘܕ ܒܛܽܘܦܣܳܐ ܕܪ̈ܶܓܠܶܐ ܣܺܝܡܳܐ ܡܶܨܪܶܝܢ ܓܽܘܫܡܰܐ ܗ̱ܘ ܪܰܒܳܐ ܕܳܐܣܰܘ̈ܳܬܳܐ ܪܰܘܪ̈ܒܶܐ ܥܡܰܠܘ̱ ܒܶܗ ܛܳܒܳܐ ܒܝܰܕ ܥܰܒ̈ܕܰܘܗ̱ܝ ܡܰܬܚܶܗ ܠܣܽܘܥܪܳܢܳܐ ܐܰܝܟ ܐܳܣܝܳܐ ܪܰܒܳܐ ܠܟܽܠ ܦܶܢܝ̈ܳܢ
1,Nisibis,34,7,Nisibis 34:7,ܘܰܐܝܟ ܕܰܐܒܪܳܗܳܡ ܐܳܣܝܳܐ ܡܶܢ ܨܶܝܕ ܪܺܝܫܳܐ ܐܰܣܺܝ ܘܰܢܚܼܶܬ ܐܳܦ ܗ̱ܽܘ ܡܽܘܫܶܐ ܐܰܣܝܶܗ ܡܶܢ ܨܶܝܕ ܪ̈ܶܓܠܶܐ ܐܳܘ ܠܰܟܪܺܝܗܳܐ ܕܳܐܣܰܘ̈ܳܬܶܗ ܡܶܢ ܟܽܠ ܓܰܒ̈ܰܘܗ̱ܝ ܘܡܶܢ ܚܽܘܠܡܳܢܳܐ ܡܦܰܠܶܐ ܗ̱ܘ ܒܰܣܶܡ ܠܶܗ ܒܪܺܝܟ ܗ̱ܽܘ ܕܠܳܐ ܡܶܢ ܡܬܽܘܡ ܫܰܒܩܳܗ̇ ܠܐ̱ܢܳܫܽܘܬܳܐ ܕܰܐܣܓܺܝ ܒܟܽܠ ܕܳܪ̈ܺܝܢ ܥܽܘܪ̈ܢܶܝܗ̇
1,Nisibis,34,8,Nisibis 34:8,ܘܰܐܝܟ ܕܰܠܥܶܩܒܳܐ ܟܪܺܝܗܬܳܐ ܐܰܣܺܝ ܝܰܘܣܶܦ ܠܰܐܪܥܳܐ ܕܡܶܨܪܶܝܢ ܢܒܺܝ̈ܶܐ ܠܨܶܗܝܽܘܢ ܐܰܣܝܽܘܗ̇ ܐܰܝܟ ܕܰܠܠܶܒܳܐ ܐܳܦ ܕܳܢܺܝܐܶܝܠ ܠܒܳܒܶܠ ܟܰܢܶܟ ܐܰܝܟ ܕܰܠܪܺܝܫܳܐ ܕܰܫܼܢܳܐ ܒܕܰܒܪܳܐ ܘܶܐܬܚܠܶܡ ܘܰܐܘܕܺܝ ܡܶܨܪܶܝܢ ܐܳܣܺܝܬܳܐ ܡܗܺܝܪܰܬ ܒܣܰܡܳܡ̈ܢܶܝܗ̇ ܟܺܐ̈ܒܶܝܗ̇ ܒܨܶܒܝܳܢܳܗ̇ ܐܶܬܩܰܫܺܝܘ
1,Nisibis,34,9,Nisibis 34:9,ܟܝܳܢܳܐ ܟܽܠܶܗ ܐܶܬܟܪܶܗ ܒܰܕܡܽܘܬ ܓܽܘܫܡܳܐ ܒܟܽܘܪܗܳܢ ܛܽܘܥܝܰܝ ܬܟܶܒܘ ܗ̱ܘܰܘ ܣܳܥܽܘܪ̈ܰܘܗ̱ܝ ܡܫܰܡ̈ܗܶܐ ܐܳܣܰܘ̈ܳܬܳܐ ܕܢܶܬܰܐܣܶܐ ܗ̱ܘܳܐ ܡܶܢ ܟܽܘܪܗܳܢܳܐ ܟܰܣܝܳܐ ܕܢܰܦܫܳܐ ܘܰܢܩܽܘܡ ܢܰܘܕܶܐ ܠܳܐܣܝܳܐ ܕܚܰܢܶܗ ܫܽܘܒܚܳܐ ܠܗܰܘ ܕܰܐܟܪܶܟ ܠܟܺܐܢ̈ܶܐ ܒܟܽܠ ܦܶܢܝ̈ܳܢ ܕܠܰܟܪܺܝܗܬܳܐ ܬܺܒܶܝܠ ܢܶܣܥܽܘܪ ܗ̱ܘܳܐ
1,Nisibis,34,10,Nisibis 34:10,ܠܳܐ ܣܦܼܶܩܘ̱ ܠܶܗ ܕܶܝܢ ܠܥܳܠܡܳܐ ܐܳܣܰܘ̈ܳܬܳܐ ܒܣܰܡ̈ܳܡܢܰܝܗܽܘܢ ܚܙܳܝܗ̱ܝ ܘܶܐܬܪܩܶܡ ܐܳܣܝܳܐ ܕܰܠܟܽܠ ܣܳܦܶܩ ܓܙܰܪ ܡܶܢ ܦܰܓܪܶܗ ܣܳܡ ܥܰܠ ܟܺܐܒܶܗ ܘܰܐܣܺܝ ܚܫܰܢ ܒܦܰܓܪܶܗ ܘܰܕܡܶܗ ܐܰܚܠܡܳܗ̇ ܡܚܽܘܬܰܢ ܫܽܘܒܚܳܐ ܠܣܰܡ ܚ̈ܰܝܶܐ ܕܗܽܘܝܽܘ ܣܦܼܰܩ ܘܰܐܣܺܝ ܟܺܐܒܳܐ ܕܢܰܦܫ̈ܳܬܳܐ ܒܝܽܘܠܦܳܢܶܗ
1,Nisibis,34,11,Nisibis 34:11,ܝܶܫܽܘܥ ܐܺܝܬܰܘܗ̱ܝ ܐܳܣܝܰܢ ܘܰܐܝܟ ܡܳܐ ܕܡܶܡܬܽܘܡ ܒܶܗ ܗ̱ܽܘ ܗܘܰܝܢܰܢ ܗܳܟܰܢ ܒܺܐܝܕܶܗ ܐܶܬܰܐܣܶܝܢ ܘܰܐܝܟ ܐܰܠܳܗܳܐ ܟܝܳܢܳܐ ܘܟܺܐܒܳܐ ܕܢܰܦܫܳܐ ܝܳܕܰܥ ܕܳܐܦ ܥܳܒܽܘܕܰܐ ܗ̱ܘ ܐܳܦ ܥܳܨܽܘܒܰܐ ܗ̱ܘ ܘܳܐܣܝܳܐ ܘܣܰܡܳܐ ܫܽܘܒܚܳܐ ܠܡܰܢ ܕܰܒܼܪܳܐ ܡܶܕܶܡ ܕܠܰܝܬܰܘܗ̱ܝ ܗ̱ܘܳܐ ܘܟܰܕ ܬܽܘܒ ܚܛܳܐ ܘܰܢܦܼܰܠ ܐܰܩܺܝܡܶܗ
1,Nisibis,34,12,Nisibis 34:12,ܐܳܣܰܘ̈ܳܬܳܐ ܕܥܳܠܡܳܐ ܒܚܰܫܰܐ ܗ̱ܘ ܡܨܶܝܢ ܠܡܰܐܣܳܝܽܘ ܣܰܓܺܝ ܕܚܺܝܠܳܐ ܐܺܝܕܗܽܘܢ ܠܰܡܡܰܚܰܝ̈ܳܐ ܠܰܡܚܽܘܬܰܢ ܡܳܪܝ̱ ܣܰܓܺܝ ܚܰܒܺܝܒ ܢܰܩܦܳܗ̇ ܕܺܐܝܕܳܟ ܕܳܐܦ ܗܺܝ ܨܶܒܥܳܟ ܓܶܫܬܳܐ ܗ̱ܝ ܕܪ̈ܰܚܡܶܐ ܒܪܺܝܟ ܗ̱ܽܘ ܕܡܶܢ ܢܰܚ̈ܬܰܘܗ̱ܝ ܒܪ̈ܶܝܟܶܐ ܘܪ̈ܰܟܺܝܟܶܐ ܚܰܝܠܳܐ ܢܦܼܰܩ ܘܰܐܣܺܝ ܢܺܝܚܳܐܺܝܬ
1,Nisibis,34,13,Nisibis 34:13,ܛܳܒܳܐ ܕܰܠܐܺܝ ܒܥܳܠܡܳܐ ܕܢܶܗܘܶܐ ܟܽܠܶܗ ܓܽܘܫܡܳܐ ܚܠܺܝܡܳܐ ܠܳܐ ܬܶܒܣܼܶܐ ܡܳܪܝ̱ ܒܪܶܚܡܬܳܟ ܥܰܠ ܗܰܕܳܡܳܐ ܚܰܕ ܚܰܠܳܫܳܐ ܒܰܓܫܽܘܡ ܟܺܐܢ̈ܶܐ ܢܶܬܪܟܶܒ ܡܳܪܝ̱ ܘܢܶܗܘܶܐ ܩܰܒܥܶܗ ܥܰܡܗܽܘܢ ܠܥܳܠܰܡ ܛܳܒܳܐ ܕܰܩܒܰܥ ܗ̱ܘܳܐ ܠܶܐܕܢܳܐ ܕܶܐܬܦܰܣܩܰܬ ܠܳܐ ܬܦܰܣܩܳܢܝ̱ ܡܶܢܳܟ ܕܰܐܪܓܶܙܬܳܟ
1,Nisibis,35,1,Nisibis 35:1,ܐܰܟܪܶܙ ܩܳܠܳܐ   ܘܟܰܢܶܫܘ̱ ܘܶܐܬܰܘ ܚܰܝ̈ܠܰܝ ܒܺܝܫܼܳܐ   ܥܰܡ ܫܰܡ̈ܳܫܰܘܗ̱ܝ ܡܰܫܪܺܝܬ ܙܺܝ̈ܙܳܢܶܐ   ܟܢܳܫܬܳܐ ܟܽܠܳܗ̇ ܕܰܚܙܰܘ ܕܶܐܬܢܰܨܰܚ ܝܶܫܽܘܥ ܟܺܐܦܳܐ ܠܟܽܠܳܗ̇ ܣܶܡܳܠܳܐ ܕܠܰܝܬ ܒܗܽܘܢ ܕܠܳܐ ܐܶܫ̇ܬܰܢܰܩ ܫ̇ܰܪܺܝܘ ܚܰܕ ܚܰܕ ܕܢܶܬܢܽܘܢ ܟܽܠ ܡܳܐ ܕܰܣܼܒܰܠܘ̱ ܚܛܺܝܬܳܐ ܘܰܫܝܽܘܠ ܐܶܬܪܰܗܒܰܬ ܙܳܥ ܡܰܘܬܳܐ ܕܰܡܪܰܕܘ̱ ܡܺܝ̈ܬܶܐ ܘܣܳܛܳܢܳܐ ܕܰܡܪܰܕܘ̱ ܥܠܰܘܗ̱ܝ ܚ̈ܰܛܳܝܶܐ
1,Nisibis,35,2,Nisibis 35:2,ܩܪܳܬ ܚܛܺܝܬܳܐ   ܡܰܠܟܰܬ ܠܰܒ̈ܢܶܝܗ̇ ܠܫܺܐܕ̈ܶܐ ܘܕܰܝ̈ܘܶܐ   ܘܰܠܗܽܘܢ ܐܶܡܪܰܬ ܕܠܶܓܝܽܘܢ ܪܺܝܫܳܐ ܕܣܶܕܪ̈ܰܝܟܽܘܢ ܠܰܝܬܰܘܗ̱ܝ ܕܒܰܠܥܶܗ ܝܰܡܳܐ ܘܰܠܚܰܒܪ̈ܰܘܗ̱ܝ ܘܳܐܦ ܐܰܢ̱ܬܽܘܢ ܒܢ̈ܰܝ ܐܶܢ ܬܶܒܼܣܽܘܢ ܗܳܢܳܐ ܝܶܫܽܘܥ ܢܰܘܒܶܕܟܽܘܢ ܐܰܢ̱ܬܽܘܢ ܕܨܳܕܬܽܘܢ ܠܰܫܠܶܝܡܽܘܢ ܚܶܣܕܰܐ ܗ̱ܘ ܗܳܟܺܝܠ ܕܰܬܚܽܘܒܽܘܢ ܡܶܢ ܬܰܠܡܺܝܕ̈ܰܘܗ̱ܝ ܨܶܝ̈ܕܰܝ ܢܽܘ̈ܢܶܐ ܘܗܶܕ̈ܝܽܘܛܶܐ ܕܗܳܐ ܨܶܕܰܘܗ̱ܝ ܨܰܝܕܳܐ ܕܐ̱ܢܳܫܳܐ ܕܨܶܝܕ ܗ̱ܘܳܐ ܠܰܢ
1,Nisibis,35,3,Nisibis 35:3,ܪܰܒܳܐ ܗ̱ܝ ܗܳܕܶܐ   ܡܶܢ ܟܽܠ ܒܺܝ̈ܫܳܢ ܐܳܡܰܪ ܒܺܝܫܼܳܐ   ܥܰܠ ܦܳܪܽܘܩܰܢ ܠܳܐ ܓܶܝܪ ܣܶܦܩܰܬ ܠܶܗ ܗܳܕܶܐ ܕܰܒܙܳܢ ܐܶܠܳܐ ܕܳܐܦ ܒܰܢ ܫܰܪܺܝ ܠܶܗ ܥܺܝܪܬܶܗ ܕܝܰܘܢܳܢ ܒܰܪ ܡܰܬܰܝ ܡܶܢ ܠܶܓܝܽܘܢ ܟܰܝ ܬܳܒܰܥ ܠܶܗ ܕܰܫܩܼܰܠ ܘܰܫܕܳܝܗ̱ܝ ܒܺܝܡܰܐ ܝܰܘܢܳܢ ܢܒܰܓ ܠܰܬܠܳܬܳܐ ܝܰܘܡܺܝ̈ܢ ܘܰܣܠܼܶܩ ܠܶܓܝܽܘܢ ܕܶܝܢ ܐܳܦ ܠܳܐ ܠܢܽܘܓܪܳܐ ܕܟܳܡ ܥܠܰܘܗ̱ܝ ܥܽܘܡܩܳܐ ܕܝܰܡܳܐ ܒܦܽܘܩܕܳܢܳܐ
1,Nisibis,35,4,Nisibis 35:4,ܓܰܪܶܓܬܶܗ ܗܘܺܝܬ   ܒܳܬܰܪ ܨܰܘܡܶܗ ܒܠܰܚܡܳܐ ܦܰܐܝܳܐ   ܘܠܳܐ ܐܶܬܪܰܓܪܰܓ ܠܥܳܩܬܰܝ ܡܰܙܡܽܘܪܳܐ ܥܶܡܠܰܬ ܝܶܠܦܰܬ ܕܰܒܡܰܙܡܽܘܪܶܗ ܐܰܨܽܘܕܺܝܘܗ̱ܝ ܒܶܛܠܰܬ ܝܶܠܦܰܬ ܬܰܢܺܝܢܳܐ ܘܥܰܒܕܶܗ ܠܬܰܢܺܝܢܝ̱ ܒܛܺܝܠܳܐ ܠܛܽܘܪܳܐ ܐܰܣܩܰܬ ܚܰܘܺܝܬܶܗ ܟܽܠ ܩܶܢܝ̈ܳܢܺܝܢ ܝܶܗܒܰܬ ܠܶܗ ܘܠܳܐ ܐܶܬܚܰܬܚܰܬ ܛܽܘܒܰܝ ܗ̱ܘܳܐ ܒܝܰܘܡܶܗ ܕܳܐܕܳܡ ܕܠܳܐ ܝܰܗ̱ܒ ܠܺܝ ܕܶܐܠܳܐܳܐ ܣܰܓܺܝ ܒܬܽܘܠܡܳܕܶܗ
1,Nisibis,35,5,Nisibis 35:5,ܦܳܫ ܡܶܢ ܟܽܘܫܪܶܗ   ܒܺܝܫܳܐ ܘܶܐܡܰܪ ܕܒܶܛܠܳܢܰܐ ܗ̱ܘ ܠܺܝ   ܗܳܢܳܐ ܝܶܫܽܘܥ ܗܳܐ ܓܶܝܪ ܡܟܰܣ̈ܶܐ ܘܙܳܢܝ̈ܳܬܳܐ ܛܦܼܰܣܘ̱ ܒܶܗ ܐܰܝܢܳܐ ܕܥܳܒܕܳܐ ܐܶܒܥܶܐ ܠܺܝ ܐܶܢܳܐ ܕܰܗܘܺܝܬ ܪܰܒܳܐ ܠܟܽܠ ܐ̱ܢܳܫ ܠܡܰܢܽܘ ܐܶܗܘܶܐ ܬܰܠܡܺܝܕܳܐ ܚܛܺܝܬܳܐ ܬܽܘܒ ܐܶܡܪܰܬ ܙܳܕܶܩ ܡܶܟܺܝܠ ܐܶܦܽܘܫ ܘܶܐܬܚܰܠܰܦ ܡܶܢ ܡܳܐ ܕܰܐܝܬܺܝ ܕܗܳܢܳܐ ܒܰܪ ܡܰܪܝܰܡ ܕܶܐܬܳܐ ܒܪܺܝܬܳܐ ܚܕܰܬܳܐ ܒܪܳܐ ܠܳܗ̇ ܠܐ̱ܢܳܫܽܘܬܳܐ
1,Nisibis,35,6,Nisibis 35:6,ܝܰܥܢܳܐ ܡܰܘܬܳܐ   ܐܰܝܠܶܠ ܘܶܐܡܼܰܪ ܨܰܘܡܳܐ ܝܶܠܦܰܬ   ܕܠܳܐ ܝܳܕܰܥ ܗܘܺܝܬ ܝܶܫܽܘܥ ܗܳܐ ܥܒܰܕ ܟܶܢ̈ܫܶܐ ܠܺܝ ܕܶܝܢ ܒܣܳܡܶܗ ܨܰܘܡܳܐ ܡܰܟܪܶܙ ܠܺܝ ܚܰܕ ܒܰܪܢܳܫܳܐ ܣܰܟܪܶܗ ܦܽܘܡܝ̱ ܕܣܶܟܪܰܬ ܦܽܘܡܳܐ ܕܣ̈ܰܓܺܝܐܶܐ ܫܝܽܘܠ ܐܶܡܪܰܬ ܐܶܟܐܶܐ ܒܝܰܥܢܽܘܬܝ̱ ܟܰܦܢܰܐ ܗ̱ܘ ܡܶܟܺܝܠ ܗܳܐ ܢܳܨܰܚ ܒܰܚܠܽܘܠܳܐ ܐܰܝܟ ܕܰܗܦܰܟ ܡܰܝ̈ܳܐ ܠܚܰܡܪܳܐ ܗܦܼܰܟ ܠܶܗ ܟܝܳܢܳܐ ܕܡܺܝ̈ܬܶܐ ܠܚܰܝܽܘܬܳܐ
1,Nisibis,35,7,Nisibis 35:7,ܘܳܐܦ ܐܰܠܳܗܳܐ   ܥܒܰܕ ܛܰܘܦܳܢܳܐ ܘܰܐܫܺܝܓ ܐܰܪܥܳܐ   ܘܚܰܠܶܠ ܚܽܘܒܶܝ̈ܗ̇ ܢܽܘܪܳܐ ܘܟܶܒܪܺܝܬܳܐ ܬܽܘܒ ܩܰܪܶܒ ܠܳܗ̇ ܕܰܢܚܽܘܪ ܗ̱ܘܳܐ ܟܽܘܬܡ̈ܳܬܳܐ ܒܢܽܘܪܳܐ ܝܳܗܶܒ ܠܺܝ ܣܰܕܽܘܡܳܝ̈ܶܐ ܘܰܒܛܰܘܦܳܢܳܐ ܓܰܢ̱ܒܳܪ̈ܶܐ ܣܟܰܪ ܦܽܘܡܳܐ ܕܒܶܝܬ ܣܰܢܚܺܝܪܶܝܒ ܘܰܦܬܼܰܚ ܕܰܫܝܽܘܠ ܗܳܠܶܝܢ ܘܕܰܐܝܟ ܗܳܠܶܝܢ ܪܶܚܡܰܬ ܚܠܳܦ ܡܰܘ̈ܬܳܢܶܐ ܕܟܺܐܢܽܘܬܳܐ ܥܒܼܰܕ ܒܰܒܪܶܗ ܚܰܝܰܬ ܡܺܝ̈ܬܶܐ ܒܛܰܝܒܽܘܬܳܐ
1,Nisibis,35,8,Nisibis 35:8,ܚܳܙܶܝܢ ܠܺܝ ܢܒܺܝ̈ܶܐ   ܐܳܦ ܙܰܕܺܝܩ̈ܶܐ ܐܳܡܰܪ ܒܺܝܫܳܐ   ܠܰܒ̈ܢܰܝ ܓܰܒܶܗ ܘܟܰܕ ܛܳܒ ܥܰܙܺܝܙܺܝܢ ܗ̱ܘܰܘ ܚܰܝ̈ܠܰܝܗܽܘܢ ܐܺܝܬ ܗ̱ܘܳܐ ܒܗܽܘܢ ܗܰܘܦܳܐ ܡܶܢ ܕܺܝܠܝ̱ ܓܒܺܝܠܬܳܐ ܓܶܝܪ ܕܰܒ̈ܢܰܝ ܐ̱ܢܳܫܳܐ ܒܰܪ̱ܬ ܙܰܘܓܶܗ ܗܺܝ ܕܰܚܡܺܝܪܳܢ ܗܳܢܳܐ ܠܒܶܫ ܦܰܓܪܶܗ ܕܳܐܕܳܡ ܘܰܡܕܰܘܶܕ ܠܰܢ ܕܰܚܡܺܝܪܳܢ ܠܳܐ ܫܰܠܶܛ ܒܶܗ ܒܰܪܢܳܫܰܐ ܗ̱ܘ ܟܰܝ ܘܰܐܠܳܗܳܐ ܕܐ̱ܢܳܫܽܘܬܶܗ ܒܰܐܠܳܗܽܘܬܶܗ ܐܶܬܡܰܙܓܰܬ
1,Nisibis,35,9,Nisibis 35:9,ܚܙܳܐ ܠܺܝ ܐܳܕܳܡ   ܗܰܘ ܡܰܒܽܘܥܳܐ ܕܰܪܕܰܘ ܡܶܢܶܗ   ܟܽܠ ܓܶܢܣ̈ܢܰܝܢ ܝܰܠܕܰܘ̈ܗ̱ܝ ܒܨܶܝܢ ܐܶܢܽܘܢ [ܠܺܝ] ܘܰܒܩܼܶܝܢ ܚܰܕ ܚܰܕ ܘܠܳܐ ܚܙܺܝܬ ܡܶܡܬܽܘܡ ܒܰܪܢܳܫܳܐ ܕܰܚܕܳܐ ܡܢܳܬܶܗ ܕܰܐܠܳܗܳܐ ܘܦܰܠܓܶܗ ܐ̱ܚܪܺܢܳܐ ܒܰܪܢܳܫܳܐ ܡܽܘܫܶܐ ܕܶܐܙܕܰܗܺܝ ܒܙܺܝܘܶܗ ܬܽܘܒ ܒܩܺܝܬܶܗ ܘܰܒܠܶܫܳܢܶܗ ܕܰܘܕܬܶܗ ܠܗܳܢܳܐ ܕܶܝܢ ܐܳܦ ܠܳܐ ܒܪܶܢܝܶܗ ܕܰܫܦܰܐ ܗ̱ܘ ܣܰܓܺܝ ܡܰܒܽܘܥܳܐ ܕܚܽܘܫ̈ܳܒܰܘܗ̱ܝ
1,Nisibis,35,10,Nisibis 35:10,ܪܓܰܬ ܦܰܓܪܳܐ   ܒܟܽܠ ܦܰܓܪ̈ܰܝܢ ܗܝ ܕܳܐܦ ܟܰܕ ܕܳܡܟܺܝܢ   ܥܺܝܪܳܐ ܗ̱ܝ ܒܗܽܘܢ ܐܰܝܢܳܐ ܕܒܰܥܠܰܘ̈ܘܗ̱ܝ ܐܶܨܛܰܠܰܠ ܒܝܰܕ ܚܶܠܡܳܐ ܕܳܠܰܚ ܐ̱ܢܳܐ ܠܶܗ ܬܶܛܪܶܗ ܕܦܰܓܪܳܐ ܕܶܐܠ ܒܶܗ ܡܶܢ ܙܰܘܥܳܐ ܕܰܟܣܶܐ ܒܓܰܘܶܗ ܠܫܰܗܪ̈ܶܐ ܘܰܠܕܰܡ̈ܟܶܐ [ܬܽܘܒܰܢ ܫܶܓܫܶܬ ܐܰܟܚܰܕ ܗܳܢܰܘ ܒܰܠܚܽܘܕ ܕܶܐܨܛܰܠܶܠ ܕܳܐܦ ܠܳܐ ܒܚܶܠܡܳܐ ܕܰܘܶܕܬܶܗ ܕܳܐܦ ܒܳܗ̇ ܒܫܶܢܬܶܗ ܫܰܦܝܳܐ ܗ̱ܘܳܐ ܘܩܰܕܺܝܫܳܐ
1,Nisibis,35,11,Nisibis 35:11,ܦܪܺܝܫܳܐ ܗ̱ܘܳܬ ܕܶܝܢ   ܐܳܦ ܛܰܠܝܽܘܬܶܗ ܡܶܢ ܕܰܛ̈ܠܳܝܶܐ   ܕܰܚܙܰܝܢ ܗ̱ܘܰܘ ܠܺܝ ܠܳܐ ܓܶܝܪ ܚ̇ܙܺܝܬ ܒܶܗ ܡܢܼܳܬܳܐ ܡܶܢ ܕܺܝܠܝ̱ ܡܶܢ ܛܰܠܝܽܘܬܶܗ ܩܳܢܶܛ ܗܘܺܝܬ ܒܰܕܓܽܘܢ ܓܪܝܬ ܠܗܶܪܳܘܕܶܣ ܕܥܰܡ ܝ̈ܰܠܽܘܕܶܐ ܢܶܬܩܰܛܰܠ ܕܳܐܦ ܡܶܢܳܗ̇ ܕܗܳܝ ܕܰܦܠܰܛ ܗ̱ܘܳܐ ܣܰܓܺܝ ܩܶܢܛܰܬ ܕܰܒܪܳܐܙܰܢ ܐܰܝܟܰܢ ܐܰܪܓܶܫ ܫܩܼܰܠ ܩܽܘܪ̈ܒܳܢܶܐ ܕܰܡܓܽܘ̈ܫܶܐ ܒܰܙܰܚ ܒܰܢ ܘܰܐܫܩܶܠ ܘܦܰܠܶܓ ܡܶܢ ܣܰܝܦܰܢ
1,Nisibis,35,12,Nisibis 35:12,ܚܙܰܝܢ ܠܺܝ ܛ̈ܠܳܝܶܐ   ܒ̈ܢܰܝ ܙܰܕܺܝ̈ܩܶܐ ܘܳܐܦ ܝܰܠܽܘܕ̈ܶܐ	 ܒܢ̈ܰܝ ܢܰܟ̈ܦܳܬ̣ܳܐ ܘܰܒܩܺܝܬ ܐܶܢܽܘܢ 		ܡܶܢ ܟܰܪܣܳܐ ܚܰܕ ܚܰܕ ܘܰܚܙܺܝܬܶܗ ܒܗܽܘܢ ܠܰܚܡܺܝܪܳܢ		ܕܰܪܓܽܘܙܬܳܢܺܝܢ ܘܠܺܝܛܺܝܢ ܘܳܐܦ ܚܶܡܬܳܢܺܝܢ ܘܚܶܘܳܪ̈ܺܝܢ		ܦܺܐܪ̈ܶܐ ܗ̱ܘܰܘ ܕܰܒܝܽܘܠܦܳܢܳܐ ܒܳܟܪܽܘ ܘܰܚܠܺܝܘ			ܗܳܢܳܐ ܕܶܝܢ ܡܶܢ ܡܽܘܥܺܝܬܶܗ ܦܺܐܪܳܐ ܗ̱ܘܳܐ ܛܳܒܳܐ			ܕܰܩܢܳܐ ܚܰܠܝܽܘܬܳܐ ܕܒܳܗ̇ ܐܶܬܚܠܺܝܘ			ܚܰܛܳܝ̈ܶܐ
1,Nisibis,35,13,Nisibis 35:13,ܐܳܦ ܟܰܕ ܥܽܘܠܰܐ ܗ̱ܘ 	ܡܰܠܦܳܢܳܐ ܗ̱ܘܳܐ ܕܰܒܢܰܝ̈ܢܳܫܳܐ   ܒܙܺܝܘܳܐ ܕܰܥܠܰܘܗ̱ܝ ܐܳܦ ܗܽܘ ܟܳܗܢܳܐ ܟܰܕ ܛܰܥܢܶܗ ܬܗܰܪ ܒܶܗ ܛܰܥܡܳܐ ܕܣ̈ܳܒܶܐ ܡܥܰܛܰܦ ܗ̱ܘܳܐ ܝܰܘܣܶܦ ܡܶܢܶܗ ܚܳܐܶܓ ܗ̱ܘܳܐ ܐܶܡܶܗ ܩܰܕܡܽܘܗ̱ܝ ܙܰܗܝܳܐ ܗ̱ܘܳܬ ܥܽܘܕܪܳܢܳܐ ܗ̱ܘܳܐ ܒܛܰܠܝܽܘܬܶܗ ܠܟܽܠ ܚ̈ܙܺܝܘܗ̱ܝ ܝܽܘܬܪܳܢܳܐ ܗ̱ܘܳܐ ܠܝܳܕܽܘ̈ܥܰܘܗ̱ܝ ܡܶܢ ܝܰܘܡܳܐ ܕܥܰܠ ܠܰܒܪܺܝܬܳܐ ܡܥܰܕܪܳܢܳܐ ܗ̱ܘܳܐ ܕܐ̱ܢܳܫܽܘܬܳܐ ܒܢܶܨܚܳܢܰܘ̈ܗ̱ܝ
1,Nisibis,35,14,Nisibis 35:14,ܡܶܢ ܐܰܝܟܳܐ ܢܳܒܰܥ ܠܺܝ   ܦܺܐܪܳܗ̇ ܕܡܰܪܝܰܡ ܣܓܽܘܠܳܐ ܕܚܰܡܪܶܗ   ܠܰܘ ܕܰܟܝܳܢܰܐ ܗ̱ܘ ܗܳܐ ܓܶܝܪ ܩܳܡܬ ܠܺܝ ܒܶܝܬ ܦܽܘܫ̈ܳܟܶܐ ܕܰܐܗܡܶܐ ܘܰܐܪܦܶܝܘܗ̱ܝ ܩܳܢܶܛ ܐ̱ܢܳܐ ܕܠܳܐ ܒܝܽܘܠܦܳܢܶܗ ܢܶܬܚܰܠܽܘܢ ܐܰܝܠܶܝܢ ܕܰܩܼܢܰܘ ܡܰܪܺܝܪܽܘܬܝ̱ ܘܕܰܐܥܨܽܘܪ ܘܶܐܕܽܘܫܺܝܘܗ̱ܝ ܬܽܘܒ ܣܽܘܪܳܕܰܐ ܗ̱ܘ ܠܺܝ ܕܰܠܡܳܐ ܢܶܗܦܽܘܟ ܢܶܗܘܶܐ ܠܶܗ ܚܰܡܪܳܐ ܚܰܕܬܳܐ ܠܚ̈ܰܛܳܝܶܐ ܘܡܳܐ ܕܪܽܘܝܽܘ ܒܶܗ ܗܽܘ ܛܥܶܝܢ ܦܬܰܟܪ̈ܰܝܗܽܘܢ
1,Nisibis,35,15,Nisibis 35:15,ܗܳܐ ܩܳܢܶܛ ܐ̱ܢܳܐ   ܡܶܢ ܬܰܪ̈ܬܰܝܗܶܝܢ ܐܳܦ ܡܶܢ ܡܰܘܬܳܐ   ܐܳܦ ܡܶܢ ܚ̈ܰܝܰܘܗ̱ܝ ܥܢܰܘ ܕܶܝܢ ܠܒܺܝܫܼܳܐ ܫܰܡ̈ܫܰܘܗ̱ܝ ܡܰܠܟܽܘܗ̱ܝ ܕܶܐܢ ܩܫܶܝܢ ܐܶܢܶܝܢ ܬܰܪ̈ܬܰܝܗܶܝܢ ܦܫܺܝܚ ܗܽܘ ܠܰܢ ܛܰܥܢܳܐ ܩܰܠܺܝܠ ܕܡܰܘܬܶܗ ܢܶܓܒܶܐ ܡܶܢ ܚ̈ܰܝܰܘܗ̱ܝ ܢܺܐܡܰܪ ܠܰܢ ܡܰܘܬܳܐ ܐܶܢ ܐ̱ܢܳܫ ܬܽܘܒܰܢ ܡܶܡܬܽܘܡ ܡܶܢ ܙܰܕܺܝ̈ܩܶܐ ܐܶܬܢܰܚܰܡ ܒ̈ܢܰܝ ܓܰܢ̱ܒܳܪ̈ܶܐ ܘܢܰܨ̈ܺܝܚܶܐ ܠܰܝܬ ܓܶܝܪ ܕܰܢܒܰܓ ܡܶܢܳܗ̇ ܕܰܫܝܽܘܠ ܒܳܠܰܥܬܳܐ
1,Nisibis,35,16,Nisibis 35:16,ܢܳܫܒܳܐ ܕܪܽܘܚܳܐ   ܡܨܶܐ ܐ̱ܢܳܫ ܓܐܶܫ ܘܰܠܒܰܪ ܡܰܪܝܰܡ   ܡܼܰܢܽܘ ܕܢܶܒܼܨܶܝܘܗ̱ܝ] ܟܰܕ ܓܶܝܪ ܒܳܟܶܐ ܗ̱ܘܳܐ ܒܕܶܡ̈ܥܰܘܗ̱ܝ ܓܰܢܒܰܢܝ̱ ܘܟܰܕ ܬܽܘܒ ܐܶܡܪܰܬ ܠܶܗ ܕܰܢܦܰܠ ܡܶܢ ܗܰܝܟܰܠ ܩܽܘܕܫܳܐ ܣܶܒܪܰܬ ܕܡܶܢ ܕܶܚܠܶܗ ܠܳܐ ܢܦܰܠ ܗ̱ܘܳܐ ܟܰܕ ܫܕܰܐܘܗ̱ܝ ܡܶܢ ܛܽܘܪܳܐ ܦܪܰܚ ܠܶܗ ܒܳܐܐܰܪ ܥܰܠ ܒܪܳܐ ܠܐܼܺܝ ܘܺܝܬܶܒ ܬܽܘܒ ܥܰܠ ܫܽܘܚ̈ܠܳܦܰܘܗ̱ܝ ܠܳܐ ܩܳܡܶܬ ܕܥܰܠ ܝܰܒܫܳܐ ܐܳܦ ܥܰܠ ܡܰܝ̈ܳܐ ܡܗ̇ܰܠܶܟ ܗ̱ܘܳܐ
1,Nisibis,35,17,Nisibis 35:17,ܚ̇ܙܺܝܬܶܗ ܕܰܟܦܼܶܢ   ܐܰܝܟ ܒܰܪ ܐ̱ܢܳܫܳܐ ܘܶܐܫܬܰܪܝܰܬ ܠܳܗ̇   ܒܠܰܚܡܳܐ ܕܰܐܣܓܺܝ ܡܶܢܶܗ ܕܫܽܘܪܳܝܳܐ ܒܩܺܝܬܶܗ ܘܶܐܬܺܝܬ ܫܐܶܠ ܐܰܝܟ ܠܳܐ ܝܳܕܽܘܥܳܐ ܘܶܐܫܬܰܪܝܰܬ ܠܳܗ̇ ܐܳܦ ܗܳܕܶܐ ܕܚܰܘܺܝ ܕܝܳܕܰܥ ܟܰܣܝ̈ܳܬܰܐ ܗ̱ܘ ܓܒܳܝܗ̱ܝ ܗ̱ܘܳܐ ܬܽܘܒ ܠܰܣܩܰܪܝܽܘܛܳܐ ܐܰܝܟ ܠܳܐ ܝܳܕܰܥ ܘܰܗܼܦܰܟ ܚܰܘܺܝ ܕܝܳܕܰܥ ܠܶܗ ܟܰܕ ܐܳܣܰܪ ܗ̱ܘܳܐ ܘܟܰܕ ܫܳܪܶܐ ܦܶܗ̇ܝܰܬ ܠܺܝ ܒܶܗ ܕܰܥܡܼܰܕ ܘܢܼܰܒܰܓ ܘܐܛܝܦܢܝ
1,Nisibis,35,18,Nisibis 35:18,ܚܰܕ ܕܶܝܢ ܢܺܝܫܳܐ   ܕܰܚܙܳܐ ܠܺܝ ܒܶܗ ܗܽܘ ܡܠܰܒܶܒ ܠܺܝ   ܝܰܬܺܝܪ ܡܶܢ ܟܽܠ ܟܰܕ ܓܶܝܪ ܡܨ̇ܰܠܶܐ ܚܙܺܝܬܶܗ ܘܚܶܕܺܝܬ ܕܶܐܫܬܰܚܠܰܦ ܓܰܘܢܶܗ ܘܰܕܚܼܶܠ ܗܘܳܬ̣ ܕܽܘܥܬܶܗ ܫ̈ܶܠܳܬܳܐ ܕܰܕܡܳܐ ܕܰܐܪܓܶܫ ܗ̱ܘܳܐ ܕܰܡܼܛܳܐ ܝܰܘܡܶܗ ܗܳܕܶܐ ܐܶܬܳܐ ܫܶܦܪܰܬ ܠܺܝ ܝܰܬܺܝܪ ܡܶܢ ܟܽܠ ܐܶܢ ܠܰܘ ܡܶܓܢܰܒ ܓܰܢܒܳܢܝ̱ ܒܳܗ̇ ܐܶܢ ܕܶܝܢ ܡܶܟܰܠ ܗܽܘ ܢܶܟܠܰܢܝ̱ ܘܳܝ ܐܰܟܚܰܕ ܐܳܦ ܠܺܝ ܘܰܠܟܽܘܢ ܫܰܡ̈ܶܫܝ̱
1,Nisibis,35,19,Nisibis 35:19,ܪܶܒܰܬ ܡܰܫܪܺܝܬ   ܫܺܐܕ̈ܶܐ ܘܶܐܡܪܰܬ ܣܰܢܝܳܐ ܗ̱ܝ ܐܳܬܶܐ   ܕܚܳܙܶܝܢܰܢ ܒܳܟ ܠܳܐ ܓܶܝܪ ܡܬܽܘܡ ܗܳܟܰܢܳܐ ܓܕܰܫ ܠܳܟ ܒܡ̈ܰܠܟܶܐ ܟܪ̈ܰܝܳܐ ܢܰܨܰܚ ܗܘܺܝܬ ܒܰܪ ܡܰܪܝܰܡ ܫ̇ܒܳܐ ܟܶܪ̈ܟܶܐ ܘܰܐܢ̱ܬ ܗܳܐ ܡܽܘܪܳܟ ܬܽܘܪܓܳܡܳܐ ܩܽܘܡ ܦܽܘܩ ܢܶܬܟܰܬܰܫ ܥܰܡܶܗ ܚܶܣܕܰܐ ܗ̱ܘ ܠܰܢ ܓܶܝܪ ܕܣܰܓ̈ܺܝܐܶܐ ܢܚܽܘܒܽܘܢ ܡܶܢ ܚܰܕ ܘܶܐܢ ܟܺܐܒܰܐ ܗ̱ܘ ܠܳܟ ܐܰܘ ܩܶܢܛܳܐ ܗܰܒ ܠܰܢ ܡܰܠܟܳܐ ܠܰܩܪܳܒܳܐ ܘܩܰܘܳܐ ܠܳܟ
1,Nisibis,35,20,Nisibis 35:20,ܝܶܫܽܘܥ ܗܳܢܳܐ   ܡܶܢ ܡܶܠܰܘ̈ܗ̱ܝ ܗܽܘ ܡܨܶܐ ܐ̱ܢܳܐ ܕܰܐܠܶܦ   ܘܰܐܩܪܶܒ ܥܰܡܶܗ ܐܶܡܼܰܪ ܓܶܝܪ ܕܗܽܘ ܠܰܡ ܣܳܛܳܢܳܐ ܦܠܺܝܓ ܗ̱ܽܘ ܥܰܠ ܢܰܦܫܶܗ ܘܠܳܐ ܡܶܬܩܺܝܡ ܟܰܕ ܨܳܒܶܐ ܕܢܰܩܪܶܒ ܥܰܡܰܢ ܝܰܗ̱ܒ ܠܰܢ ܙܰܝܢܳܐ ܕܰܠܩܽܘܒܠܶܗ ܙܶܠܘ̱ ܦܰܠܶܓܘ̱ ܠܺܝ ܬܰܠܡܺܝܕ̈ܰܘܗ̱ܝ ܕܶܐܢ ܐܶܬܦܰܠܰܓܘ̱ ܠܗܽܘܢ ܗܽܘ ܒܗܽܘܢ ܙܳܟܶܝܢ ܐܰܢ̱ܬܽܘܢ ܒܚܶܘܝܳܐ ܘܚܰܘܳܐ ܐܰܠܺܝ̈ܠܶܐ ܒܝܰܕ ܕܺܝܠܶܗ ܙܟܺܝܬܶܗ ܠܳܐܕܳܡ ܩܰܕܡܳܝܳܐ
1,Nisibis,35,21,Nisibis 35:21,ܡܰܘܬܳܐ ܠܒܺܝܫܳܐ   ܥܼܢܳܐ ܘܶܐܡܰܪ ܠܶܗ ܡܰܢܽܘ ܐܰܡܐܶܢܬ   ܕܠܳܐ ܒܰܥܝܳܕܳܟ ܗܳܐ ܓܶܝܪ ܠܫܺܝ̈ܛܶܐ ܘܠܰܙܥܽܘܪ̈ܶܐ ܐܰܢ̱ܬ ܗܽܘ ܨܳܐܶܕ ܗܘܰܝܬ ܐܰܝܟ ܟܰܫܺܝܪܳܐ ܝܶܫܽܘܥ ܕܪܰܒ ܗ̱ܽܘ ܡܶܢ ܟܽܠ ܒܡܰܢܽܘ ܨܒܰܝܬ ܕܰܬܨܽܘܕܺܝܘܗ̱ܝ ܛܰܥܡܳܐ ܕܓܶܐܪ̈ܰܘܗ̱ܝ ܡܶܕܚܰܠ ܠܳܟ ܕܰܫܕܳܐ ܗ̱ܘܳܐ ܒܳܟ ܟܰܕ ܡܶܬܢܰܣܶܐ ܗ̱ܘܳܐ ܡܶܢܳܟ ܐܰܢ̱ܬ ܘܶܐ̱ܢܳܐ ܥܰܡ ܦܰܠܚܳܝ̈ܰܟ ܙܥܽܘܪ ܗܽܘ ܟܶܢܫܰܢ   ܠܩܰܪܒܶܗ ܕܒܰܪ ܡܰܪܝܰܡ
1,Nisibis,35,22,Nisibis 35:22,ܡܳܠܶܟ ܐ̱ܢܳܐ ܕܶܝܢ   ܐܶܢ ܫܳܒܶܩ ܠܰܢ ܗܽܘ ܚܶܪܝܳܢܳܐ   ܕܢܶܥܒܶܕ ܡܶܕܶܡ ܙܶܠ ܐܰܢ̱ܬ ܘܰܒܗܰܘ ܬܰܠܡܺܝܕܶܗ ܫܰܪܺܝ ܠܳܟ ܕܪܺܝܫܳܐ ܢܡܰܠܶܠ ܥܰܡ ܪ̈ܺܝܫܶܐ ܘܫܰܪܺܝ ܟܽܘܠܳܗ̇ ܡܰܫܪܺܝܬܳܟ ܬܺܐܙܰܠ ܬܶܫܓܽܘܫ ܠܰܦܪ̈ܺܝܫܶܐ ܘܕܰܠܡܳܐ ܬܡܰܠܶܠ ܩܪܺܝܝܳܐܺܝܬ ܐܰܝܟ ܕܰܡܥܳܕ ܐܰܢ̱ܬ ܕܶܐܢ ܐܰܠܳܗܳܐ ܐܰܢ̱ܬ ܦܰܠ ܡܶܟܳܐ ܒܚܽܘܒܳܐ ܫܽܘܩܺܝܗ̱ܝ ܘܰܐܫܠܡܺܝܗ̱ܝ ܘܗܳܐ ܢܰܥܓܶܗ ܚܣܳܡܳܐ ܘܣܰܝܦܳܐ ܕܠܶܘ̈ܳܝܶܐ
1,Nisibis,36,1,Nisibis 36:1,ܡܳܪܰܢ ܫܰܥܒܶܕ   ܚܰܝܠܶܗ ܘܰܐܚܕܽܘܗ̱ܝ ܕܡܰܘܬܶܗ ܚܰܝܳܐ   ܢܺܚܶܐ ܠܳܐܕܳܡ ܐܺܝ̈ܕܰܘܗ̱ܝ ܠܩܽܘܒܥܳܐ ܕܨܶܨ̈ܶܐ ܝܰܗ̱ܒ ܗ̱ܘܳܐ ܚܠܳܦ ܐܺܝܕܳܐ ܕܩܶܛܦܰܬ ܦܺܐܪܳܐ   ܒܠܼܰܥ ܥܰܠ ܦܰܟܶܗ ܒܶܝܬ ܕܺܝܢܼܳܐ ܚܠܳܦ ܦܽܘܡܳܐ ܕܶܐܟܼܰܠ ܒܥܶܕܳܢ   ܘܕܶܫܕܶܐ ܗ̱ܘܳܐ ܐܳܕܳܡ ܪܶܓܠܶܗ ܪ̈ܶܓܠܰܘܗ̱ܝ ܩܒܰܥܘ̱ ܫܠܼܰܚ ܗ̱ܘܳܐ ܡܳܪܰܢ ܕܢܰܢܟܶܦ ܒܰܡܪܳܪܳܐ ܘܚܶܠܳܐ ܚ̇ܳܠܝ ܡܳܪܬ ܚܶܘܝܳܐ ܕܰܢܼܣܰܟ ܗ̱ܘܳܐ ܒܐ̱ܢܳܫܽܘܬܳܐ
1,Nisibis,36,2,Nisibis 36:2,ܐܶܢ ܐܰܠܳܗܳܐ ܐܰܢ̱ܬ   ܚܰܘܳܐ ܚܰܝܠܳܟ ܘܶܐܢ ܒܰܪܢܳܫܳܐ ܐܰܢ̱ܬ   ܢܰܣܳܐ ܚܰܝܠܰܢ ܘܶܐܢ ܗܼܽܘ ܕܠܳܐܕܳܡ ܒܥܺܝܬ ܙܶܠ ܠܳܟ ܥܰܠ ܚܰܘ̈ܒܳܬܶܗ ܚܒܺܝܫ ܗܳܪܟܳܐ   ܠܳܐ ܡܨܶܝܢ ܟܪ̈ܽܘܒܶܐ ܘܰܣܪ̈ܳܦܶܐ ܕܢܶܗܘܽܘܢ ܚܠܳܦܰܘܗ̱ܝ ܦܳܪ̈ܽܘܥܶܐ   ܠܰܝܬ ܒܗܽܘܢ ܡܳܝܽܘܬܳܐ ܕܢܶܬܶܠ ܢܰܦܫܶܗ ܚܠܳܦܰܘܗ̱ܝ ܡܰܢ ܦܳܬܰܚ ܦܽܘܡܳܗ̇ ܕܰܫܝܽܘܠ ܘܥܳܡܶܕ ܡܰܣܶܩ ܠܶܗ ܡܶܢܳܗ̇ ܕܰܒܠܰܥܬܶܗ ܘܰܟܡܳܬ ܥܠܰܘܗ̱ܝ ܘܰܠܥܳܠܰܡ
1,Nisibis,36,3,Nisibis 36:3,ܐܶܢܳܐ ܐ̱ܢܳܐ ܕܰܙܟܺܝܬ   ܟܽܠ ܚܰܟܺܝ̈ܡܶܐ ܘܗܳܐ ܒܙܳܘܝ̈ܳܬܳܐ   ܟܳܫܶܝܢ ܠܺܝ ܒܰܫܝܽܘܠ ܬܳܐ ܥܽܘܠ ܒܰܪ ܝܰܘܣܶܦ ܘܰܚܙܺܝ ܓܽܘܢ̈ܚܶܐ ܩܽܘܠܘ̈ܳܬܳܐ ܕܓܰܢ̱ܒܳܪ̈ܶܐ   ܫܰܪܕܽܘܕܶܗ ܪܰܒܳܐ ܕܫܶܡܫܽܘܢ ܘܬܶܓܪܽܘܡܬܶܗ ܕܓܽܘܠܝܰܕ ܩܰܫܝܳܐ   ܥܽܘܓ ܒܰܪ ܓܰܢ̱ܒܳܪ̈ܶܐ ܬܽܘܒܰܢ ܗܰܘ ܕܰܥܒܰܕ ܠܶܗ ܥܰܪܣܳܐ ܕܦܰܪܙܠܳܐ ܘܰܓܢܶܐ ܒܳܗ̇ ܡܶܢܳܗ̇ ܣܚܰܦܬܶܗ ܘܰܐܪܡܺܝܬܶܗ ܠܗܰܘ ܐ̱ܪܳܙܳܐ ܒܬܰܪܥܳܐ ܕܰܫܝܽܘܠ ܫܰܦܠܬܶܗ
1,Nisibis,36,4,Nisibis 36:4,ܐܶܢܳܐ ܒܰܠܚܽܘܕܝ̱   ܙܟܺܝܬ ܠܣ̈ܰܓܺܝܐܶܐ ܘܺܝܚܺܝܕܳܝܳܐ   ܒܳܥܶܐ ܕܢܶܙܟܶܝܢܝ̱ ܢܒܺܝ̈ܶܐ ܘܟܳܗ̈ܢܶܐ ܘܢܰܨ̇ܺܝܚܳܐ ܕܒܰܪ̱ܬ ܙܟܺܝܬ ܠܡ̈ܰܠܟܶܐ ܒܣܶܕܪ̈ܰܝܗܽܘܢ   ܘܓܰܢ̱ܒܳܪ̈ܶܐ ܒܢܰܚܫܺܝܪ̈ܰܝܗܽܘܢ ܘܙܰܕܺܝܩ̈ܶܐ ܒܢܶܨܚ̈ܳܢܰܝܗܽܘܢ   ܢܰܗܪ̈ܰܘܳܬܳܐ ܕܰܫ̈ܠܰܕܶܐ ܪܳܡܶܝܢ ܒܰܫܝܽܘܠ ܘܰܟܡܳܐ ܕܢܳܣܟܺܝܢ ܒܳܗ̇ ܨܰܗܝܳܐ ܗ̱ܝ ܐܶܢ ܩܰܪܺܝܒ ܐ̱ܢܳܫ ܘܶܐܢ ܪܰܚܺܝܩ ܗܼܽܘ ܩܨܳܐ ܠܬܰܪܥܳܐ ܕܰܫܝܽܘܠ ܡܰܝܬܶܐ ܠܶܗ
1,Nisibis,36,5,Nisibis 36:5,ܠܟܶܣܦܳܐ ܒܶܣܪܰܬ   ܨܶܝܕ ܥܰܬܺܝܪ̈ܶܐ ܘܠܳܐ ܫܰܚܕܽܘܢܝ̱ ܗ̱ܘܰܘ   ܩܽܘܪ̈ܒܳܢܰܝܗܽܘܢ ܡܳܪ̈ܰܝ ܥܼܰܒ̈ܕܶܐ ܠܳܐ ܫܕܰܠܽܘܢܝ̱ ܗ̱ܘܰܘ ܡܶܡܬܽܘܡ ܕܶܐܕܒܰܪ ܥܼܰܒܕܳܐ ܚܠܳܦ ܡܳܪܶܗ   ܘܡܶܣܟܺܢܳܐ ܚܠܳܦ ܥܰܬܺܝܪܳܐ ܐܳܘ ܣܳܒܳܐ ܚܠܳܦ ܝܰܠܽܘܕܳܐ   ܚܰܟܺܝ̈ܡܶܐ ܕܰܠܚܰܝ̈ܘܳܬܳܐ ܡܨܶܝܢ ܕܰܢܦܺܝܣܽܘܢ ܦܝܳܣܗܽܘܢ ܒܶܐܕܢ̈ܰܝ ܠܳܐ ܥܳܐܶܠ ܣܳܢܶܐ ܦܺܝܣ ܢܶܩܪܶܝܢܝ̱ ܟܽܠ ܐ̱ܢܳܫ ܘܶܐܢܳܐ ܡܶܕܶܡ ܕܶܐܬܦܰܩܕܰܬ ܥܰܒܕܳܢܳܐ
1,Nisibis,36,6,Nisibis 36:6,ܡܰܢܽܘ ܗܳܢܳܐ   ܐܰܘ ܒܰܪ ܡܰܢܽܘ ܘܰܐܝܢܰܘ ܛܽܘܗܡܶܗ   ܕܗܰܘ ܡܰܢ ܕܰܙܟܼܳܢܝ̱ ܣܳܦܪܳܐ ܕܫܰܪ̈ܒܳܬܳܐ ܨܶܐܕܝ̱ ܐܺܝܬܰܘܗ̱ܝ ܗܳܐ ܥܶܠܶܬ ܥܶܡܠܶܬ ܘܰܩܪܺܝܬ    ܫܡ̈ܳܗܶܐ ܕܡܶܢ ܐܳܕܳܡ ܘܰܠܟܳܐ ܘܐ̱ܢܳܫ ܡܶܢ ܡܺܝ̈ܬܶܐ ܠܳܐ ܛܳܥܶܐ   ܫܰܪ̈ܒܳܢ ܫܰܪ̈ܒܳܢ ܗܳܐ ܟܬܺܝܒܺܝܢ ܥܰܠ ܗܰܕ̈ܰܡܰܝ ܡܶܛܽܠܳܬܳܟ ܗܳܐ ܝܶܫܽܘܥ ܥܶܠܶܬ ܥܶܒܕܶܬ ܚܽܘܫܒܳܢܳܐ ܕܰܐܚܰܘܝܶܟ ܕܠܰܝܬ   ܕܦܳܠܶܛ ܡܶܢ ܐܺܝܕ̈ܰܝ
1,Nisibis,36,7,Nisibis 36:7,ܬܪܶܝܢ ܓܶܝܪ ܓܰܒܪ̈ܺܝܢ   ܕܠܳܐ ܐܶܕܓܰܠ ܕܰܫܡ̈ܳܗܰܝܗܽܘܢ   ܛܥܺܝܢ ܒܰܫܝܽܘܠ ܚܳܢܽܘܟ ܓܶܝܪ ܘܶܐܠܺܝܳܐ ܠܳܐ ܐܶܬܰܘ ܨܶܐܕܰܝ ܒܟܽܠܳܗ̇ ܒܪܺܝܬܳܐ ܒܥܺܝܬ ܐܶܢܽܘܢ   ܐܳܦ ܠܰܐܝܟܳܐ ܕܰܢܚܼܶܬ ܝܰܘܢܳܢ ܢܶܚܬܶܬ ܡܳܫܶܬ ܘܠܰܝܬ ܐܶܢܽܘܢ   ܘܕܰܐܣܒܰܪ ܕܰܠܦܰܪܕܰܝܣܳܐ ܥܰܠܘ̱ ܘܶܐܬܦܰܠܰܛܘ̱ ܟܪܽܘܒܳܐ ܕܚܺܝܠܳܐ ܢܳܛܰܪ ܠܶܗ ܣܶܒܶܠܬܳܐ ܚܙܳܐ ܗ̱ܘܳܐ ܝܰܥܩܽܘܒ ܕܰܠܡܳܐ ܟܰܝ ܒܳܗ̇ ܐܶܬܥܰܠܺܝܘ ܠܰܫܡܰܝܳܐ
1,Nisibis,36,8,Nisibis 36:8,ܡܰܢܽܘ ܕܰܐܟܺܝܠ   ܚܰܠܳܐ ܕܝܰܡܳܐ ܘܬܰܪ̈ܬܶܝܢ ܦܶܪ̈ܕܺܝܢ   ܒܰܠܚܽܘܕ ܒܰܕܰܪ ܗܳܢܳܐ ܚܶܨܕܳܐ ܕܰܐܪܡܰܝܢ ܒܶܗ ܟܽܠܝܽܘܡ ܟܽܘܪ̈ܗܳܢܶܐ ܐܰܝܟ ܚܰܨ̈ܽܘܕܶܐ   ܐܶܢܳܐ ܒܰܠܚܽܘܕ ܣܳܒܶܠ ܐ̱ܢܳܐ ܟܦܰܝ̈ܗܽܘܢ ܘܰܡܩܰܒܶܪ ܐ̱ܢܳܐ   ܡܩܰܪ̈ܒܳܢܶܐ ܟܰܕ ܡܶܬܪܰܗܒܺܝܢ ܟ̈ܰܦܶܐ ܡܰܪܦܶܝܢ ܩܳܛܽܘ̈ܦܶܐ ܣܓܽܘ̈ܠܶܐ ܛܥܺܝܢ ܬܰܪ̈ܬܶܝܢ ܛܽܘ̈ܛܝܳܢ ܦ̈ܳܠܛܳܢ ܡܶܢܝ̱ ܒܩܶܛܦܳܐ ܪܰܒܳܐ ܕܩܶܛܦܰܬ ܒܰܠܚܽܘܕܝ̱
1,Nisibis,36,9,Nisibis 36:9,ܐܶܢܳܐ ܐ̱ܢܳܐ ܕܥܶܒܕܶܬ   ܐܳܡܰܪ ܡܰܘܬܳܐ ܒܝܰܡܳܐ ܘܝܰܒܫܳܐ   ܟܽܠ ܢܰܚܫܺܝܪ̈ܺܝܢ ܢܶܫܪ̈ܶܐ ܕܒܳܐܐܰܪ ܨܶܐܕܝ̱ ܐܶܬܝܳܢ ܐܳܦ ܬܰܢܺܝ̈ܢܶܐ ܕܰܬܗܽܘܡܳܐ   ܪܰܚܫܳܐ ܘܛܰܝܪܳܐ ܘܰܒܥܺܝܪܳܐ ܣ̈ܳܒܶܐ ܥܠܰܝܡ̈ܶܐ ܘ̈ܰܛܠܳܝܶܐ   ܗܳܠܶܝܢ ܟܽܠܗܽܘܢ ܢܦܺܝܣܽܘܢܳܟ ܐܰܘ ܒܰܪ ܡܰܪܝܰܡ ܕܡܰܡܠܶܟ ܗܽܘ ܫܽܘܠܛܳܢܝ̱ ܥܰܠ ܟܽܠ ܙܩܺܝܦܳܟ ܐܰܝܟܰܢ ܙܟܳܐ ܠܺܝ ܕܗܳܐ ܒܩܰܝܣܳܐ ܢܶܨܚܶܬ ܘܰܙܟܺܝܬ ܡܶܢ ܠܽܘܩܕܰܡ
1,Nisibis,36,10,Nisibis 36:10,ܨܳܒܶܐ ܗܘܺܝܬ ܕܶܝܢ   ܕܺܐܡܰܪ ܘܰܐܣܓܶܐ ܠܳܐ ܓܶܝܪ ܐܺܝܬܰܝ   ܚܣܺܝܪ ܡ̈ܶܠܶܐ ܐܳܦ ܠܳܐ ܡܶܬܒܥܶܝܢ ܡ̈ܶܠܶܐ ܗܳܐ ܓܶܝܪ ܥܰܒ̈ܕܶܐ ܩܳܥܶܝܢ ܩܰܪ̈ܺܝܒܶܐ   ܠܰܘ ܐܰܟܘܳܬܟܽܘܢ ܡܶܬܟܶܠ ܐ̱ܢܳܐ ܠܰܦܫ̈ܺܝܛܶܐ ܥܰܠ ܟܰܣܝ̈ܳܬܳܐ   ܕܰܗܘܳܐ ܗܽܘ ܠܰܡ ܢܽܘܚܳܡܳܐ ܐܶܡܰܬܝ̱ ܐܶܡܰܬܝ̱ ܐܶܢ ܕܶܝܢ ܣܰܓܺܝ ܚܣܺܝܢ ܐܰܢ̱ܬ ܗܰܒ ܪܰܗܒܽܘܢܳܐ ܩܰܪܺܝܒܳܐ ܕܢܶܬܗܰܝܡܶܢ ܐܳܦ ܡܽܘܟܠܳܢܳܟ ܪܰܚܺܝܩܳܐ
1,Nisibis,36,11,Nisibis 36:11,ܡܰܘܬܳܐ ܫܳܠܶܡ   ܡܺܐܡܰܪ ܒܶܙܚܶܗ ܘܩܳܠܶܗ ܕܡܳܪܰܢ   ܪܳܥܶܡ ܒܳܗ̇ ܒܰܫܝܽܘܠ ܘܰܩܥܼܳܐ ܘܰܨܪܺܝ ܐܶܢܽܘܢ ܩܰܒܪ̈ܶܐ ܚܰܕ ܚܰܕ ܨܽܘܪ̈ܳܢܶܐ ܠܡܰܘܬܳܐ ܐܰܚܕܽܘܗ̱ܝ   ܫܝܽܘܠ ܕܡܶܢ ܡܬܽܘܡ ܠܳܐ ܢܶܗܪܰܬ ܐܰܒܪܶܩܘ̱ ܗ̱ܘܰܘ ܒܳܗ̇ ܙܰܠܺܝ̈ܩܶܐ   ܡܶܢ ܥܺܝܪ̈ܶܐ ܕܥܰܠܘ̱ ܗ̱ܘܰܘ ܘܰܐܦܶܩܘ̱ ܡܺܝ̈ܬܶܐ ܠܽܐܘܪܥܶܗ ܕܗܰܘ ܡܺܝܬܳܐ ܕܰܠܟܽܠ ܐܰܚܺܝ ܢܦܼܰܩܘ̱ ܡܺܝ̈ܬܶܐ ܘܰܒܗܶܬܘ̱ ܚ̈ܰܝܶܐ ܗܳܢܽܘܢ ܕܰܣܒܰܪܘ̱ ܕܙܰܟܽܐܘܗ̱ܝ ܠܡܰܚܶܐ ܟܽܠ
1,Nisibis,36,12,Nisibis 36:12,ܡܰܢ ܕܶܝܢ ܝܰܗ̱ܒ ܠܺܝ   ܝܰܘܡܶܗ ܕܡܽܘܫܶܐ ܐܶܡܰܪ ܡܰܘܬܳܐ   ܥܺܐܕܳܐ ܥܒܼܰܕ ܠܺܝ ܗܽܘܓܶܝܪ ܐܶܡܪܳܐ ܕܒܶܡܨܪܶܝܢ ܝܰܗ̱ܒ ܠܺܝ ܡܶܢ ܟܽܠ ܒ̈ܳܬܶܝܢ ܪܫܺܝܬܳܐ   ܟܪ̈ܰܘܳܢ ܟܪ̈ܰܘܳܢ ܡܶܢ ܒܽܘܟܪ̈ܶܐ ܥܰܠ ܬܰܪܥܳܐ ܟܫܼܶܐ ܠܺܝ ܕܰܫܝܽܘܠ    ܗܳܢܳܐ ܐܶܡܰܪ ܥܰܕܥܺܐܕܳܐ ܒܰܙܳܗ̇ ܠܰܫܝܽܘܠ ܡܺܝ̈ܬܶܐ ܥܣܰܪ ܘܕܰܒܰܪ ܡܶܢܝ̱ ܗܰܘ ܐܶܡܪܳܐ ܩܰܒܪ̈ܶܐ ܡܶܠܳܐ ܠܺܝ ܗܳܢܳܐ ܕܶܝܢ ܣܳܦܶܩ ܩܰܒܪ̈ܶܐ ܕܰܡܠܶܝܢ ܗ̱ܘܰܘ
1,Nisibis,36,13,Nisibis 36:13,ܡܰܘܬܶܗ ܕܝܶܫܽܘܥ   ܠܺܝ ܫܽܘܢܳܩܰܐ ܗ̱ܘ ܓܒܺܝܬ ܠܺܝ ܚܰܝ̈ܰܘܗ̱ܝ   ܛܳܒ ܡܶܢ ܡܰܘܬܶܗ ܗܳܢܰܘ ܡܺܝܬܳܐ ܕܗܳܐ ܡܰܘܬܶܗ ܣܢܳܐ ܠܺܝ ܒܡܰܘܬܳܐ ܕܟܽܠܢܳܫ ܚܳܕܶܐ ܐ̱ܢܳܐ   ܒܡܰܘܬܶܗ ܕܺܝܠܶܗ ܩܳܨܶܦ ܐ̱ܢܳܐ ܕܢܶܗܦܽܘܟ ܢܺܚܶܐ ܡܣܰܟܶܐ ܐ̱ܢܳܐ   ܟܰܕ ܚܰܝ ܗ̱ܘܳܐ ܬܠܳܬܳܐ ܡܳܝ̈ܬܺܝܢ ܐܰܚܺܝ ܘܢܰܚܶܡ ܗܳܫܳܐ ܕܶܝܢ ܒܝܰܕ ܡܰܘܬܶܗ ܥܰܠ ܬܰܪܥܳܐ ܕܰܫܝܽܘܠ ܕܫܽܘܢܳܝ ܡܺܝ̈ܬܶܐ ܕܚܰܝܰܘ ܕܶܐܙܶܠ̱ܬ ܗܘܺܝܬ ܕܶܐܟܠܶܐ ܐܶܢܽܘܢ
1,Nisibis,36,14,Nisibis 36:14,ܐܶܪܗܶܛ ܐܶܚܽܘܕ   ܬܰܪ̈ܥܶܝܗ̇ ܕܰܫܝܽܘܠ ܩܕܳܡ ܗܰܘ ܡܺܝܬܳܐ   ܕܒܰܙܢܝ ܡܰܘܬܶܗ ܐܰܝܢܳܐ ܕܫܳܡܰܥ ܢܶܬܕܰܡܰܪ ܥܰܠ ܫܰܦܶܠܝ̱ ܕܡܶܢ ܡܺܝܬܳܐ ܕܰܠܒܰܪ ܚܳܒܶܬ   ܟܽܠ ܡܳܝ̈ܬܺܝܢ ܠܡܶܦܰܩ ܒܳܥܶܝܢ ܗܳܢܳܐ ܕܶܝܢ ܠܡܶܥܰܠ ܚܳܒܶܨ ܣܳܡ ܚ̈ܰܝܶܐ ܥܰܠ ܠܳܗ̇ ܠܰܫܝܽܘܠ ܘܰܐܚܺܝ ܡܺܝ̈ܬܶܝܗ̇ ܡܰܢ ܐܰܥܶܠ ܘܰܛܡܼܰܪ ܠܺܝ ܟܰܝ ܢܽܘܪܳܐ ܚܰܝܬܳܐ ܕܰܫܪܰܘ ܒܳܗ̇ ܥܽܘ̈ܒܶܐ ܕܰܫܝܽܘܠ ܩܰܪ̈ܺܝܪܶܐ ܘܚ̈ܶܫܽܘܟܶܐ
1,Nisibis,36,15,Nisibis 36:15,ܡܰܘܬܳܐ ܚܼܙܳܐ ܗ̱ܘܳܐ   ܥܺܝܪ̈ܶܐ ܒܰܫܝܽܘܠ ܠܳܐ ܡܳܝ̈ܽܘܬܳܐ   ܚܠܳܦ ܡܳܝ̈ܽܘܬܳܐ ܘܶܐܡܼܰܪ ܕܕܽܘܳܘܕܳܐ ܠܥܽܘܡܪܰܢ ܥܰܠ ܠܶܗ ܒܬܰܪ̈ܬܰܝܗܶܝܢ ܓܶܝܪ ܫܽܘܢܳܩܰܐ ܗ̱ܘ   ܕܡܺܝ̈ܬܶܐ ܢܦܰܩܘ̱ ܡܶܢܳܗ̇ ܕܰܫܝܽܘܠ ܥܺܝܪ̈ܶܐ ܕܠܳܐ ܡܳܝܬܺܝܢ ܥܰܠܘ̱ ܠܳܗ̇   ܗܳܐ ܚܰܕ ܠܶܐܣ̈ܕܰܝ ܩܰܒܪܶܗ ܥܰܠ ܝܺܬܶܒ ܠܶܗ ܘܚܰܒܪܶܗ ܐ̱ܚܪܺܢܳܐ ܠܪ̈ܶܓܠܰܘܗ̱ܝ ܐܶܒܥܶܐ ܡܶܢܶܗ ܘܰܐܦܺܝܣܶܗ ܕܒܶܗܡܺܝܪܶܗ ܢܰܣܶܩ ܢܺܐܙܰܠ ܠܡܰܠܟܽܘܬܶܗ
1,Nisibis,36,16,Nisibis 36:16,ܠܳܐ ܬܶܩܰܨ ܠܺܝ   ܝܶܫܽܘܥ ܛܳܒܳܐ ܡ̈ܶܠܶܐ ܕܡܰܠܶܠ   ܫܽܘܒܗܳܪܝ ܩܽܘܕܡܰܝܟ ܡܰܢܽܘ ܕܟܰܕ ܚܙܳܐ ܙܩܺܝܦܳܟ ܠܳܐ ܟܰܝ ܢܶܬܦܰܠܰܓ ܗ̱ܘܳܐ ܕܒܰܪܢܳܫܳܐ ܐܰܢ̱ܬ   ܡܰܢܽܘ ܕܢܶܚܙܶܐ ܗ̱ܘܳܐ ܚܰܝܠܳܟ ܘܠܳܐ ܢܗܰܝܡܶܢ ܕܳܐܦ ܐܰܠܳܗܳܐ ܐܰܢ̱ܬ   ܗܳܐ ܗܳܟܺܝܠ ܒܬܰܪ̈ܬܰܝܗܶܝܢ ܕܰܐܘܕܶܐ ܝܶܠܦܰܬ ܕܒܰܪܢܳܫܳܐ ܐܰܢ̱ܬ ܐܳܦ ܐܰܠܳܗܳܐ ܐܰܢ̱ܬ ܕܠܳܐ ܬܳܝܒܺܝܢ ܡܺܝ̈ܬܶܐ ܒܰܫܝܽܘܠ ܒܶܝܬ ܚܰܝ̈ܶܐ ܣܰܩ ܡܳܪܝ̱ ܐܰܣܶܩ ܬܝܳܒܽܘܬܳܐ
1,Nisibis,36,17,Nisibis 36:17,ܝܶܫܽܘܥ ܡܰܠܟܳܐ   ܩܰܒܶܠ ܒܳܥܽܘܬܝ̱ ܘܥܰܡܳܗ̇ ܕܒܳܥܽܘܬܝ̱   ܗܡܺܝܪܳܐ ܣܰܒ ܠܳܟ ܠܳܐܕܳܡ ܗܡܺܝܪܳܐ ܪܰܒܳܐ ܕܒܼܰܪ ܠܳܟ ܕܒܶܗ ܗܽܘ ܛܡܺܝܪ̈ܺܝܢ ܟܽܠ ܡ̈ܺܝܬܺܝܢ   ܐܰܝܟܰܢܳܐ ܕܟܰܕ ܩܰܒܶܠܬܶܗ ܒܶܗ ܟܣܶܝܢ ܗ̱ܘܰܘ ܟܽܠܗܽܘܢ ܚ̈ܰܝܶܐ   ܗܡܺܝܪܳܐ ܩܰܕܡܳܐ ܝܶܗܒܰܬ ܠܳܟ ܦܰܓܪܶܗ ܕܳܐܕܳܡ ܣܰܩ ܡܶܟܺܝܠ ܐܰܡܠܶܟ ܥܰܠ ܟܽܠ ܘܶܐܡܰܬܝ̱ ܕܶܐܫܡܰܥ ܫܺܝܦܽܘܪܳܟ ܐܶܢܳܐ ܒܺܐܝ̈ܕܰܝ ܐܰܦܶܩ ܡܺܝ̈ܬܶܐ ܒܡܶܐܬܺܝܬܳܟ
1,Nisibis,36,18,Nisibis 36:18,ܡܰܠܟܰܢ ܚܰܝܳܐ   ܙܳܚܼ ܘܶܐܬܥܰܠܺܝ ܡܶܢܳܗ̇ ܕܰܫܝܽܘܠ   ܐܰܝܟ ܙܰܟܳܝܳܐ ܘܳܝܳܐ ܠܓܰܒܳܐ ܕܣܶܡܳܠܳܐ ܥܳܦ ܗ̱ܘܳܐ ܠܪ̈ܽܘܚܶܐ ܘܕܰܝ̈ܘܶܐ ܕܽܘܘܳܢܳܐ   ܠܣܳܛܳܢܳܐ ܘܡܰܘܬܳܐ ܚܰܫܳܐ ܠܰܚܛܺܝܬܳܐ ܘܰܫܝܽܘܠ ܐܶܒܠܳܐ   ܚܰܕܽܘܬܳܐ ܠܓܰܒܳܐ ܕܝܰܡܺܝܢܳܐ ܝܰܘܡܳܢܳܐ ܗܘܳܬ ܒܗܳܢܳܐ ܝܰܘܡܳܐ ܕܪܰܒ ܗܳܟܺܝܠ ܫܽܘܒܚܳܐ ܪܰܒܳܐ ܢܶܬܶܠ ܠܶܗ ܠܰܕܡܺܝܬ ܘܚܰܝܳܐ ܕܰܠܟܽܠ ܢܰܚܶܐ ܘܢܢܰܚܶܡ
1,Nisibis,37,1,Nisibis 37:1,ܡܶܒܟܳܐ ܗ̱ܘܳܐ ܠܳܗ̇ ܡܰܘܬܳܐ ܠܰܫܝܽܘܠ ܕܰܚܼܙܳܐ ܓܰܙܶܝ̈ܗ̇ ܕܶܐܣܬܰܪܰܩܘ̱ ܗ̱ܘܰܘ ܘܶܐܡܰܪ ܡܰܢܽܘ ܟܰܝ ܚܳܠܶܨ ܥܽܘܬܪܶܟܝ̱ ܓܢܼܰܒ ܗ̱ܘܳܐ ܓܶܚܙܺܝ ܘܶܐܬܦܰܪܣܺܝ ܐܶܢܳܐ ܕܟܽܠܝܽܘܢ ܓܳܢܶܒ ܐ̱ܢܳܐ ܓܢܽܘܒܬܳܐ ܥܰܠܝ̱ ܠܳܐ ܐܶܬܬܚܰܕܰܬ ܡܶܫܬܰܕܰܪ ܐ̱ܢܳܐ ܥܰܠ ܡ̈ܰܠܟܶܐ ܒܟܽܘܪ̈ܗܳܢܰܝܗܽܘܢ ܟܪ̈ܺܝܟܺܝܢ ܠܗܽܘܢ ܢܳܛܽܘܪ̈ܰܝܗܽܘܢ ܟܰܕ ܢܳܛܽܘܪ̈ܶܐ ܥܰܠ ܬܰܪܥܳܐ ܢܰܦܫܳܐ ܕܡ̈ܰܠܟܶܐ ܡܥܰܕܶܐ ܐ̱ܢܳܐ ܘܢܳܦܶܩ ܐ̱ܢܳܐ
1,Nisibis,37,2,Nisibis 37:2,ܡ̈ܥܳܩܳܢ ܐܶܢܶܝܢ ܟܽܠ ܥܰܩܪ̈ܳܬܳܐ ܫܝܽܘܠ ܚܰܕܽܘܬܳܗ̇ ܥܰܠ ܥܰܩܪܽܘܬܳܗ̇ ܗܘܼܳܬ ܠܳܗ̇ ܨܕܺܝܬܳܐ ܐܶܢ ܗܽܘ ܕܝܶܠܕܰܬ ܚܰܝܠܳܐ ܥܳܨܶܐ ܟܽܠ ܐܰܠܨܶܗ ܠܥܽܘܒܳܐ ܥܶܩܳܪܳܐ ܘܩܰܪܺܝܪܳܐ ܘܰܦܢܺܝ ܝܰܗ̱ܒ ܟܰܕ ܛܠܽܘܡܰܐ ܗ̱ܘ ܪܳܦܩܳܐ ܕܳܐܠܨܽܘܗ̇ ܬܪ̈ܶܝܢ ܥܽܘ̈ܠܺܝܢ ܡܰܘܬܳܐ ܫܶܐܠܰܬ ܟܡܳܐ ܟܰܝ ܪܰܒ ܟܺܐܒܳܗ̇ ܕܰܫܝܽܘܠ ܕܡܰܚܐܽܘܗ̇ ܚܒ̈ܳܠܶܐ ܚ̈ܰܕܬܶܐ ܕܠܰܘ ܡܺܝ̈ܬܶܐ ܘܨܳܪܘ̱ ܘܰܢܦܼܰܩܘ̱ ܡܶܢ ܓܰܘܳܗ̇
1,Nisibis,37,3,Nisibis 37:3,ܕܳܡ ܟܰܝ ܗܳܢܰܘ ܗܰܘ ܦܶܬܓܳܡܳܐ ܕܰܫܡܺܝܥ ܗ̱ܘܳܐ ܠܺܝ ܡܶܢ ܐܶܫܰܥܝܳܐ ܘܰܒܣܺܝܬ ܥܠܰܘܗ̱ܝ ܟܰܕ ܩܳܐܶܡ ܘܶܐܡܰܪ ܀܀܀ ܕܡܼܰܢܽܘ ܠܰܡ ܫܡܼܰܥ ܐܰܝܟ ܗܳܕܶܐ ܕܰܡܚܰܒܠܳܐ ܐܰܪܥܳܐ ܒܚܰܕ ܝܽܘܡ ܘܝܰܠܕܳܐ ܥܰܡܳܐ ܚܕܳܐ ܫܳܥܶܐ ܗܳܕܳܐ ܗ̱ܝ ܕܰܗܘܳܬ ܐܰܘ ܕܰܠܡܳܐ ܢܛܺܝܪܳܐ ܗ̱ܝ ܠܰܢ ܬܽܘܒ ܘܶܐܢ ܗܳܕܶܐ ܛܰܠܳܢܺܝܬܳܐ ܗ̱ܝ ܕܡܰܠܟܳܐ ܐܰܝܬܰܝ ܣܰܒܰܪ ܗܘܺܝܬ ܠܳܐ ܝܶܕܥܶܬ ܕܓܽܘܥܠܳܢܰܐ ܗ̱ܘ ܢܳܛܰܪ ܐ̱ܢܳܐ
1,Nisibis,37,4,Nisibis 37:4,ܬܪ̈ܶܝܢ ܕܶܝܢ ܩ̈ܳܠܶܝܢ ܕܡܰܫܓܢܺܝܢ ܗ̱ܘܰܘ ܫܶܡ̇ܥܶܬ ܡܶܢܶܗ ܕܗܰܘ ܐܶܫܰܥܝܳܐ ܐܶܡܼܰܪ ܓܶܝܪ ܕܰܒܬܽܘܠܬܳܐ ܬܶܒܛܰܢ ܬܺܐܠܰܕ ܘܶܐܡܼܰܪ ܬܽܘܒ ܕܰܐܪܥܳܐ ܬܺܐܠܰܕ ܗܳܐ ܕܶܝܢ ܝܺܠܶܕܬܶܗ ܒܬܽܘܠܬܳܐ ܘܺܐܝܠܶܕܬܶܗ ܫܝܽܘܠ ܥܩܰܪܬܳܐ ܬܪ̈ܶܝܢ ܥܽܘܒ̈ܺܝܢ ܕܠܳܐ ܒܶܟܝܳܢܳܐ ܐܶܫ̇ܬܰܚܠܰܦܘ̱ ܒܶܗ ܒܬܽܘܠܬܳܐ ܘܰܫܝܽܘܠ ܬܰܪ̈ܬܰܝܗܶܝܢ ܠܰܒܬܽܘܠܬܳܐ ܒܝܰܠܕܳܗ̇ ܚܰܕܺܝ ܠܰܫܝܽܘܠ ܕܶܝܢ ܐܰܟܡܰܪ ܘܰܐܥܺܝܩ ܒܢܽܘܚܳܡܶܗ
1,Nisibis,37,5,Nisibis 37:5,ܚܙܺܝܬ ܒܰܦܩܰܥܬܳܐ ܠܗܰܘ ܚܰܙܩܺܝܐܶܝܠ ܕܰܐܚܺܝ ܡܺܝ̈ܬܶܐ ܟܰܕ ܡܶܫܬܐܶܠ ܘܰܚܙܺܝܬ ܓܰܪ̈ܡܶܐ ܕܶܐܬܒܰܠܒܰܠܘ̱ ܘܰܪܚܼܶܫܘ̱ ܗܳܘܼܶܐ ܪܰܘܒܳܐ ܕܓܰܪ̈ܡܶܐ ܒܰܫܝܽܘܠ ܕܓܰܪܡܳܐ ܡܥܰܩܶܒ ܥܰܠ ܚܰܒܪܶܗ ܘܰܫܪܺܝܬܳܐ ܥܰܠ ܒܰܪ̱ܬ ܙܰܘܓܳܗ̇ ܠܰܝܬ ܬܰܡܳܢ ܕܰܡܫܰܐܶܠ ܘܰܕܡܶܫܬܐܶܠ ܕܶܐܢ ܚܰܝ̈ܰܝܢ ܓܰܪ̈ܡܶܐ ܗܳܠܶܝܢ ܕܠܳܐ ܫܽܘܐܳܠ ܐܰܚܺܝ ܐܶܢܽܘܢ ܩܳܠܶܗ ܕܝܶܫܽܘܥ ܦܳܩܽܘܕܳܐ ܕܒܶܪ̈ܝܳܬܳܐ ܀܀܀
1,Nisibis,37,6,Nisibis 37:6,ܫܝܽܘܠ ܐܶܬܟܰܡܪܰܬ ܕܰܚܙܳܬ ܐܶܢܽܘܢ ܠܡܺܝ̈ܬܶܐ ܟܡܺܝܪ̈ܶܐ ܕܰܦܨܺܝܚܺܝܢ ܗ̱ܘܰܘ ܒܟܳܬܶܗ ܠܳܠܥܳܙܳܪ ܟܰܕ ܢܳܦܶܩ ܗ̱ܘܳܐ ܙܶܠ ܒܰܫܠܳܡ ܡܺܝܬܳܐ ܚܼܰܝܳܐ ܚܢܺܝܓܳܐ ܕܰܬܪ̈ܶܝܢ ܒܶܝܬ ܒܟ̈ܰܘܗ̱ܝ ܕܰܠܒܰܪ ܘܰܠܓܰܘ ܝ̈ܺܠܠܳܬܶܗ ܕܰܐܚ̈ܘܳܬܶܗ ܒ̈ܟܶܝ ܟܰܕ ܥܳܐܶܠ ܠܩܰܒܪܶܐ ܨܶܐܕܝ̱ ܘܶܐܢܳܐ ܒܟܺܝܬܶܗ ܟܰܕ ܢܳܦܶܩ ܒܡܰܘܬܶܗ ܒܶܟܝܳܐ ܒܶܝܬ ܚ̈ܰܝܶܐ ܐܳܦ ܒܰܫܝܽܘܠ ܐܶܒܠܳܐ ܪܰܒܳܐ ܒܢܽܘܚܳܡܶܗ
1,Nisibis,37,7,Nisibis 37:7,ܗܳܫܳܐ ܗܰܘ ܛܶܥܡܰܬ ܛܰܥܡܳܐ ܕܶܐܒܠܶܗ ܕܰܐܝܢܳܐ ܕܰܒܟܳܐ ܥܰܠ ܚܰܒܺܝܒܶܗ ܡܺܝ̈ܬܶܐ ܕܗܳܟܰܢ ܚܰܒܺܝ̈ܒܺܝܢ ܠܰܫܝܽܘܠ ܟܡܳܐ ܪܚܺܝܡܺܝܢ ܠܳܐܒܳܗ̈ܰܝܗܽܘܢ ܗܰܕܳܡ̈ܶܐ ܕܓܶܙܪܰܬ ܫܶܩܠܰܬ ܗܳܐ ܓܙܺܝܪ̈ܺܝܢ ܡܶܢܝ̱ ܘܰܫܩܺܝܠܺܝܢ ܐܶܢ ܐܶܢܳܐ ܗܳܟܰܢ ܚܳܫܶܬ ܥܰܠ ܦܽܘܪܫܳܢܶܗ ܕܗܰܘ ܥܠܰܝܡܳܐ [ܕܶܐܬܢܰܚܰܡ] ܒܪܺܝܟ ܗ̱ܽܘ ܕܰܚܢܳܗ̇ ܠܰܐܪܡܰܠܬܳܐ ܒܺܝܚܺܝܕܶܗ̇ ܫܰܝܶܢ ܥܽܘܡܪܳܗ̇ ܕܶܐܬܓܰܙܺܝ
1,Nisibis,37,8,Nisibis 37:8,ܗܳܢܳܐ ܚܰܫܳܐ ܕܗܳܐ ܡܰܚܶܫ ܐ̱ܢܳܐ ܠܰܒ̈ܢܰܝ ܐ̱ܢܳܫܳܐ ܒܚܰܒܺܝ̈ܒܰܝܗܽܘܢ ܠܚܰܪܬܳܐ ܥܰܠܝ̱ ܗܽܘ ܟܰܢܶܫ ܠܶܗ ܠܟܽܠܳܗ̇ ܕܡܳܐ ܕܫܰܒܩܽܘܗ̇ ܡܺܝ̈ܬܶܐ ܠܰܫܝܽܘܠ ܠܟܽܠ ܐ̱ܢܳܫ ܗܳܘܶܐ ܢܽܘܚܳܡܳܐ ܘܠܺܝ ܒܰܠܚܽܘܕܝ̱ ܫܽܘܢܳܩܳܐ ܘܡܰܢܽܘ ܟܰܝ ܕܰܢܣܰܝܒܰܪ ܠܺܝ ܀܀܀ ܗܳܕܶܐ ܟܽܠܳܗ̇ ܕܰܐܚܙܶܝܗ̇ ܠܰܫܝܽܘܠ ܒܰܠܚܽܘܕܶܝܗ̇ ܕܗܰܘ ܩܳܠܳܐ ܕܨܳܪܝ̱ ܩܰܒܪ̈ܶܐ ܡܰܚܪܶܒ ܠܳܗ̇ ܘܡܰܦܶܩ ܡܺܝ̈ܬܶܐ ܕܰܒܓܰܘܳܗ̇
1,Nisibis,37,9,Nisibis 37:9,ܐܶܢ ܐ̱ܢܳܫ ܩܼܪܳܐ ܒܗܽܘܢ ܒܰܢܒ̈ܺܝܶܐ ܩܪ̈ܳܒܶܐ ܟܺܐܢ̈ܶܐ ܫܡܼܰܥ ܬܰܡܳܢ ܒܫܰܪܒܶܗ ܕܝܶܫܽܘܥ ܐܶܢ ܐ̱ܢܳܫ ܡܶܬܗܰܓܶܐ ܚܢܳܢܳܐ ܘܪ̈ܰܚܡܶܐ ܡܶܬܝܰܠܶܦ ܘܶܐܢ ܐ̱ܢܳܫ ܣܰܒܰܪ ܥܰܠ ܝܶܫܽܘܥ ܕܢܽܘܟܪܳܝܳܐ ܗ̱ܺܝ ܠܺܝ ܓܽܘܕܳܦܰܐ ܗ̱ܘ ܩܠܺܝܕܳܐ ܐ̱ܚܪܺܢܳܐ ܢܽܘܟܪܳܝܳܐ ܠܬܰܪܥܳܐ ܕܰܫܝܽܘܠ ܠܳܐ ܡܼܨܶܐ ܡܶܡܬܽܘܡ ܢܦܰܠ ܠܶܗ ܚܰܕ ܗ̱ܽܘ ܩܠܺܝܕܳܐ ܕܒܳܪܽܘܝܳܐ ܕܗܰܘ ܦܰܬܚܳܗ̇ ܐܳܦ ܦܳܬܰܚ ܠܳܗ̇ ܒܡܶܐܬܺܝܬܶܗ
1,Nisibis,37,10,Nisibis 37:10,ܓܰܪ̈ܡܶܐ ܡܰܢܽܘ ܡܨܶܐ ܕܰܢܪܰܟܶܒ ܐܶܠܳܐ ܚܰܝܠܰܐ ܗ̱ܘ ܕܰܒܼܪܳܐ ܐܶܢܽܘܢ ܚܰܨ̈ܦܶܐ ܕܦܰܓܪܳܐ ܡܰܢܽܘ ܕܢܶܕܒܰܩ ܐܶܠܳܐ ܐܰܝܕܳܐ ܕܥܳܒܽܘܕܳܐ ܡܰܢܽܘ ܕܢܰܬܼܩܶܢ ܨܽܘܪ̈ܳܬܳܐ ܐܶܠܳܐ ܨܶܒܥܳܐ ܕܒܳܪܽܘܝܳܐ ܗܰܘ ܕܰܒܪܳܐ ܘܰܗܼܦܰܟ ܚܒܳܠ ܗܽܘܝܽܘ ܡܶܫܟܰܚ ܐܳܦ ܕܰܢܚܰܕܶܬ ܘܰܢܢܰܚܶܡ ܠܳܐ ܡܼܨܶܐ ܐܰܠܳܗܳܐ ܐ̱ܚܪܺܢܳܐ ܕܢܶܥܽܘܠ ܢܰܬܩܶܢ ܒܶܪ̈ܝܳܬܳܐ ܕܠܳܐ ܕܺܝܠܶܗ
1,Nisibis,37,11,Nisibis 37:11,ܐܶܠܽܘ ܐܺܝܬ ܗ̱ܘܳܐ ܚܰܝܠܳܐ ܐ̱ܚܪܺܢܳܐ ܣܰܓܺܝ ܐܰܪܥܳܐ ܗ̇ܘܺܝܬ ܕܢܺܐܬܶܐ ܨܶܐܕܝ̱ ܒܥܽܘܒܶܝ̈ܗ̇ ܕܰܫܝܽܘܠ ܢܚܶܬ ܝܺܠܰܦ ܗ̱ܘܳܐ ܕܚܰܕ ܗ̱ܽܘ ܒܰܠܚܽܘܕ ܐܰܠܳܗܳܐ ܡܳܝ̈ܽܘܬܳܐ ܕܰܛܥܰܘ ܘܰܐܟܪܶܙܘ̱ ܕܺܐܝܬ ܐܰܠܳܗ̈ܶܐ ܣ̈ܰܓܺܝܐܶܐ ܗܳܐ ܒܰܫܝܽܘܠ ܚܒܺܝܫܺܝܢ ܠܺܝ ܘܰܐܠܳܗܰܝ̈ܗܽܘܢ ܥܠܰܝܗܽܘܢ ܡܶܡܬܽܘܡ ܠܳܐ ܐܰܟܪܺܝܘ ܠܚܰܕ ܐܰܠܳܗܳܐ ܝܳܕܰܥ ܐ̱ܢܳܐ ܠܰܢܒܺܝ̈ܰܘܗ̱ܝ ܐܳܦ ܠܰܫܠܺܝܚ̈ܰܘܗ̱ܝ ܚܳܟܶܡ ܐ̱ܢܳܐ ܀܀܀
1,Nisibis,38,1,Nisibis 38:1,ܡܰܬܩܰܢ ܗ̱ܘܳܐ ܠܺܝ ܟܽܘܪܣܳܝ ܒܰܫܝܽܘܠ ܘܩܳܡ ܚܰܕ ܡܺܝܬܳܐ ܣܰܚܦܰܢܝ̱ ܡܶܢܶܗ ܟܽܠܢܳܫ ܡܶܢܝ̱ ܗܽܘ ܕܚܶܠ ܗ̱ܘܳܐ ܒܰܠܚܽܘܕ ܘܶܐܢܳܐ ܡܶܢ ܐ̱ܢܳܫ ܠܳܐ ܕܶܚܠܶܬ ܩܶܢܛܳܐ ܘܨܶܦܬܳܐ ܒܶܝܬ ܚܰܝ̈ܶܐ ܫܠܳܡܳܐ ܘܫܰܝܢܳܐ ܒܶܝܬ ܡܺܝ̈ܬܶܐ ܒܓܰܒܪܳܐ ܩܛܺܝܠܳܐ ܗܳܐ ܥܰܠ ܠܳܗ̇ ܫܶܒܝܳܐ ܠܰܫܝܽܘܠ ܐܶܢܳܐ ܠܟܽܠܢܳܫ ܫܳܒܶܐ ܗܘܺܝܬ ܒܰܪ ܫܰܒܝܳܐ ܕܰܫܒܺܝܬ ܫܒܳܢܝ̱ ܕܰܫܒܺܝܬܶܗ ܕܰܒܪܳܗ̇ ܘܶܐܙܰܠ ܠܦܰܪܕܰܝܣܳܐ
1,Nisibis,38,2,Nisibis 38:2,ܟܽܠܢܳܫ ܡܶܢܝ̱ ܗܽܘ ܩܰܒܶܠ ܣܰܓܺܝ ܘܶܐܢܳܐ ܡܶܢ ܚܰܕ ܩܰܒܠܶܬ ܒܰܠܚܽܘܕ ܡܼܰܢܽܘ ܒܰܒ̈ܢܰܝ ܐ̱ܢܳܫܳܐ ܕܰܟܐܶܝܢ ܐܰܟܘܳܬܝ̱ ܘܰܡܛܳܗ̇ ܙܰܒܢܳܐ ܠܰܬܪܺܝܨܽܘܬܝ̱ ܐܶܢܳܐ ܠܟܽܠܢܳܫ ܪܳܚܶܡ ܐ̱ܢܳܐ ܘܰܕܣܳܢܶܐ ܠܺܝ ܗܼܽܘ ܝܳܕܰܥ ܠܳܐ ܝܳܕܰܥ ܐ̱ܢܳܐ ܡܶܢ ܝܰܘܡ̈ܰܝ ܫܽܘܚܕܳܐ ܡܰܢܽܘ ܒܰܐܦ̈ܰܝ ܡܰܠܟ̈ܶܐ ܠܳܐ ܢܶܣ̇ܒܶܬ ܒܺܝ ܡܶܬܟܰܪܙܳܐ ܫܰܘܝܽܘܬܳܐ ܕܰܠܥܰܒܼܕܳܐ ܘܡܳܪܶܗ ܒܰܫܝܽܘܠ ܡܫܰܘܶܐ ܐ̱ܢܳܐ ܀܀܀
1,Nisibis,38,3,Nisibis 38:3,ܩܕܳܡ ܐܰܠܳܗܰܐ ܗ̱ܘ ܡܫܰܡܶܫ ܐ̱ܢܳܐ ܕܠܰܝܬ ܠܘܳܬܶܗ ܡܰܣܰܒ ܒܰܐܦ̈ܶܐ ܡܰܢܽܘ ܐ̱ܚܪܺܢܳܐ ܕܰܢܣܰܝܒܰܪ ܐܰܟܘܳܬܝ̱ ܕܰܡܨܶܛܚܳܐ ܐ̱ܢܳܐ ܘܰܡܛܰܐܶܒ ܐ̱ܢܳܐ ܗܳܦܟܳܐܺܝܬ ܡܶܬܦܢܶܝܢ ܠܺܝ ܚܽܘܒ̈ܳܠܶܐ ܛܳܒ̈ܶܐ ܕܪܳܡܶܐ ܐ̱ܢܳܐ ܟܰܕ ܣܽܘܥܪ̈ܳܢܰܝ ܫܰܦܺܝܪ̈ܺܝܢ ܫܶܡܝ̱ ܠܳܐ ܫܰܦܺܝܪ ܡܢܳܚ ܗܽܘ ܪܶܥܝܳܢܝ̱ ܒܰܫܪܳܪܶܗ ܒܰܐܠܳܗܰܐ ܗ̱ܘ ܡܶܬܒܰܝܰܐ ܐ̱ܢܳܐ ܕܟܰܕ ܛܳܒܰܐ ܗ̱ܘ ܛܠܺܝܡ ܗ̱ܽܘ ܟܽܠܝܽܘܡ ܘܰܡܣܰܝܒܰܪ
1,Nisibis,38,4,Nisibis 38:4,ܠܣ̈ܳܒܶܐ ܚ̇ܶܣܟܰܬ ܡܶܢ ܟܽܠ ܟܺܐܒܰܝ̈ܢ ܐܳܦ ܠܰܛܠܳܝ̈ܶܐ ܡܶܢ ܟܽܠ ܚܰܘܒܰܝ̈ܢ ܩܪ̈ܳܒܶܐ ܟܣܰܝ̈ܳܐ ܡܰܫܠܶܐ ܐ̱ܢܳܐ ܒܰܫܝܽܘܠ ܒܰܐܬܪܰܢ ܥܰܘܠܳܐ ܠܳܐ ܗܳܘܶܐ ܫܝܽܘܠ ܗ̱ܽܘ ܘܰܫܡܰܝܳܐ ܒܰܠܚܽܘܕ ܕܰܚܣܺܝ̈ܟܳܢ ܡܶܢ ܟܽܠ ܚܰܘ̈ܒܺܝܢ ܗܳܕܶܐ ܐܰܪܥܳܐ ܕܒܰܡܨܰܥܬܳܐ ܥܰܘܠܳܐ ܫܪܶܐ ܒܳܗ̇ ܒܰܕܓܽܘܢ ܐܰܝܢܳܐ ܕܦܳܪܽܘܫܰܐ ܗ̱ܘ ܐܰܘ ܠܰܫܡܰܝܳܐ ܢܰܣܶܩ ܠܶܗ ܘܶܐܢ ܥܶܛܠܳܐ ܗ̱ܝ ܢܶܚܽܘܬ ܠܰܫܝܽܘܠ ܕܰܦܫܺܝܩܳܐ
1,Nisibis,38,5,Nisibis 38:5,ܠܚܰܕ ܒܰܪܢܳܫܳܐ ܥܰܠ ܚܰܕ ܡܺܝܬܶܐ ܟܽܠܢܳܫ ܪܳܗܶܛ ܠܰܡܒܰܝܰܐܘ ܐܶܢܳܐ ܕܶܝܢ ܕܡܺܝ̈ܬܶܐ ܣܰܓܺܝ̈ܐܶܐ ܚܼܰܝܰܘ ܠܺܝ ܠܰܝܬ ܕܥܳܐܶܠ ܘܰܡܒܰܝܰܐ ܠܺܝ ܥܰܠ ܣܳܛܳܢܳܐ ܕܶܐܬܪܰܥܰܡ ܫܰܒܥܳܐ ܠܶܗ ܘܳܝ̈ܳܝܢ ܐܳܦ ܠܶܗ ܟܰܕ ܛܳܒ ܕܳܫܶܗ ܒܰܪ ܡܰܪܝܰܡ ܪܳܡܳܐ ܗ̱ܝ ܪܽܘܚܶܗ ܚܶܘܝܰܐ ܗ̱ܘ ܕܰܡܥܳܙܳܐ ܘܰܪܨܺܝܨ ܀܀܀ ܦܰܩܳܚ ܠܺܝ ܕܶܐܦܶܠ ܘܶܐܣܓܽܘܕ ܩܕܳܡ ܝܶܫܽܘܥ ܗܳܢܳܐ ܕܙܰܟܳܢܝ̱ ܒܰܨܠܺܝܒܶܗ
1,Nisibis,38,6,Nisibis 38:6,ܡܳܐ ܕܥܳܐܶܠ ܒܶܗ ܒܬܰܪܥܳܐ ܕܰܫܝܽܘܠ ܚܠܳܦ ܝܽܘܚܰܢܳܢ ܐܰܟܪܶܙ ܩܽܘܕܡܰܘܗ̱ܝ ܘܶܐܩܥܳܐ ܕܗܳܐ ܡܰܚܶܐ ܡܺܝ̈ܬܶܐ ܡܰܛܺܝ ܥܼܰܒܕܳܟ ܐ̱ܢܳܐ ܡܶܟܺܝܠ ܝܶܫܽܘܥ ܡܶܛܽܠ ܦܰܓܪܳܟ ܫܟܰܪܬܳܟ ܕܚܰܦܺܝܬܳܗ̇ ܠܰܐܠܳܗܽܘܬܳܟ ܠܳܐ ܬܶܪܓܰܙ ܐܰܘ ܒܰܪ ܡܰܠܟܳܐ ܥܰܠ ܓܺܙܰܒܪܳܟ ܒܦܽܘܩܕܳܢܳܟ ܦܶܬܚܶܬ ܘܶܐܚܕܶܬ ܟܰܕ ܛܳܒ ܓܶܦ̈ܰܝ ܩܰܠܺܝܠܺܝܢ ܒܝܰܕ ܪܶܡܙܳܟ ܗܰܘ ܪܳܗܶܛ ܐ̱ܢܳܐ ܠܟܽܠ ܓܰܒܺܝ̈ܢ
1,Nisibis,38,7,Nisibis 38:7,ܟܽܠ ܕܶܐܬܢܰܚܰܡܘ̱ ܠܳܐ ܗ̱ܘܰܘ ܒܽܘܟܪ̈ܶܐ ܕܡܳܪܰܢ ܐܺܝܬܰܘܗ̱ܝ ܒܽܘܟܪܳܐ ܕܰܫܝܽܘܠ ܐܰܝܟܰܢ ܡܶܫܟܰܚ ܡܺܝܬܶܐ ܩܕܳܡ ܠܶܗ ܠܗܰܘ ܚܰܝܠܳܐ ܕܒܶܗ ܐܶܬܢܰܚܰܡ ܐܺܝܬ ܐ̱ܚܪ̈ܳܝܶܐ ܕܰܩܕܳܡܺܝܝܢ ܘܰܙܥܽܘܪ̈ܶܐ ܕܰܗܘܰܘ ܒܽܘܟܪ̈ܶܐ ܡܢܳܫܳܐ ܓܶܝܪ ܕܒܽܘܟܪܳܐ ܗ̱ܘܳܐ ܐܰܝܟܰܢ ܐܶܫܟܰܚ ܕܰܐܦܪܶܝܡ ܢܣܰܒ ܒܽܘܟܪܽܘܬܶܗ ܘܶܐܢ ܝܰܠܕܳܐ ܐ̱ܚܪܳܝܳܐ ܩܕܳܡܶܗ ܟܡܳܐ ܢܶܩܕܽܘܡ ܡܳܪܳܐ ܘܰܒܪܳܐ ܒܢܽܘܚܳܡܶܗ
1,Nisibis,38,8,Nisibis 38:8,ܗܳܐ ܝܽܘܚܰܢܳܢ ܐܰܝܟ ܟܳܪܽܘܙܳܐ ܡܦܺܝܣ ܕܰܐܚܪܳܝܰܐ ܗ̱ܘ ܟܰܕ ܗܽܘ ܩܰܫܺܝܫ ܐܶܡܰܪ ܓܶܝܪ ܕܗܳܐ ܓܰܒܪܳܐ ܐܶܬܳܐ ܒܳܬܰܪܝ̱ ܘܰܗܘܳܐ ܠܶܗ ܠܰܡ ܩܕܳܡܰܝ ܐܰܝܟܰܢ ܓܶܝܪ ܩܰܕܶܡ ܗ̱ܘܳܐ ܠܶܗ ܀܀܀ ܠܗܰܘ ܚܰܝܠܳܐ ܕܒܶܗ ܡܰܟܪܶܙ ܗ̱ܘܳܐ ܟܽܠ ܡܶܕܶܡ ܓܶܝܪ ܕܰܗܘܳܐ ܡܶܛܽܠ ܡܶܕܶܡ ܐ̱ܚܪܳܝܰܐ ܗ̱ܘ ܐܳܦܶܢ ܩܰܕܡܳܝܰܐ ܗ̱ܘ ܥܶܠܬܳܐ ܓܶܝܪ ܗܳܝ ܕܩܰܪܬܶܗ ܩܰܫܺܝܫܳܐ ܗ̱ܝ ܐܳܦ ܩܰܕܡܳܝܳܐ ܒܟܽܠ ܡܶܕܶܡ
1,Nisibis,38,9,Nisibis 38:9,ܥܶܠܬܶܗ ܕܳܐܕܳܡ ܩܰܫܺܝܫܳܐ ܗܘܳܬ ܡܶܢ ܒܶܪ̈ܝܳܬܳܐ ܕܠܶܗ ܐܰܬܬܩܶܢ ܒܶܗ ܓܶܝܪ ܒܳܐܕܳܡ ܚܳܐܰܪ ܗ̱ܘܳܐ ܟܽܠܫܳܥ ܒܳܪܽܘܝܳܐ ܟܰܕ ܗܳܐ ܒܪܳܐ ܘܶܐܢ ܐܳܕܳܡ ܥܰܕ ܠܳܐ ܢܶܗܘܶܐ ܩܰܫܺܝܫ ܗܽܘ ܡܶܢ ܒܶܪ̈ܝܳܬܳܐ ܟܡܳܐ ܗܳܟܺܝܠ ܡܳܪܝ̱ ܬܶܬܩܰܫܰܫ ܗܳܝ ܐ̱ܢܳܫܽܘܬܳܟ ܒܰܐܠܳܗܽܘܬܳܟ ܗܳܝ ܕܺܐܝܬܶܝܗ̇ ܡܶܢ ܥܳܠܰܡ ܥܰܡ ܝܰܠܽܘܕܳܟ ܠܳܟ ܫܽܘܒܚܳܐ ܘܒܺܐܝܕܳܟ ܠܰܐܒܽܘܟ ܡܶܢ ܟܽܠܰܢ
1,Nisibis,38,10,Nisibis 38:10,ܠܳܟ ܬܶܫܒܽܘܚܬܳܐ ܕܰܐܢ̱ܬ ܗܽܘ ܩܕܳܡܰܝ ܒܰܐܠܳܗܽܘܬܳܟ ܘܰܒܐ̱ܢܳܫܽܘܬܳܟ ܐܳܦܶܢ ܓܶܝܪ ܩܰܕܶܡ ܐܶܠܺܝܳܐ ܘܰܣܠܶܩ ܠܳܐ ܡܨܶܐ ܩܕܳܡ ܠܶܗ ܠܰܐܝܢܳܐ ܕܡܶܛܽܠܳܬܶܗ ܐܶܣܬܰܠܰܩ ܕܰܬܠܶܐ ܗܽܘ ܪܳܙܶܗ ܒܰܫܪܳܪܳܟ ܘܳܐܦܶܢ ܩܕܳܡܰܘܗ̱ܝ ܓܰܠܝܳܐܺܝܬ ܐ̱ܪ̈ܳܙܶܐ ܠܩܽܘܫܬܳܟ ܩܕܳܡܰܝ ܗܽܘ ܠܗܽܘܢ ܟܰܣܝܳܐܺܝܬ ܩܰܕܡܳܝܗ̱ܝ ܒܶܪ̈ܝܳܬܳܐ ܠܳܐܕܳܡ ܩܕܺܝܡ ܗܽܘ ܠܗܶܝܢ ܕܡܶܛܽܠܳܬܶܗ ܐܰܬܬܩܶܢ
1,Nisibis,38,11,Nisibis 38:11,ܡܳܪܝ̱ ܥܒܰܕ ܠܺܝ ܗܰܘ ܢܽܘܚܳܡܳܐ ܀܀܀ ܠܳܐ ܕܰܩܛܺܝܪܳܟ ܐܶܠܳܐ ܕܚܽܘܒܳܟ ܩܛܺܝܪܳܟ ܐܳܦ ܠܚ̈ܰܛܳܝܶܐ ܡܰܚܶܐ ܪܳܥܶܐ ܗ̱ܘܳܐ ܬܽܘܒ ܐܶܣܟܰܪܝܽܘܛܳܐ ܕܢܶܓܒܶܐ ܠܶܗ ܡܰܘܬܳܐ ܕܰܫܝܽܘܠ ܛܳܒ ܡܶܢ ܚ̈ܰܝܶܐ ܕܓܺܗܰܢܳܐ ܥܒܼܶܕ ܠܺܝ ܗܳܟܺܝܠ ܢܽܘܚܳܡܳܐ ܗܰܘ ܕܰܚܢܳܢܳܟ ܘܶܐܠܳܐ ܫܳܒܩܳܐ ܟܺܐܢܽܘܬܳܟ ܐܺܝܬ ܠܳܗ̇ ܥܶܠܬܳܐ ܠܛܰܝܒܽܘܬܳܟ ܗܳܕܶܐ ܒܰܠܚܽܘܕ ܬܥܰܗܶܕ ܠܺܝ ܕܒܳܗ̇ ܛܶܦܣܶܬ
1,Nisibis,39,1,Nisibis 39:1,ܡܛܰܐܘܢܝ̱ ܙܰܒ̈ܢܶܐ ܡܶܢ ܙܰܕܺܝ̈ܩܶܐ ܘܠܳܐ ܐ̱ܢܳܫ ܬܰܒܪܰܢܝ̱ ܐܰܝܟ ܒܰܪ ܡܰܪܝܰܡ ܗܳܐ ܓܶܝܪ ܐܶܠܺܝܳܐ ܡܺܝܬܳܐ ܐܰܚܺܝ ܘܳܐܦܶܢ ܗܽܘ ܦܠܰܛ ܡܶܢ ܐܺܝ̈ܕܰܝ ܗܘܳܐ ܠܺܝ ܒܳܬܪܶܗ ܒܽܘܝܳܐܳܐ ܕܡܺܝܬܳܐ ܕܰܐܚܺܝ ܐܰܥܕܺܝܬܶܗ ܡܶܢ ܐܶܠܺܝܫܰܥ ܒܰܪ ܫܳܦܰܛ ܫ̈ܰܒܛܶܐ ܒܶܠܥܶܬ ܬܪ̈ܶܝܢ ܓܶܝܪ ܡܺܝ̈ܬܺܝܢ ܐܰܚܺܝ ܗ̱ܘܳܐ ܒܚܰܕ ܫܰܒܛܳܐ ܗܶܦܟܰܬ ܕܒܰܪ̱ܬ ܠܰܢܒܺܝܳܐ ܐܳܦ ܠܡܺܝ̈ܬܶܐ ܕܰܐܚܺܝ ܗ̱ܘܳܐ
1,Nisibis,39,2,Nisibis 39:2,ܩܶܢܛܶܬ ܡܶܢܶܗ ܕܓܰܚܙܰܝ ܕܰܚܙܺܝܬ ܟܰܕ ܣܳܡ ܚܽܘܛܪܳܐ ܠܥܶܠ ܡܶܢ ܛܰܠܝܳܐ ܫܰܩܠܶܗ ܓܰܢܒܳܐ ܠܚܽܘܛܪܳܐ ܘܰܥܛܰܦ ܐܶܬܳܐ ܐܠܺܝܫܰܥ ܐܶܬܟܰܦܰܦ ܀܀܀ ܘܰܙܥܰܪ ܥܰܡ ܛܰܠܝܳܐ ܘܺܝܪܶܒ ܘܰܠܟܳܐ ܘܰܠܟܳܐ ܗܰܠܶܟ ܬܽܘܒ ܬܰܘܪܰܬ ܠܺܝ ܒܐ̱ܪ̈ܳܙܶܐ ܚ̈ܰܕܬܶܐ ܕܰܚܙܺܝܬ ܬܰܡܳܢ ܕܚܰܕ ܛܰܠܝܳܐ ܒܰܠܚܽܘܕ ܐܰܚܺܝܘ ܛܽܘܒܰܝ ܗ̱ܘܳܐ ܟܰܕ ܐ̱ܪ̈ܳܙܶܐ ܗ̱ܘܰܘ ܘܠܳܐ ܗܳܫܳܐ ܕܰܡܪܰܕܘ̱ ܡܺܝ̈ܬܶܐ ܘܰܙܟܰܐܽܘܢܝ̱
1,Nisibis,39,3,Nisibis 39:3,ܡܽܘܫܶܐ ܕܰܚ̇ܙܺܝܬ ܙܺܝܘܳܐ ܪܰܒܳܐ ܥܰܠ ܦܰܪܨܽܘܦܶܗ ܩܶܢܛܶܬ ܡܶܢܶܗ ܠܰܘ ܕܶܝܢ ܐܰܝܟ ܡܳܐ ܕܩܳܢܶܛ ܗܘܺܝܬ ܓܶܕܫܰܢܝ̱ ܢܺܝܣܳܢ ܒܰܫܝܽܘܠ ܐܰܘܥܺܝ ܠܺܝ ܪܥܺܝܬ ܓܶܝܪ ܪܳܥܼܝܳܐ ܕܰܫ̈ܠܰܕܶܐ ܕܶܐܠܦ̈ܶܐ ܫܶܬܡܳܐܐ ܕܰܢܦܼܰܠܘ̱ ܗ̱ܘܰܘ ܗܳܢܳܐ ܫܺܝܛܳܐ ܘܡܰܟܺܝܟܳܐ ܕܰܒܣܺܝܬ ܥܠܰܘܗ̱ܝ ܠܡܰܪ̈ܥܶܐ ܘܠܰܟܪ̈ܺܝܗܶܐ ܐܰܚܠܶܡ ܠܰܐܚܪ̈ܺܢܶܐ ܠܰܚܡܳܐ ܐܰܣܓܺܝ ܘܠܰܚܡܰܢ ܕܺܝܠܰܢ ܡܶܢ ܦܽܘܡܰܢ ܚܳܛܶܦ ܠܶܗ
1,Nisibis,39,4,Nisibis 39:4,ܚܠܽܘܠܳܐ ܪܰܒܳܐ ܗܳܘܶܐ ܗ̱ܘܳܐ ܒܰܫܝܽܘܠ ܟܰܕ ܒܳܠܥܰܬ ܗܘܳܬ ܠܰܕܒܶܝܬ ܩܽܘܪܳܚ ܒܶܣܡܳܐ ܪܰܒܳܐ ܥܒܰܕ ܠܺܝ ܣܳܛܳܢܳܐ ܕܰܥܒܰܕ ܣܶܕܩܳܐ ܒܰܠܘ̈ܳܝܶܐ ܡܰܒܽܘܥܳܐ ܕܚܰܠܒܳܐ ܘܕܶܒܫܳܐ ܐܰܪܕܺܝ ܠܺܝ ܒܰܐܬܪܳܐ ܨܰܗܝܳܐ ܕܰܟܢܽܘܫ̈ܳܬܳܐ ܕܥܰܘ̈ܳܠܶܐ ܢܚܼܶܬ ܠܳܗ̇ ܠܰܫܝܽܘܠ ܗܳܐ ܚܰܝܰܘ ܙܰܕܺܝ̈ܩܶܐ ܘܰܢܦܼܰܩܘ̱ ܡܽܘܫܶܐ ܚ̈ܰܝܶܐ ܐܰܚܶܬ ܠܳܗ̇ ܝܶܫܽܘܥ ܕܶܝܢ ܢܰܚܶܡ ܘܰܐܣܶܩ ܠܰܕܡܺܝ̈ܬܺܝܢ
1,Nisibis,39,5,Nisibis 39:5,ܛܽܘܒܰܝ ܗܘܳܐ ܕܶܝܢ ܒܝܰܘܡ̈ܰܝ ܛܰܢܳܢ̈ܶܐ ܕܰܒܣܰܝ̈ܦܰܝܗܽܘܢ ܡܶܬܒܰܣܰܡ ܗܘܺܝܬ ܦܺܝܢܚܶܣ ܛܰܢܳܢܳܐ ܕܥܼܰܨ ܗ̱ܘܳܐ ܝܰܗ̱ܒ ܠܺܝ ܒܪܺܝܫܳܐ ܕܢܶܝܙܟܶܗ ܒܽܘܣܳܡܳܐ ܠܰܙܡܪܝ̱ ܘܠܟܽܘܣܳܒܝ̱ ܐܰܟܚܰܕ ܒܪܺܝܫܳܐ ܕܪܽܘܡܚܶܗ ܐܰܘܫܶܛ ܠܺܝ ܠܡܰܢܽܘ ܟܰܝ ܬܪ̈ܶܝܢ ܬܰܘܪ̈ܺܝܢ ܕܦܰܛܡܳܐ ܡܶܢ ܡܬܽܘܡ ܒܪܺܝܫܳܐ ܕܢܺܝܙܟܳܐ ܐܶܬܩܰܪܰܒܘ̱ ܚܠܳܦ ܕܶܝܢ ܟܽܘܣܳܒܝ̱ ܒܰܪ̱ܬ ܪ̈ܺܝܫܳܢܶܐ ܠܒܰܪ̱ܬ ܝܽܘܳܐܪܳܫ ܚܼܛܰܦ ܝܶܫܽܘܥ ܡܶܢ ܐܺܝܕ̈ܰܝ
1,Nisibis,39,6,Nisibis 39:6,ܦܺܝܪܡܶܗ ܕܰܐܗܪܽܘܢ ܡܰܕܚܶܠ ܗ̱ܘܳܐ ܠܺܝ ܕܩܳܡ ܒܶܝܬ ܡܺܝ̈ܬܶܐ ܠܚܰܝ̈ܶܐ ܘܰܙܟܼܳܢܝ̱ ܨܠܺܝܒܳܐ ܝܰܬܺܝܪ ܡܶܢܶܗ ܡܶܕܚܰܠ ܠܺܝ ܕܨܳܪܝ ܐܶܢܽܘܢ ܩܰܒܪ̈ܶܐ ܕܰܫܝܽܘܠ ܙܩܺܝܦܳܐ ܕܒܶܗ ܗܽܘ ܩܳܛܶܠ ܗܘܺܝܬ ܗܳܫܳܐ ܒܶܗ ܗܽܘ ܐܶܬܩܰܛܠܶܬ ܠܰܘ ܣܰܓܽܝ ܪܰܒ ܟܽܘܐܳܪܶܗ ܕܰܐܝܢܳܐ ܕܚܳܐܶܒ ܡܶܢ ܓܰܢ̱ܒܳܪܳܐ ܕܰܡܙܰܝܶܢ ܒܺܝܫ ܠܺܝ ܟܽܘܳܐܪܰܝ ܡܶܢ ܫܽܘܢܳܩܝ̱ ܕܰܒܓܰܒܪܳܐ ܙܩܺܝܦܳܐ ܚܳܒܶܬ ܥܰܙܺܝܙܽܘܬܝ̱
1,Nisibis,39,7,Nisibis 39:7,ܪܽܘܡܚܶܗ ܕܦܺܝܢܚܶܣ ܬܽܘܒ ܐܰܕܚܶܠܬܳܢܝ̱ ܕܒܳܗ̇ ܗܽܘ ܒܚܰܪܒܶܗ ܟܠܳܐ ܡܰܘܬܳܢܳܐ ܪܽܘܡܚܳܐ ܢܛܰܪܬܶܗ ܠܺܐܝܠܳܢܳܐ ܕܚܰܝ̈ܶܐ ܐܰܦܨܰܚܬܳܢܝ̱ ܐܳܦ ܐܰܟܡܰܪܬܳܢܝ̱ ܕܰܟܠܳܬ ܠܳܐܕܳܡ ܡܶܢ ܚܰܝ̈ܶܐ ܘܰܟܠܳܬ ܡܰܘܬܳܐ ܡܶܢ ܥܰܡܳܐ ܪܽܘܡܚܳܐ ܕܶܝܢ ܕܰܒܠܰܥ ܝܶܫܽܘܥ ܐܶܢܳܐ ܚܫܶܬ ܒܳܗ̇ ܗܼܽܘ ܒܳܠܼܰܥ ܘܶܐܢܳܐ ܡܰܝܠܶܠ ܀܀܀ ܢܦܰܩܘ̱ ܡܶܢܶܗ ܡܰܝ̈ܳܐ ܘܰܕܡܳܐ ܣܚܼܳܐ ܐܳܕܳܡ ܘܰܚܝܳܐ ܘܰܦܢܳܐ ܠܦܰܪܕܰܝܣܳܐ
1,Nisibis,39,8,Nisibis 39:8,ܗ̱ܘܰܘ ܠܺܝ ܦܽܘ̈ܡܶܐ ܙܳܕܽܘ̈ܩܳܝܶܐ ܘܕܰܪܫܰܘ ܥܰܡܶܗ ܐܰܝܟ ܡܶܢ ܪܶܥܝܳܢܝ̱ ܕܠܳܐ ܠܰܡ ܐܺܝܬ ܚܰܝܰܬ ܡܺܝ̈ܬܶܐ ܠܰܓܡܰܪ ܬܼܳܢܶܐ ܠܗܽܘܢ ܝܶܫܽܘܥ ܦܶܬܓܳܡܳܐ ܕܶܐܢܳܐ ܒܰܠܚܽܘܕ ܪܶܓܫܶܬ ܒܶܗ ܡܶܢ ܣܰܢܝܳܐ ܩܼܥܳܐ ܘܰܐܥܺܝܩܰܢܝ̱ ܕܶܐܢܳܐ ܐ̱ܢܳܐ ܠܰܡ ܐܰܠܳܗܶܗ ܕܗܰܘ ܐܰܒܪܳܗܳܡ ܘܰܐܠܳܗܳܐ ܠܳܐ ܗ̱ܘܳܐ ܕܡܺܝ̈ܬܶܐ ܛܽܘܒܰܝ ܗ̱ܘܳܐ ܟܰܕ ܡ̈ܶܠܶܐ ܗܘ̈ܰܝ ܘܠܳܐ ܕܚܰܘܶܝܢܝ̱ ܚܰܝܰܬ ܡܺܝ̈ܬܶܐ ܒܰܥܒܳܕܳܐ
1,Nisibis,39,9,Nisibis 39:9,ܝܶܫܽܘܥ ܒܰܪܢܽܘܢ ܡܰܠܟ̈ܶܐ ܬܠܳܬܺܝܢ ܩܰܒܪ̈ܶܐ ܘܢܶܩ̈ܥܶܐ ܚܼܪܰܒ ܘܰܡܠܳܐ ܠܺܝ ܐܰܚܪܶܒ ܠܺܐܝܪܺܝܚܽܘ ܘܰܡܠܳܐ ܠܰܫܝܽܘܠ ܗܳܢܳܐ ܕܶܝܢ ܝܶܫܽܘܥ ܕܶܐܬܳܐ ܐܰܚܪܶܒ ܩܰܒܪ̈ܶܐ ܡܶܢ ܡܺܝ̈ܬܶܐ ܘܰܡܠܳܐ ܟܰܪ̈ܟܶܐ ܥܶܠܳܝ̈ܶܐ ܠܡܳܢܳܐ ܟܰܝ ܟܰܕ ܗܳܐ ܕܳܡܶܝܢ ܒܰܫܡ̈ܳܗܰܝܗܽܘܢ ܠܳܐ ܕܳܡܶܝܢ ܒܣܽܘܥܪ̈ܳܢܰܝܗܽܘܢ ܗܰܘ ܝܰܗ̱ܒ ܠܺܝ ܦܰܓܪܶܗ ܕܰܥܟܰܪ ܗܳܢܳܐ ܕܶܝܢ ܐܰܥܕܺܝ ܦܰܓܪܶܗ ܕܠܳܥܳܙܳܪ
1,Nisibis,39,10,Nisibis 39:10,ܡܽܘܫܶܐ ܒܥܰܛܶܗ ܠܗܰܘ ܡܶܨܪܳܝܳܐ ܒܡܰܟܽܝܟܽܘܬܶܗ ܚܠܰܛ ܟܽܐܢܽܘܬܶܗ ܡܶܢ ܐܰܝܟܳܐ ܟܰܝ ܢܳܡܽܘܣܳܐ ܚܰܕܬܳܐ ܢܒܼܰܥ ܠܺܝ ܕܰܡܚܳܐ ܠܳܟ ܠܰܡ ܥܰܠ ܦܰܟܳܟ ܀܀܀ ܐ̱ܚܪܺܢܳܐ ܦܰܟܳܟ ܐܰܬܩܶܢ ܠܶܗ ܘܰܚܙܺܝ ܠܰܡ ܕܰܠܡܳܐ ܬܶܣܢܶܝܘܗ̱ܝ ܚܠܳܦ ܛܰܢܳܢܳܐ ܥܰܙܺܝܙܳܐ ܕܰܒܥܰܛ ܘܰܩܛܰܠ ܚܰܢܳܢܳܐ ܚܰܕܬܳܐ ܕܢܰܚ ܠܰܢ ܫܡܽܘܐܶܝܠ ܠܰܐܓܳܓ ܕܦܳܫܰܚ ܗ̱ܘܳܐ ܝܶܫܽܘܥ ܕܶܝܢ ܠܗܰܘ ܕܰܡܫܰܪܺܝ ܐܰܣܺܝ ܗ̱ܘܳܐ
1,Nisibis,39,11,Nisibis 39:11,ܡܪܰܚܡܳܢܽܘܬܳܐ ܕܰܐܝܟ ܙܶܥܪܰܬ ܗܘܳܬ ܒܗܰܘ ܙܰܒܢܳܐ ܗܳܐ ܣܶܓܝܰܬ ܠܳܗ̇ ܘܺܐܝܬ ܬܽܘܒ ܐܰܝܟܳܐ ܕܡܶܣܢܳܐ ܣܳܢܝܳܐ ܗܘܳܬ ܕܢܶܥܒܰܪ ܐ̱ܢܳܫ ܥܰܠ ܦܽܘܩܕܳܢܳܐ ܕܠܳܐ ܪ̈ܳܚܡܺܝܢ ܓܶܝܪ ܐܶܬܩܰܛܰܠܘ̱ ܫܳܐܽܘܠ ܘܳܐܚܳܒ ܥܰܠ ܕܰܨܒܰܘ ܠܰܡܪܰܚܡܽܘ ܥܰܠ ܒܺܝ̈ܫܶܐ ܘܠܳܐ ܐܶܬܩܰܛܰܠܘ̱ ܕܚܰܝܳܒܺܝܢ ܗ̱ܘܰܘ ܦܽܘܪܥܳܢܳܐ ܠܰܙܒܰܢܝ̱ ܕܺܝܠܝ̱ ܗܰܦܟܶܗ ܝܶܫܽܘܥ ܕܟܽܠ ܐ̱ܢܳܫ ܠܰܡ ܢܺܚܶܐ ܘܢܺܚܽܘܢ ܩܳܛܽܘܠܶܗ
1,Nisibis,39,12,Nisibis 39:12,ܕܟܺܝܪ ܗܽܘ ܫܶܡܫܽܘܢ ܓܽܘܪܝܳܐ ܕܰܐܪܝܳܐ ܕܰܬܒܰܪ ܝܰܗܒ ܠܺܝ ܥܪ̈ܳܕܶܐ ܕܦܶܠܫܰܬ ܐܳܦ ܗܰܘ ܪܰܒܳܐ ܚܰܝܠܳܐ ܐܰܒܢܺܝܪ ܒܰܪ ܢܺܝܪ ܛܰܒܝܳܐ ܨܳܕ ܠܺܝ ܩܰܠܺܝܠܳܐ ܠܰܥܫܳܐܶܝܠ ܒܰܪ ܨܽܘܪܳܝܳܐ ܕܰܡܚܳܝܗ̱ܝ ܘܰܫܕܳܝܗ̱ܝ ܥܰܠ ܐܰܪܥܳܐ ܐܳܦ ܒܰܢܝܳܐ ܒܗܰܝܟܰܠ ܩܽܘܕܫܳܐ ܩܰܛܠܶܗ ܠܝܽܘܐܳܒ ܟܺܐܢܳܐܺܝܬ ܐܰܝܟ ܡܳܐ ܕܰܟܬܺܝܒ ܕܚܶܡܠܰܬ ܣܰܝܦܳܗ̇ ܟܺܐܢܽܘܬܳܐ ܢܕܽܘܨܽܘܢ ܡܶܟܺܝܠ ܬܰܝܳܒ̈ܶܐ ܒܛܰܝܒܽܘܬܳܐ
1,Nisibis,39,13,Nisibis 39:13,ܡܫܼܰܚ ܗ̱ܘܳܐ ܕܰܘܺܝܕ ܀܀܀ ܠܰܐܕܽܘ̈ܡܳܝܶܐ ܚܶܒܠܺܝ̈ܢ ܚܶܒܠܺܝ̈ܢ ܘܰܚܪܰܒ ܐܶܢܽܘܢ ܟܡܳܐ ܟܰܝ ܪܰܚܡܰܢ ܐܰܢ̱ܬ ܐܰܘ ܒܰܪ ܕܰܘܺܝܕ ܕܟܺܐܢܽܘܬܶܗ ܕܕܰܘܺܝܕ ܥܶܦܰܬ ܕܰܬܪ̈ܶܝܢ ܚܶܒܠܺܝ̈ܢ ܩܛܰܠ ܗ̱ܘܳܐ ܘܰܡܠܳܐ ܚܒܳܠܳܐ ܡܰܚܶܐ ܗ̱ܘܳܐ ܒܰܪ ܕܰܘܺܝܕ ܗܳܐ ܡܰܠܶܦ ܠܰܢ ܕܰܫܒܽܘܩ ܠܰܐܚܽܘܟ ܫܒܰܥ ܫܒܰܥ ܠܰܡ ܥܰܠ ܫܰܒܥܺܝܢ ܠܗܰܠ ܟܺܐܢܽܘܬܳܐ ܕܶܐܬܡܰܫܚܰܬ ܗܳܪܟܳܐ ܕܶܝܢ ܒܰܣܺܝܡܽܘܬܳܐ ܕܠܳܐ ܡܽܘܫܳܚܳܐ
1,Nisibis,39,14,Nisibis 39:14,ܛܢܳܢܳܐ ܘܚܰܝܠܳܐ ܩܢܳܐ ܗ̱ܘܳܐ ܕܰܘܺܝܕ ܠܰܐܪܝܳܐ ܘܕܺܐܒܳܐ ܩܛܰܠ ܗ̱ܘܳܐ ܐܰܟܚܰܕ ܫܰܒܩܶܗ ܠܰܐܪܝܳܐ ܚܰܣܺܝܢܳܐ ܘܰܪܗܶܛ ܠܶܗ ܥܰܠ ܓܰܢ̱ܒܳܪܳܐ ܥܰܙܺܝܙܳܐ ܒܟܺܐܦܳܐ ܒܰܕܰܪ ܢܰܗܺܝܪܶܗ ܘܰܫܒܰܩܬܶܗ ܢܰܦܫܶܗ ܘܰܐܘܦܺܝ ܝܶܫܽܘܥ ܕܶܝܢ ܩܪܳܐ ܠܡܺܝܬܳܐ ܥܠܺܝܡܳܐ ܥܠܺܝܡܳܐ ܐܳܦ ܡܺܝ̈ܬܶܐ ܠܶܗ ܕܰܡܟ̈ܶܐ ܐܶܢܽܘܢ ܥܠܺܝܡܳܐ ܐܰܚܺܝ ܘܰܚܛܰܦ ܡܶܢܝ̱ ܚܙܺܝܪ̈ܶܐ ܫܺܝ̈ܛܶܐ ܚܢܰܩ ܗ̱ܘܳܐ ܠܺܝ ܒܓܰܘ ܝܰܡܳܐ
1,Nisibis,39,15,Nisibis 39:15,ܩܛܰܠܘ̱ ܠܶܘ̈ܳܝܶܐ ܡܶܛܽܠ ܥܶܓܠܳܐ ܠܰܐܒܳܗܰܝ̈ܗܽܘܢ ܘܠܰܐܚܰܝ̈ܗܽܘܢ ܢܶܦܬܰܚ ܒܺܐܝ̈ܕܰܘܗ̱ܝ ܒܰܪܬܶܗ ܢܟܰܣ ܗ̱ܘܳܐ ܡܰܠܟܳܐ ܕܡܽܘܐܳܒ ܥܰܠ ܫܽܘܪܳܐ ܠܰܒܪܶܗ ܒܽܘܟܪܶܗ ܕܒܰܚ ܗ̱ܘܳܐ ܠܽܘܩܒܰܠ ܚܰܪܒܶܗ ܐܶܬܦܰܨܚܰܬ ܒܝܶܫܽܘܥ ܗܽܘ ܩܗܺܝܬ ܚܰܪܒܳܐ ܐܳܦ ܐܶܙܕܰܓܪܰܬ ܐܶܫܬܳܐ ܚܳܬܳܗ̇ ܕܰܫܝܽܘܠ ܚܶܡܬܶܗ ܕܫܶܡܥܽܘܢ ܐܶܬܚܰܠܡܰܬ ܀܀܀ ܠܰܫܝܽܘܠ ܕܶܝܢ ܐܰܟܪܶܗ ܛܳܒܳܐ ܕܚܽܘܠܡܳܢܳܗ̇
1,Nisibis,39,16,Nisibis 39:16,ܗܳܢܳܐ ܝܶܫܽܘܥ ܟܰܕ ܒܰܪ ܟܺܐܢܰܐ ܗ̱ܘ ܟܽܠ ܛܰܝܒܽܘܬܳܐ ܡܶܬܟܰܪܙܳܐ ܒܶܗ ܠܺܝ ܕܶܝܢ ܗܼܺܝ ܛܰܝܒܽܘܬܶܗ ܫܽܘܢܳܩܳܐ ܒܶܗ ܚܣܳܡܰܐ ܗ̱ܘ ܥܶܠܰܬ ܒܽܘܣܳܡܳܢ ܕܰܚܣܳܡܳܐ ܓܶܝܪ ܡܶܢ ܠܽܘܩܕܰܡ ܡܼܰܙܶܓ ܗ̱ܘܳܐ ܠܺܝ ܕܡܳܐ ܫܳܪܽܘܝܳܐ ܡܰܢ ܚܳܒܶܬ ܠܶܗ ܠܒܰܪ ܡܰܪܝܰܡ ܕܶܐܬܳܐ ܦܰܩܶܕ ܕܠܳܐ ܠܰܡ ܬܶܪܓܰܙ ܥܰܠ ܐܰܚܽܘܟ ܫܩܼܰܠ ܚܰܪܒܳܐ ܡܶܢ ܒܶܝܬ ܐܰܚ̈ܶܐ ܕܰܒܚܰܪܒܶܗ ܕܩܳܐܶܝܢ ܒܶܣܡܰܬ ܕܫܳܪܽܘܬܺܝܢ
1,Nisibis,39,17,Nisibis 39:17,ܟܰܟܳܪܺܝܬܳܐ ܒܓܰܘ ܬܶܓܪܽܘܡܬܳܐ ܐܶܫܟܰܚ ܫܶܡܫܽܘܢ ܠܡܳܐ ܟܰܝ ܐ̱ܪܳܙܰܐ ܗ̱ܘ ܗܳܢܳܐ ܝܶܫܽܘܥ ܐܰܣܺܝܓ ܠܰܢ ܐ̱ܪ̈ܳܙܶܐ ܒܶܝܬ ܓ̈ܰܠܠܶܐ ܕܐܪ̈ܳܙܰܘܗ̱ܝ ܢܶܦܠܰܬ ܕܰܐܡܬܶܠ ܠܰܢ ܚܰܝܰܬ ܡܺܝ̈ܬܶܐ ܒܟܽܠ ܐ̱ܪ̈ܳܙܰܝܢ ܘܰܒܟܽܠ ܛܽܘ̈ܦܣܺܝܢ ܡܶܢ ܐܳܟܠܳܐ ܐܽܘܟܠܳܐ ܢܦܼܰܩ ܗ̱ܘܳܐ ܐܰܡܬܶܠ ܫܶܡܫܽܘܢ ܠܺܝ ܕܶܝܢ ܗܶܦܟܳܐܺܝܬ ܓܶܕܫܰܬ ܕܳܐܟܠܳܐ ܢܦܼܰܩ ܠܺܝ ܡܶܢ ܐܽܘܟܠܳܐ ܕܡܶܢ ܐܳܕܳܡ ܗܳܐ ܒܰܪ ܐܳܕܳܡ ܕܰܐܣܺܝܦܳܢܝ̱
1,Nisibis,39,18,Nisibis 39:18,ܘܳܐܦ ܙܰܕܺܝ̈ܩܶܐ ܐܰܣܓܺܝܘ ܬܶܒܪܽܘܢܝ̱ ܕܚܰܝܰܬ ܡܺܝ̈ܬܶܐ ܒܗܽܘܢ ܐܶܬܟܰܪܙܶܬ ܡܰܙܰܓܘ̱ ܕܶܝܢ ܒܶܐܒܠܰܝ̈ ܒܽܘܝܳܐܳܐ ܪܰܒܳܐ ܒܰܨܠܽܘܬ ܐܰܣܳܐ ܘܚܶܙܰܩܝܳܐ ܒܰܩܛܺܝ̈ܠܶܐ ܡܶܫܬܪܶܐ ܗܘܺܝܬ ܀܀܀ ܘܳܐܦ ܒܰܫܠܰܕ̈ܶܐ ܡܚܰܫܶܡ ܗܘܺܝܬ ܐܶܠܺܝܳܐ ܢܶܒܢ̈ܰܝ ܒܰܥܠܳܐ ܢܰܟܶܣ ܝܰܗ̱ܒ ܠܺܝ ܒܠܰܚܡܳܐ ܕܺܐܝܙܒܶܠ ܐܶܬܦܰܛܰܡܘ̱ ܟܺܐܢ̈ܶܐ ܐܳܠܨܽܘܢܝ̱ ܕܐܬܝܥܢ ܝܶܫܽܘܥ ܕܶܝܢ ܐܰܠܨܰܢܝ̱ ܕܶܐܬܺܝܒ ܠܳܟ ܕܶܐܟܠܶܬ
1,Nisibis,39,19,Nisibis 39:19,ܩܶܢܛܰܬ ܡܶܢܶܗ ܕܰܕܡܳܐ ܪܣܺܝܣܳܐ ܕܪܰܣ ܗ̱ܘܳܐ ܡܽܘܫܶܐ ܥܰܠ ܟܽܠ ܬܰܪ̈ܥܺܝܢ ܕܟܰܕ ܗܽܘ ܩܛܺܝܠܰܐ ܗ̱ܘ ܠܚܰܝ̈ܶܐ ܢܳܛܰܪ ܡܶܢ ܕܡܳܐ ܡܶܢ ܡܬܽܘܡ ܠܳܐ ܕܶܚܠܰܬ ܐܶܠܳܐ ܡܶܢ ܕܡܳܐ ܕܥܰܠ ܬܰܪ̈ܥܶܐ ܘܡܶܢ ܗܳܢܳܐ ܬܽܘܒ ܕܥܰܠ ܩܰܝܣܳܐ ܕܡܳܐ ܕܰܩܛܺܝ̈ܠܶܐ ܒܽܘܣܳܡܰܐ ܗ̱ܘ ܘܰܐܝܟ ܪܺܝܚ ܒܰܣܺܝܡܰܐ ܗ̱ܘ ܕܡܶܗ ܕܝܶܫܽܘܥ ܠܺܝ ܣܽܘܪܳܕܰܐ ܗ̱ܘ ܕܡܳܐ ܕܶܐܙܠܶܬ ܕܺܐܪܺܝܚ ܒܰܕܡܶܗ ܡܣܰܪܶܕ ܠܺܝ ܪܺܝܚܳܐ ܕܚܰܝ̈ܶܐ ܕܰܟܣܶܐ ܒܶܗ
1,Nisibis,39,20,Nisibis 39:20,ܟܳܗ̈ܢܶܐ ܘܟܽܘܡܪ̈ܶܐ ܡܫܺܝܚ̈ܶܐ ܘܡܰܠܟ̈ܶܐ ܕܚܰܘܺܝܘ ܛܽܘ̈ܦܣܶܐ ܕܚܰܝܰܬ ܡܺܝ̈ܬܶܐ ܠܳܐ ܗܘܳܐ ܒܰܨܠܺܝܒܰܝ̈ܗܽܘܢ ܐܶܬܢܰܨܰܚܘ̱ ܟܠܺܝ̈ܠܶܐ ܘܬܳܓ̈ܶܐ ܣܺܝܡܺܝܢ ܗ̱ܘܰܘ ܘܟܰܕ ܢܶܦܠܶܬ ܒܺܐܝܓܽܘ̈ܢܰܝܗܽܘܢ ܒܳܠܰܥ ܗܘܺܝܬ ܐܳܦ ܡܰܚܶܐ ܗܘܺܝܬ ܗܳܢܳܐ ܕܶܝܢ ܒܰܪ ܢܰܓܳܪܳܐ ܒܰܟܠܺܝܠ ܟܽܘܒܰܘ̈ܗ̱ܝ ܫܳܦܶܠ ܘܰܫܕܳܗ̇ ܠܰܚܬܺܝܪܽܘܬܝ̱ ܒܫܺܝܛܽܘܬܳܐ ܘܰܒܡܺܝܬܽܘܬܳܐ ܚܙܳܬܶܗ ܫܝܽܘܠ ܐܳܦ ܐܶܬܪܰܗܒܰܬ ܡܶܢ ܩܽܘܕܡܰܘܗ̱ܝ
1,Nisibis,39,21,Nisibis 39:21,ܠܡܽܘܫܶܐ ܚܙܳܝܗ̱ܝ ܝܰܡܳܐ ܘܰܥܪܰܩ ܕܚܶܠ ܡܶܢ ܚܽܘܛܪܶܗ ܐܳܦ ܡܶܢ ܫܽܘܒܚܶܗ ܙܺܝܘܶܗ ܘܚܽܘܛܪܶܗ ܘܫܽܘܠܛܳܢܶܗ ܚܙܺܝܬ ܀܀܀ ܐܳܦ ܗܳܝ ܟܺܐܦܳܐ ܕܶܐܬܬܰܪܥܰܬ ܫܝܽܘܠ ܕܶܝܢ ܕܶܐܨܛ̇ܪܺܝܘ ܩܰܒܪ̈ܶܝܗ̇ ܡܳܢܳܐ ܚܙܳܬ ܒܶܗ ܒܝܶܫܽܘܥ ܚܠܳܦ ܙܺܝܘܶܐ ܓܰܘܢܳܐ ܕܡܺܝ̈ܬܶܐ ܠܒܶܫ ܘܰܐܙܺܝܥܳܗ̇ ܘܶܐܢ ܓܰܘܢܳܐ ܕܩܳܛܠܶܗ ܩܰܛܠܳܗ̇ ܐܰܝܟܰܢ ܡܰܨܝܳܐ ܕܰܬܣܰܝܒܰܪ ܡܳܐ ܕܳܐܬܶܐ ܕܰܢܩܺܝܡ ܡܺܝ̈ܬܶܐ ܒܬܶܫܒܽܘܚܬܶܗ [ܫܠܶܡ]
1,Nisibis,40,1,Nisibis 40:1,ܐܶܪܓܶܫ ܒܺܝܫܳܐ ܒܫܰܦܠܶܗ ܪܰܒܳܐ ܘܫܳܒܗܳܪ ܢܰܦܫܶܗ ܩܕܳܡ ܦܰܠܳܚ̈ܰܘܗ̱ܝ ܡ̈ܶܠܰܘܗ̱ܝ ܪܰܘܪܶܒ ܟܰܕ ܐܰܦܺܝܣ ܘܶܐܡܰܪ ܕܺܝܕܰܥܬܳܐ ܠܰܡ ܕܩܳܢܶܐ ܐ̱ܢܳܐ ܩܰܠܺܝܠ ܡܶܢܶܗ ܕܰܟܝܳܢܳܐ ܘܣܽܘܓܳܐܗ̇ ܘܟܽܠܳܗ̇ ܕܝܽܘܠܦܳܢܳܐ ܐܶܢܳܐ ܠܰܩܢܽܘܡܝ̱ ܗܘܺܝܬ ܪܰܒܳܐ ܘܫܶܚܩܶܬ ܡܰܕܰܥܝ̱ ܕܠܳܐ ܡܰܠܦܳܢܳܐ ܝܶܠܦܶܬ ܟܽܠ ܙܶܝܢܶܬ ܢܰܦܫܝ̱ ܒܟܽܠ ܡܶܕܶܡ ܘܕܰܒܪ̱ܬ ܒܳܗ̇ ܟܠܺܝܠܳܐ ܕܰܨܒܺܝܬ ܒܐ̱ܢܳܫܽܘܬܳܐ
1,Nisibis,40,2,Nisibis 40:2,ܒܰܦܪܺܝܫܳܝܰܐ ܗ̱ܘ ܠܶܒܫܰܬ ܣ̈ܶܢܝܳܬܝ̱ ܕܰܐܩܪܶܒ ܥܰܡܶܗ ܕܗܰܘ ܒܰܪ ܡܰܪܝܰܡ ܚܶܡܬܳܐ ܐܰܝܟ ܩܶܫܬܳܐ ܓܺܐܪ̈ܶܐ ܡܶܛܪܰܬ ܡܰܪܚܽܘܬܳܐ ܨܳܥܰܪܬܶܗ ܀܀܀ ܘܰܣܥܳܬ ܥܠܰܘܗ̱ܝ ܦܰܩܪܽܘܬܳܐ ܘܰܥܫܰܩܬܶܗ ܛܳܠܽܘܡܽܘܬܳܐ ܚܣܳܡܳܐ ܘܛܰܢܳܢܳܐ ܒܪܽܘܓܙܳܐ ܢܳܨܘ̱ ܗ̱ܘܰܘ ܥܰܡܶܗ ܘܓܽܘܕܳܦܳܐ ܟܺܐܦ̈ܶܐ ܫܩܰܠ ܗ̱ܘܳܐ ܐܳܣܝܳܐ ܥܰܠ ܩܳܡ ܒܶܝܬ ܡܰܪ̈ܥܶܐ ܘܓܶܪܝܰܬ ܐܶܢܽܘܢ ܠܰܟܪ̈ܺܝܗܶܐ ܒܬܰܟܬܽܘܫܶܗ
1,Nisibis,40,3,Nisibis 40:3,ܕܠܳܐ ܢܳܦܶܠ ܗ̱ܘܳܐ ܬܚܶܝܬ ܡܰܪܫܽܘܬܳܐ ܒܫ̈ܺܐܝܠܳܬܰܐ ܗ̱ܘ ܡܶܬܓܰܘܰܣ ܗܘܺܝܬ ܐܰܣܓܺܝܬ ܓܰܪܺܝܬ ܥ̈ܶܠܠܳܬܳܐ ܘܰܚܙܺܝܬ ܕܶܐܬܟܰܣܶܣܬ ܠܳܗ̇ ܕܰܓܳܠܽܘܬܝ̱ ܘܶܐܬܝܰܕܥܰܬ ܠܳܗ̇ ܚܨܺܝܦܽܘܬܝ̱ ܘܶܐܬܒܰܣܪܰܬ ܠܳܗ̇ ܣܪܽܘܒܽܘܬܝ̱ ܒܗ̈ܶܦܟܳܬܳܐ ܕܚܶܪܝܳܢܳܐ ܡܶܣܬܰܬܰܪ ܗܘܺܝܬ ܟܽܠ ܐܰܝܟܳܐ ܕܕܰܪܫܰܬ ܥܰܡܶܗ ܗܳܘܶܐ ܠܶܗ ܟܽܠܶܗ ܥܡܰܠܝ̱ ܐܰܝܟ ܥܽܘܪܳܐ ܘܕܳܪܬܶܗ ܡܶܠܰܬ ܩܽܘܫܬܳܐ ܠܟܽܠ ܓܰܒܺܝ̈ܢ
1,Nisibis,40,4,Nisibis 40:4,ܚܶܙܝܰܬ ܕܰܐܬܠܺܝܛܰܐ ܗ̱ܘ ܘܡܳܪܳܐ ܚܰܝܠܰܐ ܗ̱ܘ ܒܽܐܘܡܳܢܽܘܬܰܐ ܗ̱ܘ ܒܓܰܘ ܒܰܪܢܳܫܳܐ [ܘܡܰܕܚܶܠ ܠܳܗ̇ ܪܰܚܫܳܐ ܕܰܠܒܰܪ] ܝܳܨܪܶܗ ܒܓܰܘ ܡܶܬܥܰܘܩܰܕ ܟܽܠܫܳܥ ܛܰܢܳܢܶܗ ܢܨܰܦ ܐܰܝܟ ܚܶܘܝܳܐ ܐܰܪ̈ܓܺܝܓܳܬܳܐ ܕܡܰܘܬܳܐ ܡܰܘܠܶܕ ܘܡܶܢ ܐܶܫܬܳܐ ܡܶܬܩܰܢܰܛ ܦܽܘܩܕܳܢܳܐ ܚܠܳܦ ܥܶܩܪܳܐ ܡܨܶܐ ܕܢܰܫܗܶܝܘܗ̱ܝ [ܠܡܽܘܝܳܩܳܐ ܕܰܡܚܶܐ ܠܰܐܒܕܳܢ] ܚܽܘܒܰܐ ܗ̱ܘ ܡܶܫܟܰܚ ܬܳܒܰܪ ܠܶܗ ܠܥܽܘܩܣܶܗ ܟܰܣܝܳܐ ܘܡܰܪܺܝܪܳܐ ܕܠܶܫܳܢܳܐ
1,Nisibis,40,5,Nisibis 40:5,ܡܰܢܽܘ ܕܰܣܟܶܠ ܡܶܢ ܒܰܪܢܳܫܳܐ ܕܛܳܒ ܡܶܢ ܢܰܦܫܶܗ ܕܥܽܘܡܪܶܗ ܝܺܨܶܦ ܡܺܐܢ̈ܶܐ ܕܒܰܥܝܳܒܶܗ ܣܳܥܰܪ ܟܽܠܝܽܘܡ ܘܰܟܣܳܐ ܣܳܣܳܐ ܒܗܰܕܳܡ̈ܰܘܗ̱ܝ ܣ̈ܶܕܩܶܐ ܕܰܒܢܶܚ̈ܬܰܘܗ̱ܝ ܚܳܐܶܛ ܘܰܥܒܺܝܕ ܣܶܕܩܳܐ ܒܪܶܥܝܳܢܶܗ ܒܰܝܬܶܗ ܡܶܢܶܗ ܢܰܗܺܝܪ ܗ̱ܽܘ ܘܚܶܫܽܘܟ ܠܶܒܶܗ ܫܳܥ ܪ̈ܶܓܫܰܘܗ̱ܝ ܘܫܳܛܶܦ ܟܰܘ̈ܰܘܗ̱ܝ ܐܰܚܺܝܕ ܬܰܪܥܶܗ ܘܰܢܛܺܝܪ ܟܶܣܦܶܗ ܬܪܺܝܥ ܦܽܘܡܶܗ ܘܰܓܢܺܝܒ ܓܰܙܳܐ ܕܡܰܚܫܰܒܬܶܗ
1,Nisibis,40,6,Nisibis 40:6,ܒܥܺܝܪܶܗ ܡܶܢܶܗ ܡܰܘܪܶܒ ܣܰܟܠܳܐ ܕܝܳܨܶܦ ܕܺܝܠܶܗ ܛܳܒ ܡܶܢ ܢܰܦܫܶܗ ܙܰܪ̈ܥܶܐ ܛܳܒ̈ܶܐ ܙܪܰܥ ܒܳܗ̇ ܒܰܐܪܥܶܗ ܒܠܶܒܶܗ ܙܪܰܥ ܙܺܝ̈ܙܳܢܶܐ ܬܪܺܝܥܳܐ ܘܫܳܕܝܳܐ ܬܰܪܥܺܝܬܶܗ ܘܒܰܣ̈ܝܳܓܶܐ ܕܟܰܪ̈ܡܶܐ ܠܳܐܶܐ ܡܰܓܒܳܐ ܘܢܳܨܶܒ ܢܶܨ̈ܒܳܬܳܐ ܟܰܕ ܬܰܪܥܺܝܬܶܗ ܓܦܶܬܳܐ ܗ̱ܝ ܡܶܢ ܓܽܘ̈ܦܢܶܝܗ̇ ܕܣܳܕܽܘܡ ܥܶܪܕܳܐ ܟܽܠܳܐ ܡܶܢ ܙܰܪܥܶܗ ܘܰܪܥܳܐ ܠܶܗ ܚܙܺܝܪܳܐ ܕܥܶܒܳܐ ܠܡܰܚܫܰܒܬܶܗ
1,Nisibis,40,7,Nisibis 40:7,ܟܽܘܪܳܐ ܐܰܝܬܺܝ ܠܰܒ̈ܢܰܝ ܐ̱ܢܳܫܳܐ ܘܒܺܝ ܡܶܬܒܰܚܪܺܝܢ ܪ̈ܶܥܝܳܢܰܝܗܽܘܢ ܒܰܕܓܽܘܢ ܫܰܠܺܝܛ ܠܺܝ ܕܶܐܓܕܽܘܠ ܙܺܐܦܳܐ ܟܽܠܕܝܽܘܬܳܐ ܡܰܠܶܦ ܐ̱ܢܳܐ ܒܫܰܪ̈ܺܝܪܳܬܳܐ ܕܶܐܣܬܰܩܒܰܠ ܐܶܬܗܰܝܡܶܢ ܕܰܓ̈ܳܠܳܬܳܐ ܒܓܰܘ ܡܶܨܪܶܝܢ ܐܶܚܕܶܬ ܥܰܝ̈ܢܶܐ ܩܰܠܡܳܐ ܚܰܘܺܝܬ ܣܰܒܰܪܘ̱ ܕܺܐܝܬܶܝܗ̇ ܟܰܕ ܠܳܐ ܐܺܝܬܶܝܗ̇ ܒܶܐܚܰܕ ܥܰܝ̈ܢܶܐ ܡܰܠܶܦ ܐ̱ܢܳܐ ܡܳܠܽܘ̈ܫܶܐ ܕܠܳܐ ܐܺܝܬܰܝܗܽܘܢ ܒܰܫܡܰܝܳܐ ܀܀܀
1,Nisibis,40,8,Nisibis 40:8,ܒܝܰܕ ܩܰܠܺܝܠܽܘܬܝ̱ ܛܳܣܶܬ ܘܰܚܙܺܝܬ ܘܩܰܕܡܰܬ ܚܘܺܝܬܳܐ ܠܰܐܝܢܳܐ ܕܰܩܨܶܡ ܐܰܝܠܶܝܢ ܕܰܛܥܰܘ ܒܺܝ ܢܒܺܝܳܐ ܚܰܫܒܽܘܢܝ̱ ܐܺܝܬ ܕܶܝܢ ܐܰܝܟܳܐ ܕܡܰܚܨܶܦ ܐ̱ܢܳܐ ܘܫܳܐܶܠ ܐ̱ܢܳܐ ܕܰܠܡܶܠܶܐ ܫܳܥܳܐ ܢܶܬܓܰܠܝܳܢ ܠܺܝ ܟܰܣ̈ܝܳܬܳܐ ܕܢܶܬܒܰܚܪܽܘܢ ܒܺܝ ܫܰܪ̈ܺܝܪܶܐ ܒܰܕܡܽܘܬ ܐܺܝܽܘܒ ܐܳܦ ܙܺܐܦܳܢ̈ܶܐ ܐܰܝܟ ܫܳܐܽܘܠ ܐܺܝܬ ܕܓܰܠܝܳܬܶܗ ܠܢܰܚܫܶܗ ܘܺܐܝܬ ܕܡܰܪܩܬܶܗ ܠܰܫܪܳܪܶܗ ܘܶܐܬܩܰܠܰܣ
1,Nisibis,41,1,Nisibis 41:1,ܐܶܡܰܪ ܒܺܝܫܳܐ ܕܩܶܢܛܶܬ ܡܶܢܶܗ ܕܝܶܫܽܘܥ ܕܰܠܡܳܐ ܢܰܘܒܶܕ ܪ̈ܶܗܛܰܝ ܗܳܐ ܓܶܝܪ ܒܰܪ ܐܰܠܦ̈ܶܐ ܐ̱ܢܳܐ ܕܰܫܢܰܝ̈ܳܐ ܘܠܳܐ ܡܬܽܘܡ ܗ̱ܘܳܐ ܠܺܝ ܒܶܛܠܳܢܳܐ ܠܳܐ ܚܙܺܝܬ ܡܶܕܶܡ ܟܰܕ ܡܰܬܩܶܢ ܘܰܐܗܡܺܝܬ ܡܶܢܶܗ ܘܰܐܪܦܺܝܬܶܗ ܐܶܬܳܐ ܠܶܗ ܡܢܰܟܶܦ ܙܠܺܝ̈ܠܶܐ ܐܶܒܠܰܐ ܗ̱ܘ ܡܶܟܺܝܠ ܕܣܰܬܰܪ ܠܶܗ ܠܟܽܠ ܡܳܐ ܕܰܒܢܺܝܬ ܣܓܺܝܘ ܥܰܡ̈ܠܰܝ ܥܰܡ ܬܽܘܠܡ̈ܳܕܰܝ ܕܥܰܦܺܝܬܳܗ̇ ܠܟܽܠܳܗ̇ ܒܪܺܝܬܳܐ ܒܟܽܠ ܒܺܝܫ̈ܳܢ
1,Nisibis,41,2,Nisibis 41:2,ܦܶܚܡܶܬ ܪ̈ܶܗܛܰܝ ܥܰܡ ܩ̈ܰܠܺܝܠܶܐ ܘܥܶܒܪܶܬ ܐܶܢܽܘܢ ܡܶܬܟܰܬܰܫ ܗܘܺܝܬ ܪܰܘܒܳܐ ܕܣ̈ܰܓܺܝܐܶܐ ܙܰܝܢܳܐ ܗ̱ܘܳܐ ܠܺܝ ܒܪܰܘܒܳܐ ܕܥܰܡܳܐ ܚܳܕܶܐ ܗܘܺܝܬ ܕܝܰܗ̱ܒ ܗ̱ܘܳܐ ܐܰܬܪܳܐ ܩܰܠܺܝܠ ܕܰܩܫܰܐ ܗ̱ܘ ܚܺܐܦܳܐ ܕܣ̈ܰܓܺܝܐܶܐ ܒܚܰܝܠܳܐ ܕܣܰܓܺܝܐܳܐ ܛܽܘܪܳܐ ܪܰܒܳܐ ܙܶܩܦܰܬ ܡܰܓܕܠܳܐ ܠܰܫܡܰܝܳܐ ܡܶܬܚܰܬ ܐܶܢ ܥܰܡ ܪܰܘܡܳܐ ܐܶܬܟܰܬܰܫܘ̱ ܟܡܳܐ ܢܶܙܟܽܘܢ ܠܰܐܝܢܳܐ ܕܒܰܐܪܥܰܐ ܗ̱ܘ ܬܰܟܬܽܘܫܶܗ
1,Nisibis,41,3,Nisibis 41:3,ܥܰܡܶܗ ܕܙܰܒܢܳܐ ܘܥܰܡ ܥܽܘܕܪܳܢܶܗ ܡܶܬܟܰܬܰܫ ܐ̱ܢܳܐ ܦܳܪܽܘܫܳܐܺܝܬ ܫܡܼܰܥ ܗ̱ܘܳܐ ܥܰܡܳܐ ܕܰܐܠܳܗܳܐ ܚܰܕ ܗ̱ܽܘ ܥܒܰܕ ܠܶܗ ܣܽܘܓܐܳܐ ܕܰܐܠܳܗ̈ܶܐ ܘܕܰܚܼܙܳܐ ܠܰܒܪܶܗ ܕܰܐܠܳܗܳܐ ܪܗܶܛ ܠܶܗ ܨܶܝܕ ܚܰܕ ܐܰܠܳܗܳܐ ܕܰܐܝܟ ܡܰܘܕܶܐ ܒܶܗ ܒܰܐܠܳܗܳܐ ܗܳܘܶܐ ܟܳܦܰܪ ܒܶܗ ܘܰܐܝܟ ܛܐܶܢ ܢܶܥܪܽܘܩ ܡܶܢܶܗ ܕܰܒܟܽܠ ܙܰܒ̈ܢܺܝܢ ܗ̈ܶܦܟܳܝܶܐ ܢܶܫܬܰܟܚܽܘܢ ܕܰܕܠܳܐ ܐܰܠܳܗ ܐܺܝܬܰܝܗܽܘܢ
1,Nisibis,41,4,Nisibis 41:4,ܗܳܐ ܒܰܪ ܢܽܘܓܪܳܐ ܐܶܢܳܐ ܕܰܫ̈ܢܰܝܳܐ ܘܥܰܠ ܝܰܠܽܘܕܳܐ ܠܳܐ ܒܣܺܝܬ ܡܶܢ ܡܬܽܘܡ ܛܰܥܢܰܐ ܗ̱ܘ ܕܫܰܒܪ̈ܶܐ ܫܶܩܠܶܬ ܣ̇ܰܓܺܝ ܕܥܺܝ̈ܕܶܐ ܕܠܳܐ ܫܰܦܺܝܪ̈ܺܝܢ ܐܶܩܢܶܐ ܐܶܢܽܘܢ ܡܶܢ ܫܽܘܪܳܝܳܐ ܕܢܰܪܒܽܘܢ ܥܰܡܗܽܘܢ ܡܽܘ̈ܡܰܝܗܽܘܢ ܐܺܝܬ ܕܶܝܢ ܐܰܒܳܗ̈ܶܐ ܣ̈ܰܟܠܶܐ ܕܠܳܐ ܡܟܶܝܢ ܠܙܰܪܥܳܐ ܕܙܶܪܥܶܬ ܒܰܒ̈ܢܰܝܗܽܘܢ ܘܺܐܝܬ ܕܰܐܝܟ ܐܰܟܳܪ̈ܶܐ ܛܳܒ̈ܶܐ ܥܩܰܪܘ̱ ܡܽܘ̈ܡܶܐ ܡܶܢ ܬܰܪܥܺܝܬܳܐ ܕܝܰܠܕܰܝ̈ܗܽܘܢ ܀܀܀
1,Nisibis,41,5,Nisibis 41:5,ܚܠܳܦ ܫܺܫܠܳܬܳܐ ܒܡܰܐܝܳܢܽܘܬܳܐ ܦܶܟܪܶܬ ܐ̱ܢܳܫܳܐ ܘܒܰܛܶܠܘ̱ ܘܺܝܬܶܒܘ̱ ܓܶܠܙܶܬ ܪ̈ܶܓܫܰܝܗܽܘܢ ܡܶܢ ܛܳܒ̈ܳܢ ܥܰܝ̈ܢܰܝܗܽܘܢ ܡܶܢ ܩܶܪܝܳܢܳܐ ܦܽܘܡ̈ܰܝܗܽܘܢ ܡܶܢ ܗܽܘܠܳܠܳܐ ܡܰܕܥܗܽܘܢ ܡܶܢ ܝܽܘܠܦܳܢܳܐ ܠܡ̈ܰܬܠܶܐ ܚܰܪ̈ܒܶܐ ܘܒܰܛܺܝ̈ܠܶܐ ܡܳܐ ܟܰܫܺܝܪ̈ܺܝܢ ܠܰܡܡܰܠܳܠܳܐ ܣܦܺܝܩܳܐ ܛܽܘܠܺܝܩܺܝܢ ܐܶܢ ܢܶܦܠܰܬ ܡܶܠܰܬ ܚ̈ܰܝܶܐ ܐܰܘ ܕܰܚܩܽܘܗ̇ ܐܰܘ ܩܳܡܘ̱ ܫܰܢܺܝܘ ܡܶܢ ܨܶܐܕܶܝܗ̇
1,Nisibis,41,6,Nisibis 41:6,ܟܡܳܐ ܣ̈ܳܛܳܢܺܝܢ ܒܓܰܘ ܒܰܪܢܳܫܳܐ ܘܠܺܝ ܕܺܝܠܝ̱ ܒܰܠܚܽܘܕ ܠܳܐܶܛ ܟܽܠ ܐ̱ܢܳܫ ܗܳܐ ܓܶܝܪ ܚܶܡܬܶܗ ܕܒܰܪܢܳܫܳܐ ܐܺܝܬܶܝܗ̇ ܫܺܐܕܳܐ ܕܟܽܠܝܽܘܡ ܫܳܚܶܩ ܠܶܗ ܕܰܝ̈ܘܶܐ ܠܳܐܪ̈ܚܶܐ ܡܶܬܕܰܡܶܝܢ ܕܰܡܫܰܢܶܝܢ ܐܶܢ ܡܶܬܰܐܠܨܺܝܢ ܥܰܠ ܚܶܡܬܳܐ ܕܶܝܢ ܐܶܢ ܢܽܘܡܽܘܢ ܟܽܠ ܙܰܕܺܝ̈ܩܶܐ ܠܳܐ ܡܶܬܥܰܩܪܳܐ ܡܶܢ ܐܰܬܪܳܗ̇ ܚܠܳܦ ܚܣܳܡܳܐ ܣܪܽܘܚܳܐ ܠܫܺܐܕܳܐ ܫܺܝܛܳܐ ܘܚܰܠܳܫܳܐ ܣܳܢܶܐ ܟܽܠ ܐ̱ܢܳܫ
1,Nisibis,41,7,Nisibis 41:7,ܒܗܶܬ ܐܳܫܽܘܦܳܐ ܥܰܡ ܒܰܪܩܳܐ ܕܠܰܚܘ̈ܰܘܳܬܳܐ ܡܟܰܒܶܫ ܟܽܠܝܽܘܡ ܐܰܟܕܳܢܳܐ ܕܰܒܓܰܘܶܗ ܡܶܢܶܗ ܡܶܪܕܰܬ ܕܪܶܓܬܶܗ ܒܓܰܘܶܗ ܠܳܐ ܟܳܒܶܫ ܚܛܺܝܬܳܐ ܟܣܺܝܬܳܐ ܐܰܝܟ ܐܶܣܦܶܣ ܡܳܐ ܕܢܶܦܚܰܬ ܒܶܗ ܐܶܣܬܺܝܛ ܡܳܐ ܕܛܳܒ ܨܶܕܳܗ̇ ܠܰܐܟܕܳܢܳܐ ܀܀܀ ܒܽܐܘܡܳܢܽܘܬܶܗ ܡܰܚܬܶܗ ܛܽܘܥܝܰܝ ܟܰܣܝܳܐܺܝܬ ܡܫܰܗܶܐ ܪܰܚܫܳܐ ܒܠܽܘܚܫ̈ܳܬܶܗ ܡܥܺܝܪ ܥܠܰܘܗ̱ܝ ܪܽܘܓܙܳܐ ܪܰܒܳܐ ܒܠܽܘ̈ܚܫܳܬܶܗ
1,Nisibis,41,8,Nisibis 41:8,ܣܺܝܡܰܬ ܥܽܘܩ̈ܣܶܐ ܘܝܶܬܒܰܬ ܩܰܘܝܰܬ ܡܰܢܽܘ ܕܽܐܘܪܳܟ ܪܶܥܝܳܢܶܗ ܥܰܡ ܟܽܠ --------- ܨܶܝܕ ܢܰܓܺܝܪ ܪܽܘܚܳܐ ܝܶܬܒܰܬ ܘܰܕܪܰܓ ܡܶܢ ܕܪܰܓ ܐܰܫܦܳܬܶܗ ܕܢܺܐܬܶܐ ܠܩܽܘܛܳܥ ܪܶܥܝܳܢܳܐ ܠܰܐܝܢܳܐ ܕܟܳܘܶܙ ܡܶܢ ܚܰܘ̈ܒܶܐ ܥܺܝܕ̈ܶܐ ܟܶܒܫܰܘܗ̱ܝ ܒܩܰܠܺܝܠ ܩܰܠܺܝܠ ܕܪܶܫܬܶܗ ܥܕܰܡܳܐ ܕܰܗܘܳܐ ܬܚܶܝܬ ܢܺܝܪܳܐ ܕܥܰܠ ܘܰܐܥܺܝܕ ܘܳܐܦ ܠܳܐ ܕܢܶܦܽܘܩ ܨܳܒܶܐ ܗ̱ܘܳܐ
1,Nisibis,41,9,Nisibis 41:9,ܪܶܓܫܶܬ ܘܰܚܙܺܝܬ ܕܢܰܓܺܝܪ ܪܽܘܚܳܐ ܗܽܘܝܽܘ ܡܶܫܟܰܚ ܕܢܶܟܒܰܫ ܟܽܠ ܒܙܰܒܢܳܐ ܕܰܙܟܰܝܬܶܗ ܠܳܐܕܳܡ ܚܰܕ ܗ̱ܘܳܐ ܐܰܪܦܺܝܬܶܗ ܥܰܕ ܗܳܐ ܡܰܘܠܶܕ ܘܰܒܥܺܝܬ ܠܺܝ ܥܒܳܕܳܐ ܐ̱ܚܪܺܢܳܐ ܕܠܳܐ ܢܶܛܥܰܡ ܒܺܝ ܒܶܛܠܳܢܳܐ ܚܶܠܳܐ ܕܝܰܡܳܐ ܡܳܢܳܐ ܗܘܺܝܬ ܕܪܽܘܚܝ̱ ܐܰܓܰܪ ܒܶܗ ܘܕܰܐܒܩܶܐ ܥܽܘܗܕܳܢܝ̱ ܐܶܢ ܣܳܦܶܩ ܠܰܒ̈ܢܰܝ ܐ̱ܢܳܫܳܐ ܡܳܐ ܕܰܣܓܺܝܘ ܥܰܕ ܠܳܐ ܢܶܣܓܽܘܢ ܒܣ̈ܰܓܺܝܐܶܐ ܒܩܺܝܬ ܐܶܢܽܘܢ
1,Nisibis,41,10,Nisibis 41:10,ܕܪܰܫܘ̱ ܦܰܠܳܚ̈ܰܘܗ̱ܝ ܕܒܺܝܫܳܐ ܥܰܡܶܗ ܘܰܫܪܰܘ ܡ̈ܶܠܰܘܗ̱ܝ ܒܗ̈ܶܦܟܳܬܳܐ ܕܗܳܐ ܠܰܡ ܐܶܠܺܝܫܰܥ ܐܰܚܺܝ ܡܺܝܬܶܐ ܘܕܰܙܟܳܐ ܠܡܰܘܬܳܐ ܒܥܶܠܺܝܬܳܐ ܘܰܐܚܺܝ ܠܰܒܪܳܗ̇ ܕܰܐܪܡܰܠܬܳܐ ܗܳܐ ܡܫܰܥܒܶܕ ܗܳܫܳܐ ܒܰܫܝܽܘܠ ܕܪܰܒܳܐ ܗܘܳܬ ܕܶܝܢ ܡܰܚܫܰܒܬܶܗ ܕܒܺܝܫܳܐ ܣܰܓܺܝ ܒܡܶܠܰܝ̈ܗܽܘܢ ܫܪܶܐ ܡܶܠܰܝ̈ܗܽܘܢ ܕܰܐܝܟܰܢܳܐ ܚܳܒ ܐܶܠܺܝܫܰܥ ܕܗܳܐ ܒܰܫܝܽܘܠ ܐܰܚܺܝ ܡܺܝܬܶܐ ܒܝܰܕ ܓܰܪ̈ܡܰܘܗ̱ܝ
1,Nisibis,41,11,Nisibis 41:11,ܐܶܢ ܐܶܠܺܝܫܰܥ ܕܰܙܥܽܘܪܳܐ ܗ̱ܘܳܐ ܪܰܒ ܗ̱ܘܳܐ ܚܰܝܠܶܗ ܒܓܰܘܳܗ̇ ܕܰܫܝܽܘܠ ܕܶܐܢ ܗܽܘ ܕܚܰܕ ܡܺܝܬܳܐ ܐܰܚܺܝ ܗܘܳܐ ܒܳܗ̇ ܟܡܳܐ ܟܰܝ ܡܳܝ̈ܬܺܝܢ ܡܰܚܶܐ ܒܳܗ̇ ܡܰܘܬܶܗ ܕܝܶܫܽܘܥ ܥܰܙܺܝܙܳܐ ܡܶܢܳܗ̇ ܕܗܳܕܶܐ ܐܶܬܒܰܝܰܢܘ̱ ܕܰܟܡܰܐ ܗ̱ܘ ܟܰܝ ܪܰܒ ܗ̱ܘܳܐ ܝܶܫܽܘܥ ܡܶܢ ܚܰܒܪ̈ܰܝ ܕܗܳܐ ܒܨ̈ܶܢܥܳܬܶܗ ܐܰܛܥܺܝܟܽܘܢ ܘܠܳܐ ܣܦܰܩܬܽܘܢ ܠܰܡܣܰܝܟܽܘ ܪܰܒܽܘܬܶܗ ܕܦܶܚܡܬܽܘܢܳܝܗ̱ܝ ܠܰܢܒ̈ܺܝܶܐ
1,Nisibis,41,12,Nisibis 41:12,ܙܥܽܘܪ̈ܺܝܢ ܐܶܢܽܘܢ ܒܽܘܝܳܐܝܰܟܽܘ̈ܢ ܐܳܡܰܪ ܒܺܝܫܳܐ ܠܰܒ̈ܢܰܝ ܬܶܓܡܶܗ ܗܰܘ ܓܶܝܪ ܕܰܐܚܺܝ ܠܳܠܥܳܙܳܪ ܟܰܕ ܡܺܝܬ ܐܰܝܟܰܢ ܣܳܦܶܩ ܠܶܗ ܡܰܘܬܳܐ ܘܶܐܢ ܕܶܝܢ ܙܳܟܶܐ ܠܶܗ ܡܰܘܬܳܐ ܗܽܘܝܽܘ ܨܒܼܳܐ ܕܢܶܫܬܰܥܒܰܕ ܠܶܗ ܘܶܐܢ ܗܽܘ ܨܳܒܶܐ ܕܢܶܫܬܰܥܒܰܕ ܐܰܣܶܓܘ̱ ܕܚܶܠܘ̱ ܕܠܳܐ ܡܳܐܶܬ ܒܛܶܠܳܐܺܝܬ ܓܽܘܢܚܰܐ ܗ̱ܘ ܪܰܒܳܐ ܥܒܰܕ ܒܰܢ ܕܟܰܕ ܡܳܐܶܬ ܠܳܐܕܳܡ ܥܳܐܶܠ ܠܰܡܰܚܳܝܽܘ
1,Nisibis,41,13,Nisibis 41:13,ܐܰܕܺܝܩ ܡܰܘܬܳܐ ܡܶܢ ܓܰܘ ܢܶܩܥܶܗ ܘܬܽܘܒ ܕܰܚܼܙܳܐ ܠܡܳܪܰܢ ܕܰܙܩܺܝܦ ܘܶܐܡܰܪ ܐܰܘ ܡܰܚܶܐ ܡܺܝ̈ܬܶܐ ܐܰܝܟܳܐ ܐܰܢ̱ܬ ܐܰܢ̱ܬ ܬܶܗܘܶܐ ܠܺܝ ܡܶܐܟܽܘܠܬܳܐ ܚܠܳܦ ܒܰܣܺܝܡܳܐ ܠܳܥܳܙܳܪ ܕܗܳܐ ܛܰܥܡܶܗ ܥܕܰܟܺܝܠ ܒܦܽܘܡܝ̱ ܒܰܪ̱ܬ ܝܽܘܐܳܪܳܫ ܬܺܐܬܶܐ ܬܶܚܙܶܐ ܗܳܢܳܐ ܙܩܺܝܦܳܟ ܒܪܳܗ̇ ܕܰܐܪܡܰܠܬܳܐ ܚܳܐܰܪ ܒܳܟ ܩܰܝܣܳܐ ܨܶܕܶܗ ܠܺܝ ܠܳܐܕܳܡ ܒܪܺܝܟ ܗ̱ܽܘ ܨܠܺܝܒܳܐ ܕܨܳܕܶܗ ܠܺܝ ܠܒܰܪ ܕܰܘܺܝܕ
1,Nisibis,41,14,Nisibis 41:14,ܦܽܘܡܶܗ ܦܬܰܚ ܗ̱ܘܳܐ ܡܰܘܬܳܐ ܘܶܐܡܰܪ ܠܳܐ ܫܡܺܝܥ ܗ̱ܘܳܐ ܠܳܟ ܐܰܘ ܒܰܪ ܡܰܪܝܰܡ ܕܡܽܘܫܶܐ ܕܺܝܪܶܒ ܘܶܐܬܝܰܬܰܪ ܡܶܢ ܟܽܠ ܗ̱ܘܳܐ ܐܰܠܳܗ ܘܰܥܒܰܕ ܕܰܐܠܳܗ ܐܰܡܺܝܬ ܒܽܘܟܪ̈ܶܐ ܘܦܰܨܺܝ ܒܽܘܟܪ̈ܶܐ ܟܽܠܳܐ ܡܰܘܬܳܢܳܐ ܡܶܢ ܚܰܝ̈ܶܐ ܠܛܽܘܪܳܐ ܣܶܠܩܶܬ ܥܰܡ ܡܽܘܫܶܐ ܘܡܶܢ ܐܺܝܕ ܠܺܐܝܕ ܝܰܗܒܶܗ ܠܺܝ ܒܪܺܝܟ ܐܺܝܩܳܪܶܗ ܕܰܟܡܳܐ ܕܢܺܐܪܰܒ ܒܰܪ ܐܳܕܳܡ ܗܽܘ ܥܰܦܪܳܐ ܠܥܰܦܪܶܗ ܗܦܰܟ ܕܡܶܢ ܐܰܪܥܰܐ ܗ̱ܘ
1,Nisibis,41,15,Nisibis 41:15,ܐܶܬܳܐ ܣܳܛܳܢܳܐ ܥܰܡ ܦܰܠܳܚ̈ܰܘܗ̱ܝ ܕܢܶܚܙܶܐ ܠܡܳܪܰܢ ܕܰܐܪܡܳܐ ܒܰܫܝܽܘܠ ܘܢܶܚܕܶܐ ܥܰܡܶܗ ܕܡܰܘܬܳܐ ܒܰܪ ܡܰܠܟܶܗ ܘܰܚܙܳܝܗ̱ܝ ܗ̱ܘܳܐ ܕܰܟܡܺܝܪ ܘܰܐܒܺܝܠ ܥܰܠ ܡܺܝ̈ܬܶܐ ܕܰܒܩܳܠ ܒܽܘܟܪܳܐ ܚܰܝܰܘ ܘܰܢܦܰܩܘ̱ ܡܶܢܳܗ̇ ܕܰܫܝܽܘܠ ܩܳܡ ܒܺܝܫܳܐ ܕܰܢܒܺܝܳܐ ܗ̱ܘܳܐ ܠܡܰܘܬܳܐ ܐܳܚܝܳܢܶܗ ܕܠܳܐ ܐܰܘܒܕܶܬ ܐܰܝܟ ܡܳܐ ܕܶܐܫܟܚܰܬ ܟܡܳܐ ܕܝܶܫܽܘܥ ܠܓܰܘ ܡܶܢܳܟ ܠܺܐܝܕܳܟ ܐܳܬܝܳܢ ܐܳܦ ܕܚܰܝܰܘ ܘܰܕܚܰܝܰܝܢ ܀܀܀
1,Nisibis,41,16,Nisibis 41:16,ܦܬܰܚ ܠܰܢ ܢܶܚܙܶܝܘܗ̱ܝ ܐܳܦ ܢܰܗܶܠ ܒܶܗ ܢܶܥܢܶܐ ܘܢܺܐܡܰܪ ܕܰܐܝܟܰܘ ܚܰܝܠܳܟ ܗܳܐ ܓܶܝܪ ܝܰܘܡ̈ܳܬܳܐ ܬܠܳܬܳܐ ܗ̱ܘܰܘ ܠܶܗ ܘܢܺܐܡܰܪ ܠܶܗ ܐܳܘ ܬܠܺܝܬܳܝܳܐ ܕܰܠܪܒܺܝܥܳܝܳܐ ܠܳܠܥܳܙܳܪ ܐܰܚܶܝܬ ܐܰܚܳܐ ܠܰܩܢܽܘܡܳܟ ܦܬܰܚ ܡܰܘܬܳܐ ܬܰܪ̈ܥܶܝܗ̇ ܕܰܫܝܽܘܠ ܘܰܐܙܠܶܓ ܡܶܢܳܗ̇ ܙܺܝܘܳܐ ܕܦܰܪܨܽܘܦܶܗ ܕܡܳܪܰܢ ܘܰܐܝܟ ܣܳܕܽܘܡܳܝ̈ܶܐ ܒܠܰܥܘ̱ ܗ̱ܘܰܘ ܡܳܫܘ̱ ܘܰܒܥܰܘ ܬܰܪܥܳܗ̇ ܕܰܫܝܽܘܠ ܕܶܐܒܰܕ ܠܳܗ̇
1,Nisibis,42,1,Nisibis 42:1,ܐܰܝܠܶܠ ܒܺܝܫܳܐ ܕܠܰܐܝܟܳܐ ܡܶܟܺܝܠ ܐܺܝܬ ܠܺܝ ܕܶܐܥܪܽܘܩ ܡܶܢ ܙܰܕܺܝ̈ܩܶܐ ܠܡܰܘܬܳܐ ܓܶܪܝܶܬ ܕܶܐܩܛܽܘܠ ܠܰܫܠܺܝ̈ܚܶܐ ܐܰܝܟ ܕܰܐܓܗܶܐ ܡܶܢ ܢܶܓܕܰܝ̈ܗܽܘܢ ܒܡ̈ܰܘܬܰܝܗܽܘܢ ܝܰܬܺܝܪ ܗܳܫܳܐ ܡܶܬܢܰܓܰܕ ܐ̱ܢܳܐ ܩܰܫܝܳܐܺܝܬ ܫܶܠܚܳܐ ܕܩܰܛܠܶܗ ܒܗܶܢܕܽܘ ܠܽܐܘܪܗܳܝ ܩܰܕܡܰܢܝ̱ ܗܳܪܟܰܐ ܗ̱ܘ ܟܽܠܶܗ ܐܳܦ ܬܰܡܳܢ ܐܶܙܰܠ̱ܬ ܠܬܰܡܳܢ ܬܰܡܳܢ ܗ̱ܽܘ ܗܳܪܟܳܐ ܘܬܰܡܳܢ ܐܶܫܟܰܚܬܶܗ ܘܶܐܬܟܰܡܪܶܬ
1,Nisibis,42,2,Nisibis 42:2,ܓܰܪ̈ܡܶܐ ܛܥܶܢ ܗ̱ܘܳܐ ܗܰܘ ܬܰܓܳܪܳܐ ܀܀܀ ܐܰܘ ܕܰܠܡܳܐ ܟܰܝ ܗܳܢܽܘܢ ܛܰܥܢܰܘܗ̱ܝ ܗܳܐ ܓܶܝܪ ܠܰܚ̈ܕܳܕܶܐ ܐܶܬܬܰܓܰܪܘ̱ ܗ̱ܘܰܘ ܘܠܺܝ ܡܳܐ ܠܺܝ ܕܥܰܕܰܪܘ̱ ܗܳܢܽܘܢ ܐܳܦ ܐܶܬܥܰܕܰܪܘ̱ ܚܰܕ ܡܶܢ ܚܰܕ ܕܠܺܝ ܒܬܰܪ̈ܬܰܝܗܶܝܢ ܚܽܘܣܪܳܢܰܐ ܗ̱ܘ ܗܰܘ ܓܠܽܘܣܩܳܡܶܗ ܕܰܣܟܰܪܝܽܘܛܳܐ ܡܰܢܽܘ ܢܚܰܘܶܝܢܝ̱ ܕܡܶܢܶܗ ܚܰܝܠܳܐ ܩܳܢܶܐ ܗܘܺܝܬ ܓܠܽܘܣܩܳܡܶܗ ܕܬܽܐܘܡܰܐ ܩܰܛܠܰܢܝ̱ ܕܚܰܝܠܳܐ ܟܰܣܝܳܐ ܕܰܫܪܶܐ ܒܶܗ ܡܫܰܢܶܩ ܠܺܝ
1,Nisibis,42,3,Nisibis 42:3,ܓܰܒܝܳܐ ܡܽܘܫܶܐ ܛܥܼܶܢ ܗ̱ܘܳܐ ܓܰܪ̈ܡܶܐ ܒܗܰܝܡܳܢܽܘܬܳܐ ܐܰܝܟ ܝܽܘܬܪܳܢܳܐ ܘܶܐܢ ܗܽܘ ܕܰܢܒܺܝܳܐ ܪܰܒܳܐ ܗܰܝܡܶܢ ܕܺܐܝܬ ܗ̱ܽܘ ܒܓܰܪ̈ܡܶܐ ܥܽܘܕܪܳܢܳܐ ܫܰܦܺܝܪ ܗܰܝܡܶܢ ܬܰܓܳܪܳܐ ܘܫܰܦܺܝܪ ܫܡܶܗ ܬܰܓܳܪܳܐ ܗܳܢ ܬܰܓܳܪܳܐ ܐܶܬܬܰܓܰܪ ܘܺܝܪܶܒ ܘܰܐܡܠܶܟ ܣܺܝܡܬܶܗ ܣܰܓܺܝ ܡܶܣܟܺܢܬܳܢܝ̱ ܣܺܝܡܬܶܗ ܒܽܐܘܪܳܗܝ ܐܶܬܦܰܬܚܰܬ ܘܰܐܥܬܰܪܬܶܗ ܠܟܶܪܟܳܐ ܪܰܒܳܐ ܒܥܽܘܕܪ̈ܳܢܶܐ
1,Nisibis,42,4,Nisibis 42:4,ܒܗܳܕܶܐ ܣܺܝܡܰܬ ܓ̈ܰܙܶܐ ܬܶܗܪܰܬ ܙܥܽܘܪܳܐ ܗ̱ܘܳܐ ܓܶܝܪ ܓܰܙܳܗ̇ ܠܽܘܩܕܰܡ ܘܰܟܡܳܐ ܕܠܳܐ ܐ̱ܢܳܫ ܫܩܰܠ ܗ̱ܘܳܐ ܡܶܢܳܗ̇ ܡܶܣܟܺܝܢ ܗ̱ܘܳܐ ܕܢܶܒܥܶܐ ܕܥܽܘܬܪܳܗ̇ ܟܰܕ ܕܶܝܢ ܟܰܪܟܽܘܗ̇ ܣܰܓ̈ܺܝܐܶܐ ܘܰܒܙܽܘܗ̇ ܘܰܚܛܰܦܘ̱ ܝܽܘܬܪ̈ܳܢܶܝܗ̇ ܟܡܳܐ ܕܡܶܬܒܰܙܙܳܐ ܟܶܢ ܝܰܬܺܝܪ ܣܳܓܶܐ ܥܽܘܬܪܳܗ̇ ܕܡܰܒܽܘܥܳܐ ܚܒܺܝܫܳܐ ܐܶܢ ܗܽܘ ܕܗܶܡܰܣ ܒܶܗ ܟܶܢ ܗܽܘ ܝܰܬܺܝܪ ܡܶܬܬܪܰܥ ܪܰܒܳܐ ܐܳܦ ܪܳܕܶܐ ܘܡܶܫ̇ܰܬܦܰܥ
1,Nisibis,42,5,Nisibis 42:5,܀܀܀ ܓܰܠܝܳܐ ܗ̱ܝ ܗܳܕܶܐ ܕܳܐܦ ܐܶܠܺܝܫܰܥ ܡܰܒܽܘܥܳܐ ܗ̱ܘܳܐ ܒܥܰܡܳܐ ܨܰܗܝܳܐ ܘܡܶܛܽܠ ܕܰܨܗ̈ܰܝܳܐ ܠܳܐ ܗܰܡܶܣܘ̱ ܗ̱ܘܰܘ ܒܶܗ ܠܳܐ ܣܶܓܝܰܬ ܗܘܳܬ ܡܰܪܕܺܝܬܶܗ ܟܰܕ ܕܶܝܢ ܗܳܡܶܣ ܒܶܗ ܢܶܥܡܳܢ ܐܰܫܦܰܥ ܘܶܐܫܰܕ ܚܽܘܠܡܳܢܳܐ ܡܰܒܽܘܥܳܐ ܠܓܰܘ ܡܰܒܽܘܥܳܐ ܫܰܩܠܶܗ ܘܰܫܕܳܝܗ̱ܝ ܕܰܒܢܰܗܪܳܐ ܠܓܰܪܒܶܐ ܕܰܟܺܝ ܝܶܫܽܘܥ ܝܰܡܳܐ ܕܥܽܘܕܪ̈ܳܢܶܐ ܠܫܺܝܠܽܘܚܳܐ ܫܰܠܚܶܗ ܠܣܰܡܝܳܐ ܕܶܐܬܦܰܬܰܚ
1,Nisibis,42,6,Nisibis 42:6,ܓܶܚܙܺܝ ܒܚܽܘܛܪܳܐ ܡܰܚܶܐ ܡܺܝ̈ܬܶܐ ܠܳܐ ܐܶܫܟܰܚ ܗ̱ܘܳܐ ܛܰܠܝܳܐ ܕܰܢܩܺܝܡ ܘܰܐܝܟܰܢ ܒܙܳܟܽܘܪܳܐ ܣܠܶܩ ܢܰܨܺܝܚܳܐ ܚܢܰܢ ܗܽܘ ܒܫܳܐܽܘܠ ܒܰܙܰܚܢܰܢ ܕܰܚܠܳܦ ܚܰܕ ܫܺܐܕܳܐ ܕܫܰܐܶܠ ܬܪ̈ܶܝܢ ܫܺܐܕ̈ܺܝܢ ܣܠܶܩܘ̱ ܒܰܙܰܚܘ̱ ܒܶܗ ܒܓܰܪ̈ܡܰܘܗ̱ܝ ܕܶܐܠܺܝܫܰܥ ܐܺܝܠܰܦ ܐܳܦ ܕܰܫܡܳܘܐܶܝܠ ܕܶܐܢ ܓܰܪ̈ܡܶܐ ܠܡܺܝܬܳܐ ܐܰܚܝܰܘ ܠܳܐ ܡܨܶܐ ܙܟܽܘܪܳܐ ܡܺܝܬܳܐ ܠܓܰܪ̈ܡܶܐ ܚܰܝ̈ܶܐ ܘܩܰܕܺܝ̈ܫܶܐ ܠܡܰܣܰܩܘ̱
1,Nisibis,42,7,Nisibis 42:7,ܘܰܟܡܳܐ ܒܥܺܝܬܳܗ̇ ܠܗܳܕܶܐ ܒܥܳܬܳܐ ܘܠܳܐ ܝܰܗܒܳܗ̇ ܠܺܝ ܗܰܘ ܝܰܗ̱ܒ ܟܽܘܠ ܕܶܐܠܽܘ ܡܶܬܬܙܺܝܥܺܝܢ ܗ̱ܘܰܘ ܫܺܐܕ̈ܶܐ ܡܶܢ ܓܰܪ̈ܡܶܐ ܕܓܰܒܪܳܐ ܟܽܘܡܪܳܐ ܐܰܘ ܕܰܡܓܽܘܫܶܐ ܘܚܰܪܫܳܐ ܕܟܰܠܕܳܝܳܐ ܘܰܕܩܳܨܽܘܡܳܐ ܐܳܦ ܐܶܢܳܐ ܝܳܕܰܥ ܗܘܺܝܬ ܕܰܕܒܶܙܚܳܐ ܗܘܳܬ ܒܰܬܪ̈ܶܝܢ ܓܰܒܺܝ̈ܢ ܡܰܛܥܳܐ ܗܘܺܝܬ ܕܰܐܘ ܠܰܫܠܺܝܚ̈ܶܐ ܡܕܰܓܶܠ ܗܘܺܝܬ ܐܰܘ ܠܰܫܠܺܝ̈ܚܰܝ ܒܰܫܠܺܝ̈ܚܶܐ ܡܕܰܡܶܐ ܗܘܺܝܬ ܀܀܀
1,Nisibis,42,8,Nisibis 42:8,ܓܰܒ̈ܶܐ ܕܫܺܐܕ̈ܶܐ ܗܳܐ ܡܶܣܬܰܪܩܺܝܢ ܓܰܒ̈ܶܐ ܕܕܰܝ̈ܘܶܐ ܢܶܓܕ̈ܶܐ ܛܥܺܝܢܺܝܢ ܟܰܕ ܠܰܝܬ ܕܰܡܪܰܝܰܡ ܫܰܒܛܳܐ ܓܰܠܝܳܐܺܝܬ ܫܺܐܕ̈ܶܐ ܓܳܥܶܝܢ ܡܶܢ ܟܺܐܒ̈ܶܐ ܟܰܕ ܠܰܝܬ ܕܶܐܣܰܪ ܘܕܰܦܟܰܪ ܪ̈ܽܘܚܶܐ ܬܰܠܝܳܢ ܘܰܦܟܺܝܪ̈ܳܢ ܗܳܢܰܘ ܕܺܝܢܳܐ ܒܗܺܝܠܳܐ ܕܰܡܢܳܚ ܘܫܳܠܳܐ ܕܳܐܦܠܳܐ ܒܫܽܘܐܳܠܳܐ ܥܡܰܠ ܚܰܕ ܚܰܝܠܳܐ ܕܰܠܟܳܐ ܣܳܦܶܩ ܗܳܐ ܫܪܳܐ ܒܓܰܪ̈ܡܰܘܗ̱ܝ ܕܰܐܠܺܝܫܰܥ ܬܰܢܺܝܢܳܐ
1,Nisibis,42,9,Nisibis 42:9,ܕܺܝܢܳܐ ܝܰܗ̱ܒ ܠܰܬܪܥܶܣܰܪܬܶܗ ܐܰܝܟ ܕܰܢܕܽܘܢܽܘܢ ܬܪ̈ܶܥܣܰܪ ܫܰܒ̈ܛܺܝܢ ܘܶܐܢܗܼܽܘ ܕܠܰܒ̈ܢܰܝ ܐܰܒܪܳܗܳܡ ܪܰܒܳܐ ܥܬܺܝܕܺܝܢ ܫܠܺܝ̈ܚܶܐ ܕܰܢܕܽܘܢܽܘܢ ܠܳܐ ܗ̱ܘܳܐ ܟܺܝܬ ܪܰܒܳܐ ܗܳܕܶܐ ܕܰܠܫܺܐܕ̈ܶܐ ܢܕܽܘܢܽܘܢ ܗܳܫܳܐ ܘܶܐܠܳܐ ܡܰܫܪܶܝܢ ܙܳܩ̈ܽܘܦܶܐ ܠܕܰܝܢܼܳܐ ܕܰܥܬܺܝܕ ܒܕܺܝܢܰܢ ܕܺܝܠܰܢ ܢܶܬܒܰܩܽܘܢ ܕܒܺܝܫ ܡܶܢܰܢ ܗܳܘܶܝܢ ܩܳܥܶܝܢ ܩܕܳܡ ܫܠܺܝܚ̈ܶܐ ܕܰܝܳܢ̈ܶܐ ܕܫܰܪ̈ܒܳܬܳܐ
1,Nisibis,42,10,Nisibis 42:10,ܕܰܐܒܳܐ ܗ̱ܘܳܐ ܓܶܝܪ ܫܠܺܝܚܳܐ ܫܳܐܽܘܠ ܘܒܰܕܡܳܐ ܕܥܶܪ̈ܒܶܐ ܐܶܢܳܐ ܪܰܒܺܝܬܶܗ ܘܰܥܫܶܢ ܘܰܗܘܳܐ ܕܰܐܒܳܐ ܝܺܚܺܝܕܳܐ ܨܶܝܕ ܕܪܰܡܣܽܘܩ ܕܶܝܢ ܡܶܢ ܫܶܠܝܳܐ ܕܰܐܒܳܐ ܠܥܶܪܒܳܐ ܐܶܫܬܰܚܠܰܦ ܗܽܘ ܐܶܡܼܰܪ ܗ̱ܘܳܐ ܕܰܠܡܰܠܰܐܟ̈ܶܐ ܥܬܺܝܕܺܝܢ ܫܠܺܝܚ̈ܶܐ ܕܰܢܕܽܘܢܽܘܢ ܒܡܰܠܰܐܟ̈ܶܐ ܓܶܝܪ ܟܰܢܺܝ ܠܟܳܗ̈ܢܶܐ ܐܰܝܟ ܕܰܟܬܺܝܒ ܘܶܐܢ ܗܽܘ ܕܗܳܟܰܢ ܫܰܠܺܝܛܺܝܢ ܘܳܝ ܠܫܺܐܕ̈ܶܐ ܡܶܢ ܢܶܓܕ̈ܶܐ ܕܓܰܪ̈ܡܰܝܗܽܘܢ
1,Nisibis,43,1,Nisibis 43:1,ܫܽܘܪܳܐ ܗ̱ܘܳܐ ܝܰܘܣܶܦ ܠܢܰܦܫܶܗ ܒܓܰܘ ܫܰܝܢܳܐ ܡܽܘܫܶܐ ܛܥܶܢ ܓܰܪ̈ܡܰܘܗ̱ܝ ܕܢܶܗܘܽܘܢ ܠܡܰܫܪܺܝܬܶܗ ܫܽܘܪܳܐ ܒܓܰܘ ܕܰܒܪܳܐ ܕܰܚܙܳܝܗ̱ܝ ܠܗܰܘ ܥܰܡܳܐ ܕܡܺܝܬ ܗܽܘ ܒܰܦܬܰܟܪ̈ܰܘܗ̱ܝ ܠܰܒܪܶܝܗ ܓܰܪ̈ܡܶܐ ܛܥܶܢ ܡܺܝ̈ܬܶܐ ܕܢܶܗܘܽܘܢ ܚܠܳܦ ܚܰܝ̈ܶܐ ܦܺܝܪܡܳܐ ܕܚܽܘܣܳܝܳܐ ܣܢܺܐܓܪܳܐ ܕܬܰܪܥܽܘܬܳܐ
1,Nisibis,43,2,Nisibis 43:2,ܝܰܘܣܶܦ ܒܬܰܘܢܳܐ ܚܙܳܝܗ̱ܝ ܗ̱ܘܳܐ ܠܚܳܙܶܐ ܟܽܠ ܐܰܝܟܳܐ ܕܣܰܒܰܪ ܐ̱ܢܳܫ ܕܠܳܐ ܐܺܝܬ ܕܚܳܙܶܐ ܠܶܗ ܐܰܪܡܺܝ ܒܛܰܠܝܽܘܬܶܗ ܦܓܽܘ̈ܕܶܐ ܕܢܰܟܦܽܘܬܳܐ ܡܽܘܫܶܐ ܛܥܶܢ ܓܰܪ̈ܡܰܘܗ̱ܝ ܕܰܢܒܰܣܪܽܘܢ ܠܥܰܡܳܐ ܕܓܰܠܝܳܐܺܝܬ ܫܰܒܚܳܝܗ̱ܝ ܒܢ̈ܳܬ ܡܳܕܶܝܢ ܩܰܛܪܰܓ ܠܙܰܢܳܝ̈ܶܐ ܒܓܰܪ̈ܡܰܘܗ̱ܝ ܕܢܰܨܺܝܚܳܐ
1,Nisibis,43,3,Nisibis 43:3,ܡܽܘܫܶܐ ܫܒܰܩ ܚܰܝ̈ܶܐ ܪܗܶܛ ܠܶܗ ܠܘܳܬ ܡܺܝ̈ܬܶܐ ܦܳܥ̈ܠܶܐ ܗ̱ܘܰܘ ܥܰܡܶܗ ܘܰܣܓܰܘ ܬܽܘܪ̈ܥܳܬܶܗ ܕܥܰܡܳܐ ܟܰܪܡܰܐ ܗ̱ܘ ܕܰܬܪܰܥ ܗ̱ܘܳܐ ܣܝܳܓܶܗ ܠܕܺܝܽܘ̈ܫܶܐ ܗܳܝ ܕܶܝܢ ܛܽܘܛܺܝܬܳܐ ܒܪܺܝܟܬܳܐ ܥܶܙܝܰܬ ܒܓܰܘ ܓܽܘܦܢ̈ܰܘܗ̱ܝ ܓܶܢܒܰܬ ܘܰܐܦܰܩܬܳܗ̇ ܡܶܢ ܒܶܝܬ ܚܪ̈ܽܘܒܶܐ ܒܽܘܪܟܬܳܐ ܠܒܶܝܬ ܥܰܡ̈ܡܶܐ
1,Nisibis,43,4,Nisibis 43:4,ܓܰܪ̈ܡܰܘܗ̱ܝ ܕܶܐܠܺܝܫܰܥ ܣܰܒܪܳܐ ܙܪܰܥܘ̱ ܒܰܫܝܽܘܠ ܚܰܝܠܳܐ ܕܰܟܣܶܐ ܒܓܰܪ̈ܡܶܐ ܠܡܺܝ̈ܬܶܐ ܡܒܰܝܰܐ ܗ̱ܘܳܐ ܡܰܘܬܳܐ ܚܙܳܐ ܠܡܺܝܬܶܐ ܕܰܪܚܶܫ ܘܶܐܣܬܰܪܰܕ ܡܰܢܽܘ ܚܼܙܳܐ ܚܶܙܘܳܐ ܕܦܶܠܳܐܬܳܐ ܕܡܺܝܬܳܐ ܡܶܢ ܦܽܘܡ ܡܰܘܬܳܐ ܫܠܰܕܶܐ ܚܛܰܦ ܘܰܐܚܺܝ ܩܒܺܝܪܳܐ ܠܩܳܒܽܘܪ̈ܰܘܗ̱ܝ ܠܒܰܝܬܳܐ ܡܰܠܘܳܐ ܗ̱ܘܳܐ
1,Nisibis,43,5,Nisibis 43:5,ܡܶܫܰܬ ܫܝܽܘܠ ܓܰܙܳܗ̇ ܐܰܘܨܪ̈ܶܐ ܕܟܽܠ ܦܰܓܪ̈ܰܝܢ ܬܰܪ̈ܥܶܝܗ̇ ܘܳܐܦ ܡܽܘܟܠܶܝ̈ܗ̇ ܫܪܪܬ ܘܶܐܬܬܰܟܠܰܬ ܠܳܐ ܓܶܝܪ ܚܙܳܬ ܡܶܢ ܡܬܽܘܡ ܓܰܪܡܳܐ ܕܰܪܚܶܫ ܗ̱ܘܳܐ ܩܳܠܶܗ ܕܚܰܙܩܺܝܐܶܝܠ ܐܬܘܗܗ̇ ܓܰܪ̈ܡܶܐ ܪܚܰܫܘ̱ ܘܰܒܥܰܘ̱ ܚܰܕ ܠܚܰܕ ܘܶܐܬܪܰܟܰܒܘ̱ ܒܪܽܘܟܒܗܽܘܢ ܥܶܦܰܬ ܗܺܝ ܫܝܽܘܠ ܘܶܐܫܬܰܪܝܰܬ ܀܀܀
1,Nisibis,43,6,Nisibis 43:6,ܡܰܘܬܳܐ ܡܶܢ ܩܳܠ ܓܰܪ̈ܡܶܐ ܒܢܶܩ̈ܥܰܘܗ̱ܝ ܥܪܰܩ ܘܰܛܫܳܐ ܐܶܬܟܪܶܗ ܡܶܛܽܠ ܡܺܝ̈ܬܶܐ ܣܒܰܪ ܗ̱ܘܳܐ ܕܰܐܘܦܺܝ ܠܶܗ ܩܼܪܳܐ ܦܰܩܕܳܗ̇ ܠܰܫܝܽܘܠ ܘܰܐܘܪܬܳܗ̇ ܦܣܰܩ ܣܰܒܪܳܐ ܐܰܨܰܚ ܕܺܝܬܩܳܐ ܒܙܰܘܰܥܬܶܗ ܐܰܘܕܺܝ ܕܥܳܒܽܘܪܰܐ ܗ̱ܘ ܘܰܐܟܬܶܒ ܕܡܶܣܟܺܢܰܐ ܗ̱ܘ ܕܰܥܬܺܝܕ ܕܓܽܘܥܠܳܢܳܐ ܢܶܦܢܶܐ ܠܝܳܗܽܘܒܶܗ
1,Nisibis,43,7,Nisibis 43:7,ܡܺܝ̈ܬܶܐ ܠܚܰܝ̈ܶܐ ܩܳܡܘ̱ ܩܒܺܝܪ̈ܶܐ ܠܰܩܒܽܘܪ̈ܶܐ ܪ̈ܡܰܝܳܐ ܠܗ̈ܶܠܟܶܐ ܫܠܰܝ̈ܳܐ ܠܡ̈ܰܠܳܠܶܐ ܕܰܘܺܝܕ ܠܚܶܙܰܩܝܳܐ ܒܩܰܒܪܶܗ ܢܼܛܰܪ ܟܰܪܟܶܗ ܘܓܰܪ̈ܡܶܐ ܠܝܽܘܫܺܝܳܐ ܐܰܦܺܝܣܘ̱ ܗ̱ܘܰܘ ܘܠܳܐ ܩܰܪܶܒܘ̱ ܠܗܰܘ ܣܳܒܳܐ ܒܓܰܪ̈ܡܶܐ ܢܛܰܪܘ̱ ܓܰܪ̈ܡܰܘܗ̱ܝ ܕܰܢܟܼܰܠ ܩܼܛܰܠ ܘܰܩܒܼܰܪ ܘܗܰܝܡܶܢ ܛܦܰܣ ܘܰܦܠܰܛ
1,Nisibis,43,8,Nisibis 43:8,ܐܶܢ ܓܶܝܪ ܗܰܘ ܣܳܒܳܐ ܐܰܛܥܺܝܗ ܠܬܰܡܺܝܡܳܐ ܘܗܰܝܡܶܢ ܕܡܳܐ ܕܰܣܼܛܳܐ ܡܶܬܩܛܰܠ ܘܦܳܠܶܛ ܒܶܗ ܬܶܡܗܰܐ ܗ̱ܘ ܕܟܰܕ ܩܰܛܠܶܗ ܗܰܝܡܶܢ ܕܢܶܛܦܽܘܣ ܒܶܗ ܡܰܢܽܘ ܚܼܙܳܐ ܬܶܗܪܳܐ ܒܓܰܘ ܫܝܽܘܠ ܩܛܺܝܠܳܐ ܠܩܳܛܽܘܠܶܗ ܀܀܀ ܒܩܰܒܪܳܐ ܡܢܰܛܰܪ ܗ̱ܘܳܐ ܟܡܳܐ ܢܶܛܪܽܘܢ ܐܰܚ̈ܰܝ ܩܛܺܝ̈ܠܶܐ ܕܒܰܡܫܺܝܚܳܐ
1,Nisibis,43,9,Nisibis 43:9,ܬܽܘܒ ܣܳܡ ܐܶܠܺܝܫܰܥ ܐܺܝܕ̈ܰܘܗ̱ܝ ܟܪ̈ܺܝܗܳܬܳܐ ܥܰܠ ܐܺܝܕ̈ܶܐ ܚܠܺܝ̈ܡܳܬܳܐ ܕܡܰܠܟܳܐ ܕܰܢܚܶܬ ܣܰܥܪܶܗ ܚܰܝܠܳܐ ܩܢ̈ܰܝ ܘܰܫܕ̈ܰܝ ܓܶܐܪܳܐ ܕܦܽܘܪܩܳܢܳܐ ܠܡܶܬܗܰܪ ܒܟܽܘܪܗܳܢܳܐ ܕܟܶܫܪ̈ܶܐ ܕܢܶܒܥܶܐ ܗܽܘ ܕܚܽܘܠܡܳܢܳܐ ܠܦܰܓܪܳܐ ܕܣܳܥܽܘܪ̈ܰܘܗ̱ܝ ܠܣܽܘܥܪܳܢܗܽܘܢ ܐܰܫܘܳܢܝ̱ ܣܳܥܰܪ ܠܣܳܥܽܘܪ̈ܰܘܗ̱ܝ
1,Nisibis,43,10,Nisibis 43:10,ܟܽܘܪܗܳܢܗܽܘܢ ܗܳܟܺܝܠ ܠܡ̈ܰܠܟܶܐ ܝܰܗ̱ܒ ܚܰܝܠܳܐ ܬܠܳܬܳܐ ܫܡܳܗܰܝ̈ܗܽܘܢ ܠܫܶܬܡܳܐܐ ܐܰܠܦܺܝ̈ܢ ܥܰܕܰܪܘ̱ ܒܥܶܠܕܰܪܝ̱ ܣܳܛܳܢܳܐ ܒܗܽܘܢ ܢܶܣܬܟܰܪ ܦܽܘܡܶܗ ܕܣܢܺܐܓܪ̈ܰܝ ܛܳܒܺܝ̈ܢ ܘܡܰܚܨܦܺܝܢ ܡܠܺܝ̈ܠܺܝܢ ܘܣܰܓܺܝ̈ܐܺܝܢ ܘܰܡܨܶܝܢ ܕܒܶܝܬ ܕܺܝܢܼܳܐ ܢܫܰܗܽܘܢ ܒܥܶܠ ܕܺܝܢܼܳܐ ܘܢܺܚܽܘܢ ܠܚܰܝܳܒܳܐ
1,Nisibis,43,11,Nisibis 43:11,ܢܶܬܗܰܪ ܒܗܽܘܢ ܐܰܚ̈ܰܝ ܕܗܽܘ ܙܰܝܢܗܽܘܢ ܫܶܬܩܰܐ ܗ̱ܘ ܒܫܶܬܩܰܐ ܗ̱ܘ ܡܦܺܝܣܺܝܢ ܠܶܗ ܠܫܳܡܰܥ ܠܫܰܬܺܝܩ̈ܶܐ ܫܶܬܩܳܐ ܕܦܽܘܪܫܳܢܳܐ ܨܠܽܘܬܰܐ ܗ̱ܘ ܠܝܳܕܰܥ ܟܽܘܠ ܒܩܰܠܺܝܠ ܡܶܬܰܐܓܪܺܝܢ ܣܢܺܐܓܪ̈ܰܝ ܘܰܣܓܺܝ ܗܽܘ ܡܶܫܬܰܚܩܺܝܢ ܒܒܶܟܝܳܐ ܫܚܺܝܕܺܝܢ ܠܺܝ ܒܕܶܡ̈ܥܶܐ ܐܰܓܺܝܪܺܝܢ ܠܺܝ ܕܐܫܶܦܥܶܬ ܥܰܠ ܩܰܒܪ̈ܰܝܗܽܘܢ
1,Nisibis,43,12,Nisibis 43:12,ܢܶܪܗܰܛ ܠܩܰܒܪ̈ܰܝܗܽܘܢ ܕܢܺܚܶܐ ܒܡ̈ܰܘܬܰܝܗܽܘܢ ܓܰܪ̈ܡܰܘܗ̱ܝ ܕܶܐܠܺܝܫܰܥ ܣܳܗܕܺܝܢ ܠܓܰܪ̈ܡܰܝܗܽܘܢ ܕܚܰܝ̈ܶܐ ܝܰܗ̱ܒ ܕܰܒܗܽܘܢ ܡܰܘܬܳܐ ܕܚܶܠ ܘܺܝܠܶܦ ܘܰܫܪܺܝ ܡܝܰܩܰܪ ܗ̱ܘܳܐ ܒܓܰܘ ܫܝܽܘܠ ܠܓܰܪ̈ܡܶܐ ܕܙܰܕܺܝ̈ܩܶܐ ܕܰܢܟܶܣ ܠܟܳܦܽܘܪ̈ܶܐ ܕܠܳܐ ܚܰܫܘ̱ ܒܢܽܘܚܳܡܳܐ ܕܳܐܦ ܫܝܽܘܠ ܪܓܺܝܫܳܐ ܒܶܗ
1,Nisibis,43,13,Nisibis 43:13,ܠܳܐ ܓܶܝܪ ܐܺܝܬ ܡܶܕܶܡ ܕܡܺܝܬܰܐ ܗ̱ܘ ܠܡܰܚܶܐ ܟܽܠ ܐܶܠܳܐ ܐܶܢ ܗܰܘ ܡܰܘܬܳܐ ܕܝܰܡܳܐ ܥܠܰܘܗ̱ܝ ܘܶܐܡܰܪ ܕܠܳܐ ܐܶܨܛܒܺܝ ܡܶܡܬܽܘܡ ܒܡܰܘܬܶܗ ܕܚܰܛܳܝܳܐ ܘܟܰܕ ܟܽܠ ܠܡܳܪܳܐ ܟܽܠ ܦܫܺܝܩ ܗ̱ܽܘ ܥܛܰܠ ܗ̱ܽܘ ܠܰܡܰܚܳܝܽܘ ܡܰܘܬܳܐ ܕܚܺܐܪܽܘܬܳܐ ܕܡܺܝܬܶܐ ܒܨܶܒܝܳܢܶܗ ܡܰܘܬܳܐ ܕܒܰܚܛܳܗܶܐ
1,Nisibis,43,14,Nisibis 43:14,ܐܳܦ ܓܶܝܪ ܗܽܘ ܦܰܓܪܳܐ ܡܳܐܢܳܐ ܕܚܰܝܘܳܬܳܗ̇ ܗܺܝ ܩܛܰܠܬܶܗ ܗܘܳܬ ܒܪܺܝܫܺܝܬ ܒܦܰܪܕܰܝܣܳܐ ܕܰܫܪܳܬ ܒܫܽܘܠܛܳܢܳܗ̇ ܣܝܳܓܶܗ ܕܢܳܡܽܘܣܳܐ ܠܳܐ ܓܶܝܪ ܨܒܼܳܐ ܟܺܐܢܳܐ ܕܰܐܡܠܟܳܗ̇ ܕܢܶܥܨܳܝܗ̇ ܒܰܩܛܺܝܪܳܐ ܠܗܳܕܶܐ ܡܫܰܠܰܛܬܳܐ ܕܰܫܪܳܬ ܠܨܶܒܝܳܢܶܗ ܘܡܺܝܬܰܬ ܒܨܶܒܝܳܢܳܗ̇
1,Nisibis,43,15,Nisibis 43:15,ܣܰܓܺܝ ܗܽܘ ܚܰܒܺܝܒܳܐ ܫܶܢܬܳܐ ܠܡܰܢ ܕܠܳܐܶܐ ܘܰܠܡܰܢ ܕܨܳܐܶܡ ܘܫܳܗܰܪ ܡܰܘܬܳܐ ܪܚܽܘܡܶܗ ܗܽܘ ܠܳܐ ܩܳܛܠܳܐ ܠܕܰܡ̈ܟܶܐ ܫܶܢܬܳܐ ܕܒܰܟܝܳܢܳܐ ܐܳܦ ܠܳܐ ܫܝܽܘܠ ܩܶܛܠܰܬ ܘܩܳܛܠܳܐ ܫܶܢܬܳܐ ܕܒܽܘܣܳܡܳܐ ܗ̱ܝ ܐܳܦ ܫܝܽܘܠ ܕܢܽܘܚܳܡܳܐ ܗ̱ܝ ܠܡܰܘܬܳܐ ܗܰܘ ܬܶܢܝܳܢܳܐ ܕܠܳܐ ܐܺܝܬ ܠܶܗ ܦܽܘܪܣܳܐ
1,Nisibis,43,16,Nisibis 43:16,ܠܳܐ ܟܺܝܡܳܐ ܡܶܢ ܡܬܽܘܡ ܫܶܢܬܳܐ ܕܥܰܪ̈ܣܳܬܳܐ ܥܰܠ ܡܰܢ ܕܢܳܡ ܘܰܕܡܼܶܟ ܕܬܽܘܒ ܡܶܬܬܥܺܝܪ ܒܰܥܓܰܠ ܐܳܦ ܠܳܐ ܫܝܽܘܠ ܟܶܡܰܬ ܐܰܘ ܟܺܝܡܳܐ ܐܰܚ̈ܰܝ ܗܳܐ ܫܶܢܬܳܐ ܠܰܫܝܽܘܠ ܡܟܰܣܶܐ ܕܨܰܦܪܳܐ ܡܥܺܝܪ ܕܰܡ̈ܟܶܐ ܘܩܳܠܳܐ ܡܩܺܝܡ ܡܺܝ̈ܬܶܐ ܡܰܘܬܰܐ ܗ̱ܘ ܕܚܺܐܪܽܘܬܳܐ ܕܒܺܐܝܕ̈ܰܘܗ̱ܝ ܦܣܼܰܩ ܣܰܒܪܶܗ ܀܀܀
1,Nisibis,43,17,Nisibis 43:17,ܗܳܢܳܐ ܕܗܳܐ ܟܶܐܡܰܬ ܥܛܶܠ ܗ̱ܽܘ ܠܟܺܐܢܽܘܬܶܗ ܝܰܗܒܶܗ ܒܛܰܝܒܽܘܬܶܗ ܟܰܕ ܕܰܠܺܝܠ ܠܨܶܒܝܳܢܰܢ ܕܪܽܘܚܳܐ ܚܢܰܢ ܢܺܚܶܐ ܘܦܰܓܪܳܐ ܢܢܰܚܶܡ ܗ̱ܽܘ ܕܟܰܕ ܢܶܐܟܠܺܝܘܗ̱ܝ ܪܰܚܫܳܐ ܘܚܰܝܽܘܬܳܐ ܠܰܐܪܥܰܐ ܗ̱ܘ ܡܶܬܦܢܶܝܢ ܐܰܟܺܝ̈ܠܶܐ ܘܳܐܟܽܘ̈ܠܶܐ ܘܡܶܬܦܪܶܫ ܐܰܝܟ ܕܰܒܟܽܘܪܳܐ ܥܰܦܪܗܽܘܢ ܒܢܽܘܚܳܡܳܐ
1,Nisibis,43,18,Nisibis 43:18,ܐܶܢ ܓܶܝܪ ܬܶܫܦܰܪ ܠܶܗ ܗܳܕܶܐ ܠܽܐܘܡܳܢܳܐ ܕܢܶܫܚܽܘܩ ܘܢܶܫܕܶܐ ܬܽܘܒ ܕܰܗܒܳܐ ܒܓܰܘ ܐܰܪܥܳܐ ܦܪܰܫ ܘܰܫܩܰܠ ܠܶܗ ܡܶܢܳܗ̇ ܒܓܰܘ ܟܽܘܪܳܐ ܟܡܳܐ ܟܺܝܬ ܒܳܪܽܘܝܳܐ ܢܨܰܠܠܺܝܘܗ̱ܝ ܠܦܰܓܪܐ ܒܢܽܘܚܳܡܳܐ ܒܟܽܘܪܶܗ ܡܰܦܪܶܫ ܟܽܠ ܟܰܕ ܡܓܶܝܠ ܘܫܳܕܶܐ ܠܶܗ ܠܥܰܦܪܳܐ ܕܚܰܝ̈ܘܳܬܳܐ
1,Nisibis,43,19,Nisibis 43:19,ܗܳܐ ܓܶܝܪ ܒܬܰܪܥܺܝܬܶܗ ܕܺܝܠܶܗ ܕܰܥܒܽܘܕܳܢ ܡܰܦܪܰܫ ܪܫܺܝܡ ܗ̱ܘܳܐ ܒܳܗ̇ ܥܰܦܪܶܗ ܕܒܰܪ ܐ̱ܢܳܫܳܐ ܦܪܰܫ ܫܩܼܰܠ ܥܰܦܪܶܗ ܕܳܐܕܳܡ ܘܓܰܒܠܶܗ ܗ̱ܘܳܐ ܗܳܟܰܢ ܦܪܺܝܫ ܘܰܪܫܺܝܡ ܒܡܰܕܥܶܗ ܥܰܦܪܳܗ̇ ܕܐ̱ܢܳܫܽܘܬܳܐ ܘܠܶܗ ܗܼܽܘ ܡܩܺܝܡ ܒܰܠܚܽܘܕ ܘܰܚܙܰܘ ܠܫܽܘܪܳܝܳܐ ܕܣܳܗܶܕ ܠܫܽܘܠܳܡܳܐ
1,Nisibis,43,20,Nisibis 43:20,ܢܚܳܫܳܐ ܕܥܳܒܽܘܪܰܐ ܗ̱ܘ ܦܪܺܝܫ ܗ̱ܽܘ ܒܓܰܘ ܥܰܦܪܶܗ ܘܰܩܕܳܡ ܕܢܶܫܬܰܠܰܚ ܡܶܬܚܙܶܐ ܠܽܐܘܡܳܢܶܗ ܘܶܐܢ ܦܼܢܳܐ ܢܦܼܰܠ ܒܰܐܪܥܶܗ ܕܢܺܝܚ ܗܽܘ ܒܓܰܘܳܗ̇ ܬܽܘܒ ܟܡܳܐ ܟܺܝܬ ܠܝܳܕܰܥ ܟܽܠ ܦܪܺܝܫ ܟܽܠ ܟܽܠ ܥܦܰܪ ܠܓܶܢܣ̈ܳܢܰܘܗ̱ܝ ܘܡܶܢ ܟܽܠܗܽܘܢ ܪܰܒ ܠܶܗ ܥܰܦܪܶܗ ܕܒܰܪܢܳܫܳܐ ܕܶܐܣܛܠܰܐ ܗ̱ܘ ܕܚܰܒܺܝܒܶܗ
1,Nisibis,43,21,Nisibis 43:21,ܠܦܰܓܪܳܐ ܥܛܺܝܦ ܒܽܘܟܪܳܐ ܦܪܺܝܣܰܐ ܗ̱ܘ ܕܬܶܫܒܽܘܚܬܶܗ ܚܰܬܢܳܐ ܕܠܳܐ ܡܳܐܶܬ ܒܗܳܝ ܐܶܣܛܠܳܐ ܡܦܰܪܶܓ ܙܡ̈ܺܝܢܶܐ ܒܶܐܣܛܰܠܗܽܘܢ ܠܗܳܝ ܐܰܣܛܠܶܗ ܢܶܕܡܽܘܢ ܦܰܓܪ̈ܶܐ ܠܒܽܘܫܰܝ̈ܟܽܘܢ ܢܦܰܪܓܽܘܢ ܕܰܦܟܪܽܘܗ̱ܝ ܠܗܰܘ ܓܰܒܪܳܐ ܕܦܰܓܪܶܗ ܡܟܰܬܰܡ ܗ̱ܘܳܐ ܚܽܘܪ ܒܡܶܫܬܽܘܬܳܟ ܟܽܘܬܡ̈ܳܬܝ̱ ܒܙܰܠܺܝܩ̈ܰܝܟ
1,Nisibis,43,22,Nisibis 43:22,ܚܙܰܘ ܕܶܝܢ ܟܡܳܐ ܥܽܘܒܺܝ̈ܢ ܦܰܓܪܳܐ ܨܪܳܐ ܘܰܢܦܰܩ ܠܟܰܪܣܳܐ ܒܡܰܘܠܳܕܶܗ ܠܩܰܒܪܳܐ ܒܢܽܘܚܳܡܶܗ ܠܓܽܘܒܳܐ ܕܚܰܝ̈ܘܳܬܳܐ ܙܟܼܳܐ ܗ̱ܘܳܐ ܘܠܰܐܬܽܘܢܳܐ ܢܽܘܢܳܐ ܕܒܰܠܥܶܗ ܬܽܘܒ ܦܰܢܝܶܗ ܗܰܠܶܟ ܒܓܰܘ ܝܰܡܳܐ ܘܰܦܼܪܰܚ ܘܛܳܣ ܒܳܐܐܰܪ ܝܺܬܶܒ ܥܰܠ ܝܰܡܺܝܢܳܐ ܡܟܰܠܰܠ ܒܬܶܫܒܽܘܚܬܳܐ
1,Nisibis,43,23,Nisibis 43:23,ܡܰܢܽܘ ܕܰܚܒܰܫ ܠܶܗ ܡܰܢܽܘ ܕܶܐܣܰܪ ܠܶܗ ܐܰܝܢܰܘ ܟܰܝ ܥܽܘܒܳܐ ܕܡܶܫܟܰܚ ܡܣܰܝܒܰܪ ܠܶܗ ܐܶܢ ܗܽܘ ܕܥܰܠ ܟܰܪܣܳܐ ܠܳܐ ܚܳܣ ܕܺܝܠܶܕܬܶܗ ܒܚܶܒܠܰܘ̈ܗ̱ܝ ܬܼܪܰܥ ܘܰܢܦܰܩ ܘܰܐܪܦܝܳܗ̇ ܘܗܳܐ ܨܶܕܝܳܐ ܡܶܢܶܗ ܕܠܳܐ ܬܽܘܒ ܦܢܳܐ ܥܰܠ ܠܳܗ̇ ܟܡܳܐ ܢܶܚܪܒܶܝܗ̇ ܠܰܫܝܽܘܠ ܡܰܦܩܶܗ ܘܢܽܘܚܳܡܶܗ
1,Nisibis,43,24,Nisibis 43:24,ܠܰܡܗܰܝ̈ܡܢܶܐ ܡܰܠܶܦ ܡܰܣܩܶܗ ܕܶܐܠܺܝܳܐ ܕܰܐܟܚܰܕ ܣܠܶܩܘ̱ ܗ̱ܘܰܘ ܒܳܗ̇ ܬܪ̈ܰܝܗܽܘܢ ܒܡܰܪܟܰܒܬܳܐ ܦܰܓܪܳܐ ܐܳܦ ܢܰܦܫܳܐ ܠܗܰܘ ܡܰܥܡܪܳܐ ܕܰܠܥܶܠ ܘܰܕܠܳܐ ܫܠܰܚ ܦܰܓܪܶܗ ܫܕܳܐ ܒܕܽܘܟ ܓܰܒܪ̈ܶܐ ܕܰܢܦܼܰܩܘ̱ ܘܰܒܥܰܘ̱ ܕܠܳܐ ܐܶܫܟܚܽܘܗ̱ܝ ܐܰܠܶܦܘ̱ ܕܟܽܠܶܗ ܣܠܼܶܩ ܒܦܰܓܪ ܕܩܰܕܺܝܫ ܗ̱ܘܳܐ ܒܦܰܓܪ
1,Nisibis,43,25,Nisibis 43:25,ܘܳܐܦ ܗܼܽܘ ܥܰܦܪܶܗ ܬܽܘܒ ܡܰܠܶܦ ܕܶܐܠܺܝܳܐ ܕܶܐܬܦܪܶܫ ܘܦܳܫ ܡܶܢܶܗ ܫܐܺܝܠܳܐ ܘܥܳܒܽܘܪܳܐ ܘܶܐܬܟܣܶܣ ܦܼܪܰܫ ܘܰܢܦܼܰܠ ܕܺܐܝܬܰܘܗ̱ܝ ܠܒܽܘܫ ܙܰܒܢܳܐ ܕܰܢܦܺܝܣ ܥܰܠ ܦܰܓܪܳܐ ܕܶܐܬܚܛܰܦ ܕܰܗܘܳܝܶܗ ܠܒܽܘܫ ܩܽܘܫܬܳܐ ܕܰܠܘܳܐ ܠܰܠܒܽܘ̈ܫܰܘܗ̱ܝ ܥܰܦܪܳܐ ܦܼܪܰܫ ܘܰܢܦܼܰܠ ܘܦܰܓܪܳܐ ܦܼܪܰܚ ܘܰܣܼܠܶܩ
1,Nisibis,43,26,Nisibis 43:26,ܐܳܦ ܝܽܘܪܕܢܳܢ ܐܰܪܡܺܝ ܦܓܽܘ̈ܕܶܐ ܒܡܰܪܕܺܝܬܶܗ ܢܰܦܫܗܽܘܢ ܬܟܰܣܘ̱ ܡܰܝ̈ܳܐ ܚܰܕ ܠܚܰܕ ܛܥܶܢܘ̱ ܫܶܦܥܰܘ̈ܗ̱ܝ ܫܰܒܩܳܗ̇ ܠܡܰܪܕܺܝܬܶܗ ܫܪܺܝܬܳܐ ܕܒܰܟܝܳܢܶܗ ܘܰܪܕܳܐ ܕܠܳܐ ܟܝܳܢܶܗ ܠܒܶܣܬܪܶܗ ܕܰܢܦܺܝܣ ܟܰܕ ܣܳܒܶܟ ܘܣܳܠܶܩ ܒܦܽܘܩܕܳܢܳܐ ܕܦܰܓܪܳܐ ܒܢܰܨ̈ܺܝܚܶܐ ܠܪܰܘܡܳܐ ܦܼܳܪܚܳܐ ܘܰܣܼܠܶܩ
1,Nisibis,43,27,Nisibis 43:27,ܐܶܢ ܕܶܝܢ ܥܼܛܰܠ ܕܰܢܩܽܘܡ ܦܰܓܪܶܗ ܕܢܽܘܚ ܕܰܒܠܺܝ ܣܰܓܺܝ ܥܣܶܩ ܕܰܚܢܽܘܟ ܕܠܳܐ ܐܶܫܬܪܺܝ ܦܰܓܪܶܗ ܕܡܺܝ̈ܬܶܐ ܒܐ̱ܪܳܙ ܚܰܢܽܘܟ ܐܰܠܦܰܢ ܕܚܰܝܰܝܢ ܠܶܗ ܒܡܽܘܫܶܐ ܘܒܶܐܠܺܝܳܐ ܕܶܐܬܚܙܺܝܘ ܐܰܟܶܣ ܠܟܳܦܽܘܪ̈ܶܐ ܕܚܰܝܰܝ̈ܢ ܕܡܶܬܩܰܒܪܺܝܢ ܘܦܳܪܚܺܝܢ ܕܡܶܫܬܰܚܪܺܝܢ ܐܰܫܘܳܢܝ̱ ܠܡܶܐܬܺܝܬܳܟ [ܫܠܶܡ]
1,Nisibis,44,1,Nisibis 44:1,ܛܳܒܳܐ ܓܒܼܰܠ ܦܰܓܪܳܐ ܕܢܰܠܶܦ ܠܛܳܥܰܝ̈ܳܐ ܟܡܳܐ ܪܰܒ ܥܒܳܕ ܐܺܝ̈ܕܰܘܗ̱ܝ ܘܰܠܥܳܠܡܺܝܢ ܩܰܝܳܡ ܟܺܐܢܳܐ ܢܦܼܰܚ ܢܰܦܫܳܐ ܕܢܰܠܶܦ ܟܡܳܐ ܪܰܒܳܐ ܡܶܢ ܗܳܝ ܕܚܰܝ̈ܘܳܬܳܐ ܕܠܳܐ ܢܦܼܰܚ ܗܳܝ ܓܶܝܪ ܕܠܳܐ ܢܦܺܝܚܳܐ ܦܽܘܡܳܗ̇ ܫܠܶܐ ܘܰܚܼܪܰܫ ܘܗܳܕܶܐ ܕܰܢܦܰܚ ܦܽܘܡܶܗ ܦܽܘܡܳܗ̇ ܐܳܦ ܡܰܠܳܠܰܐ ܗ̱ܘ
1,Nisibis,44,2,Nisibis 44:2,ܬܩܽܘܠܳܝܗ̱ܝ ܠܒܰܪܢܳܫܳܐ ܥܰܡܗܶܝܢ ܕܚܰܝ̈ܘܳܬܳܐ ܒܟ̈ܰܦܶܐ ܕܒܽܘܝܳܢܳܐ ܘܰܚܙܳܝܘܗ̱ܝ ܒܪܶܥܝܳܢܳܐ ܕܰܐܝܟܰܢ ܕܗܼܺܝ ܒܥܺܝܪܳܐ ܡܢܳܬܳܐ ܗ̱ܝ ܕܚܽܘܒܳܠܳܐ ܘܥܳܒܽܘܪܬܳܐ ܗ̱ܝ ܟܽܠܳܗ̇ ܒܟܽܠ ܐܶܣܟܺܝܡ ܗܳܟܰܢ ܐܳܦ ܐ̱ܢܳܫܽܘܬܳܐ ܣܺܝܡܬܳܐ ܗ̱ܝ ܕܢܽܘܛܪܳܐ ܟܽܠܳܗ̇ ܒܢܽܘܚܳܡܳܐ ܡܢܳܬܳܐ ܗ̱ܝ ܕܚܰܝܽܘܬܳܐ ܀܀܀
1,Nisibis,44,3,Nisibis 44:3,ܚܽܘܪ ܬܽܘܒ ܒܪܽܘܟܳܒܳܐ ܕܺܝܠܗܶܝܢ ܕܚܰܝ̈ܘܳܬܳܐ ܘܰܚܙܳܝ ܕܫܰܠܶܡ ܗ̱ܽܘ ܠܝܳܬܶܗ ܒܟܽܠܡܶܕܶܡ ܟܽܠܶܗ ܫܘܶܐ ܒܗܳܕܶܐ ܕܟܽܠܶܗ ܕܠܳܐ ܣܰܒܪܰܐ ܗ̱ܘ ܕܢܰܟܶܣ ܠܛܳܥܰܝ̈ܳܐ ܕܦܰܠܓܽܘܗ̱ܝ ܟܝܳܢܶܗ ܕܒܰܪܢܳܫܳܐ ܕܟܰܕ ܗ̱ܽܘ ܫܘܶܐ ܣܳܡܽܘܗ̱ܝ ܦܰܠܓܶܗ ܬܚܶܝܬ ܣܰܒܪܳܐ ܘܦܰܠܓܶܗ ܕܠܳܐ ܣܰܒܪܳܐ
1,Nisibis,44,4,Nisibis 44:4,ܣܳܗܕܳܐ ܠܦܽܘܪܥܳܢܰܢ ܒܥܺܝܪܳܐ ܕܡܶܬܛܰܠܡܳܐ ܕܥܰܡܠܳܗ̇ ܕܠܳܐ ܣܰܒܪܰܐ ܗ̱ܘ ܘܪܶܗܛܳܗ̇ ܕܠܳܐ ܐܰܓܪܳܐ ܘܚܰܫܶܗ ܕܠܳܐ ܡܽܘܠܟܳܢ ܘܟܽܠܳܗ̇ ܕܠܳܐ ܢܽܘܚܳܡ ܕܢܰܠܶܦ ܠܒܰܪܢܳܫܳܐ ܕܬܶܛܦܺܝܣ ܕܰܬܪ̈ܶܝܢ ܒܚܰܕ ܢܺܝܪܳܐ ܪܶܗܛܗܽܘܢ ܕܟܽܘܠܳܠܰܐ ܗ̱ܘ ܥܰܡܠܗܽܘܢ ܕܡܽܘܠܟܳܢܰܐ ܗ̱ܘ ܘܚܰܫܗܽܘܢ ܕܢܰܨܺܝܚܰܐ ܗ̱ܘ
1,Nisibis,44,5,Nisibis 44:5,ܗܳܐ ܕܶܝܢ ܬܪ̈ܶܝܢ ܫܰܪ̈ܒܺܝܢ ܡܶܬܬܰܠܝܳܢ ܒܚܰܠܳܫܳܐ ܕܰܢܦܺܝܣ ܥܰܠ ܪܶܗܛܳܐ ܛܠܺܝܡܳܐ ܕܚ̈ܰܝܘܳܬܳܐ ܘܕܰܢܦܺܝܣ ܥܰܠ ܐܰܓܪܳܐ ܡܠܺܝܟܳܐ ܕܒܰܪܢܳܫܳܐ ܘܕܰܢܦܺܝܣ ܕܠܳܐ ܥܽܘܠ ܒܶܪܝܳܢ ܕܰܡܠܶܟ ܠܒܰܪܢܳܫܳܐ ܀܀܀ ܓܰܢܬܳܐ ܘܓܺܗܰܢܳܐ ܘܰܐܣܓܺܝ ܠܚܰܝ̈ܘܳܬܳܐ ܢܝ̈ܳܚܶܐ ܕܠܳܐ ܚܰܘ̈ܒܶܐ
1,Nisibis,44,6,Nisibis 44:6,ܚܽܘܪ ܬܽܘܒ ܒܚܰܝ̈ܘܳܬܳܐ ܕܠܳܐ ܐܶܬܐܶܠܶܨ ܘܰܐܘܙܶܦ ܡܶܕܶܡ ܠܰܐܠܳܗܳܐ ܕܢܺܐܡܰܪ ܕܡܶܬܛܰܠܡܳܢ ܦܰܓܪܳܐ ܐܰܠܺܝܨ ܕܰܐܘܙܶܦ ܨܰܘܡܶܗ ܠܟܺܐܢܽܘܬܳܐ ܘܶܐܢ ܠܰܝܬ ܠܶܗ ܢܽܘܚܳܡ ܐܶܬܛܠܶܡ ܘܛܳܒ ܡܶܢ ܕܡܶܗ ܕܗܳܒܶܝܠ ܫܶܬܩܶܗ ܒܓܰܘ ܐܰܪܥܳܐ ܓܳܥܶܐ ܥܰܠ ܓܽܘܥܠܳܢܶܗ ܩܕܳܡܰܘܗ̱ܝ ܕܰܦܪܰܥ ܟܽܠ
1,Nisibis,44,7,Nisibis 44:7,ܩܳܛܽܘܠ ܚܰܝܽܘܬܳܐ ܘܺܝܠܶܦ ܕܠܳܐ ܐܺܝܬ ܕܩܳܛܶܠ ܠܳܟ ܕܥܳܒܽܘܪܬܳܐ ܗ̱ܝ ܢܰܦܫܳܗ̇ ܥܰܡܶܗ ܕܗܰܘ ܦܰܓܪܳܐ ܘܠܳܐ ܐܺܝܬ ܒܳܗ̇ ܡܶܕܶܡ ܕܐܶܬܳܐ ܠܢܽܘܚܳܡܳܐ ܡܶܠܬܳܐ ܗ̱ܝ ܕܟܽܠ ܚܶܪܝܳܢ ܫܪܳܝܳܐ ܕܰܐܝܟܰܢ ܕܚܰܝ̈ܘܳܬܳܐ ܕܢܰܦܫܗܶܝܢ ܐܰܝܟ ܦܰܓܪ̈ܰܝܗܶܝܢ ܗܳܟܰܢ ܥܬܺܝܕ ܦܰܓܪܰܢ ܕܢܺܚܳܐ ܒܪܳܙ ܢܰܦܫܰܢ
1,Nisibis,44,8,Nisibis 44:8,ܟܬܳܒ̈ܶܐ ܠܦܳܪ̈ܽܘܫܶܐ ܟܝܳܢܳܐ ܠܟܳܦܽܘܪ̈ܶܐ ܡܰܠܶܦ ܕܥܳܒܽܘܪܳܐ ܡܶܬܢܰܛܰܪ ܡܠܶܐ ܙܰܒܢܳܐ ܘܰܐܝܢܳܐ ܕܠܳܐ ܥܳܒܰܪ ܠܥܳܠܰܡ ܕܢܽܘܛܳܪܰܐ ܗ̱ܘ ܘܰܐܝܢܳܐ ܕܩܳܛܶܠ ܠܶܗ ܡܶܬܩܛܶܠ ܫܪܳܝܶܗ ܡܦܺܝܣ ܕܳܐܦ ܗ̱ܽܘ ܩܰܒܥܶܗ ܠܥܳܠܰܡ ܗܳܘܶܐ ܐܰܬܠܺܝܛ ܒܟܽܠ ܡܶܢ ܟܽܠ ܚܶܘܝܳܐ ܕܰܢܟܶܠ ܘܰܫܪܳܝܗ̱ܝ
1,Nisibis,44,9,Nisibis 44:9,ܗܳܐ ܓܶܝܪ ܦܳܪܰܚܬܳܐ ܘܢܽܘ̈ܢܶܐ ܘܚܰܝ̈ܘܳܬܳܐ ܒܒܽܘܪܟܬܰܐ ܗ̱ܘ ܡܶܬܢܰܟܣܶܝܢ ܘܒܳܗ̇ ܬܽܘܒ ܡܶܬܐܰܟܠܶܝܢ ܒܳܗ̇ ܡܶܬܚܨܶܕ ܙܰܪܥܳܐ ܒܳܗ̇ ܡܶܬܩܛܶܦ ܦܺܐܪܳܐ ܘܠܳܐ ܡܶܬܠܺܝܛ ܕܢܰܟܼܶܣ ܐܰܘ ܩܼܛܰܦ ܘܶܐܢ ܗܽܘ ܕܚܽܘܒܳܠܰܐ ܗ̱ܘ ܦܰܓܪܶܗ ܕܒܰܪ ܐ̱ܢܳܫܳܐ ܠܡܰܢ ܡܶܬܠܺܝܛ ܐܰܘ ܠܺܝܛ ܚܶܘܝܳܐ ܘܩܳܛܽܘܠܳܐ
1,Nisibis,44,10,Nisibis 44:10,ܙܰܪܥܳܐ ܕܥܳܦ ܘܰܢܬܰܪ ܦܺܐܪܳܐ ܕܦܰܓ ܘܦܰܟܶܗ ܪܺܝܫܺܝܢ ܠܦܰܠܳܚܳܐ ܕܰܐܘܚܰܪ ܘܠܳܐ ܩܰܛܦܶܗ ܘܠܳܐ ܐܰܫܠܚܶܗ ܘܦܰܪܫܶܗ ܠܙܰܪܥܳܐ ܡܶܢ ܓܰܘ ܬܶܒܢܳܐ ܙܳܕܶܩ ܐܰܝܟ ܡܶܠܰܬܗܽܘܢ ܕܢܶܬܪܫܶܐ ܐܰܝܢܳܐ ܕܠܳܐ ܩܳܛܶܠ ܠܣܳܒܳܐ ܕܦܰܟܶܗ ܛܰܥܡܶܗ ܕܢܶܫܪܳܐ ܡܶܢ ܗܳܝ ܢܰܦܫܳܐ ܐܰܣܽܘܪܶܗ ܕܝܰܩܺܝܪܳܐ
1,Nisibis,44,11,Nisibis 44:11,ܘܟܽܠܶܗ ܕܡܶܫܬܰܒܩܺܝܢ ܣ̈ܳܒܶܐ ܕܠܳܐ ܚܫܰܚܘ̱ ܀܀܀ ܕܢܺܠܰܦ ܒܗܽܘܢ ܛܳܒܳܐ ܫܪܳܪܳܐ ܠܟܰܕܳܒ̈ܶܐ ܕܟܰܕ ܛܳܒ ܗ̱ܽܘ ܣܰܝܦܳܐ ܠܣܳܒܳܐ ܡܢܺܝܚܳܢܰܐ ܗ̱ܘ ܥܠܰܝܡܳܐ ܕܢܰܥܶܓ ܠܶܗ ܡܶܬܢܰܥܰܓ ܡܚܰܒܶܠ ܠܛܰܠܝܽܘܬܳܐ ܕܚܰܒܠܰܬ ܠܣܰܝܒܽܘܬܳܐ ܕܢܺܠܰܦ ܟܡܳܐ ܚܰܒܺܝܒ ܦܰܓܪܳܐ ܠܓܳܒܽܘܠܶܗ
1,Nisibis,44,12,Nisibis 44:12,ܣܳܒܳܐ ܕܟܽܠ ܡܽܘ̈ܡܺܝܢ ܡܰܘܒܠܰܐ ܗ̱ܘ ܕܥܳܩ̈ܳܬܳܐ ܠܡܰܘܬܶܗ ܡܣܰܟܶܐ ܟܽܠ ܘܠܳܐ ܐܺܝܬ ܕܩܳܛܶܠ ܠܶܗ ܕܟܰܕ ܛܳܒ ܪܚܺܝܡ ܡܰܘܬܶܗ ܣܰܓܺܝ ܕܚܰܝܶܠ ܩܰܛܠܶܗ ܕܢܺܠܰܦ ܒܫܺܝܛܽܘܬܶܗ ܟܡܳܐ ܫܒܺܝܚ ܘܕܰܟܡܳܐ ܡܝܰܩܰܪ ܗ̱ܘܳܐ ܟܰܕ ܗ̱ܽܘ ܒܦܰܪܕܰܝܣܳܐ ܘܕܰܟܡܳܐ ܗ̱ܝ ܬܶܫܒܽܘܚܬܶܗ ܡܳܐ ܕܩܳܡ ܘܶܐܬܢܰܚܰܡ
1,Nisibis,45,1,Nisibis 45:1,ܐܶܢ ܐܳܟܠܳܐ ܢܰܦܫܳܐ ܘܨܰܝܳܡܳܐ ܘܡܶܬܦܰܪܥܳܐ ܙܳܕܶܩ ܕܳܐܦ ܦܰܓܪܳܐ ܢܶܬܦܪܰܥ ܕܨܳܡ ܥܰܡܳܗ̇ ܘܶܐܢ ܗܽܘ ܕܺܝܕܺܝܥܳܐ ܗ̱ܝ ܕܦܰܓܪܰܐ ܗ̱ܘ ܐܶܟܰܠ ܘܳܐܦ ܨܳܡ ܡܰܟܶܣ ܠܛܳܥܰܝ̈ܳܐ ܟܡܳܐ ܛܥܰܘ ܕܢܰܦܫܳܐ ܕܠܳܐ ܨܳܡܶܬ ܗܺܝ ܬܶܣܒܺܝܘܗ̱ܝ ܠܰܐܓܪܳܐ ܘܢܶܗܘܶܐ ܕܠܳܐ ܐܰܓܪܳܐ ܦܰܓܪܳܐ ܕܨܳܡ ܘܰܠܐܺܝ
1,Nisibis,45,2,Nisibis 45:2,ܐܰܠܺܝܨܳܐ ܗ̱ܝ ܠܰܡ ܐܳܦ ܗܺܝ ܒܨܰܘܡ̈ܰܘܗ̱ܝ ܘܒܽܐܘܠܨ̈ܳܢܰܘܗ̱ܝ ܘܶܐܢ ܠܳܗ̇ ܛܶܐܒܽܘ ܚ̈ܰܫܶܐ ܫܐܺܝ̈ܠܶܐ ܕܡܶܢ ܨܶܐܕܰܘܗ̱ܝ ܟܡܳܐ ܟܺܝܬ ܢܺܚܰܐ ܗ̱ܘ ܒܢ̈ܶܓܕܶܐ ܕܗܰܕܳܡ̈ܰܘܗ̱ܝ ܗܳܝ ܓܶܝܪ ܥܰܘܠܳܐ ܗ̱ܝ ܠܡܰܫܡܥܳܗ̇ ܕܶܐܢ ܗܽܘ ܕܗܺܝ ܝܶܪܒܰܬ ܒܗܰܘܦܳܐ ܕܢܶܨ̈ܚܳܢܰܘܗ̱ܝ ܟܡܳܐ ܟܺܝܬ ܢܺܐܪܰܒ ܗ̱ܽܘ ܒܰܐܓܪܳܐ ܕܡܰܪ̈ܗܳܛܰܘܗ̱ܝ
1,Nisibis,45,3,Nisibis 45:3,ܣܰܢܝܳܐ ܗ̱ܝ ܕܗܰܘ ܥܡܰܠ ܘܗܺܝ ܢܳܣܒܳܐ ܐܰܓܪܳܐ ܣܰܢܝܳܐ ܗ̱ܝ ܕܠܶܗ ܢܽܘܪܳܐ ܘܠܳܗ̇ ܡܰܘܕܝܳܢܽܘܬܳܐ ܣܰܟܠܳܐ ܗ̱ܝ ܕܠܶܗ ܣܰܝܦܳܐ ܘܠܳܗ̇ ܬܽܘܒ ܟܠܺܝܠ ܚ̈ܰܝܶܐ ܗܳܢܳܐ ܩܛܺܝܠ ܡܶܛܽܠ ܒܶܪܝܶܗ ܚܰܝ̈ܰܘܗ̱ܝ ܬܢܳܢ ܐܰܘܒܶܕ ܘܢܽܘܚܳܡܬܶܗ ܕܰܠܗܰܠ ܐܰܘ ܡܳܐ ܦܬܺܝܠ ܟܽܠܶܗ ܫܰܪܒܗܽܘܢ ܕܛܳܥ̈ܰܝܳܐ
1,Nisibis,45,4,Nisibis 45:4,ܕܦܰܓܪܰܐ ܗ̱ܘ ܓܶܝܪ ܟܰܦܢܳܐ ܫܰܗܪܳܐ ܘܳܐܦ ܨܰܗܝܳܐ ܡܠܽܘܐܳܐ ܕܒܶܠܥܳܕܰܘܗ̱ܝ ܠܳܐ ܥܳܬܪܳܐ ܢܰܦܫܳܐ ܛܠܰܡܬܶܗ ܠܬܰܓܳܪܳܐ ܩܰܪܢܳܐ ܘܰܪܒܺܝܬܳܐ ܕܗܳܐ ܥܳܬܪܳܐ ܒܝܽܘܬܪܳܢ ܟܰܟܪ̈ܰܘܗ̱ܝ ܘܰܚܠܳܦ ܝܽܘܬܪ̈ܳܢܰܘܗ̱ܝ ܫܛܳܪܳܐ ܕܚܰܘܒ̈ܳܬܳܐ ܟܬܰܒܘ̱ ܒܳܬܪܶܗ ܣ̈ܰܟܠܶܐ ܕܥܰܒܕܽܘܗ̱ܝ ܕܠܳܐ ܢܽܘܚܳܡ
1,Nisibis,45,5,Nisibis 45:5,ܥܰܘܠܰܐ ܗ̱ܘ ܕܗܰܘ ܟܦܶܢ ܘܡܶܫܬܰܒܗܪܳܐ ܒܨܰܘܡܶܗ ܥܽܘܠܰܐ ܗ̱ܘ ܕܗܰܘ ܨܐܺܝܦ ܘܡܶܬܩܰܠܣܳܐ ܒܨܶܗܝܶܗ ܐܰܓܰܪ ܦܳܥ̈ܠܰܘܗ̱ܝ ܫܶܩܠܰܬ ܘܠܶܗ ܫܶܡܪܰܬ ܫܶܒܩܰܬ ܘܰܐܝܟ ܕܳܐܡܪܺܝܢ ܒܢܽܘܪܰܐ ܗ̱ܘ ܡܶܬܦܪܶܫ ܛܰܠܡܽܘܗ̱ܝ ܠܰܐܟܳܪܳܐ ܕܢܰܫܶܦܘ̱ ܫܩܰܠܘ̱ ܙܰܪ̈ܥܰܘܗ̱ܝ ܘܠܶܗ ܐܰܘܪܬܰܘܗ̱ܝ ܥܽܘܪܳܐ ܘܬܶܒܢܶܐ ܕܢܺܐܩܰܕ ܒܶܗ
1,Nisibis,45,6,Nisibis 45:6,ܟܺܐܢܳܐ ܗ̱ܝ ܕܗܽܘ ܒܫܽܘܒܚܳܐ ܘܳܐܦ ܗܺܝ ܒܬܶܫܒܽܘܚܬܳܐ ܟܺܐܢܳܐ ܗ̱ܝ ܕܗܽܘ ܒܚ̈ܰܝܶܐ ܘܳܐܦ ܗܺܝ ܒܚܰܝܽܘܬܳܐ ܟܺܐܢܳܐ ܗ̱ܝ ܕܗܽܘ ܒܥܶܕܳܢ ܐܳܦ ܗܺܝ ܒܦܰܪܕܰܝܣܳܐ ܗܳܝ ܓܶܝܪ ܥܰܘܠܳܐ ܗ̱ܝ ܕܳܐܡܪܺܝܢ ܕܦܠܓܶܗ ܕܒܰܪ ܐ̱ܢܳܫܳܐ ܢܺܚܳܐ ܒܡܰܠܟܽܘܬܳܐ ܘܦܰܠܓܶܗ ܕܠܳܐ ܣܟܰܠܘ̱ ܢܶܫܬܕܶܐ ܠܫܽܘܢܳܩܳܐ ܀܀܀
1,Nisibis,45,7,Nisibis 45:7,ܥܘܺܝܪܺܝܢ ܒ̈ܢܰܝ ܛܽܘܥܝܰܝ ܠܰܡܚܳܪ ܒܺܐܝܓܽܘܢܳܐ ܕܶܐܢ ܗܽܘ ܕܙܳܟܽܘܬܳܐ ܗ̱ܝ ܩܪܰܐܘܳܗ̇ ܒܫܶܡ ܢܰܦܫܳܐ ܘܶܐܢ ܗܽܘ ܕܟܽܘܐܳܪܰܐ ܗ̱ܘ ܬܰܠܐܽܘܗ̱ܝ ܒܫܶܡ ܦܰܓܪܳܐ ܘܳܐܦ ܠܳܐ ܐܰܝܟ ܚ̈ܰܙܳܝܶܐ ܕܥܳܠܡܳܐ ܕܒܰܙܒܰܢ ܠܕܳܒܽܘܪܳܐ ܡܰܘܪܒܺܝܢ ܕܡܰܪܟܰܒܬܳܐ ܘܒܰܙܒܰܢ ܠܪ̈ܶܟܫܳܐ ܬܽܘܒ ܡܰܘܪܒܺܝܢ ܕܶܐܬܢܰܨܰܚܘ̱
1,Nisibis,45,8,Nisibis 45:8,ܐܶܢ ܗܽܘ ܕܡܰܢ ܐܺܝܬܝ̈ܳܐ ܗ̱ܝ ܫ̈ܦܰܝܳܐ ܘܫܰܦܺܝܪ̈ܶܐ ܦܰܓܪܰܐ ܗ̱ܘ ܣܢܶܐ ܡܳܕܶܝܢ ܘܠܳܐܶܐ ܕܢܶܨܛܒܰܬ ܐܶܢ ܐܶܣܬܢܺܝ ܘܳܝ ܠܶܗ ܘܶܐܢ ܫܦܰܪ ܬܪ̈ܶܝܢ ܘܳܝ̈ܝܳܢ ܘܟܰܕ ܗܽܘ ܛܥܶܝܢ ܝܽܘܩܪܳܐ ܕܪܶܓܬܳܐ ܕܢܰܦܫܳܐ ܗ̱ܝ ܒܬܽܘܠܽܘܬܳܐ ܘܰܐܓܪܳܐ ܕܢܰܟܦܽܘܬܳܐ ܐܺܬܝܳܐ ܘܪܳܡ ܩܳܠܳܗ̇ ܒܰܚܕܰܥܣܰܪ ܫ̈ܳܥܺܝܢ
1,Nisibis,45,9,Nisibis 45:9,ܘܶܐܢ ܗܽܘ ܕܕܺܝܠܳܗ̇ ܗܺܝ ܪܶܓܬܳܐ ܘܝܰܥܢܽܘܬܳܐ ܦܰܓܪܳܐ ܩܒܺܝܠ ܡܶܢܳܗ̇ ܕܶܐܬܚܢܶܩ ܒܣ̈ܰܢܝܳܬܳܗ̇ ܐܶܢ ܟܺܝܬ ܗܺܝ ܫܓܺܝܫܳܐ ܦܰܚܙܳܐ ܘܙܰܠܺܝܠܳܐ ܠܡܳܐ ܐܶܬܥܰܫܰܩ ܦܰܓܪܳܐ ܒܪܶܓܬܳܗ̇ ܀܀܀ ܝܰܘܣܶܦ ܥܫܺܝܩ ܘܰܫܠܶܐ ܘܩܳܠ ܡܳܪܬܶܗ ܥܰܙܺܝܙ ܠܢܳܒܽܘܬ ܡܼܛܳܐ ܝܰܓܪܳܐ ܘܠܺܐܝܙܒܶܠ ܟܰܪܡܳܐ
1,Nisibis,45,10,Nisibis 45:10,ܘܰܐܝܟܰܢ ܡܼܨܶܐ ܦܰܓܪܳܐ ܡܶܬܫܺܝܓ ܒܟܽܠ ܦܽܘܪ̈ܣܺܝܢ ܐܶܢ ܗܽܘ ܕܰܡܦܰܠܦܶܠ ܗܽܘ ܒܬܶܛܪܳܐ ܕܺܐܝܬܽܘܬܶܗ ܘܰܐܝܟܰܢ ܕܠܰܚ ܫܰܦܝܳܐ ܟܝܳܢܳܗ̇ ܕܗܳܝ ܢܰܦܫܳܐ ܠܳܐ ܓܶܝܪ ܡܨܶܐ ܦܰܓܪܳܐ ܕܢܶܕܠܚܶܝܗ̇ ܕܠܳܐ ܡܶܬܕܰܠܰܚ ܢܽܘܗܪܳܐ ܡܶܢܗܽܘܢ ܕܛܶܠܳـ̈ܠܶܐ ܐܶܠܳܐ ܕܰܡܪܰܩ ܠܶܗ ܒܕܶܢܚܶܗ ܠܛܶܠܳܠܳܐ
1,Nisibis,45,11,Nisibis 45:11,ܣܰܟ̈ܠܶܐ ܕܗܳܦܟܳܝܺܝܢ ܗܦܰܟܽܘܗ̇ ܠܫܽܘܥܺܝܬܳܐ ܕܚܶܫܟܰܐ ܗ̱ܘ ܠܰܡ ܐܰܚܨܶܦ ܘܕܰܠܚܶܗ ܠܢܰܗܺܝܪܳܐ ܦܫܺܝܩܳܐ ܗ̱ܝ ܕܢܶܬܟܰܣܣܽܘܢ ܡܶܢ ܣܳܗ̈ܕܶܐ ܕܐܰܝܬܺܝܘ ܬܪ̈ܰܝܗܽܘܢ ܓܶܝܪ ܥܰܡܰܢ ܡܗܰܠܟܺܝܢ ܘܠܳܐ ܡܶܨܛܒܰܥ ܡܶܡܬܽܘܡ ܢܽܘܗܪܳܐ ܒܚܶܫܽܘܟܳܐ ܐܶܠܳܐ ܕܨܳܒܰܥ ܠܶܗ ܒܕܶܢܚܶܗ ܠܽܐܘܟܳܡܳܐ
1,Nisibis,45,12,Nisibis 45:12,ܚܕܳܐ ܗ̱ܝ ܓܶܝܪ ܡܶܢ ܬܰܪ̈ܬܶܝܢ ܢܶܓܒܽܘܢ ܒ̈ܢܰܝ ܛܽܘܥܝܰܝ ܕܶܐܠܳܐ ܡܨܶܐ ܦܰܓܪܳܐ ܀܀܀ ܕܢܶܫܦܰܪ ܘܢܶܬܚܰܠܶܠ ܚܢܺܝܩܳܐ ܗ̱ܝ ܒܰܣܝܳܢܶܗ ܢܰܦܫܳܐ ܕܫܳܪܝܳܐ ܒܶܗ ܘܺܐܝܩܺܐ ܗܽܘ ܡܶܫܬܰܚܩܳܐ ܕܬܶܬܡܪܶܩ ܘܶܐܢ ܕܶܝܢ ܗܽܘ ܦܰܓܪܳܐ ܟܝܳܢܰܐ ܗ̱ܘ ܕܡܶܫܬܰܦܶܐ ܒܺܝܫܳܐ ܕܠܰܚ ܐܶܢܽܘܢ ܕܥܰܒܕܽܘܗ̱ܝ ܕܠܳܐ ܢܽܘܚܳܡ
1,Nisibis,45,13,Nisibis 45:13,ܢܫܰܐܶܠ ܠܟܳܦܽܘܪ̈ܶܐ ܕܡܶܕܶܡ ܕܡܺܝܬܳܐ ܗ̱ܘܳܐ ܡܰܢܽܘ ܪܟܶܒ ܗ̱ܘܳܐ ܥܶܠܬܳܐ ܠܚܰܝܽܘܬܶܗ ܒܗܳܝ ܥܶܠܬܳܐ ܕܚܰܝܳܐ ܡܨܶܐ ܗ̱ܘܳܐ ܕܢܺܚܳܐ ܒܳܗ̇ ܘܶܐܢ ܕܶܝܢ ܕܫܳܪܽܘܬܶܝܢ ܐܰܚܝܶܗ ܝܰܬܺܝܪ ܡܢܰܚܶܡ ܠܶܗ ܕܰܐܛܥܶܡ ܒܚܰܝܽܘܬܳܐ ܢܶܒܗܬܽܘܢ ܒܥ̈ܶܛܳܠܳܬܳܐ ܟܳܦܪ̈ܰܝ ܒܰܕܦܫ̈ܺܝܩܳܢ
1,Nisibis,45,14,Nisibis 45:14,ܗܰܘ ܕܰܐܚܝܶܗ ܩܰܠܺܝܠ ܠܳܐ ܡܚܺܝܠ ܕܳܐܦ ܣܰܓܺܝ ܘܕܰܩܪܳܝܗ̱ܝ ܡܶܢ ܩܰܒܪܳܐ ܠܳܐ ܠܐܺܝ ܕܬܽܘܒ ܢܶܩܪܶܝܘܗ̱ܝ ܘܰܕܛܳܒ ܒܬܽܘܩܳܢܶܗ ܟܡܳܐ ܟܐܺܝܢ ܒܢܽܘܚܳܡܶܗ ܕܶܐܢ ܐܰܚܝܶܗ ܡܰܓܳܢ ܡܶܢ ܩܕܺܝܡ ܟܡܳܐ ܟܰܝ ܡܢܰܚܶܡ ܠܶܗ ܟܺܐܢܳܐ ܕܦܳܪܰܥ ܠܶܗ ܐܶܬܟܣܶܣܘ̱ ܒܛܰܝܒܽܘܬܳܐ ܓܰܠـ̈ܙܰܝ ܠܟܺܐܢܽܘܬܳܐ ܀܀܀
1,Nisibis,45,15,Nisibis 45:15,ܐܶܢ ܕܶܝܢ ܗܰܘ ܦܰܓܪܳܐ ܟܝܳܢܰܐ ܗ̱ܘ ܕܠܳܐ ܡܶܫܟܰܚ ܕܢܺܐܬܶܐ ܠܢܽܘܚܳܡܳܐ ܢܫܰܐܶܠ ܩܕܳܡ ܗܳܕܶܐ ܕܰܐܝܟܰܢ ܗ̱ܘܳܐ ܦܽܘܪܣܳܐ ܕܢܺܚܳܐ ܒܝܰܕ ܢܰܦܫܳܐ ܗܰܘ ܓܶܝܪ ܨܶܒܝܳܢܳܐ ܕܰܐܚܝܶܗ ܐܰܝܟܰܢ ܣܦܰܩ ܐܰܚܺܝ ܠܡܶܕܶܡ ܕܠܳܐ ܚܝܳܐ ܐܶܙܕܰܟܺܝܘ ܒܚܰܝܽܘܬܶܗ ܟܳܦܪ̈ܰܝ ܒܢܽܘܚܳܡܶܗ
1,Nisibis,45,16,Nisibis 45:16,ܐܳܦ ܗܰܘ ܓܰܝܳܣܳܐ ܕܰܐܪܓܶܫ ܒܰܣܺܝܡ̈ܳܬܳܟ ܣܢܺܐܓܪܳܐ ܗܳܘܶܐ ܗ̱ܘܳܐ ܠܶܗ ܠܫܶܬܩܳܟ ܡܰܙܟܶܐ ܟܽܠ ܘܰܥܬܰܪ ܒܝܰܡܺܝܢܳܐ ܕܰܐܟܣܳܗ̇ ܠܣܶܡܳܠܳܐ ܚܽܘܢ ܡܳܪܝ̱ ܠܚܰܛܳܝܽܘܬܝ̱ ܕܗܰܡܢܶܬ ܘܰܐܟܣܶܬ ܠܟܳܦܽܘܪ̈ܶܐ ܩ̈ܳܝܡܰܝ ܒܣܶܡܳܠܳܐ ܗܳܢܰܘ ܐܰܓܰܪ ܡ̈ܶܠܰܝ ܕܠܳܐ ܬܶܬܒܥܰܢܝ̱ ܚܽܘܒܝ
1,Nisibis,46,1,Nisibis 46:1,ܢܦܺܝܣܽܘܢ ܒ̈ܢܰܝ ܛܽܘܥܝܰܝ ܕܰܐܝܟܰܢ ܛܰܡܳܐ ܗ̱ܽܘ ܠܶܗ ܦܰܓܪܳܐ ܠܦܳܪܽܘܩܰܢ ܕܰܢܚܶܬ ܫܼܪܳܐ ܒܡܰܪܝܰܡ ܘܝܰܘܡܳܢ ܫܪܶܐ ܒܦܰܓܪܳܐ ܕܢܰܟ̈ܦܶܐ ܘܢܰܟ̈ܦܳܬܳܐ ܡܰܠܟܳܐ ܐܶܢܗܽܘ ܕܰܫܪܳܐ ܒܕܽܘܟܬܳܐ ܡܚܰܪܰܪ ܘܡܰܘܪܶܒ ܠܳܗ̇ ܘܛܳܒܳܐ ܕܰܫܪܳܐ ܒܦܰܓܪܳܐ ܗܳܕܶܐ ܡܠܶܟ ܠܶܗ ܟܰܝ ܕܢܶܗܘܶܐ ܕܠܳܐ ܢܽܘܚܳܡ ܩܒܺܝܪܳܐ ܕܗܰܝܡܶܢ ܒܳܟ
1,Nisibis,46,2,Nisibis 46:2,ܪܳܡܳܐ ܕܶܐܬܰܬܚܬܺܝ ܥܕܰܡܳܐ ܠܘܳܬ ܦܰܓܪܳܐ ܘܰܐܫܺܝܓ ܠܶܗ ܪ̈ܶܓܠܰܘܗ̱ܝ ܘܥܰܩ̈ܒܶܐ ܕܶܐܬܝܰܩܰܪ ܡܰܠܦܳܢ ܟܡܳܐ ܡܰܘܪܶܒ ܠܪܺܝܫܳܐ ܒܢܽܘܚܳܡܳܐ ܛܰܥܢܶܗ ܒܝܰܕ ܫܰܒܪ̈ܶܐ ܘܙܰܝܚܶܗ ܫܰܩܠܶܗ ܘܥܰܠ ܚܰܕܝܶܗ ܚܒܳܒܶܗ ܒܝܽܘܚܰܢܳܢ ܗܳܠܶܝܢ ܠܟܽܘܐܳܪܶܗ ܣܳܦܩ̈ܳܢ ܕܒܰܪ ܕܰܝܨܳܢ
1,Nisibis,46,3,Nisibis 46:3,ܙܽܘܙܳܐ ܕܰܐܝܟ ܡܺܝܬܳܐ ܕܡܳܐ ܒܨܰܘܪ̈ܳܬܶܗ ܘܡܶܢܳܗ̇ ܚܫܺܝܠ ܕܰܐܪܥܳܐ ܘܒܳܗ̇ ܬܽܘܒ ܢܦܰܠ ܘܶܐܒܰܕ ܛܰܒܥܰܐ ܗ̱ܘ ܕܗܳܐ ܕܡܳܐ ܠܦܰܓܪܳܐ ܕܡܶܢ ܐܰܪܥܳܐ ܘܙܳܕܶܩ ܕܰܐܝܟ ܐ̱ܪܳܙܳܗ̇ ܕܦܶܠܳܐܬܳܐ ܕܰܒܫܶܟܚܳܬܶܗ ܕܦܰܓܪܳܐ ܢܶܚܕܶܐ ܠܛܰܝܒܽܘܬܳܐ ܕܥܶܡܠܰܬ ܘܶܐܫܟܰܚܬܶܗ ܀܀܀ ܒܐ̱ܪܳܙ ܐܰܢ̱ܬܬܳܐ ܠܙܽܘܙܳܐ
1,Nisibis,46,4,Nisibis 46:4,ܠܡܶܢܝܳܗ̇ ܘܫܳܡܽܘܢܳܗ̇ ܐܰܘܪܒܶܗ ܕܰܐܪܡܰܠܬܳܐ ܗ̱ܘܳܐ ܠܳܗ̇ ܐܳܦ ܚܰܙܳܝܳܐ ܣܳܗܕܳܐ ܘܥܶܪܒܳܐ ܘܚܰܘܺܝ ܕܒܶܝܬ ܓܰܙܳܐ ܩܰܒܠܶܗ ܠܪܽܘܡܝܳܢܳܗ̇ ܝܺܠܰܦ ܒܫܳܡܽܘܢܳܐ ܕܠܳܐ ܛܠܶܡ ܕܰܐܝܟܰܢ ܡܨܶܐ ܛܳܠܶܡ ܠܦܰܓܪܳܐ ܕܶܐܬܬܰܓܰܪ ܟܰܟܪ̈ܶܐ ܕܝܽܘܬܪܳܢܳܐ ܒܣܰܝܦܳܐ ܕܪ̈ܳܕܽܘܦܶܐ
1,Nisibis,46,5,Nisibis 46:5,ܨܰܠܡܳܐ ܕܠܳܐ ܪ̈ܶܓܫܶܐ ܘܛܰܒܥܳܐ ܕܠܳܐ ܙܰܘ̈ܥܶܐ ܐܶܣܬܪܳܐ ܠܬܶܫܒܽܘܚܬܶܗ ܐܰܣܩܳܗ̇ ܒܦܽܘܡ ܢܽܘܢܳܐ ܟܡܳܐ ܟܺܝܬ ܡܶܫܬܰܒܰܚ ܒܨܰܠܡܶܗ ܕܡܰܠܳܠܐܰ ܗ̱ܘ ܦܩܰܕ ܠܒܳܠܽܘܥܶܗ ܒܚܰܪܬܳܐ ܘܒܰܕܡܽܘܬ ܐܶܣܬܪܳܐ ܡܰܦܢܶܐ ܘܝܳܗܶܒ ܠܶܗ ܠܨܽܘܪܬܳܐ ܕܶܐܬܛܰܒܥܰܬ ܒܕܽܘܡܝܶܗ ܕܨܰܝܳܪܳܗ̇
1,Nisibis,46,6,Nisibis 46:6,ܛܳܒܳܐ ܕܡܰܘܡܳܬܶܗ ܐܰܦܺܝܣܬ ܕܠܳܐ ܛܳܠܶܡ ܟܣܶܐ ܕܩܰܪ̈ܺܝܪܶܐ ܕܡܶܛܽܠ ܫܡܶܗ ܝܰܗܒܽܘܗ̱ܝ ܐܰܝܟܰܢ ܡܨܶܐ ܛܳܠܶܡ ܠܦܰܓܪܳܐ ܒܬܽܘܠܽܘܬܶܗ ܀܀܀ ܕܢܰܦܶܠ ܒܺܐܝܓܽܘܢܳܐ ܡܳܐܐ ܫ̈ܢܺܝܢ ܕܳܐܦ ܠܳܐ ܒܓܰܘ ܚܶܠܡܳܐ ܐܰܪܦܝܶܗ ܒܥܶܠܕܰܪܶܗ ܡܰܢܽܘ ܕܠܳܐ ܢܰܒܓܰܢ ܐܶܢ ܡܶܬܛܰܠܰܡ ܗܳܢܳܐ
1,Nisibis,46,7,Nisibis 46:7,ܬܠܳܬܳܐ ܠܗܳܝ ܢܽܘܪܳܐ ܙܟܰܐܽܘܗ̇ ܒܚܰܕ ܝܰܘܡܳܐ ܘܗܳܢܳܐ ܙܟܼܳܐ ܟܽܠܝܽܘܡ ܢܽܘܪܳܐ ܕܫܳܪܝܳܐ ܒܶܗ ܕܥܰܕ ܕܳܥܟܳܐ ܕܶܠܩܰܬ ܘܥܰܕ ܫܰܗܝܳܐ ܣܶܦܰܬ ܛܽܘܒܰܘܗ̱ܝ ܠܡܰܢ ܕܰܨܗܺܝ ܘܕܰܥܟܳܗ̇ ܢܽܘܪܳܐ ܐܶܢ ܗܽܘ ܕܣܶܦܰܬ ܡܶܬܕܰܥܟܳܐ ܒܡܰܝ̈ܳܐ ܘܗܳܕܶܐ ܐܶܢ ܗܽܘ ܕܕܶܥܟܰܬ ܡܶܬܓܰܘܙܠܳܐ ܒܚܰܡܪܳܐ
1,Nisibis,46,8,Nisibis 46:8,ܐܶܢ ܕܶܝܢ ܒܛܺܝܠܽܘܬܶܗ ܕܡܳܪܰܢ ܡܦܺܝܣܳܐ ܠܰܢ ܕܰܐܣܝܶܗ ܠܒܰܪܢܳܫܳܐ ܠܟܽܠܶܗ ܒܟܽܠ ܡܶܕܶܡ ܐܰܥܡܕܶܗ ܒܪܽܘܚ ܩܽܘܕܫܳܐ ܬܰܪܣܝܶܗ ܒܣܰܡ ܚ̈ܰܝܶܐ ܟܡܳܐ ܟܰܝ ܣܢܳܐ ܡܰܐܢܺܝ ܘܡܰܪܩܝܽܘܢ ܘܰܥܘܺܝܪ ܒܰܪ ܕܰܝܨܳܢ ܕܩܳܪܶܝܢ ܘܠܳܐ ܚܳܙܶܝܢ ܕܟܽܠܶܗ ܨܠܰܡ ܐ̱ܢܳܫܳܐ ܡܶܬܩܰܒܰܥ ܒܢܽܘܚܳܡܳܐ
1,Nisibis,46,9,Nisibis 46:9,ܐܶܢ ܓܶܝܪ ܐܳܦ ܐܶܕܢܳܐ ܕܫܶܡܥܽܘܢ ܦܣܰܩ ܘܰܫܕܳܐ ܪܳܡܳܐ ܪܟܶܢ ܫܰܩܠܳܗ̇ ܘܩܰܒܥܳܗ̇ ܕܠܳܐ ܬܺܐܒܰܕ ܟܡܳܐ ܟܺܝܬ ܥܰܠ ܟܽܠܶܗ ܡܥܰܩܶܒ ܒܢܽܘܚܳܡܳܐ ܕܡܶܕܶܡ ܡܶܢ ܥܰܦܪܶܗ ܠܳܐ ܢܦܽܘܫ ܐܳܦ ܠܳܐ ܒܰܐܬܽܘܢܳܐ ܛܥܳܬ ܡܢܳܬܳܐ ܕܪܺܝܫܳܐ ܕܢܰܘܕܰܥ ܒܛܺܝܠܽܘܬܳܐ ܕܥܳܒܶܕ ܒܢܽܘܚܳܡܳܐ
1,Nisibis,46,10,Nisibis 46:10,ܐܶܢ ܕܶܝܢ ܥܰܠ ܠܰܚܡܳܐ ܦܩܰܕ ܗ̱ܘܳܐ ܘܶܐܬܠܰܩܰܛ ܩܨܶܝ̈ܘܗ̱ܝ ܘܫܰܪ̈ܟܳܢܰܘܗ̱ܝ ܚܰܦܶܛ ܘܶܐܬܟܰܢܰܫܘ̱ ܘܙܰܗܰܪ ܕܠܳܐ ܢܺܐܒܰܕ ܡܶܢ ܒܽܘܪܟܬܶܗ ܡܶܕܶܡ ܟܡܳܐ ܟܺܝܬ ܥܰܠ ܦܰܓܪܳܐ ܦܩܺܝܕ ܠܶܗ ܕܢܶܬܟܰܢܫܽܘܢ ܓܰܪ̈ܡܰܘܗ̱ܝ ܘܢܶܬܠܰܚܡܽܘܢ ܕܶܒ̈ܩܰܘܗ̱ܝ ܘܰܢܡܰܠܠܽܘܢ ܩ̈ܳܠܰܘܗ̱ܝ ܫܽܘܒܚܳܐ ܕܰܡܩܺܝܡܳܢܶܗ
1,Nisibis,46,11,Nisibis 46:11,ܠܰܚܡܶܗ ܕܠܳܐ ܚܪܺܝܢ ܣܳܗܶܕ ܠܢܽܘܚܳܡܰܢ ܕܒܰܪܳܟ ܠܡܶܐܟܽܘܠܬܳܐ ܟܡܳܐ ܟܺܝܬ ܠܐܳܟܽܘ̈ܠܶܐ ܒܰܬܪ̈ܶܥܣܰܪ ܠܰܚܡܺܝ̈ܢ ܕܰܒܪܺܝܟ ܘܰܐܣܓܺܝ ܗ̱ܘܳܐ ܒܰܪܶܟ ܬܪ̈ܰܥܣܰܪܬܶܗ ܘܰܐܣܓܝܳܗ̇ ܘܰܫܩܰܠ ܩܨܳܐ ܠܰܚܡܳܐ ܐ̱ܚܪܺܢܳܐ ܐܺܝܚܺܝܕܳܝܳܐ ܐ̱ܪܳܙܳܐ ܕܗܰܘ ܦܰܓܪܳܐ ܝܺܚܺܝܕܳܐ ܕܡܶܢ ܡܰܪܝܰܡ ܀܀܀
1,Nisibis,46,12,Nisibis 46:12,ܚܕܺܝ ܠܰܐܪܡܰܠܬܳܐ ܕܰܐܚܺܝ ܠܚܰܒܺܝܒܶܗ̇ ܘܰܐܝܟ ܕܳܐܡܪܺܝܢ ܣ̈ܰܟܠܶܐ ܕܦܰܓܪܰܐ ܗ̱ܘ ܕܡܶܢ ܒܺܝܫܳܐ ܠܒܺܝܫܰܐ ܗ̱ܘ ܟܺܝܬ ܐܰܚܺܝ ܘܚܰܕܺܝ ܠܣܳܛܳܢܳܐ ܠܒܰܪܬܶܗ ܕܝܽܘܳܐܪܳܫ ܬܽܘܒ ܕܰܐܚܝܶܗ̇ ܚܛܺܝܬܳܐ ܗܽܘ ܢܰܚܶܡ ܒܳܗ̇ ܘܕܶܐܡܰܪ ܕܕܰܡܟܳܐ ܗ̱ܘܳܬ ܐܰܟܶܣ ܠܟܳܦܽܘܪ̈ܶܐ ܕܬܽܘܒ ܡܶܬܬܥܺܝܪ ܦܰܓܪܰܢ
1,Nisibis,46,13,Nisibis 46:13,ܟܰܕ ܓܶܝܪ ܢܦܰܠ ܝܰܘܢܳܢ ܘܰܛܒܰܥ ܒܓܰܘ ܝܰܡܳܐ ܣܦܺܝ̈ܢܶܐ ܘܣ̈ܳܦܢܶܐ ܟܽܠܗܽܘܢ ܦܣܰܩܘ̱ ܣܰܒܪܳܐ ܕܰܐܝܢܰܘ ܚܰܣܺܝܢܳܐ ܕܢܺܐܡܰܪ ܕܰܣܠܶܩ ܗ̱ܘܳܐ ܘܰܐܝܢܰܘ ܚܰܟܺܝܡܳܐ ܕܢܶܬܚܪܶܐ ܥ̈ܳܛܠܳܢ ܘܥܳܣ̈ܩܳܢ ܗܘܰܝ ܘܰܠܚܰܕ ܕܰܠܝ̈ܠܳܢ ܗܘܰܝ ܠܝܰܡܳܐ ܪܡܶܙ ܘܰܫܠܺܝ ܠܢܽܘܢܳܐ ܦܩܰܕ ܘܰܓܣܳܐ
1,Nisibis,46,14,Nisibis 46:14,ܙܰܪܥܳܐ ܒܓܰܘ ܥܰܦܪܶܗ ܣܳܗܕܰܐ ܗ̱ܘ ܕܢܽܘܚܳܡܶܗ ܕܳܐܦ ܒܳܗ̇ ܒܡܺܝܬܽܘܬܶܗ ܢܽܘܚܳܡܬܶܗ ܡܰܟܪܶܙ ܘܰܩܝܳܡܬܶܗ ܟܰܣܝܳܐ ܒܓܰܘܳܗ̇ ܕܡܰܦܽܘܠܬܶܗ ܒܡܶܛܪܰܐ ܗ̱ܘ ܡܶܬܢܰܚܰܡ ܘܡܶܬܥܺܝܪ ܟܡܳܐ ܟܺܝܬ ܒܢܽܘܚܳܡܳܐ ܀܀܀ ܢܶܬܪܣܶܣ ܒܕܰܚܺܝܚܳܢ ܛܰܠܳܐ ܕܒܶܗ ܐܳܕܳܡ ܐܶܬܓܒܰܠ ܘܶܐܬܢܰܚܰܡ
1,Nisibis,46,15,Nisibis 46:15,ܐܶܢ ܕܶܝܢ ܐܳܦ ܩܰܡܨܳܐ ܕܶܐܬܢܰܨܰܒ ܒܓܰܘ ܐܰܪܥܳܐ ܘܰܐܝܟ ܕܥܰܠ ܦܣܳܩ ܣܰܒܪܳܐ ܐܶܬܛܡܰܪ ܒܓܰܘ ܥܰܦܪܳܐ ܥܽܘ̈ܒܶܐ ܒܐ̱ܪܳܙ ܩܰܒܪ̈ܶܐ ܡܠܳܐ ܗ̱ܘܳܐ ܘܰܐܪܦܺܝ ܗ̱ܘܳܐ ܒܗܼܶܬܘ̱ ܕܶܝܢ ܟܳܦܽܘܪ̈ܶܐ ܕܠܳܐ ܕܡܘ ܐܳܦ ܠܳܐ ܠܗܰܘ ܩܰܡܨܳܐ ܕܚܰܦܺܝ ܛܡܰܪ ܝܰܠܕܶܗ ܘܶܐܬܩܒܰܪ ܘܶܐܬܢܰܚܰܡ ܠܙܰܒܢܶܗ ܒܦܽܘܩܕܳܢܳܐ
1,Nisibis,46,16,Nisibis 46:16,ܘܶܐܢ ܨܰܦܪܳܐ ܒ̈ܢܳܬܳܗ̇ ܫ̈ܠܰܕܶܐ ܕܠܳܐ ܙܰܘܥܳܐ ܡܟܰܢܶܫ ܠܗܶܝܢ ܚܰܘܒܶܗ̇ ܡܚܰܒܶܒ ܠܗܶܝܢ ܓܶܦܳܗ̇ ܘܩܳܠܳܐ ܘܚܰܝܽܘܬܳܐ ܛܰܒܥܳܐ ܒܡܺܝܬܽܘܬܳܗ̇ ܘܡܶܨܛܰܒܬܶܝܢ ܡܰܝ̈ܳܐ ܒܟܽܠ ܕܶܡܘ̱ ܘܰܡܢܰܚܡܳܐ ܩܒܺܝܪ̈ܶܐ ܡܶܢ ܓܰܘ ܫܰܪ̈ܩܳܬܳܐ ܟܡܳܐ ܢܶܨܛܰܪܽܘܢ ܩܰܒܪ̈ܶܐ ܒܩܳܠܳܐ ܡܢܰܚܶܡ ܟܽܠ
1,Nisibis,46,17,Nisibis 46:17,ܡܶܢܶܗ ܘܒܶܗ ܗܳܟܺܝܠ ܕܙܰܪܥܳܐ ܕܐ̱ܢܳܫܽܘܬܳܐ ܡܨܶܐ ܐ̱ܢܳܫ ܕܢܶܣܰܒ ܠܶܗ ܕܡܰܘܬܳܐ ܕܢܽܘܚܳܡܶܗ ܕܳܐܦ ܗܽܘ ܒܐ̱ܪܳܙ ܡܺܝ̈ܬܶܐ ܡܶܬܢܰܛܰܪ ܒܓܰܘ ܟܰܪܣܳܐ ܒܰܚ̈ܒܳܠܰܐ ܗ̱ܘ ܡܶܬܢܰܚܰܡ ܘܡܶܬܥܺܝܪ ܘܰܢܦܰܩ ܠܢܰܗܺܝܪܳܐ ܠܓܰܘ ܥܳܠܡܳܐ ܐ̱ܚܪܺܢܳܐ ܒܰܛܢܶܗ ܘܡܰܘܠܳܕܶܗ ܥܳܪܒܺܝܢ ܒܢܽܘܚܳܡܶܗ
1,Nisibis,47,1,Nisibis 47:1,ܢܽܘܪܳܐ ܒܓܰܘ ܩܰܝܣܳܐ ܛܡܺܝܪܳܐ ܘܛܰܪܢܳܐ ܡܚܶܐ ܘܡܰܕܢܰܚ ܠܳܗ̇ ܡܰܕܥܰܢ ܒܨ̈ܶܢܥܳܬܶܗ ܘܶܐܢܗܽܘ ܕܨܶܒܝܳܢܰܢ ܡܢܰܚܶܡ ܠܒܶܪ̈ܝܳܬܳܐ ܟܡܳܐ ܟܺܝܬ ܨܶܒܝܳܢܳܐ ܕܟܽܠ ܡܨܶܐ ܦܩܰܕ ܘܡܰܕܢܰܚ ܠܳܗ̇ ܠܢܰܦܫܳܐ ܒܓܰܘ ܦܰܓܪܳܐ ܕܢܶܦܩܰܬ ܘܰܫܒܰܩܬܶܗ ܬܽܘܒ ܡܰܢܗܪܳܐ ܒܓܰܘܶܗ ܢܙܰܡܪܽܘܢ ܒܦܰܪܕܰܝܣܳܟ
1,Nisibis,47,2,Nisibis 47:2,ܬܳܒܰܥ ܡܳܪܝ̱ ܛܠܺܝܡܽܘܬܶܗ ܕܒܰܝܬܳܐ ܕܥܶܡܪܶܬ ܒܶܗ ܬܰܘܬܳܒܬܳܐ ܢܰܦܫܳܐ ܕܗܳܢܰܘ ܐܰܓܰܪ ܒܰܝܬܳܐ ܝܶܗܒܰܬ ܒܡܰܦܩܳܬܳܗ̇ ܣܶܚܦܰܬ ܘܰܐܚܪܶܒܬܶܗ ܬܶܥܽܘܠ ܘܬܶܥܡܰܪ ܒܶܗ ܀܀܀ ܡܶܕܪܺܝܫ ܬܗܰܝܠܶܠ ܒܓܰܘ ܕܰܝܪܶܗ ܘܬܶܙܡܰܪ ܒܡܶܕܝܳܪ̈ܰܘܗ̱ܝ ܘܬܽܘܒ ܢܶܫܬܡܰܥ ܨܰܘܬܳܗ̇ ܡܶܢ ܡܰܫܟܢܳܐ ܕܰܨܕܳܐ
1,Nisibis,47,3,Nisibis 47:3,ܡܢܳܬܳܐ ܕܚܰܝܽܘܬܳܐ ܕܝܳܠܳܐ ܒܗܰܕܳܡ̈ܰܘܗ̱ܝ ܙܰܘ̈ܥܶܐ ܕܚܽܘܫ̈ܳܒܶܝܗ̇ ܕܰܝܠܶܝܢ ܒܓܰܘ ܪ̈ܶܓܫܰܘܗ̱ܝ ܓ̈ܰܙܶܐ ܕܒܣܰܡ̈ܳܢܶܝܗ̇ ܦܳܝܚܺܝܢ ܒܫܶܪ̈ܝܳܢܰܘܗ̱ܝ ܘܰܗܦܰܟ ܡܳܐ ܕܺܝܙܶܦ ܕܢܶܦܪܥܳܗ̇ ܕܒܶܗ ܩܳܢܝܳܐ ܥܽܘܬܪܳܗ̇ ܒܶܗ ܠܳܥܙܳܐ ܫܽܘܒܚܳܗ̇ ܟܰܕ ܬܳܒܥܺܝܢ ܬܰܡܳܢ ܪܶܗܛܗܽܘܢ ܘܥܰܡ̈ܠܰܝܗܽܘܢ
1,Nisibis,47,4,Nisibis 47:4,ܨܠܽܘܬܳܐ ܒܓܰܘ ܦܽܘܡܶܗ ܩܶܪܒܰܬ ܠܫܳܡܰܥ ܟܽܠ ܒܺܐܝ̈ܕܰܘܗ̱ܝ ܠܙܶܕܩ̈ܳܬܳܐ ܐܰܘܙܦܰܬ ܠܦܳܪܰܥ ܟܽܠ ܒܥܰܝ̈ܢܰܘܗ̱ܝ ܩܪܳܬ ܣܶܦܪܳܐ ܒܶܐܕ̈ܢܰܘܗ̱ܝ ܠܡܽܘܠܟܳܢܳܐ ܒܪ̈ܶܓܠܰܘܗ̱ܝ ܬܪܰܥ ܒܰܝܬܶܗ ܫܰܡܫܶܬ ܘܰܚܙܰܘ ܒܢܶܣܝܳܢܳܐ ܕܒܶܗ ܩܳܝܡܳܐ ܟܽܠܳܗ̇ ܒܪܺܝܟ ܕܰܐܣܢܩܳܗ̇ ܠܢܰܦܫܳܐ ܕܢܰܘܪܶܒ ܠܫܰܘܬܦܳܗ̇
1,Nisibis,47,5,Nisibis 47:5,ܨܶܒܝܳܢ ܒܳܪܽܘܝܶܗ ܡܟܰܢܶܫ ܠܕܰܚܺܝܚܶܗ ܡܚܰܕܶܬ ܘܰܥܒܰܕ ܠܶܗ ܗܰܝܟܠܳܐ ܕܬܶܫܒܽܘܚܬܳܐ ܡܰܥܶܠ ܘܒܰܓܢܽܘܢܶܗ ܡܒܰܝܰܐ ܠܒܰܪ̱ܬ ܙܰܘܓܶܗ ܘܕܶܐܬܟܡܰܪ ܒܰܫܝܽܘܠ ܡܶܬܦܨܰܚ ܘܕܶܐܬܦܣܶܩ ܣܰܒܪܶܗ ܡܝܰܒܶܒ ܒܡܽܘܠܟܳܢܶܗ ܘܕܰܐܘܚܶܠܘ̱ ܥܠܰܘܗ̱ܝ ܣܰܟ̈ܠܶܐ ܥܠܰܘܗ̱ܝ ܥܳܫܢܺܝܢ ܪ̈ܰܚܡܶܐ
1,Nisibis,47,6,Nisibis 47:6,ܪ̈ܶܓܠܰܘܗ̱ܝ ܐܰܣܺܝܪ̈ܳܬܳܐ ܕܳܝܨܳܢ ܒܦܰܪܕܰܝܣܳܐ ܘܺܐܝ̈ܕܰܘܗ̱ܝ ܕܶܐܫܬܪܺܝ ܩ̈ܳܛܦܳܢ ܠܟܽܠ ܛܽܘ̈ܒܺܝܢ ܥܰܝ̈ܢܰܘܗ̱ܝ ܕܶܐܬܥܡܶܨ ܚܳܙܶܝܢ ܠܡܰܢܗܰܪ ܟܽܠ ܦܽܘܡܶܗ ܕܶܐܫܬܬܰܩ ܡܶܬܦܬܰܚ ܘܶܐܕ̈ܢܰܘܗ̱ܝ ܣܟܺܝܪ̈ܳܬܳܐ ܫܶܡܥܰܢ ܠܫܺܝܦܽܘܪܳܐ ܘܓܽܘܫܡܶܗ ܕܶܐܬܚܰܒܰܠ ܡܦܰܪܶܓ ܒܬܶܫܒܽܘܚܬܳܐ
1,Nisibis,47,7,Nisibis 47:7,ܘܶܐܢ ܗܽܘ ܕܟܰܕ ܚܶܡܬܳܐ ܪܶܓܬܳܐ ܘܝܰܥܢܽܘܬܳܐ ܘܫܰܪܟܳܐ ܕܣܰܢܝ̈ܳܬܳܐ ܗܳܐ ܢܳܒܗܳܢ ܡܶܢܶܗ ܡܶܛܽܠ ܕܚܰܦܺܝ ܐܶܢܶܝܢ ܒܥܳܠܡܳܐ ܕܨܶܒܝܳܢܶܗ ܡܰܘܕܶܝܢ ܟܳܦܽܘܪ̈ܶܐ ܕܗܰܝܟܠܰܐ ܗ̱ܘ ܘܠܳܐ ܟܳܘܙܳܐ ܪܽܘܚܳܐ ܕܫܳܪܝܳܐ ܒܨܰܐܘܬܶܗ ܘܠܳܐ ܗ̱ܘܳܐ ܐܰܝܟ ܐܶܪܰܡܝܳܐ ܒܓܽܘܒܳܐ ܡܥܳܩܳܐ ܒܶܗ
1,Nisibis,47,8,Nisibis 47:8,܀܀܀ ܢܟܰܣ ܠܟܳܦܽܘܪ̈ܶܐ ܕܶܐܬܚܰܒܰܫܘ̱ ܒܡ̈ܶܠܰܝܗܽܘܢ ܕܗܶܢܽܘܢ ܠܗܽܘܢ ܚܰܝܶܒܘ ܕܡܰܘܕܶܝܢ ܕܪܽܘܚ ܩܽܘܕܫܳܐ ܒܓܰܘ ܦܰܓܪܗܽܘܢ ܫܳܪܝܳܐ ܢܕܺܝܕܳܐ ܘܳܐܟܽܘܠܳܐ ܘܟܰܕ ܣܳܒܪܺܝܢ ܕܰܙܟܰܘ ܐܶܙܕܟܺܝܘ ܕܶܐܢܗܽܘ ܕܟܰܕ ܨܳܐܶܐ ܗܽܘ ܒܶܝܬ ܡܰܫܪܝܰܐ ܗ̱ܘ ܦܰܐܝܳܐ ܟܡܳܐ ܟܰܝ ܒܨܽܘܠܳܠܶܗ ܢܶܬܪܰܚܰܡ ܒܢܽܘܚܳܡܶܗ
1,Nisibis,47,9,Nisibis 47:9,ܫܺܐܕܳܐ ܫܪܳܐ ܒܓܽܘܫܡܳܐ ܘܟܰܕ ܥܰܪܨܰܐ ܗ̱ܘ ܣܰܢܝܳܐ ܪܳܚܶܡ ܕܢܶܥܡܰܪ ܒܶܗ ܟܰܕ ܐܳܪܚܰܐ ܗ̱ܘ ܠܺܝܛܳܐ ܨܰܘܡܰܐ ܗ̱ܘ ܥܳܩܰܪ ܠܶܗ ܠܝܰܥܢܳܐ ܕܠܳܐ ܢܳܦܶܩ ܢܰܦܫܳܐ ܟܡܳܐ ܬܶܪܚܰܡ ܠܡܰܥܡܪܳܗ̇ ܕܶܐܢ ܐܶܫܬܘܺܝܘ ܐܰܟܚܰܕ ܐܰܦܩܽܘܗ̱ܝ ܠܬܰܘܬܒܳܐ ܘܰܩܪܰܘ ܠܪܽܘܚ ܩܽܘܕܫܳܐ ܕܒܰܝܢܳܬܗܽܘܢ ܬܰܫܪܶܐ
1,Nisibis,47,10,Nisibis 47:10,ܘܶܐܢܗܽܘ ܕܳܐܦ ܪܽܘܚܳܐ ܛܡܐܬܐ ܒܢܽܘܩܝܳܐ ܫܳܪܝܳܐ ܘܥܰܠ ܡܺܝܬܳܐ ܫܰܟܢܳܐ ܘܡܶܬܰܐܣܳܪܳܐ ܘܡܶܫܬܰܘܬܳܦܳܐ ܠܩܰܝܣܳܐ ܓܠܺܝܦܳܐ ܕܠܳܐ ܫܳܡܰܥ ܟܡܳܐ ܟܺܝܬ ܪܽܘܚ ܩܽܘܕܫܳܐ ܬܚܰܒܒܺܝܘܗ̱ܝ ܠܦܰܓܪܳܐ ܕܥܰܠ ܣܰܒܪܳܐ ܀܀܀ ܐܶܬܕܒܰܚ ܘܠܳܐ ܕܒܰܚ ܓܰܠܝܳܐ ܗ̱ܝ ܕܳܐܦ ܩܶܛܠܶܗ ܣܳܗܕܰܐ ܗ̱ܘ ܕܢܽܘܚܳܡܶܗ
1,Nisibis,47,11,Nisibis 47:11,ܕܠܰܘ ܓܶܝܪ ܐܰܠܳܗܰܐ ܗ̱ܘ ܕܡܺܝ̈ܬܶܐ ܐܶܡܰܪ ܡܳܪܰܢ ܡܺܝ̈ܬܶܐ ܕܡܺܝ̈ܬܰܝܗܽܘܢ ܩܳܒܪܺܝܢ ܕܠܳܐ ܣܰܒܪܳܐ ܟܢܰܫܘ̱ ܗ̱ܘܰܘ ܕܪܰܫܘ̱ ܥܰܡܶܗ ܕܰܡܚܳܐ ܒ̈ܢܰܝ ܐ̱ܢܳܫܳܐ ܒܗܳܝ ܥܶܠܬܳܐ ܕܰܪܟܶܒܘ̱ ܐܶܙܕܰܟܺܝܘ ܕܰܬܢܳܐ ܠܗܽܘܢ ܣܳܦܪܳܐ ܘܰܐܚܺܝ ܠܗܽܘܢ ܡ̈ܺܝܬܶܐ ܒܡ̈ܶܠܶܐ ܘܒܰܥܒܳܕ̈ܶܐ ܫܪܳܪܶܗ ܠܢܽܘܚܳܡܳܐ
1,Nisibis,47,12,Nisibis 47:12,ܩܪܳܝܗ̱ܝ ܗ̱ܘܳܐ ܠܳܠܥܳܙܳܪ ܘܰܢܦܰܩ ܒܣܰܪ ܐܶܢܽܘܢ ܕܶܐܠܽܘ ܠܡܳܪܶܗ ܡܺܝܬ ܠܳܐ ܐܶܬܡܨܺܝ ܘܰܥܢܳܝܗ̱ܝ ܚܰܝ ܗ̱ܘܳܐ ܒܡܺܝܬܽܘܬܶܗ ܠܩܳܠܳܐ ܕܰܐܩܺܝܡܶܗ ܡܺܝܬܳܐ ܚܰܝܳܐ ܘܗܶܢܽܘܢ ܚܣܰܡܘ̱ ܘܡܺܝܬܘ̱ ܡܳܪܰܢ ܒܟܼܶܐ ܥܠܰܝܗܽܘܢ ܕܚ̈ܰܝܶܐ ܕܡܺܝܬܺܝܢ ܗ̱ܘܰܘ ܕܶܐܬܟܰܡܰܪܘ̱ ܒܢܽܘܚܳܡܳܐ ܕܰܐܦܨܚܶܗ ܠܳܠܥܳܙܳܪ
1,Nisibis,47,13,Nisibis 47:13,ܡܺܝܬܳܐ ܕܚܰܝܽܘܬܳܐ ܟܣܺܝܬܳܐ ܛܡܺܝܪܳܐ ܒܶܗ ܚܰܝ ܗܽܘ ܠܰܐܠܳܗܳܐ ܡܶܢ ܩܕܳܡ ܕܢܶܬܢܰܚܰܡ ܗܳܟܰܢ ܐܳܦ ܚܰܛܳܝܳܐ ܀܀܀ ܡܺܝܬܰܐ ܗ̱ܘ ܩܕܳܡ ܕܰܢܡܽܘܬ ܡܺܝܬܳܐ ܠܟܳܦܽܘܪ̈ܶܐ ܡܦܺܝܣ ܗ̱ܘܳܐ ܕܗܳܢܽܘܢ ܐܶܢܽܘܢ ܡܺܝ̈ܬܶܐ ܩܒܺܝܪ̈ܰܝ ܒܚܰܝ̈ܰܝܗܽܘܢ ܢܦܺܝܚܝ̱ ܒܢܶܚ̈ܬܰܝܗܽܘܢ ܡܰܣ̈ܝܰܝ ܒܚܰܘܒܰܝ̈ܗܽܘܢ
1,Nisibis,47,14,Nisibis 47:14,ܠܳܐ ܡܳܪܝ̱ ܢܶܚܙܽܘܢܳܢܝ̱ ܥܰܡܗܽܘܢ ܒܓܺܗܰܢܳܐ ܘܢܰܗܠܽܘܢ ܕܠܰܘ ܡܶܕܶܡ ܡܶܢܗܽܘܢ ܡܝܰܬܰܪ ܐ̱ܢܳܐ ܠܳܐ ܐܶܬܛܠܶܡ ܕܰܕܪܺܝܫ ܠܶܫܳܢܝ̱ ܚܠܳܦ ܩܽܘܫܬܳܐ ܠܳܐ ܡܳܪܝ̱ ܢܶܚܙܽܘܢܳܢܝ̱ ܠܘܳܬܗܽܘܢ ܢܶܕܥܽܘܢ ܕܥܰܠ ܗܳܕܶܐ ܗ̱ܽܘ ܚܰܢܬܳܢܝ̱ ܒܢܽܘܚܳܡܳܐ ܕܰܥܠܰܘܗ̱ܝ ܕܢܽܘܚܳܡܳܐ ܡܰܠܶܠܬ ܟܡܳܐ ܕܰܐܘܦܺܝܬ
1,Nisibis,48,1,Nisibis 48:1,ܐܰܦܪܰܥ ܘܐܬܶܥܰܠܰܡ ܫܰܒܛܶܗ ܕܠܶܘܳܝܳܐ ܕܨܶܒܝܳܢ ܥܶܠܳܝܳܐ ܢܰܚܡܶܗ ܕܢܳܟܶܣ ܒܶܗ ܐ̱ܪܳܙܳܐ ܕܢܽܘܚܳܡܳܐ ܠܚܶܫ ܠܰܢ ܒܫܰܠܝܽܘܬܶܗ ܦܺܐܪ̈ܶܐ ܐܳܦ ܛܰܪ̈ܦܶܐ ܠܒܶܫ ܗܘܳܐ ܒܦܶܪ̈ܥܰܘܗܝ ܡܝܰܒܶܒ ܗܘܳܐ ܕܠܰܐܗܪܽܘܢ ܐܙܶܕܰܕܰܩܘ ܠܒܽܘ̈ܫܶܐ ܕܟܽܘܡܪܽܘܬܳܐ ܀܀܀ ܙܶܕܩ̈ܶܐ ܕܬܶܫܡܫܬܳܐ ܕܦܰܓܪܳܐ ܒܢܽܘܚܳܡܳܟ
1,Nisibis,48,2,Nisibis 48:2,ܥܰܠܘ ܐܶܬܐܣܺܝܡܘ ܫ̈ܰܒܛܶܐ ܟܽܠܗܽܘܢ ܒܐ̱ܪܳܙ ܦܰܓܪܳܐ ܘܟܰܕ ܢܦܰܩܘ ܘܐܶܬܦܪܶܫܘ ܚܰܕ ܗܽܘ ܡܟܰܠܶܠ ܗܘܳܐ ܘܟܽܠܗܽܘܢ ܫܠܺܝܚܺܝܢ ܗܘܰܘ ܘܚܶܣܕܳܐ ܛܥܺܝܢܺܝܢ ܗܘܰܘ ܒܫܰܒܛܳܐ ܚܙܰܝ ܐ̱ܪܳܙܳܐ ܕܚܰܪܬܳܐ ܕܦܰܓܪ̈ܶܐ ܕܙܰܢܳܝ̈ܶܐ ܩܳܝܡܺܝܢ ܒܟܽܘܐܳܪܳܐ ܘܰܡܦܰܪܶܓ ܒܬܶܫܒܽܘܚܬܳܐ ܦܰܓܪܽܗܘܢ ܕܩܰܕܺܝܫ̈ܶܐ
1,Nisibis,48,3,Nisibis 48:3,ܗܽܘ ܕܶܝܢ ܗܰܘ ܫܰܒܛܳܐ ܐܶܬܣܺܝܡ ܒܐܪܽܘܢܳܐ ܘܰܟܡܳܐ ܕܬܰܡܳܢ ܗܘܳܐ ܡܗܰܒܶܒ ܘܪܳܘܶܙ ܗܘܳܐ ܪܳܐܙܰܐ ܗ̱ܘ ܕܦܰܪܕܰܝܣܳܐ ܕܒܶܗ ܪܳܘܙܺܝܢ ܦܰܓܪ̈ܶܐ ܡܢܢܳܐ ܢܦܺܝܣ ܥܠܰܘܗܝ ܕܠܳܐ ܚܳܡܝ ܕܟܰܕ ܗܽܘ ܒܓܰܘ ܩܶܣܛܳܐ ܠܳܐ ܣܪܺܝ ܕܰܣܪܳܐ ܗܘܳܐ ܐ̱ܪܳܙܰܐ ܗ̱ܘ ܕܡܳܝܽܘ̈ܬܶܐ ܕܠܳܐ ܡܰܝܬܶܝܢ ܒܰܥܕܶܢ
1,Nisibis,48,4,Nisibis 48:4,ܚܽܘܛܪܶܗ ܕܒܰܪ ܥܰܡܪܰܡ ܥܰܝ̈ܢܶܐ ܩܢܳܐ ܡܶܢ ܫܶܠܝ ܘܐܶܢ ܗܰܘ ܕܠܳܐ ܟܝܳܢܶܗ ܩܢܳܐ ܨܽܘܪܬܳܐ ܘܚ̈ܰܝܶܐ ܀܀܀ ܦܰܓܪܳܐ ܟܡܳܐ ܬܶܫܦܰܪ ܨܽܘܪܬܳܐ ܕܒܰܟܝܳܢܶܗ ܚܽܘܛܪܳܐ ܚܰܝܳܐ ܘܰܪܚܶܫ ܒܡܶܠܬܳܐ ܘܐܶܢܗܽܘ ܕܠܳܐ ܥܝܳܕܶܗ ܩܢܳܐ ܗܘܳܐ ܕܠܳܐ ܕܺܝܠܶܗ ܦܰܓܪܳܐ ܟܡܳܐ ܢܶܦܢܶܐ ܠܕܺܝܠܶܗ ܒܢܽܘܚܳܡܳܐ
1,Nisibis,48,5,Nisibis 48:5,ܡܽܘܫܶܐ ܢܛܰܪ ܓܰܪ̈ܡܶܐ ܘܰܬܒܰܪ ܫܕܳܐ ܠܽܘ̈ܚܶܐ ܝܰܬܺܝܪ ܡܶܢ ܠܽܘ̈ܚܶܐ ܫܠܰܕܳܐ ܡܙܰܝܰܚ ܗܘܳܐ ܠܽܘ̈ܚܶܐ ܚܠܳܦ ܠܽܘ̈ܚܶܐ ܓܠܰܦ ܗܘܳܐ ܕܢܰܠܶܦ ܗܘܳܐ ܕܠܳܐ ܗܘܳܐ ܠܢܽܘܚܳܡܳܐ ܡܙܰܡܢܰܢ ܠܰܘ ܕܶܝܢ ܐܚܪܺܝܢ ܦܰܓܪܳܐ ܚܠܳܦ ܗܰܘ ܕܠܳܥܳܙܳܪ ܢܦܰܩ ܗܘܳܐ ܕܢܰܘܕܰܥ ܗܘܳܐ ܕܗܳܢܰܘ ܕܡܶܬܢܰܚܰܡ
1,Nisibis,48,6,Nisibis 48:6,ܐܶܢ ܐܢܳܫ ܩܰܪܶܒ ܗܘܳܐ ܠܓܰܪ̈ܡܶܐ ܒܓܰܘ ܕܰܒܪܳܐ ܟܬܰܒ ܛܰܡܐܶܗ ܡܽܘܫܶܐ ܕܠܳܐ ܛܰܡܐܽܘܗܝ ܓܰܪ̈ܡܶܐ ܐܰܪ̈ܒܥܺܝܢ ܫ̈ܢܺܝܢ ܗܰܠܶܟ ܡܺܝܬܳܐ ܒܡܰܫܪܺܝܬܳܐ ܐ̱ܪܳܙܰܐ ܗ̱ܘ ܨܳܪ ܬܰܡܳܢ ܠܥܺܕܬܳܐ ܕܒܳܗ̇ ܡܶܬܟܪܶܙ ܟܽܠܝܘܢ ܡܰܘܬܶܗ ܕܡܰܚܶܐ ܟܽܠ ܨܠܺܝܒܰܐ ܗ̱ܘ ܕܚܰܝܽܘܬܳܐ ܕܗܰܠܶܟ ܒܡܰܫܪܺܝܬܳܐ
1,Nisibis,48,7,Nisibis 48:7,ܒܨܶܒܥܳܐ ܕܨܰܝܳܪܳܐ ܀܀܀ ܘܥܽܘܬܪܳܐ ܕܣܰܡ̈ܡܳܢܶܐ ܡܶܬܬܨܺܝܪ ܨܠܶܡ ܡܰܠܟܳܐ ܘܡܶܛܽܘܠ ܕܰܒܠܳܐ ܠܶܗ ܡܶܬܚܫܶܠ ܒܐܽܘܡ̈ܳܢܶܐ ܨܰܠܡܳܐ ܕܠܳܐ ܒܳܠܶܐ ܡ̈ܰܠܟܶܐ ܠܨܰܠܡ̈ܰܝܗܽܘܢ ܡܪܰܡܪܡܺܝܢ ܡܰܢܽܘ ܚܙܳܐ ܡܰܠܟܳܐ ܕܐܶܬܡܙܰܓ ܒܓܰܘ ܨܰܠܡܶܗ ܠܒܶܫ ܝܽܘܩܢܶܗ ܝܺܬܶܒ ܕܒܶܗ ܢܶܣܬܓܶܕ ܨܰܠܡܶܗ
1,Nisibis,48,8,Nisibis 48:8,ܐܚܪܺܢܳܐ ܥܒܰܕ ܨܰܠܡܳܐ ܕܶܫܬܺܝܢ ܘܫܶܬ ܐܰܡ̈ܺܝܢ ܘܟܰܕ ܗܽܘ ܙܥܽܘܪܳܐ ܗ̱ܘܳܐ ܒܨܰܠܡܳܐ ܨܒܳܐ ܕܢܺܐܪܰܒ ܟܰܢܶܫ ܠܗܰܘ ܨܰܠܡܶܗ ܣܶܓܕܬܳܐ ܕܶܐܬܟܣܰܣܬ ܡܳܪܰܢ ܥܒܰܕ ܬܶܗܪܳܐ ܒܡܰܐܬܝܶܗ ܕܟܰܕ ܗܽܘ ܕܠܳܐ ܣܰܟܰܐ ܗ̱ܘ ܒܨܰܠܡܳܐ ܙܥܰܪ ܫܺܝܛܳܐ ܘܟܰܢܶܫ ܒܗܰܘ ܨܰܠܡܳܐ ܣܶܓܕܬܳܐ ܡܒܰܕܰܪܬܳܐ
1,Nisibis,48,9,Nisibis 48:9,ܐܳܕܳܡ ܗܦܰܟ ܠܐܰܪܥܶܗ ܘܰܥܒܰܕ ܕܝܰܬܩܺܐ ܟܬܰܒ ܚܳܒ ܠܶܗ ܣܰܓܺܝ ܠܡܰܘܬܳܐ ܘܠܰܚܛܺܝܬܳܐ ܒܰܥܒܳܪ ܦܽܘܩܕܳܢܳܐ ܛܰܒܥܶܗ ܠܡܰܫܟܢܳܐ ܡܳܪܰܢ ܐܶܬܳܐ ܦܰܪܩܶܗ ܘܢܰܚܡܶܗ ܡܰܘܬܳܐ ܗܦܰܟ ܘܰܟܬܰܒ ܘܥܶܪܒܰܬ ܫܝܽܘܠ ܥܰܡܶܗ ܀܀܀ ܕܟܽܠ ܡܳܐ ܕܒܰܙܘ̱ ܘܰܚܛܰܦܘ̱ ܢܶܦܢܽܘܢ ܒܢܽܘܚܳܡܳܐ
1,Nisibis,48,10,Nisibis 48:10,ܐܶܠܥܳܐ ܕܚܰܘܳܐ ܬܽܘܒ ܡܶܢܳܗ̇ ܘܒܳܗ̇ ܣܶܓܝܰܬ ܓܰܪܡܳܐ ܓܣܳܐ ܓܰܪ̈ܡܶܐ ܘܪ̈ܶܓܫܶܐ ܘܫܰܪ̈ܝܳܢܶܐ ܫܒܶܫܬܳܐ ܗ̱ܝ ܕܡܶܢ ܐܳܕܳܡ ܕܒܳܗ̇ ܗܽܘ ܟܣܶܐ ܫܽܘܦܪܶܗ ܕܒܰܝܬܳܐ ܕܗܳܐ ܥܰܦܪܳܗ̇ ܒܓܰܘ ܫܝܽܘܠ ܟܡܳܐ ܟܰܝ ܕܠܺܝܠܳܐ ܠܶܗ ܠܰܐܪܕܺܟܠܳܐ ܕܟܽܠܳܐ ܕܡܶܢܶܗ ܘܒܶܗ ܢܶܒܢܶܝܘܗ̱ܝ ܒܪܶܡܙܳܐ ܕܡܶܐܬܺܝܬܶܗ
1,Nisibis,48,11,Nisibis 48:11,ܡܰܘܠܕܺܝܢ ܒܓܰܘ ܡܰܝ̈ܳܐ ܢܽܘ̈ܢܶܐ ܕܠܳܐ ܪ̈ܰܚܡܶܐ ܘܝܰܡܳܐ ܕܩܳܛܽܘܠܰܐ ܗ̱ܘ ܒܥܽܘܡܩܰܘ̈ܗ̱ܝ ܠܗܽܘܢ ܡܰܚܶܐ ܘܟܰܕ ܛܳܒ ܡܰܪܺܝܪܰܐ ܗ̱ܘ ܒܥܽܘܒܰܘ̈ܗ̱ܝ ܠܗܶܝܢ ܡܰܝܢܶܩ ܟܽܠܗܶܝܢ ܠܡܳܪܳܐ ܟܽܠ ܡܩܰܠܣܳܢ ܕܢܽܘ̈ܢܶܐ ܒܓܰܘ ܝܰܡܳܐ ܕܳܝܨܺܝܢ ܒܡܺܝܬܽܘܬܶܗ ܘܶܐܢ ܗܽܘ ܕܰܣܠܶܩܘ̱ ܠܳܐܐܰܪ ܐܶܬܚܢܶܩܘ̱ ܒܚܰܝܽܘܬܳܐ
1,Nisibis,48,12,Nisibis 48:12,ܠܳܐ ܟܺܝܬ ܢܶܦܗܽܘܢܳܟ ܩ̈ܳܠܶܐ ܕܠܳܐ ܣܰܒܪܳܐ ܕܚܰܕ ܗܽܘ ܕܶܐܢ ܦܩܰܕ ܠܚ̈ܰܝܶܐ ܡܰܡܺܝܬܺܝܢ ܠܳܟ ܘܗܽܘܝܽܘ ܕܶܐܢ ܪܳܡܶܙ ܠܡܰܘܬܳܐ ܡܢܰܚܶܡ ܠܳܟ ܒܓܰܙܳܐ ܕܨܶܒܝܳܢܶܗ ܫܟܺܝܚ ܟܽܠ ܡܰܘܬܳܐ ܠܙܰܕܺܝ̈ܩܶܐ ܫܶܢܬܰܐ ܗ̱ܘ ܒܩܰܒܪ̈ܰܝܗܽܘܢ ܘܚܰܝ̈ܶܐ ܠܚ̈ܰܛܳܝܶܐ ܩܳܛܠܺܝܢ ܒܓܺܗܰܢܳܐ
1,Nisibis,49,1,Nisibis 49:1,ܚܽܘܪ ܒܶܪܝ̱ ܒܟܺܐܢܽܘܬܳܗ̇ ܕܰܐܪܥܳܐ ܕܫܳܕܶܝܢ ܒܳܗ̇ ܚܶܛܬܳܐ ܡܫܰܠܰܚܬܳܐ ܫܒܶܫܬܳܐ ܡܦܰܪܣܺܝܬܳܐ ܙܽܘ̈ܳܕܶܐ ܐܳܦ ܢܰܚ̈ܬܶܐ ܡܰܛܥܢܳܐ ܠܬܰܪ̈ܬܰܝܗܶܝܢ ܣܓܽܘ̈ܠܶܐ ܕܠܳܐ ܝܶܙܦܰܬ ܦܶܪܥܳܐ ܩܰܪܢܳܐ ܘܪܰܒܰܝܬܳܐ ܦܶܪܥܳܐ ܠܶܐܟܳܪܳܐ ܟܡܳܐ ܦܶܪܥܳܐ ܠܡܳܪܳܗ̇ ܙܰܪ̈ܥܽܘܗ̱ܝ ܕܠܳܐ ܪܰܒܺܝ ܚܡܺܝܪܳܐ ܕܢܳܓܶܕ ܠܰܢ
1,Nisibis,49,2,Nisibis 49:2,ܠܰܘ ܓܶܝܪ ܚܰܕ ܦܰܓܪܳܐ ܡܶܙܕܪܰܥ ܘܣܰܓܺܝ̈ܐܶܐ ܐܰܝܟ ܚܶܛܬܳܐ ܡܶܢܶܗ ܢܳܒܥܺܝܢ ܒܢܽܘܚܳܡܳܐ ܚܰܕܽ ܗ̱ܘ ܢܦܰܠ ܘܰܐܩܺܝܡ ܫܶܒܠܳܐ ܕܫܰܪ̈ܒܳܬܰܢ ܕܢܰܟܶܣ ܠܟܳܦܽܘܪ̈ܶܐ ܟܡܳܐ ܟܦܰܪܘ̱ ܀܀܀ ܕܶܐܠܳܐ ܠܒܶܫ ܦܰܓܪܰܢ ܐܰܝܟܰܢ ܛܥܶܡ ܡܰܘܬܰܢ ܘܶܐܠܳܐ ܩܛܺܝܠ ܦܰܓܪܶܗ ܒܙܺܐܦܰܐ ܗ̱ܘ ܩܨܳܐ ܠܰܚܡܶܗ
1,Nisibis,49,3,Nisibis 49:3,ܐܰܪܥܳܐ ܕܳܐܦ ܪܰܚܫܳܐ ܡܰܘܠܕܳܐ ܒܦܽܘܩܕܳܢܳܐ ܥܽܘ̈ܩܣܶܐ ܕܢܶܟܝ̈ܳܢܶܐ ܡܪܰܚܫܳܐ ܒܚܰܝܽܘܬܳܗ̇ ܟܡܳܐ ܚܳܕܝܳܐ ܒܰܒܪܳܗ̇ ܕܢܺܚܶܐ ܘܢܶܬܢܰܚܰܡ ܕܰܒܥܶܠܬܶܗ ܝܶܪܒܶܬ ܕܶܐܬܓܒܶܠ ܕܺܐܝܕܶܗ ܕܒܳܪܽܘܝܳܐ ܝܰܩܪܰܬ ܠܕܰܚܺܝܚܳܗ̇ ܘܰܒܥܶܠܬܶܗ ܡܳܪܰܢ ܐܰܬܪܟܶܢ ܘܗܰܠܶܟ ܒܳܗ̇
1,Nisibis,49,4,Nisibis 49:4,ܒܺܝܫܳܐ ܗ̱ܝ ܥܰܩܪܽܘܬܳܐ ܡܶܢ ܫܝܽܘܠ ܒܦܽܘܚܳܡܳܐ ܙܰܪܥܳܐ ܕܚܰܝܽܘܬܳܐ ܡܶܬܚܢܶܩ ܒܓܰܘ ܥܽܘܒܳܗ̇ ܒܰܫܝܽܘܠ ܓܶܝܪ ܡܶܡܬܽܘܡ ܠܳܐ ܡܶܬܩܒܰܪ ܚܰܝܳܐ ܦܰܓܪܰܐ ܗ̱ܘ ܥܳܐܶܠ ܠܳܗ̇ ܡܳܐ ܕܡܺܝܬ ܐܶܢ ܟܺܝܬ ܥܰܩܪܽܘܬܳܐ ܦܰܢܝܰܬ ܒ̈ܢܰܝ ܐ̱ܢܳܫܳܐ ܟܡܳܐ ܦܶܪܥܳܐ ܟܰܪܣܳܗ̇ ܕܰܐܪܥܳܐ ܒܢܽܘܚܳܡܳܐ
1,Nisibis,49,5,Nisibis 49:5,ܩܰܫܝܳܐ ܗ̱ܝ ܐܳܦ ܢܽܘܪܳܐ ܡܶܢ ܫܝܽܘܠ ܒܢܶܣܝܳܢܳܐ ܕܚ̈ܰܝܶܐ ܐܳܦ ܡܺܝ̈ܬܶܐ ܀܀܀ ܒܶܠܥܳܐ ܒܟܰܦܢܽܘܬܳܗ̇ ܠܦܰܓܪܳܐ ܒܓܰܘ ܥܽܘܒܳܗ̇ ܢܶܛܪܰܬ ܒܦܽܘܩܕܳܢܳܐ ܛܠܽܘܡܬܳܐ ܝܶܗܒܰܬ ܘܰܐܣܓܝܰܬ ܩܰܪܢܳܐ ܘܪܰܒܰܝܬܳܐ ܦܶܢܝܰܬ ܠܚ̈ܰܙܳܝܶܐ ܕܰܚܠܳܦ ܬܠܺܝ̈ܬܳܝܶܐ ܚܰܘܝܰܬ ܐ̱ܪ̈ܒܺܝܥܳܝܶܐ
1,Nisibis,49,6,Nisibis 49:6,ܢܽܘܪܳܐ ܗ̱ܝ ܕܣܰܓ̈ܺܝܐܶܐ ܓܶܪܣܰܬ ܒܝܰܥܢܽܘܬܳܗ̇ ܬܠܳܬܳܐ ܢܦܰܠܘ̱ ܗ̱ܘܰܘ ܒܳܗ̇ ܘܰܣܓܺܝܘ ܒܓܰܘ ܥܽܘܒܳܗ̇ ܢܽܘܪܳܐ ܕܟܶܡܰܬ ܗ̱ܘܳܬ ܥܰܠ ܟܽܠ ܕܶܐܟܠܰܬ ܗ̱ܘܳܬ ܦܪܰܥܬܶܗ ܠܗܰܘ ܕܰܨܒܳܐ ܕܢܶܬܛܠܶܡ ܕܰܐܘܙܶܦ ܕܢܰܘܒܶܕ ܗ̱ܘܳܐ ܘܟܰܕ ܠܳܐ ܬܳܒܰܥ ܦܶܪܥܰܬ ܐܰܣܓܺܝ ܢܣܰܒ ܘܰܒܗܶܬ ܘܶܐܬܦܪܰܥ ܘܶܐܬܟܰܐܰܪ
1,Nisibis,49,7,Nisibis 49:7,ܕܳܡܶܐ ܗܽܘ ܠܣܳܛܳܢܳܐ ܕܡܰܘܙܶܦ ܘܠܳܐ ܬܳܒܰܥ ܟܶܣܦܶܗ ܡܛܰܒܰܥ ܠܶܗ ܠܘܳܬܶܗ ܕܝܙܦܳܐ ܡܰܘܙܶܦ ܘܡܰܣܶܩ ܠܶܗ ܩܨܳܨܳܐ ܘܪܰܒܰܝܬܳܐ ܢܽܘܪܳܐ ܠܒܰܪ ܛܽܘܗܡܳܗ̇ ܦܰܢܝܰܬ ܡܶܕܶܡ ܕܠܳܐ ܬܰܒܥܳܗ̇ ܟܡܳܐ ܦܳܪܥܳܐ ܐܰܪܥܳܐ ܚܰܘܒܬܳܗ̇ ܒܢܽܘܚܳܡܳܐ ܠܟܺܐܢܳܐ ܕܬܳܒܰܥ ܠܳܗ̇ ܀܀܀
1,Nisibis,49,8,Nisibis 49:8,ܦܰܓܪܳܐ ܕܡܺܝܬ ܡܰܘܠܶܕ ܬܽܘ̈ܠܥܶܐ ܕܠܳܐ ܙܽܘܘܳܓ ܘܶܐܢ ܗܽܘ ܕܡܺܝܬܽܘܬܳܐ ܐܰܘܠܕܰܬ ܠܚܰܝܽܘܬܳܐ ܟܡܳܐ ܟܺܝܬ ܡܰܚܶܐ ܟܽܘܠ ܢܺܚܶܝܗ̇ ܠܡܺܝܬܽܘܬܳܐ ܦܰܓܪܳܐ ܕܡܺܝܬ ܡܰܘܠܶܕ ܒܓܰܘ ܫܝܽܘܠ ܘܶܐܢܗܽܘ ܕܡܺܝܬܽܘܬܳܐ ܪܶܦܬܰܬ ܒܚܰܝܽܘܬܳܐ ܟܡܳܐ ܪܳܦܬܺܝܢ ܓܰܪ̈ܡܰܘܗ̱ܝ ܒܩܳܠܶܗ ܕܡܰܚܶܐ ܟܽܠ
1,Nisibis,49,9,Nisibis 49:9,ܢܒܺܝܳܐ ܕܒܰܦܩܰܥܬܳܐ ܢܰܠܦܳܟ ܕܰܐܝܟܰܢܳܐ ܓܰܪ̈ܡܶܐ ܕܠܳܐ ܙܰܘܥܳܐ ܪܦܰܬܘ̱ ܗ̱ܘܰܘ ܒܦܽܘܩܕܳܢܳܐ ܒܰܝܬܳܐ ܒܢܳܐ ܢܰܦܫܶܗ ܕܰܐܪܕܺܟܠܶܗ ܦܩܰܕ ܠܶܗ ܘܡܰܘܬܳܐ ܕܡܰܠܟܳܐ ܗ̱ܘܳܐ ܒܓܰܘ ܫܝܽܘܠ ܦܳܥܠܳܐ ܗ̱ܘܳܐ ܡܶܢ ܫܶܠܝ̱ ܕܓܰܪ̈ܡܶܐ ܡܩܰܪܶܒ ܗ̱ܘܳܐ ܘܰܬܥܶܫ ܒܒܶܢܝܳܢܶܗ ܕܗܰܘ ܗܰܝܟܠܳܐ ܕܰܐܪܡܺܝ
1,Nisibis,49,10,Nisibis 49:10,ܣܰܬܘܳܐ ܕܠܳܐ ܪ̈ܰܚܡܶܐ ܒܛܽܘܦܣܳܐ ܕܓܰܝܳܣܳܐ ܢܦܰܩ ܘܢܰܚ̈ܬܰܝܗܽܘܢ ܡܰܫܠܰܚ ܕܺܐܝ̈ܠܳܢܶܐ ܡܰܟܡܰܪ ܠܗܽܘܢ ܥܰܪܛܶܠ ܕܡܰܥܕܳܐ ܠܒܽܘܫ̈ܰܝܗܽܘܢ ܕܽܘܡܝܳܐ ܗ̱ܘܳܐ ܠܡܰܘܬܳܐ ܒܟܽܠܗܶܝܢ ܢܺܝܣܳܢ ܡܰܦܪܰܥ ܠܳܟ ܘܐ̱ܪܙܶܗ ܕܡܰܚܶܐ ܟܽܠ ܠܦܰܩ̈ܳܚܶܐ ܘܠܺܐܝ̈ܠܳܢܶܐ ܡܰܦܢܶܐ ܠܒܽܘܫ̈ܰܝܗܽܘܢ
1,Nisibis,49,11,Nisibis 49:11,ܠܥܶܣ̈ܒܶܐ ܘܥܶܩܳܪ̈ܶܐ ܘܦܰܩܳܚ̈ܶܐ ܘܗܰܒ̈ܳܒܶܐ ܡܢܰܚܶܡ ܒܫܽܘܦܪ̈ܰܝܗܽܘܢ ܘܨܳܒܰܥ ܠܓܰܘ̈ܳܢܰܝܗܽܘܢ ܛܳܒܳܐ ܕܥܰܠ ܦܰܩ̈ܳܚܶܐ ܕܠܳܐ ܐܰܘܙܦܽܘܗ̱ܝ ܡܶܕܶܡ ܒܛܺܝܠ ܠܳܗ̇ ܠܛܰܝܒܽܘܬܶܗ ܒܟܽܠܗܶܝܢ ܚܳܣ ܠܳܗ̇ ܠܟܺܐܢܽܘܬܶܗ ܕܰܛܠܶܡ ܘܛܳܥܶܐ ܗ̱ܘܳܐ ܠܦܰܓܪ̈ܶܐ ܕܚܰܒܺܝ̈ܒܰܘܗ̱ܝ ܒܫܽܘܒܚܳܐ ܕܡܶܐܬܺܝܬܶܗ
1,Nisibis,49,12,Nisibis 49:12,ܡܰܢܽܘ ܡܛܰܫܶܐ ܠܶܗ ܠܫܶܡܫܳܐ ܒܓܰܘ ܥܽܘܒܶܗ ܡܰܢܽܘ ܡܟܰܣܶܐ ܠܶܗ ܠܛܽܘܪܳܐ ܒܟ̈ܶܢܦܳܬܶܗ ܡܰܢܽܘ ܡܚܰܦܶܐ ܠܶܗ ܠܩܽܘܫܬܳܐ ܒܚܶܪܝܳܢܶܗ ܗܳܘܶܐ ܗܽܘ ܓܶܝܪ ܣܰܒܪܳܐ ܠܰܫܟ̈ܺܝܒܶܐ ܡܰܢܽܘ ܡܕܰܓܶܠ ܠܶܗ ܠܟܶܢܫܳܐ ܕܢܶܣܝܳܢܳܐ ܛܳܒܳܐ ܕܪ̈ܰܗܒܽܘܢܰܘܗ̱ܝ ܣܳܗܕܺܝܢ ܠܢܽܘܚܳܡܶܗ
1,Nisibis,49,13,Nisibis 49:13,ܐܶܢ ܚܳܕܝܳܐ ܣܰܪܳܐ ܕܬܰܩܒܶܠ ܠܰܐܒܪܳܗܳܡ ܘܢܶܗܘܽܘܢ ܒܡܰܠܟܽܘܬܳܐ ܬܪ̈ܰܝܗܽܘܢ ܒܕܰܟܝܽܘܬܳܐ ܟܡܳܐ ܚܳܕܝܳܐ ܢܰܦܫܳܐ ܀܀܀ ܕܬܰܩܒܶܠ ܠܫܰܘܬܳܦܳܗ̇ ܦܽܘܪܫܳܢܗܽܘܢ ܣܳܗܶܕ ܠܚܽܘܒܗܽܘܢ ܕܡ̈ܶܥܶܐ ܢܦܺܝܣܳܢܳܟ ܕܡܳܐ ܕܦܳܪܫܺܝܢ ܒܳܟܶܝܢ ܕܬܽܘܒ ܚܰܕ ܠܚܰܕ ܨܳܒܶܝܢ ܕܢܶܚܙܽܘܢ ܒܢܽܘܚܳܡܳܐ
1,Nisibis,49,14,Nisibis 49:14,ܠܦܰܓܪܳܐ ܩܪܺܝ ܕܢܶܗܘܶܐ ܣܳܗܕܳܐ ܕܢܽܘܚܳܡܶܗ ܕܟܰܕ ܐܶܬܓܒܰܠ ܐܳܕܳܡ ܡܰܢ ܗܳܝ ܫܚܺܝܡܽܘܬܳܐ ܡܥܺܝܢܳܐ ܕܦܽܘܪ̈ܫܳܢܶܐ ܢܣܰܟ ܒܶܗ ܒܕܰܚܺܝܚܳܐ ܥܰܦܪܰܐ ܗ̱ܘ ܕܶܐܫܬܰܚܠܰܦ ܠܟܽܠ ܨܒܽܘ ܕܡܰܠܶܠ ܚܙܳܐ ܘܰܫܡܰܥ ܘܰܐܪܺܝܚ ܘܓܰܫ ܘܰܛܥܶܡ ܘܰܐܪܡܰܚ ܚܛܳܐ ܘܰܢܦܰܠ ܘܶܐܬܚܢܶܢ ܚܝܳܐ ܘܰܣܠܶܩ
1,Nisibis,49,15,Nisibis 49:15,ܫܽܘܥܳܐ ܘܛܰܪܢܳܐ ܕܶܐܣܬܕܶܩ ܒܦܽܘܩܕܳܢܳܐ ܕܰܒܠܰܥ ܕܠܳܐ ܐܰܣܟܶܠ ܘܶܐܬܬܒܰܥ ܕܠܳܐ ܩܰܒܶܠ ܘܟܰܕ ܠܳܐ ܝܺܙܶܦ ܡܶܢ ܐ̱ܢܳܫ ܠܟܽܠ ܐ̱ܢܳܫ ܦܪܰܥ ܫܰܩܝܳܐ ܡܰܘܬܳܐ ܕܶܐܬܝܰܥܶܢ ܡܶܣܬܪܶܩ ܒܦܰܩܥܳܐ ܕܡܶܢ ܫܶܠܝܳܐ ܘܪܰܥܡܳܗ̇ ܕܗܳܝ ܩܰܪܢܳܐ ܕܗܺܝ ܩܰܪܢܳܐ ܡܺܝ̈ܬܶܐ ܠܽܐܘܪܥܶܗ ܕܒܰܪ ܡܰܠܟܳܐ
1,Nisibis,49,16,Nisibis 49:16,ܘܰܐܝܟܰܢ ܕܶܐܢ ܡܶܢ ܫܶܠܝ̱ ܀܀܀ ܒܓܰܘ ܠܺܠܝܳܐ ܢܶܓܕܰܫ ܪܰܥܡܳܐ ܕܛܳܒ ܥܰܙܺܝܙ ܘܦܰܩܥܳܐ ܕܛܳܒ ܚܰܣܺܝܢ ܡܰܬܘܰܗ ܡܥܺܝܪ ܕܰܡ̈ܟܶܐ ܘܰܡܢܳܕ ܠܰܛܒܺܝ̈ܥܶܐ ܗܳܟܰܢ ܒܗܳܝ ܩܰܪܢܳܐ ܐ̱ܚܪܳܝܬܳܐ ܩܳܠܳܗ̇ ܡܩܺܝܡ ܡܺܝ̈ܬܶܐ ܠܳܐ ܗ̱ܘܳܐ ܕܥܰܙܺܝܙܰܐ ܗ̱ܘ ܐܶܠܳܐ ܕܦܽܘܩܕܳܢܳܐ ܫܪܳܐ ܒܳܗ̇ ܒܢܽܘܚܳܡܳܐ
1,Nisibis,49,17,Nisibis 49:17,ܘܡܳܐ ܕܶܐܬܬܥܺܝܪܘ̱ ܡܶܢ ܫܶܠܝ̱ ܬܽܘܗܶܝܢ ܘܡܶܬܪܰܗܒܺܝܢ ܕܚܰܕ ܡܶܬܕܟܰܪ ܥܰܘܠܶܗ ܐ̱ܚܪܺܢܳܐ ܠܛܰܡܐܽܘܬܶܗ ܗܳܝ ܫܳܥܬܳܐ ܛܽܘܒܰܘܗ̱ܝ ܠܰܐܝܢܳܐ ܕܶܥܗܰܕ ܠܳܗ̇ ܕܒܳܗ̇ ܙܳܝܥܺܝܢ ܬܰܡܳܢ ܘܢܳܝܕܺܝܢ ܕܰܚܒ̈ܳܠܰܐ ܗ̱ܘ ܡܚܶܝܢ ܒܳܗ̇ ܕܪܽܘܓܙܳܐ ܠܥܰܘ̈ܳܠܶܐ ܢܶܒܥܽܘܢ ܥܰܠܝ̱ ܟܺܐܢ̈ܶܐ ܟܽܠܗܽܘܢ ܒܗܰܘ ܥܶܕܳܢ
1,Nisibis,50,1,Nisibis 50:1,ܐܰܘܕܶܐ ܥܰܕ ܐܰܝܬܺܝ ܠܳܐ ܐܶܗܘܶܐ ܐܰܝܟ ܠܰܝܬܰܝ ܐܰܘܕܶܐ ܒܚ̈ܰܝܰܝ ܠܳܐ ܐܶܗܘܶܐ ܡܺܝܬܳܐ ܒܚܰܝ̈ܰܝ ܕܳܐܦ ܒܰܛܝܠܐ ܡܝܬܰܐ ܗ̱ܘ ܕܰܬܪܶܝܢ ܕܰܐܪܥܐ ܕܟܳܡܰܬ ܠܰܐܟܳܪܳܗ̇ ܛܶܠܡܰܬ ܀܀܀
1,Nisibis,50,2,Nisibis 50:2,ܒܳܟ ܡܳܪܝ ܢܶܬܶܠ ܦܽܘܡܝ̱ ܫܽܘܒܚܶܐ ܡܶܢ ܓܰܘ ܫܶܬܩܳܐ ܠܳܐ ܢܶܗܘܶܐ ܦܽܘܡܰܢ ܥܰܩܪܳܐ ܡܶܢ ܬܶܫܒܽܘܚܬܳܐ ܘܠܳܐ ܢܶܬ̥ܓܰܙ̈ܝܳܢ ܐܳܦ ܣܶܦܘ̈ܳܬܰܢ ܡܶܢ ܬܰܘܕܺܝܬܳܐ ܫܽܘܒܚܳܟ ܢܶܪܦܰܬ ܒܰܢ
1,Nisibis,50,3,Nisibis 50:3,ܓܒܺܝ̈ܠܶܐ ܓܒܰܠܘ̱ ܥܰܦܪܳܐ ܘܰܐܪ̈ܥܳܢܶܐ ܬܥܶܫܘ̱ ܒܰܐܪܥܳܐ ܪܚܺܝܡ ܗ̱ܽܘ ܠܰܢ ܦܰܓܪܳܐ ܕܰܐܚܝܰܢ ܐܰܝܟ ܒܰܪ ܛܽܘܗܡܳܐ ܕܰܚܺܝܚܰܐ ܗ̱ܘ ܓܶܝܪ ܗܽܘ ܥܰܩܪܰܢ ܘܦܺܐܪ̈ܶܐ ܕܥܰܡ̈ܠܰܘܗ̱ܝ ܣܰܘ̈ܟܰܝܢ ܛܥܺܝ̈ܢܳܢ
1,Nisibis,50,4,Nisibis 50:4,ܕܝܰܘܡܳܐ ܠܳܐ ܬܺܐܨܰܦ ܘܕܰܫܢܰܝ̈ܳܐ ܝܰܨܺܝܦܺܝܢܰܢ ܠܰܙܩܳܪ̈ܳܬܳܐ ܒܫܽܘܫܰܢ̈ܶܐ ܒܣܰܪ ܡܰܠܒܶܫ ܟܽܠ ܒܥܽܘܪ̈ܒܶܐ ܝܰܥܢ̈ܶܐ ܠܝܰܥܢܳܐ ܐܰܟܶܣ ܗܰܘ ܙܳܐܶܢ ܟܽܠ ܕܰܠܟܽܠ ܟܽܠ ܝܰܗ̱ܒ
1,Nisibis,50,5,Nisibis 50:5,ܕܳܪܰܢ ܐܰܝܟ ܛܰܪܦܰܐ ܗ̱ܘ ܘܕܰܢܬ̥ܰܪ ܗܳܐ ܙܰܒܢܶܗ ܕܟܰܪܝܳܐ ܕܶܝܢ ܡܽܘܫܚܰܬ ܚܰܝܰܝ̈ܢ ܢܰܘܪܶܟ ܫܽܘܒܚܳܐ ܕܰܟܡܳܐ ܓܶܝܪ ܕܰܐܪܺܝܟ ܡܶܬܚܶܗ ܕܚܰܘܒܰܢ ܒܶܗ ܩܢܰܝܢ ܚ̱ܢܰܢ ܚܰܝ̈ܶܐ ܕܠܳܐ ܡܽܘܫܚܳܐ
1,Nisibis,50,6,Nisibis 50:6,ܕܰܒܡܳܪܰܢ ܡܛܰܥܰܡ ܫܶܪܫܳܐ ܕܗܰܝܡܳܢܽܘܬܰܢ ܐܳܦܶܢ ܪܰܚܺܝܩ ܩܰܪܺܝܒ ܗ̱ܽܘ ܠܰܢ ܒܡܽܘܙܳܓ ܚܽܘܒܳܐ ܫܶܪ̈ܫܶܐ ܕܚܽܘܒܰܢ ܒܶܗ ܢܶܬܐܰܣܪܽܘܢ ܘܒܰܢ ܢܶܬܡܰܙܓܽܘܢ ܡܶܬܚ̈ܶܐ ܕܰܚܢܳܢܶܗ ܀܀܀
1,Nisibis,50,7,Nisibis 50:7,ܗܰܝܟܠܳܐ ܡܳܪܝ ܢܶܗܘܶܐ ܗܽܘ ܦܰܓܪܳܐ ܠܒܰܢܳܝܶܗ ܠܰܐܪܕܺܝܟܠܳܗ̇ ܬܶܗܘܶܐ ܢܰܦܫܳܐ ܒܺܝܪܰܬ ܫܽܘܒܚܳܐ ܠܳܐ ܡܳܪܝ̱ ܢܶܗܘܶܐ ܦܰܓܪܰܢ ܢܶܩܥܳܐ ܐܳܦ ܠܳܐ ܢܰܦܫܰܢ ܠܡܺܐܢܳܐ ܕܚܽܘܣܪܳܢܳܐ
1,Nisibis,50,8,Nisibis 50:8,ܘܰܕܛܰܦܛܶܦ ܢܽܘܗܪܳܐ ܕܗܳܕܶܐ ܢܶܫܡܰܬ ܙܰܒܢܳܐ ܫܪܳܓ̥ܳܐ ܕܰܕܥܶܟ ܡܶܢ ܪܰܡܫܳܐ ܒܫܰܦܪܳܐ ܢܗܰܪ ܐܶܬܳܐ ܫܶܡܫܳܐ ܒܪܰܬܚܳܐ ܕܕܶܢܚܶܗ ܡܩܺܝܡ ܩܰܪ̈ܺܝܪܶܐ ܘܡܰܢܗܰܪ ܕܰܥܺܝ̈ܟܶܐ
1,Nisibis,50,9,Nisibis 50:9,ܙܳܕܶܩ ܗ̱ܽܘ ܕܢܰܘܕܶܐ ܠܗܰܘ ܢܽܘܗܪܳܐ ܡܰܢܗܰܪ ܟܽܠ ܕܰܒܫܰܦܪܳܐ ܫܪܳܓܳܐ ܕܳܥܶܟ ܕܣܳܠܶܩ ܫܶܡܫܳܐ ܫܶܡܫܳܐ ܚܰܕ̱ܬܳܐ ܚܰܕ̱ܬܳܐ ܥܳܒܶܕ ܕܒܰܫܝܽܘܠ ܡܰܢܗܰܪ ܕ̈ܰܥܝܟܶܐ ܫܪ̈ܳܓܶܐ
1,Nisibis,50,10,Nisibis 50:10,ܚܠܳܦ ܡܰܘܬܳܐ ܕܰܒܟܽܠ ܐܰܦܺܝܚ ܪܺܝܚ ܡܺܝܬܽܘܬܶܗ ܪܺܝܚܳܐ ܚܰܝܳܐ ܡܳܚܶܐ ܟܽܠ ܒܰܫܝܽܘܠ ܦܳܐܰܚ ܡܺܝ̈ܬܶܐ ܣܳܝܩܺܝܢ ܡܶܢ ܚܰܝܽܘܬܶܗ ܚܰܝ̈ܶܐ ܚܰܕ̱̈ܬܶܐ ܕܡܰܘܬܳܐ ܒܗܽܘܢ ܡܳܐܶܬ
1,Nisibis,50,11,Nisibis 50:11,ܛܽܘܦܣܰܐ ܗ̱ܘ ܕܰܠܡܺܝܬܳܐ ܡܳܚܶܐ ܪܺܝܚܶܗ ܕܰܩܒܺܝܪܳܐ ܡܺܝܬܳܐ ܕܝܰܘܡܳܐ ܣܳܩ ܚܰܝ̈ܶܐ ܡܶܢ ܥܰܬܺܝܩܳܐ ܪܺܝܚܳܐ ܚܰܝܳܐ ܦܳܚ ܡܶܢ ܓܰܪ̈ܡܶܐ ܘܥܰܠ ܒܰܫܠܰܕܳܐ ܐ̱ܪܳܙܶܗ ܕܡܰܚܶܐ ܟܽܠ
1,Nisibis,50,12,Nisibis 50:12,ܝܶܫܽܘ̇ܥ ܬܰܪܓܶܡ ܠܰܢ ܐ̱ܪ̈ܳܙܶܐ ܕܰܗܘܰܘ ܒܰܫܝܽܘܠ ܕܡܶܢ ܗܰܘ ܕܰܥܺܝܟܳܐ ܫܪܳܓܳܐ ܫܪܳܓܳܐ ܢܳܗܰܪ ܗ̱ܘܳܐ ܘܟܰܕ ܗ̱ܽܘ ܐܰܪܡܺܝ ܗ̱ܘܳܐ ܐܰܩܺܝܡ ܡܰܦܽܘܠܬܳܐ ܦܳܫ ܘܫܰܕܰܪ ܣܳܗܕ̈ܶܐ ܠܡܶܐܬܺܝܬܶܗ
1,Nisibis,50,13,Nisibis 50:13,ܟܡܳܐ ܡܳܪܝ ܕܶܐܡܽܘܫܳܟ ܠܰܘ ܠܳܟ ܗ̱ܽܘ ܓܳܐܶܫ ܐ̱ܢܳܐ ܡܶܕܶܡ ܓܶܝܪ ܠܳܐ ܓܰܫ ܡܰܕܰܥܝ̱ ܡܶܢ ܟܰܣܝܽܘܬܳܟ ܨܰܠܡܰܐ ܗ̱ܘ ܓܰܠܝܳܐ ܘܳܐܦ ܕܰܢܺܝܚܳܐ ܚܙܺܝܬ ܒܐ̱ܪܳܙܳܟ ܕܰܟܣܶܐ ܗ̱ܘ ܗܽܘ ܥܽܘܩܳܒܳܟ
1,Nisibis,51,1,Nisibis 51:1,ܒܙܺܝܙܳܢܳܐ ܦܶܓܥܶܬ ܐܰܚܰܝ̈ ܕܰܠܒܺܝܫ ܗ̱ܘܳܐ ܓܰܘܢܳܐ ܕܚ̈ܶܛܶܐ ܕܰܢܕܰܘܶܕ ܙܰܪܥܳܐ ܛܳܒܳܐ ܘܕܶܐܬܦܰܩܰܕܘ̱ ܐܰܟܳܪ̈ܶܐ ܠܳܐ ܫܰܩܠܽܘܗ̱ܝ ܐܳܦ ܠܳܐ ܥܰܩܪܽܘܗ̱ܝ ܘܳܐܦܶܢ ܐܰܗܡܺܝܘ ܐܰܟܳܪ̈ܶܐ ܥܫܶܢ ܙܰܪܥܳܐ ܡܶܢ ܙܺܝ̈ܙܳܢܶܐ ܪܰܒܺܝ ܘܰܣܓܺܝ ܘܚܰܦܺܝ ܚܰܢܩܶܗ
1,Nisibis,51,2,Nisibis 51:2,ܦܓܰܥ ܒܺܝ ܟܬܳܒܶܗ ܕܒܰܪ ܕܰܝܨܳܢ ܘܶܐܬܐܰܠܨܶܬ ܕܰܡܠܶܐ ܫܳܥܳܐ ܐܰܣܪܰܚ ܐܶܕ̈ܢܰܝ ܕ̈ܰܟܝܳܬܳܐ ܘܶܐܥܒܶܕ ܐܶܢܶܝܢ ܡܰܥܒܰܪܬܳܐ ܠܡܰܡܠ̱ܠܳܐ ܕܰܡܠܶܐ ܓܽܘܕܳܦܳܐ ܀܀܀ ܪܶܗܛܶܬ ܬܽܘܒ ܐܰܣܚܺܝܬ ܐܶܢܶܝܢ ܒܩܶܪܝܳܢܳܐ ܫܰܦܝܳܐ ܘܕܰܟܝܳܐ ܕܰܟܬܳܒܶܝ̈ܗ̇ ܕܰܐܠܳܗܽܘܬܳܐ
1,Nisibis,51,3,Nisibis 51:3,ܫܶܡܥܶܬ ܡܶܢ ܗܰܘ ܩܶܪܝܳܢܳܐ ܟܰܕ ܓܰܕܶܦ ܥܰܠ ܟܺܐܢܽܘܬܳܐ ܘܥܰܠ ܒܰܪ̱ܬ ܙܰܘܓܳܗ̇ ܛܰܝܒܽܘܬܳܐ ܐܶܢ ܓܶܝܪ ܦܰܓܪܳܐ ܠܳܐ ܩܳܐܶܡ ܚܶܣܕܰܐ ܗ̱ܘ ܒܺܝܫܳܐ ܠܛܰܝܒܽܘܬܳܐ ܕܰܒܪܳܬܶܗ ܐܰܝܟ ܕܰܠܣܽܘܪܳܚܰܢ ܘܓܽܘܕܳܦܰܐ ܗ̱ܘ ܕܥܰܠ ܟܺܐܢܽܘܬܳܐ ܕܰܫܕܳܬܶܗ ܐܰܝܟ ܕܠܰܐܒܕܳܢ
1,Nisibis,51,4,Nisibis 51:4,ܡܥܺܝܩ ܗ̱ܘܐ ܕܶܝܢ ܗܽܘ ܩܶܪܝܳܢܳܐ ܠܢܰܦܫܳܐ ܘܦܰܓܪܳܐ ܫܰܘܝܳܐܺܝܬ ܕܰܐܪܡܺܝ ܒܰܝܢܳܬ ܚܰܒܺܝ̈ܒܶܐ ܦܽܘܪܫܳܢܳܐ ܕܰܦܣܳܩ ܣܰܒܪܳܐ ܠܦܰܓܪܳܐ ܓܠܰܙ ܡܶܢ ܢܽܘܚܳܡܶܗ ܘܰܠܢܰܦܫܳܐ ܡܶܢ ܫܰܘܬܳܦܳܗ̇ ܘܰܠܬܽܘܟܳܐ ܕܰܐܪܡܺܝ ܚܶܘܝܳܐ ܝܽܘܬܪܳܢܳܐ ܩܪܳܝܗ̱ܝ ܒܰܪ ܕܰܝܨܳܢ
1,Nisibis,51,5,Nisibis 51:5,ܘܶܐܢ ܐܰܝܢܳܐ ܕܡܰܡܪܰܚ ܩܳܛܶܠ ܚܰܕ ܦܰܓܪܳܐ ܚܰܝܳܒ ܡܰܘܬܰܐ ܗ̱ܘ ܐܰܝܢܳܐ ܕܩܳܛܶܠ ܠܶܫܳܢܶܗ ܟܽܠ ܦܰܓܪ̈ܺܝܢ ܕܰܒܢܰܝ̈ ܐ̱ܢܳܫ̈ܳܐ ܠܝܰܡܳܐ ܪܰܒܳܐ ܐܶܢ ܢܳܚܶܬ ܠܳܐ ܡܨܶܐ ܝܰܡܳܐ ܥܳܪܶܒ ܒܶܗ ܕܰܒܟܰܝܠܳܐ ܕܡܰܝ̈ܳܐ ܢܶܦܪܽܘܥ ܩܶܛܠܳܐ ܕܰܩܛܰܠ ܠܶܫܳܢܶܗ
1,Nisibis,51,6,Nisibis 51:6,ܟܡܳܐ ܩܳܛܽܘܠܺܝ̈ܢ ܡܰܪܺܝܪܺܝܢ ܗܘܰܘ ܠܶܗ ܠܦܰܓܪܳܐ ܚܰܠܳܫܳܐ ܀܀܀ ܩܰܛܠܶܗ ܩܳܐܺܝܢ ܡܶܢ ܠܽܘܩܕܰܡ ܘܰܐܫܠܶܡ ܚܰܪܒܶܗ ܩܳܛܽܘܠܳܐ ܠܰܐ̱ܚܪ̈ܳܢܶܐ ܕܰܢܡܰܪܽܘܢ ܒܶܗ ܘܗܳܐ ܠܐܶܝܢ ܒܽܐܘܡܳܢܽܘܬܶܗ ܟܽܠ ܬܰܠܡܺܝܕ̈ܰܘܗ̱ܝ ܕܰܢܕܰܡܽܘܢ ܠܶܗ ܠܪܰܒܳܐ ܕܰܐܠܶܦ ܡܶܢ ܢܰܦܫܶܗ
1,Nisibis,51,7,Nisibis 51:7,ܩܰܛܠܽܘܗ̱ܝ ܣܰܝ̈ܦܶܐ ܓܰܠܝܳܐܺܝܬ ܘܳܐܦ ܠܶܫܳܢ̈ܶܐ ܟܰܣܝܳܐܺܝܬ ܥܪܺܝܡܳܐ ܩܰܛܠܶܗ ܡܶܢ ܠܽܘܩܕܰܡ ܘܰܨܢܺܝܥܳܐ ܡܶܢ ܒܳܬܰܪܟܶܢ ܚܶܘܝܳܐ ܡܰܪܺܝܪܳܐ ܚܰܠܺܝ ܠܶܫܳܢܶܗ ܟܰܕ ܩܳܛܶܠ ܠܶܗ ܘܳܐܦ ܬܰܠܡܺܝ̈ܕܰܘܗ̱ܝ ܡܰܪܺܝܪ̈ܶܐ ܒܠܶܫܳܢܳܐ ܚܰܠܝܳܐ ܩܰܛܠܽܘܗ̱ܝ
1,Nisibis,51,8,Nisibis 51:8,ܚܢܳܢܶܗ ܛܳܒܳܐ ܕܓܳܒܽܘܠܳܟ ܢܩܽܘܡ ܦܰܓܪܳܐ ܠܰܛܠܺܝܡܽܘܬܳܟ ܫܕܳܟ ܚܶܘܝܳܐ ܡܶܢ ܦܰܪܕܰܝܣܳܐ ܘܳܐܦ ܝܰܠܕ̈ܰܘܗ̱ܝ ܡܶܢ ܡܰܠܟܽܘܬܳܐ ܗܰܘ ܓܰܠܙܳܟ ܡܶܢ ܚܰܝܽܘܬܳܐ ܘܳܐܦ ܗܳܠܶܝܢ ܡܶܢ ܢܽܘܚܳܡܳܐ ܪܗܶܛ ܚܶܘܝܳܐ ܨܶܝܕ ܫܽܘܪܳܝܳܐ ܘܬܰܠܡܺܝܕ̈ܰܘܗ̱ܝ ܨܶܝܕ ܫܽܘܠܳܡܳܐ
1,Nisibis,51,9,Nisibis 51:9,ܢܰܦܫܳܐ ܕܶܝܢ ܕܰܠܒܺܝܫܳܐ ܠܶܗ ܠܦܰܓܪܳܐ ܣܰܓܺܝ ܙܗܺܝܪܳܐ ܒܶܗ ܕܰܠܡܳܐ ܦܳܪܫܺܝܢ ܚܰܕ ܡܶܢ ܚܰܕ ܒܗܳܠܶܝܢ ܚܰܝ̈ܶܐ ܥܳܒܽܘܪ̈ܶܐ ܘܰܐܝܟܰܢ ܡܰܨܝܳܐ ܕܰܬܣܰܝܒܰܪ ܒܚܰܪܬܳܐ ܠܡܶܚܳܐ ܒܶܠܥܳܕܰܘܗ̱ܝ ܠܳܐ ܓܶܝܪ ܫܳܒܶܩ ܠܳܗ̇ ܚܽܘܒܶܗ ܕܰܬܚܰܡܣܶܢ ܡܶܢ ܢܽܘܚܳܡܶܗ
1,Nisibis,51,10,Nisibis 51:10,ܚܽܘܪ ܐܰܝܟܰܢܳܐ ܡܶܠܰܬܗܽܘܢ ܡܶܬܟܰܣܣܳܐ ܘܳܐܦ ܡܶܫܬܰܪܝܳܐ ܟܰܕ ܡܶܬܪܰܗܒܺܝܢ ܡܶܢ ܣܰܝܦܳܐ ܘܳܐܦ ܡܶܢ ܪܰܚܫܳܐ ܢܳܟܽܘܝܳܐ ܒܢܰܝ̈ ܚܶܘܝܳܐ ܕܚܶܠܘ̱ ܡܶܢ ܚܶܘܝܳܐ ܡܶܛܽܠ ܦܰܓܪܳܐ ܩܳܛܽܘܠܳܐ ܕܙܳܕܶܩ ܗ̱ܘܐ ܕܢܶܣܢܽܘܢ ܚܰܝܰܘ̈ܗ̱ܝ ܐܰܝܟ ܕܰܣܢܰܘ ܐܳܦ ܢܽܘܚܳܡܶܗ
1,Nisibis,51,11,Nisibis 51:11,ܪ̈ܓܺܝܓܳܬܳܐ ܓܶܝܪ ܣܰܢܝ̈ܳܬܳܐ ܣܰܢ̈ܝܳܢ ܐܶܢܶܝܢ ܟܰܕ ܡܶܣܬܰܥܪ̈ܳܢ ܠܗܶܝܢ ܗ̱ܽܘ ܡܰܟܶܣ ܢܳܡܽܘܣܳܐ ܠܗܶܝܢ ܗ̱ܽܘ ܪܳܕܶܦ ܕܰܝܳܢܳܐ ܥܠܰܝܗܶܝܢ ܡܶܬܬܘܶܐ ܬܰܝܳܒܳܐ ܦܰܓܪܳܐ ܡܝܰܩܰܪ ܒܰܟܬܳܒܳܐ ܗܽܘܝܽܘ ܪܚܺܝܡ ܐܳܦ ܒܰܟܝܳܢܳܐ ܒܶܗ ܗ̱ܽܘ ܙܗܺܝܪ ܐܳܦ ܒܰܪܢܳܫܳܐ
1,Nisibis,51,12,Nisibis 51:12,ܬܳܒܰܥ ܠܶܗ ܐܳܦ ܒܳܪܽܘܝܳܐ ܠܩܳܛܽܘܠܳܐ ܕܚܰܒܶܠ ܦܰܓܪܳܐ ܟܺܐܢܳܐ ܫܳܪܶܐ ܪܽܘܟܳܒܶܗ ܕܢܺܐܠܰܦ ܡܳܐ ܒܺܝܫ ܚܽܘܒܳܠܶܗ ܕܨܰܠܡܳܐ ܕܨܳܪܰܬ ܛܰܝܒܽܘܬܳܐ ܒܓܽܘܫܡܳܐ ܕܰܐܚܶܫ ܡܰܚܶܫ ܠܶܗ ܒܦܰܓܪܶܗ ܝܺܠܶܦ ܩܳܛܽܘܠܳܐ ܕܚܰܒܶܠ ܗܰܝܟܰܠ ܥܳܒܽܘܕܳܐ
1,Nisibis,51,13,Nisibis 51:13,ܘܶܐܢ ܕܶܝܢ ܡܶܬܬܒܰܥ ܩܳܛܽܘܠܳܐ ܠܰܘ ܕܰܠܡܰܢ ܩܰܛܶܠ ܢܰܦܫܳܐ ܡܶܫܪܳܐ ܫܪܳܗ̇ ܐܰܝܟ ܡܶܠܰܬܗܽܘܢ ܘܶܐܢ ܫܳܪܽܘܝܳܐ ܩܳܛܽܘܠܰܐ ܗ̱ܘ ܠܰܐܝܟܳܐ ܢܶܥܪܽܘܩ ܒܰܪ ܕܰܝܨܳܢ ܕܒܰܕܪܳܫܳܐ ܠܳܛܶܫ ܠܶܫܳܢܶܗ ܘܩܰܛܠܶܗ ܠܦܰܓܪܳܐ ܡܶܢ ܚܰܝ̈ܶܐ ܕܰܒܢܽܘܚܳܡܳܐ ܡܶܬܝܰܗܒܺܝܢ ܀܀܀
1,Nisibis,51,14,Nisibis 51:14,ܒܡܶܠܟܶܗ ܩܰܛܠܶܗ ܩܰܕܡܳܝܳܐ ܘܳܐܦ ܬܰܢܺܝܢܳܐ ܒܝܽܘܠܦܳܢܶܗ ܗܰܘ ܩܰܛܠܶܗ ܐܰܝܟ ܝܳܨܽܘܦܳܐ ܘܳܐܦ ܗܳܠܶܝܢ ܐܰܝܟ ܥܳܕܽܘܪ̈ܶܐ ܕܳܪ̈ܽܘܫܶܐ ܒܰܥܪܺܝܡܽܘܬܳܐ ܠܚܶܘܝܳܐ ܥܒܺܝܕܺܝܢ ܫܰܘܬܳܦ̈ܶܐ ܥܬܺܝܕܺܝܢ ܠܡܶܒܗܰܬ ܒܢܰܝ̈ ܚܶܘܝܳܐ ܐܰܝܟ ܐܰܒܽܘܗܽܘܢ ܩܰܕܡܳܝܳܐ
1,Nisibis,51,15,Nisibis 51:15,ܒܗܰܕ̈ܳܡܶܐ ܘܪ̈ܶܓܫܰܝ ܦܰܓܪܳܐ ܝܳܠܦܳܐ ܢܰܦܫܳܐ ܟܽܠ ܛܳܒ̈ܳܢ ܘܶܐܢ ܦܰܓܪܰܐ ܗ̱ܘ ܣܰܢܝܳܐ ܐܰܝܟܰܢ ܬܶܦܠܽܘܚ ܒܺܐܝܕܶܗ ܛܳܒ̈ܳܬܳܐ ܘܶܐܢ ܒܰܟܝܳܢܶܗ ܕܰܓܳܠܰܐ ܗ̱ܘ ܐܰܝܟܰܢ ܩܽܘܫܬܳܐ ܬܺܐܠܰܦ ܒܶܗ ܕܠܳܐ ܝܳܗܒܺܝܢ ܠܶܗ ܠܽܐܘܡܳܢܳܐ ܡܳܐܢܳܐ ܕܢܽܘܟܪܳܝ ܠܰܥܒܳܕܶܗ
1,Nisibis,51,16,Nisibis 51:16,ܠܳܐ ܓܶܝܪ ܟܳܬܶܒ ܟܳܬܽܘܒܳܐ ܣܶܦܪܳܐ ܒܣܰܝܦܶܗ ܕܰܐܟܳܪܳܐ ܘܳܐܦܠܳܐ ܨܳܝܰܪ ܨܰܝܳܪܳܐ ܒܝܰܕ ܡܰܣܳܪܶܗ ܕܢܰܓܳܪܳܐ ܘܠܳܐ ܐܳܣܝܳܐ ܡܰܐܣܶܐ ܥܰܝܢܳܐ ܒܥܽܘܩܣܳܐ ܣܰܢܝܳܐ ܕܥܶܩܰܪܒܳܐ ܘܠܳܐ ܡܶܡܬܽܘܡ ܓܳܙܰܪ ܫܽܘܚܢܳܐ ܒܓܰܪܡܳܐ ܕܚܶܘܝܳܐ ܘܚܰܪܡܳܢܳܐ
1,Nisibis,51,17,Nisibis 51:17,ܟܽܠ ܡܶܕܶܡ ܓܶܝܪ ܬܰܩܢܳܐܺܝܬ ܒܡܳܐܢܳܐ ܕܰܡܚܰܝܶܢ ܠܶܗ ܘܰܒܪܶܓܫܳܐ ܕܰܡܫܰܘܬܶܦ ܠܶܗ ܡܶܬܬܰܩܰܢ ܦܳܪܽܘܫܳܐܺܝܬ ܐܳܦ ܦܰܓܪܳܐ ܐܶܢ ܕܰܚܛܺܝܬܰܐ ܗ̱ܘ ܠܰܝܬ ܕܰܡܨܶܐ ܡܶܙܕܰܕܰܩ ܒܶܗ ܙܰܕ̈ܺܝܩܶܐ ܕܶܐܬܢܰܨܰܚܘ̱ ܒܶܗ ܀܀܀ ܠܚܺܝܡܺܝܢ ܠܰܐܝܢܳܐ ܕܥܳܫܶܩ ܠܶܗ
1,Nisibis,52,1,Nisibis 52:1,ܠܡܰܘܬܳܐ ܘܣܳܛܳܢܳܐ ܫܶܡܥܶܬ ܩܳܠܳܐ ܟܰܕ ܢܳܨܶܝܢ ܗ̱ܘܰܘ ܕܰܐܝܢܳܐ ܚܰܣܺܝܢ ܡܶܢ ܚܰܒܪܶܗ ܨܶܝܕ ܒܰܪܢܳܫܳܐ ܡܶܢ ܕܺܐܒ̈ܶܐ ܟܣܰܝ̈ܳܐ ܕܒܰܠܥܽܘܗ̇ ܒܺܝܫܳܐ ܘܡܰܘܬܳܐ
1,Nisibis,52,2,Nisibis 52:2,ܡܰܘܬܳܐ ܚܰܘܺܝ ܫܽܘܠܛܳܢܶܗ ܕܰܠܟܽܠ ܙܳܟܶܐ ܣܳܛܳܢܳܐ ܚܰܘܺܝ ܢܶܟܠܶܗ ܕܰܠܟܽܠ ܡܰܚܛܶܐ
1,Nisibis,52,3,Nisibis 52:3,ܠܳܟ ܒܺܝܫܳܐ ܐܰܝܢܳܐ ܕܨܳܒܶܐ ܠܚܽܘܕ ܫܳܡܰܥ ܠܳܟ ܠܺܝ ܕܨܳܒܶܐ ܘܰܕܠܳܐ ܨܳܒܶܐ ܨܶܐܕܰܝ ܐܳܬ̇ܝܢ
1,Nisibis,52,4,Nisibis 52:4,ܠܳܟ ܡܰܘܬܐ ܩܛܺܝܪܰܐ ܗ̱ܘ ܒܰܠܚܽܘܕ ܕܰܛܪܽܘܢܽܘܬܳܐ ܠܺܝ ܕܶܝܢ ܦܰܚ̈ܶܐ ܐܳܦ ܢܶܫ̈ܒܶܐ ܕܰܥܪܺܝܡܽܘܬܳܐ
1,Nisibis,52,5,Nisibis 52:5,ܫܡܰܥ ܒܺܝܫܳܐ ܕܰܐܝܢܳܐ ܕܰܥܪܺܝܡ ܢܺܝܪܳܟ ܬܒܳܪܶܗ ܠܳܐ ܕܶܝܢ ܐܺܝܬ ܐܰܝܢܳܐ ܕܡܶܫܟܰܚ ܡܳܪܶܕ ܡܶܢ ܢܺܝܪܝ̱
1,Nisibis,52,6,Nisibis 52:6,ܐܰܢ̱ܬ ܡܰܘܬܳܐ ܒܰܐܝܢܳܐ ܕܰܟܪܺܝܗ ܚܰܝܠܳܟ ܒܳܩܶܝܬ ܐܶܢܳܐ ܕܶܝܢ ܒܚܶܠܡ̈ܶܐ ܝܰܬܺܝܪ ܡܶܬܓܰܒܰܪ ܐ̱ܢܳܐ
1,Nisibis,52,7,Nisibis 52:7,ܒܺܝܫܳܐ ܠܳܐ ܫܰܠܺܝܛ ܥܰܠ ܟܽܠ ܕܰܡܨܰܚܶܐ ܠܶܗ ܠܺܝ ܕܠܳܛܰܢܝ̱ ܘܰܕܠܳܐܶܛ ܠܺܝ ܠܺܐܝܕ̈ܰܝ ܐܳܬܶܝܢ
1,Nisibis,52,8,Nisibis 52:8,ܐܰܢ̱ܬ ܡܰܘܬܳܐ ܡܶܢ ܐܰܠܳܗܳܐ ܚܰܝܠܳܐ ܩܰܒܶܠܬ ܠܺܝ ܒܰܠܚܽܘܕ ܕܠܳܐ ܡܥܰܕܰܪ ܠܺܝ ܟܰܕ ܡܰܚܛܶܐ ܐ̱ܢܳܐ
1,Nisibis,52,9,Nisibis 52:9,ܐܰܢ̱ܬ ܒܺܝܫܳܐ ܐܰܝܟ ܚܰܠܳܫܳܐ ܦܰܚ̈ܶܐ ܨܳܠܶܝܬ ܘܰܐܝܟ ܡܰܠܟܳܐ ܐ̱ܢܳܐ ܒܫܽܘܠܛܳܢܳܐ ܡܶܬܚܰܫܰܚ ܐ̱ܢܳܐ
1,Nisibis,52,10,Nisibis 52:10,ܣܟܰܠ ܐܰܢ̱ܬ ܗ̱ܽܘ ܡܰܘܬܳܐ ܠܡܶܕܰܥ ܕܰܟܡܳܐ ܪܰܒ ܐ̱ܢܳܐ ܕܰܠܚܺܐܪܽܘܬܳܐ ܡܫܰܠܰܛܬܳܐ ܣܶܦܩܶܬ ܕܶܐܨܽܘܕ
1,Nisibis,52,11,Nisibis 52:11,ܐܰܢ̱ܬ ܒܺܝܫܳܐ ܐܰܝܟ ܣܳܪܽܘܚܳܐ ܗܳܐ ܚܳܕܰܪ ܐܰܢ̱ܬ ܐܶܢܳܐ ܐܰܝܟ ܐܰܪܝܳܐ ܬܳܒܰܪ ܐ̱ܢܳܐ ܘܠܳܐ ܩܳܢܶܛ ܐ̱ܢܰܐ
1,Nisibis,52,12,Nisibis 52:12,ܠܳܟ ܡܰܘܬܳܐ ܠܰܝܬ ܕܦܳܠܰܚ ܐܳܦ ܠܳܐ ܕܣܳܓܶܕ ܠܺܝ ܒܕ̈ܶܒܚܶܐ ܡܰܠܟ̈ܶܐ ܦܰܠܚܽܘܢܝ̱ ܐܰܝܟ ܠܰܐܠܳܗܳܐ
1,Nisibis,52,13,Nisibis 52:13,ܠܡܰܘܬܳܐ ܣܰܓܺܝ̈ܐܶܐ ܩܳܪܶܝܢ ܐܰܝܟ ܕܰܠܛܳܒܳܐ ܠܳܟ ܒܺܝܫܳܐ ܠܳܐ ܐܺܝܬ ܕܰܩܪܳܟ ܐܰܘ ܩܳܪܶܐ ܠܳܟ
1,Nisibis,52,14,Nisibis 52:14,ܠܳܐ ܪܓܺܝܫ ܐܰܢ̱ܬ ܡܰܘܬܳܐ ܒܗܳܕܶܐ ܕܰܟܡܳܐ ܐܶܢܽܘܢ ܕܒܶܐܣܟܺܝܡ ܐܶܣܟܺܝܡ ܩܳܪܶܝܢ ܠܺܝ ܘܰܡܢܰܩܶܝܢ ܠܺܝ
1,Nisibis,52,15,Nisibis 52:15,ܣܢܶܐ ܗ̱ܘ ܫܡܳܟ ܐܳܘ ܣܳܛܳܢܳܐ ܠܳܐ ܬܰܫܦܰܪܳܝܗ̱ܝ ܠܰܫܡܳܟ ܟܽܠ ܠܳܐܶܛ ܠܶܗ ܟܰܣܳܐ ܨܰܥܪܳܟ
1,Nisibis,52,16,Nisibis 52:16,ܐܶܕܢܳܟ ܡܰܘܬܳܐ ܝܰܩܺܝܪܳܐ ܕܠܳܐ ܫܳܡܰܥ ܐܰܢ̱ܬ ܕܟܽܠ ܐ̱ܢܳܫ ܥܠܰܝܟ ܗ̱ܽܘ ܥܰܘܳܐ ܛܰܫܳܐ ܢܰܦܫܳܟ
1,Nisibis,52,17,Nisibis 52:17,܀܀܀ ܓܰܠܝ̈ܳܢ ܐܰܦܰܝ̈ ܒܰܒܪܺܝܬܳܐ ܠܳܐ ܓܶܝܪ ܢܶܟܠܶܬ ܐܰܟܘܳܬܳܟ ܕܰܕܠܳܐ ܢܶܟ̈ܠܶܐ ܠܳܐ ܒܳܐܶܬ ܐܰܢ̱ܬ
1,Nisibis,52,18,Nisibis 52:18,ܠܰܘ ܡܶܕܶܡ ܝܰܬܺܝܪ ܐܶܫܟܰܚܬ̊ ܐܰܝܟ ܫܰܪܺܝܪܳܐ ܕܰܣܢܶܝܬ ܗ̱ܽܘ ܐܳܦ ܐܰܢ̱ܬ ܐܰܟܘܳܬܝ̱ ܠܰܒ̈ܢܰܝ ܐ̱ܢܳܫ̈ܳܐ
1,Nisibis,52,19,Nisibis 52:19,ܡܶܢܝ̱ ܡܶܕܚܰܠ ܕܳܚܶܠ ܟܽܠ ܐ̱ܢܳܫ ܐܰܝܟ ܕܡܶܢ ܡܳܪܳܐ ܠܳܟ ܕܶܝܢ ܡܶܣܢܰܐ ܗ̱ܘ ܣܳܢܶܝܢ ܠܳܟ ܐܰܝܟ ܕܰܠܒܺܝܫܳܐ
1,Nisibis,52,20,Nisibis 52:20,ܠܳܟ ܡܰܘܬܳܐ ܣܳܢܶܝܢ ܠܰܫܡܳܟ ܐܳܦ ܠܰܥܒܳܕܳܟ ܫܶܡܝ ܕܺܝܠܝ ܣܢܶܐ ܘܰܐ̱ܪ̈ܓܺܝܓܳܬܝ̱ ܣܰܓܺܝ ܐ̱ܪ̈ܚܺܝܡܳܢ
1,Nisibis,52,21,Nisibis 52:21,ܠܡܶܪܰܬ ܫܶܢ̈ܶܐ ܡܶܬܗܰܦܟܳܐ ܗܳܝ ܚܰܠܝܽܘܬܳܟ ܬܘܳܬ ܢܰܦܫܳܐ ܠܰܘܝܳܐ ܟܽܠܫܳܥ ܠܰܪ̈ܓܺܝܓܳܬܳܟ
1,Nisibis,52,22,Nisibis 52:22,ܫܝܽܘܠ ܣܰܢܝܳܐ ܕܠܰܝܬ ܒܓܰܘܳܗ̇ ܐܳܦ ܠܳܐ ܬܘܳܬܳܐ ܗܰܘܬܳܐ ܕܒܶܠܥܰܬ ܐܳܦ ܟܳܡܰܬ ܥܰܠ ܟܽܠ ܙܰܘ̈ܥܺܝܢ
1,Nisibis,52,23,Nisibis 52:23,ܫܝܽܘܠ ܨܳܡܰܪܬܳܐ ܡܶܬܢܰܚܰܡ ܟܽܠ ܕܰܢܦܰܠ ܒܳܗ̇ ܚܛܺܝܬܰܐ ܗ̱ܘ ܣܰܢܝܳܐ ܕܰܦܣܰܩܬܶܗ ܣܰܒܪܶܗ ܕܐ̱ܢܳܫܳܐ
1,Nisibis,52,24,Nisibis 52:24,ܐܳܦܶܢ ܟܰܪܝܳܐ ܠܺܝ ܒܬܰܝܳܒ̈ܶܐ ܝܶܗܒܶܬ ܐܰܬܪܳܐ ܦܣܰܩܬܳܝܗ̱ܝ ܣܰܒܪܶܗ ܕܚܰܛܳܝܳܐ ܕܡܺܝܬ ܒܰܚܛܳܗܰܘ̈ܗ̱ܝ
1,Nisibis,52,25,Nisibis 52:25,ܡܰܢ ܨܶܐܕܰܝܟ ܗ̱ܽܘ ܡܩܰܕܶܡ ܗ̱ܘܳܐ ܘܰܦܣܺܝܩ ܣܰܒܪܶܗ ܕܶܐܠܽܘ ܐܰܢ̱ܬ ܠܳܐ ܐܰܚܛܺܝܬܳܝܗ̱ܝ ܫܰܦܺܝܪ ܥܳܢܶܕ
1,Nisibis,52,26,Nisibis 52:26,܀܀܀ ܒܪܺܝܟ ܕܰܐܪܡܺܝ ܐܶܢܽܘܢ ܒܰܚܕܳܕ̈ܶܐ ܠܥܰܒܕ̈ܶܐ ܠܺܝ̈ܛܶܐ ܕܢܶܚܙܶܐ ܒܗܽܘܢ ܐܰܝܟ ܕܰܚܙܰܘ ܒܰܢ ܐܳܦ ܐܰܗܶܠܘ̱ ܒܰܢ
1,Nisibis,52,27,Nisibis 52:27,ܪܰܗܒܽܘܢܰܐ ܗ̱ܘ ܗܳܢܳܐ ܐܰܚܰܝ̈ ܕܰܚܙܰܝܢ ܒܗܽܘܢ ܕܬܽܘܒ ܐܺܝܬ ܠܰܢ ܕܰܒܗܽܘܢ ܢܶܚܙܶܐ ܡܳܐ ܕܶܐܬܢܰܚܰܡܢ
1,Nisibis,53,1,Nisibis 53:1,ܬܰܘ ܢܶܫܡܰܥ ܟܰܕ ܡܶܬܟܰܬܫܺܝܢ ܥܰܠ ܙܳܟܽܘܬܳܐ ܚܰܝܳܒ̈ܶܐ ܕܠܳܐ ܙܟܰܘ ܡܶܢ ܡܬܽܘܡ ܐܳܦ ܠܳܐ ܙܳܟܶܝܢ
1,Nisibis,53,2,Nisibis 53:2,ܡܰܘܬܳܐ ܠܒܺܝܫܳܐ ܐܳܡܶܪ ܠܶܗ ܠܚܰܪܬܳܐ ܗ̱ܝ ܙܳܟܽܘܬܝ̱ ܕܡܰܘܬܰܐ ܗ̱ܘ ܐܰܚܺܝܕ ܫܽܘܠܳܡܳܐ ܐܰܝܟ ܙܰܟܳܝܳܐ
1,Nisibis,53,3,Nisibis 53:3,ܡܰܘܬܳܐ ܫܰܪܺܝܪܳܐ ܗܶܢܽܘܢ ܐܶܢ ܡܶܫܟܰܚ ܐܰܢ̱ܬ ܕܰܬܡܺܝܬܺܝܘܗ̱ܝ ܠܐ̱ܢܳܫ ܟܰܕ ܚܰܝ ܒܰܪ̈ܓܺܝܓܳܬܳܐ
1,Nisibis,53,4,Nisibis 53:4,ܐܶܢܳܐ ܕܡܺܝܬܺܝܢ ܗܳܐ ܚܳܙܶܐ ܐ̱ܢܳܐ ܛܳܒ̈ܶܐ ܘܒܺܝ̈ܫܶܐ ܙܰܕ̈ܺܝܩܶܐ ܕܒܰܣܪܽܘܟ ܒܺܝܫܳܐ ܠܺܝ ܠܳܐ ܒܰܣܪܽܘܢܝ̱
1,Nisibis,53,5,Nisibis 53:5,ܗܳܕܶܐ ܡܺܝܬܽܘܬܳܐ ܕܦܰܓܪܳܐ ܫܶܢܰܬ ܙܰܒܢܳܐ ܗ̱ܝ ܠܳܐ ܬܶܣܒܰܪ ܡܰܘܬܳܐ ܕܡܰܘܬܳܐ ܐܰܢ̱ܬ ܕܰܐܝܟ ܛܶܠܳܠܳܐ ܐܰܢ̱ܬ
1,Nisibis,53,6,Nisibis 53:6,ܠܳܟ ܒܺܝܫܳܐ ܙܟܰܐܽܘܟ ܟܺܐܢ̈ܶܐ ܐܳܦ ܙܳܟܶܝܢ ܠܳܟ ܐܰܢ̱ܬ ܕܶܝܢ ܠܰܐܝܠܶܝܢ ܕܰܙܟܰܐܽܘܟ ܗܳܐ ܙܳܟܶܐ ܐ̱ܢܳܐ ܀܀܀
1,Nisibis,53,7,Nisibis 53:7,ܐܳܦ ܠܟܺܐܢ̈ܶܐ ܕܰܡܡܺܝܬ ܐܰܢ̱ܬ ܠܰܘ ܕܺܝܠܳܟ ܗ̱ܝ ܒܥܶܠܰܬ ܐܳܕܳܡ ܗܰܘ ܕܰܙܟܺܝܬ ܐܶܫܬܺܝܘ ܟܳܣܳܐ
1,Nisibis,53,8,Nisibis 53:8,ܗܳܐ ܫܝܽܘܠ ܡܰܠܝܳܐ ܣܕ̈ܽܘܡܳܝܶܐ ܘܳܐܬܽܘܪ̈ܳܝܶܐ ܘܓܰܢ̱ܒܳܪ̈ܶܐ ܕܰܒܛܰܘܦܳܢܳܐ ܡܰܢܽܘ ܕܰܐܟܘܳܬܝ̱
1,Nisibis,53,9,Nisibis 53:9,ܗܳܠܶܝܢ ܟܽܠܗܽܘܢ ܐܳܘ ܡܰܘܬܳܐ ܠܺܝ ܗ̱ܽܘ ܩܛܺܝܠܺܝܢ ܐܶܢܳܐ ܐ̱ܢܳܐ ܕܚܰܛܺܝܬ ܐܶܢܽܘܢ ܐܰܝܟ ܕܰܢܣܽܘܦܽܘܢ
1,Nisibis,53,10,Nisibis 53:10,ܝܰܘܣܶܦ ܕܰܙܟܳܟ ܙܟܺܝܬܶܗ ܐܳܘ ܣܳܛܳܢܳܐ ܒܬܰܘܳܢܳܐ ܙܟܳܟ ܘܰܒܩܰܒܪܳܐ ܙܟܺܝܬ ܘܰܐܪܡܺܝܬܶܗ
1,Nisibis,53,11,Nisibis 53:11,ܡܽܘܫܶܐ ܕܰܙܟܳܟ ܐܳܘ ܡܰܘܬܳܐ ܒܰܪܣܳܣ ܕܡܳܐ ܙܟܳܟ ܒܡܶܨܪܶܝܢ ܘܥܰܠ ܟܺܐܦܐ ܡܰܢܽܘ ܕܰܙܟܳܝܗ̱ܝ
1,Nisibis,53,12,Nisibis 53:12,ܐܶܠܺܝܳܐ ܕܠܳܐ ܕܚܶܠ ܡܶܢܳܟ ܐܳܘ ܣܳܛܳܢܳܐ ܡܶܢ ܩܕܳܡ ܐܺܝܙܒܶܝܠ ܥܪܰܩ ܗ̱ܘܳܐ ܕܒܺܝ ܕܶܚܠܬܶܗ
1,Nisibis,53,13,Nisibis 53:13,ܐܰܗܪܽܘܢ ܕܰܟܠܳܟ ܐܳܘ ܡܰܘܬܳܐ ܒܥܶܛܪܳܐ ܕܒܶܣ̈ܡܶܐ ܩܰܕ̈ܶܫܐ ܕܕܰܗܒܳܐ ܝܶܗܒܶܬ ܠܶܗ ܘܰܚܫܰܠ ܥܶܓܠܳܐ
1,Nisibis,53,14,Nisibis 53:14,ܠܰܐܓܽܘܢܳܐ ܢܚܶܬܬ ܥܰܡ ܐܺܝܽܘܒ ܘܰܙܟܳܟ ܘܰܣܠܶܩ ܐܶܢܳܐ ܕܶܝܢ ܡܶܢ ܒܳܬܰܪ ܕܰܙܟܳܟ ܟܶܢ ܗ̱ܽܘ ܙܟܺܝܬܶܗ
1,Nisibis,53,15,Nisibis 53:15,ܕܰܘܺܝܕ ܕܰܟܠܳܝܗ̱ܝ ܒܣܰܩܶܗ ܠܗܰܘ ܡܰܘܬܳܢܳܐ ܥܰܠ ܐܶܓܳܪܳܐ ܙܟܺܝܬ ܠܗܰܘ ܕܰܙܟܳܐ ܠܓܽܘܠܝܰܕ
1,Nisibis,53,16,Nisibis 53:16,ܝܰܗܽܘ ܕܰܥܩܰܪ ܒܶܝܬ ܒܰܥܠܳܐ ܗܰܝܟܰܠ ܒܺܝܫܳܐ ܕܢܶܥܩܽܘܪ ܠܰܫܝܽܘܠ ܠܳܐ ܐܶܫܟܰܚ ܒܺܝܪܰܬ ܡܰܠܟܽܘܬܝ̱
1,Nisibis,53,17,Nisibis 53:17,ܫܠܶܝܡܽܘ̇ܢ ܕܰܐܥܕܺܝ ܡܶܢ ܦܽܘܡܳܟ ܛܰܠܝܳܐ ܒܕܺܝܢܳܐ ܦܳܥܠܳܐ ܥܒܰܕܬܶܗ ܒܣܰܝܒܽܘܬܶܗ ܠܰܥܠܰܘ̈ܳܬܐ
1,Nisibis,53,18,Nisibis 53:18,ܫܡܽܘ̇ܐܶܝܠ ܕܰܒܕܰܗܒܳܐ ܒܰܣܪܳܟ ܐܳܘ ܣܳܛܳܢܳܐ ܐܶܢܳܐ ܙܟܺܝܬܶܗ ܠܗܰܘ ܙܰܟܳܝܳܐ ܙܟܳܐ ܫܽܘܚܕܳܐ
1,Nisibis,53,19,Nisibis 53:19,ܫܶܡܫܽܘ̇ܢ ܕܰܒܓܽܘܪܝܳܐ ܕܰܐܪܝܳܐ ܒܰܣܪܳܟ ܡܰܘܬܳܐ ܒܕܰܠܺܝܠܳܐ ܡܳܐܢܳܐ ܕܠܺܝܠܳܐ ܒܪܰܚܝܳܐ ܟܕܰܢܬܶܗ
1,Nisibis,53,20,Nisibis 53:20,ܝܽܘܫܺܝܳܐ ܡܶܢ ܛܰܠܝܽܘܬܶܗ ܫܛܳܟ ܒܺܝܫܳܐ ܠܺܝ ܕܶܝܢ ܐܳܦܠܳܐ ܒܣܰܝܒܽܘܬܶܗ ܐܶܫܟܰܚ ܚܰܣܢܰܢܝ̱
1,Nisibis,53,21,Nisibis 53:21,ܚܶܙܰܩܝܳܐ ܚܰܣܢܳܟ ܡܰܘܬܳܐ ܕܰܙܟܳܐ ܠܩܶܨܳܐ ܕܰܘܶܕܬܶܗ ܕܰܫܒܰܩ ܬܶܗܪܳܐ ܘܚܰܘܺܝ ܓܰܙܰܘ̈ܗ̱ܝ
1,Nisibis,53,22,Nisibis 53:22,ܝܽܘ̇ܚܰܢܳܢ ܕܰܙܟܳܟ ܒܺܝܫܳܐ ܘܚܰܣܺܝ ܘܰܐܥܡܶܕ ܐܰܕܥܶܟܬܶܗ ܠܗܰܘ ܫܪܳܓܳܐ ܕܠܳܟ ܦܰܪܣܺܝ ܗ̱ܘܳܐ
1,Nisibis,53,23,Nisibis 53:23,ܫܶܡܥܽܘ̇ܢ ܙܟܳܟ ܕܰܐܚܺܝ ܗ̱ܘܳܐ ܠܛܽܘܒܳܢܺܝܬܳܐ ܒܰܐܢ̱ܬܬܳܐ ܙܟܳܟ ܘܰܒܝܰܕ ܐܰܢ̱ܬܬܳܐ ܙܟܰܝܬ ܘܰܐܟܦܰܪܬܶܗ
1,Nisibis,53,24,Nisibis 53:24,ܫܠܺܝ̈ܚܶܐ ܘܰܢܒܺܝ̈ܶܐ ܐܰܟܚܰܕ ܠܳܛܽܘܟ ܡܰܘܬܳܐ ܕܰܐܝܟܳܐ ܗ̱ܝ ܙܳܟܽܘܬܶܗ ܕܡܰܘܬܳܐ ܘܥܽܘܩܣܳܗ̇ ܕܰܫܝܽܘ̇ܠ
1,Nisibis,53,25,Nisibis 53:25,ܠܡܳܪܳܟ ܒܰܫܝܽܘܠ ܚܒܰܫܬܳܝܗ̱ܝ ܥܰܒܕܳܐ ܠܺܝܛܳܐ ܀܀܀ ܣܢܳܟ ܐܰܠܳܗܳܐ ܐܳܦ ܐ̱ܢܳܫܳܐ ܫܰܠܳܐ ܢܰܦܫܳܟ
1,Nisibis,53,26,Nisibis 53:26,ܨܶܒܝܳܢܶܗ ܗ̱ܽܘ ܕܡܰܚܶܐ ܟܽܠ ܚܰܒܫܶܗ ܒܰܫܝܽܘ̇ܠ ܐܰܢ̱ܬ ܗ̱ܽܘ ܩܪܰܝܬܳܝܗ̱ܝ ܠܗܳܕܶܐ ܕܠܳܐܕܳܡ ܐܰܚܛܝܰܬ
1,Nisibis,53,27,Nisibis 53:27,ܟܢܳܬܶܗ ܕܰܢܟܰܠ ܕܰܒܕܰܒܪܳܐ ܨܰܥܰܪ ܡܳܪܶܗ ܚܪܶܡ ܦܽܘܡܳܟ ܗܰܘ ܕܶܐܡܰܪ ܠܶܗ ܕܦܶܠ ܘܰܣܓܽܘܕ ܠܺܝ
1,Nisibis,54,1,Nisibis 54:1,ܫܡܰܥܝ̱ ܚܺܐܪܽܘܬܳܐ ܡܰܨܽܘܬܳܐ ܕܰܬܪ̈ܶܝܢ ܥܰܒܕ̈ܺܝܢ ܟܰܕ ܒܰܚܕܳܕ̈ܶܐ ܡܶܬܟܰܣܣܺܝܢ ܕܰܡܚܺܝ̈ܠܶܐ ܐܶܢܽܘܢ ܘܰܒܡܺܝܬܽܘܬܳܟ ܐܶܬܢܰܚܰܡ ܘܰܦܢܳܐ ܠܰܥܕܶܢ
1,Nisibis,54,2,Nisibis 54:2,ܐܶܢ ܗܳܟܺܝܠ ܢܶܙܟܶܝܟܝ̱ ܒܺܝܫܳܐ ܪܰܒ ܟܽܘܐܳܪܳܐ ܡܰܘܬܳܐ ܟܢܳܬܶܗ ܡܰܟܶܣ ܠܶܗ ܕܰܡܚܺܝܠܳܐ ܗ̱ܘܳܐ
1,Nisibis,54,3,Nisibis 54:3,ܘܶܐܢ ܬܽܘܒ ܡܰܘܬܳܐ ܡܬܰܚܶܒ ܠܶܟܝ̱ ܗܳܐ ܓܽܘܢܳܝܳܐ ܕܒܺܝܫܳܐ ܟܢܳܬܶܗ ܒܣܰܪ ܠܶܗ ܕܰܐܝܟ ܛܶܠܳܠܰܐ ܗ̱ܘ
1,Nisibis,54,4,Nisibis 54:4,ܡܰܨܽܘܬܗܽܘܢ ܠܶܟܝ̱ ܡܰܚܙܺܝܬܳܐ ܗ̱ܝ ܕܒܳܗ̇ ܗ̱ܽܘ ܬܶܚܙܶܝܢ ܕܰܬܪ̈ܰܝܗܽܘܢ ܐܰܝܟ ܥܽܘܪܳܐ ܐܶܢܽܘܢ ܠܡܰܦܽܘܚܺܝܬܶܟܝ̱
1,Nisibis,54,5,Nisibis 54:5,ܘܐܳܦ ܢܒܺܝ̈ܶܐ ܘܰܫܠܺܝ̈ܚܶܐ ܒܡܽܘܠܟܳܢܰܝ̈ܗܽܘܢ ܡܰܠܦܺܝܢ ܠܶܟܝ̱ ܕܰܐܝܟ ܗܰܒܳܒ̈ܶܐ ܒܕܶܢܚܶܟܝ̱ ܚܳܡܶܝܢ ܀܀܀
1,Nisibis,54,6,Nisibis 54:6,ܐܰܢ̱ܬ ܗ̱ܽܘ ܡܰܘܬܳܐ ܕܣܳܢܶܝܢ ܠܳܟ ܚܰܝ̈ܶܐ ܘܡܺܝ̈ܬܶܐ ܠܟܽܠ ܪ̈ܽܘܟܳܒܺܝܢ ܫܳܪܶܐ ܐܰܢ̱ܬ ܘܰܡܚܰܒܶܠ ܐܰܢ̱ܬ
1,Nisibis,54,7,Nisibis 54:7,ܠܰܘ ܡܰܘܬܳܐ ܓܰܠܝܳܐ ܩܳܛܶܠ ܐܰܘ ܣܳܛܳܢܳܐ ܡܰܘܬܳܟ ܗ̱ܽܘ ܟܰܣܝܳܐ ܩܳܛܶܠ ܠܰܒܢܰܝ̈ ܐ̱ܢܳܫܳܐ
1,Nisibis,54,8,Nisibis 54:8,ܠܳܐ ܗܳܐ ܣܢܶܐ ܫܶܡܝ̱ ܐܰܝܟ ܕܺܝܠܳܟ ܕܰܒܣܳܛܳܢܰܐ ܗ̱ܘ ܡܰܠܰܐܟܳܐ ܐܰܡܬܶܠ ܢܰܦܫܶܗ ܒܽܐܘܪܚܳܐ ܠܒܶܠܥܰܡ
1,Nisibis,54,9,Nisibis 54:9,ܡܳܐ ܕܳܡܶܐ ܠܺܝ ܫܡܳܟ ܗܳܢܳܐ ܐܳܘ ܣܳܛܳܢܳܐ ܕܡܶܢ ܐܽܘܪܚܳܐ ܣܛܰܝܬ ܐܳܦ ܐܰܣܛܺܝܬ ܠܳܐܕܳܡ ܫܰܒܪܳܐ
1,Nisibis,54,10,Nisibis 54:10,ܠܳܐ ܬܶܦܗܶܐ ܐܰܝܟ ܗܶܕܝܽܘܛܳܐ ܘܬܰܘܒܶܕ ܫܰܪܒܳܟ ܕܪܽܘܫ ܡܰܘܬܳܐ ܐܶܢ ܣܳܦܶܩ ܐܰܢ̱ܬ ܠܰܗ̈ܦܳܟܳܬܳܐ
1,Nisibis,54,11,Nisibis 54:11,ܝܳܕܰܥ ܐܰܢ̱ܬ ܕܰܨܢܺܝܥ ܐܰܢ̱ܬ ܗ̱ܽܘ ܐܳܘ ܣܳܛܳܢܳܐ ܠܡܰܬܩܳܢܽܘ ܡܶܢ ܚܶܠܳܐ ܡܰܚܢܽܘܩܺܝܬܳܐ
1,Nisibis,54,12,Nisibis 54:12,ܐܰܘܦܺܝ ܠܶܗ ܕܪܳܫܳܟ ܡܰܘܬܳܐ ܕܰܐܝܢܳܐ ܕܚܳܐܶܒ ܡܳܐ ܕܰܓܡܰܪ ܘܰܐܘܦܺܝ ܡܶܠܰܘ̈ܗ̱ܝ ܫܰܪܺܝ ܡܨܰܥܰܪ
1,Nisibis,54,13,Nisibis 54:13,ܨܶܝܕ ܟܽܠ ܐܺܝܬܰܝ ܙܰܟܳܝܳܐ ܘܒܳܟ ܚܳܐܶܒ ܐ̱ܢܳܐ ܢܦܺܝܣܳܟ ܐܳܕܳܡ ܕܰܙܟܺܝܬܶܗ ܐܳܘ ܣܳܛܳܢܳܐ
1,Nisibis,54,14,Nisibis 54:14,ܐܶܢܳܐ ܐ̱ܢܳܐ ܕܦܶܟܪܶܬ ܘܰܫܕܺܝܬܶܗ ܠܳܐܕܳܡ ܩܽܘܕܡܰܝܟ ܒܓܰܢ̱ܒܳܪܳܐ ܕܰܦܟܰܪ ܨܶܢܥ̈ܳܬܝ̱ ܐܶܬܺܝܬ ܐܶܬܢܰܨܚܶܬ ܀܀܀
1,Nisibis,54,15,Nisibis 54:15,ܐܶܢܳܐ ܐ̱ܢܳܐ ܕܩܶܛܪܶܬ ܚܰܕ̱ܬܳܐܺܝܬ ܬܳܓܳܐ ܒܬܺܐܒܶܝܠ ܕܠܳܐܕܳܡ ܪܺܝܫ ܓܰܢ̱ܒܳܪ̈ܶܐ ܚܶܒܫܶܬ ܒܰܫܝܽܘ̇ܠ
1,Nisibis,54,16,Nisibis 54:16,ܐܶܢܳܐ ܩܛܰܠܬܶܗ ܒܡܰܘܬܳܐ ܟܰܣܝܳܐ ܠܳܐܕܳܡ ܕܰܚܛܳܐ ܐܰܢ̱ܬ ܡܰܘܬܳܐ ܠܡܺܝܬܰܐ ܗ̱ܘ ܐܰܡܺܝܬܬ ܕܰܩܛܺܝܠ ܗ̱ܘܳܐ ܠܺܝ
1,Nisibis,54,17,Nisibis 54:17,ܟܰܕ ܨܒܰܝܬ ܒܺܝܫܳܐ ܠܡܶܙܟܳܐ ܢܰܦܫܳܟ ܐܰܣܢܺܝܬ ܕܰܐܢ̱ܬ ܡܰܘܬܳܐ ܘܰܐܢ̱ܬ ܣܳܛܳܢܳܐ ܘܰܙܥܽܘܪ ܗ̱ܽܘ ܠܳܟ
1,Nisibis,54,18,Nisibis 54:18,ܗܘܰܝܬ ܫܳܠܶܐ ܡܳܕܶܝܢ ܡܰܘܬܳܐ ܐܰܝܟ ܚܰܠܳܫܳܐ ܕܠܳܐ ܒܡ̈ܶܠܶܐ ܘܠܳܐ ܒܰܥܒܳܕ̈ܶܐ ܥܰܙܺܝܬ ܠܰܡܩܳܡ
1,Nisibis,54,19,Nisibis 54:19,ܠܒܺܝܫܬܳܟ ܗ̱ܽܘ ܙܟܺܝܬ ܒܺܝܫܳܐ ܐܶܢ ܦܳܪܶܫ ܐܰܢ̱ܬ ܟܠܺܝܠܳܟ ܟܽܠܶܗ ܟܽܘܐܳܪܰܐ ܗ̱ܘ ܐܶܢ ܪܳܓܶܫ ܐܰܢ̱ܬ
1,Nisibis,54,20,Nisibis 54:20,ܐܶܢܳܐ ܐܶܚܽܘܒ ܘܰܐܢ̱ܬ ܐܶܨܛܰܚܳܐ ܐܳܘ ܣܳܛܳܢܳܐ ܛܳܒ ܠܺܝ ܕܶܐܗܘܶܐ ܗܶܕܝܽܘܛܳܐ ܘܠܳܐ ܣܳܪܽܘܚܳܐ
1,Nisibis,54,21,Nisibis 54:21,ܒܪܺܝܟ ܟܺܐܢܳܐ ܕܦܰܠܶܓ ܐܶܢܽܘܢ ܕܳܐܘܶܝܢ ܗ̱ܘܰܘ ܛܳܒ ܒܪܺܝܟ ܛܳܒܳܐ ܕܰܡܐܰܘܶܐ ܠܰܢ ܕܰܦܠܺܝܓܺܝܢ ܚ̱ܢܰܢ
1,Nisibis,54,22,Nisibis 54:22,ܐܶܙܟܶܐ ܠܒܺܝܫܳܐ ܒܫܽܘܒܩܳܢܳܟ ܐܳܘ ܚܳܐܶܢ ܟܽܠ ܘܶܐܙܟܶܐ ܠܡܰܘܬܳܐ ܒܢܽܘܚܳܡܳܟ ܐܳܘ ܡܰܚܶܐ ܟܽܠ
1,Nisibis,55,1,Nisibis 55:1,ܒܺܝܫܳܐ ܠܡܰܘܬܳܐ ܗܳܐ ܡܨܰܥܰܪ ܘܳܐܦ ܡܶܨܛܰܥܰܪ ܡܶܢܗܽܘܢ ܘܰܒܗܽܘܢ ܐܳܦ ܠܗܽܘܢ ܩܽܘܠܩܳܠܰܝ̈ܗܽܘܢ ܘܶܐܬܢܰܚܰܡ ܕܰܠܟܽܠ ܢܰܚܶܐ ܒܝܽܘܡ ܡܶܐܬܺܝܬܶܗ
1,Nisibis,55,2,Nisibis 55:2,ܝܰܘܢܳܢ ܕܰܙܟܳܟ ܘܰܦܢܳܐ ܗܘܳܐ ܡܶܢܳܗ̇ ܕܰܫܝܽܘ̇ܠ ܣܢܺܐܓܪܳܐ ܗܘܳܐ ܠܺܝ ܕܰܠܡܳܢܳܐ ܚܝܰܘ ܚܰܛܳܝ̈ܶܐ
1,Nisibis,55,3,Nisibis 55:3,ܠܳܐ ܬܶܥܫܽܘܩܳܝܗ̱ܝ ܐܳܘ ܒܺܝܫܳܐ ܠܗܰܘ ܒܰܪ ܡܰܬܰܝ ܦܰܪܨܽܘܦܳܐ ܕܚܶܡܬܳܐ ܚܰܘܺܝ ܕܢܰܣܓܽܘܢ ܢܰܘܕܽܘܢ
1,Nisibis,55,4,Nisibis 55:4,ܛܳܒ ܦܰܚܺܝܚ ܟܽܠܶܗ ܦܝܳܣܳܟ ܡܰܘܬܳܐ ܛܪܽܘܢܳܐ ܠܳܐ ܓܶܝܪ ܒܣܶܡ ܠܺܝ ܡܶܕܶܡ ܡܶܢ ܟܽܠ ܕܶܐܡܰܪܬ
1,Nisibis,55,5,Nisibis 55:5,ܐܶܡܰܬܝ̱ ܗ̱ܽܘ ܓܶܝܪ ܒܶܣܡܰܬ ܠܳܟ ܡܶܠܰܬ ܩܽܘܫܬܳܐ ܦܰܚܬܰܐ ܗ̱ܘ ܒܶܝܬ ܠܳܟ ܠܰܫܪܳܪܳܐ ܐܳܘ ܟܰܕܳܒܳܐ
1,Nisibis,55,6,Nisibis 55:6,ܟܺܐܢܳܐ ܐܺܝܬܰܝ ܡܶܢ ܝܰܘܡܰܝ̈ ܠܰܘ ܬܰܝܳܒܳܐ ܐܶܢܳܐ ܐ̱ܢܳܐ ܕܡܰܥܕܶܐ ܐ̱ܢܳܐ ܡܶܢܳܟ ܠܰܒܢܰܝ̈ ܐ̱ܢܳܫ̈ܳܐ
1,Nisibis,55,7,Nisibis 55:7,ܩܰܕܳܐ ܬܝܳܒܽܘܬܳܟ ܡܰܘܬܳܐ ܫܰܦܺܝܪ ܐܶܬܰܝܬ ܗܳܐ ܐܳܦ ܫܳܐܽܘ̇ܠ ܒܰܢܒܺܝ̈ܶܐ ܥܰܝܛܳܐ ܪܰܒܳܐ
1,Nisibis,55,8,Nisibis 55:8,ܐܶܢ ܐܰܢ̱ܬ ܡܰܘܬܐ ܬܶܙܕܰܕܰܩ ܐܳܦ ܠܳܐ ܥܰܠ ܢܰܦܫܝ̱ ܣܰܒܪܳܐ ܡܳܕܶܝܢ ܦܳܣܶܩ ܐ̱ܢܳܐ ܕܠܳܐ ܬܳܐܶܒ ܐ̱ܢܳܐ
1,Nisibis,55,9,Nisibis 55:9,ܦܬܰܟܪܳܐ ܥܰܡ ܡܳܪܝ̱ ܠܳܐ ܥܶܒܕܶܬ ܣܳܢܶܐ ܡܳܪܶܗ ܒܰܦܬܰܟܪ̈ܶܐ ܡܺܝ̈ܬܶܐ ܠܚܰܝ̈ܶܐ ܗܳܐ ܩܳܛܶܠ ܐܰܢ̱ܬ ܀܀܀
1,Nisibis,55,10,Nisibis 55:10,ܕܰܦܠܶܓܝ̱ ܐܰܢ̱ܬ ܡܰܘܬܳܐ ܝܳܕܰܥ ܐ̱ܢܳܐ ܘܶܐܢܳܐ ܦܶܠܓܳܟ ܦܠܶܓܝ̱ ܗ̱ܽܘ ܬܳܐܶܒ ܐܶܢ ܬܳܐܶܒ ܬܳܡܰܗ ܐ̱ܢܳܐ ܕܶܝܢ
1,Nisibis,55,11,Nisibis 55:11,ܫܰܘܬܳܦܳܟ ܐܰܢ̱ܬ ܒܰܡܢܳܬܳܐ ܘܠܳܐ ܒܰܚܛܺܝܬܳܐ ܠܺܝ ܩܛܺܝ̈ܠܶܐ ܘܠܳܟ ܩܳܛܽܘ̈ܠܶܐ ܕܰܐܚܛܺܝܬ ܐܶܢܽܘܢ
1,Nisibis,55,12,Nisibis 55:12,ܬܶܒܟܶܐ ܥܪܺܝܡܽܘܬܝ̱ ܥܰܠ ܢܰܦܫܳܗ̇ ܕܥܰܡܳܟ ܕܪܰܫܬ ܨ̈ܶܢܝܳܬܝ̱ ܥܠܰܝ ܢܶܬܐܰܒ̈ܠܳܢ ܕܡܰܛܺܝܬ ܨܶܐܕܰܝܟ
1,Nisibis,55,13,Nisibis 55:13,ܩܶܨܡ̈ܶܐ ܘܰܢܚܳܫ̈ܶܐ ܘܙܳܟܽܘܪ̈ܶܐ ܥܰܡ ܟܽܠ ܚܰܘ̈ܒܺܝܢ ܢܽܘܪܳܐ ܕܰܐܣܶܦܬ ܒܬܺܐܒܶܝܠ ܒܰܫܝܽܘ̇ܠ ܕܶܥܟܰܬ
1,Nisibis,55,14,Nisibis 55:14,ܬܰܝܳܒܳܐ ܕܨܰܠܶܠ ܒܳܩ̈ܶܐ ܘܰܒܠܰܥ ܟܺܐܢ̈ܶܐ ܢܶܨܪܽܘܢܳܟ ܢܰܟ̈ܦܶܐ ܕܓܳܥܶܝܢ ܡܶܢ ܓܰܘ ܟܰܪܣܳܟ
1,Nisibis,55,15,Nisibis 55:15,ܒܶܝܬ ܓܰܙܰܐ ܗ̱ܘ ܢܛܺܝܪܺܝܢ ܠܺܝ ܟܽܠ ܙܰܕ̈ܺܝܩܶܐ ܢܽܘܚܳܡܗܽܘܢ ܠܳܟ ܡܶܬܠܰܚܰܡ ܕܰܪܕܰܦܬ ܐܶܢܽܘܢ
1,Nisibis,55,16,Nisibis 55:16,ܝܰܥܢܳܐ ܕܰܠܟܽܠܳܗ̇ ܒܪܺܝܬܳܐ ܚܰܡܠܳܗ̇ ܒܰܡܥܰܘ̈ܗ̱ܝ ܗܳܐ ܡܰܗܶܠ ܒܺܝ ܕܶܐܫܬܰܠܚܶܬ ܡܶܢ ܩܶܢܝܳܢܰܝ̈
1,Nisibis,55,17,Nisibis 55:17,ܩܕܳܡ ܢܶܓܕܳܐ ܠܳܐ ܬܶܬܪܰܥܰܡ ܠܳܐ ܓܶܝܪ ܡܛܳܟ ܢܺܐܬܶܐ ܝܰܘܡܳܐ ܕܰܬܒܰܓܶܢ ܘܶܐܫܡܰܥ ܘܶܐܚܕܶܐ
1,Nisibis,55,18,Nisibis 55:18,ܬܺܐܬܶܐ ܢܽܘܪܳܐ ܕܳܐܦ ܡܶܫܟܳܟ ܡܶܢܳܟ ܬܶܫܽܘܛ ܐܰܝܟ ܕܰܢܫܰܛܬܳܝܗ̱ܝ ܒܝܰܕ ܚܶܨܦܳܐ ܡܶܫܟܶܗ ܕܺܐܝܽܘ̇ܒ
1,Nisibis,55,19,Nisibis 55:19,܀܀܀ ܪܺܝܚܳܐ ܕܫܰܦܠܽܘܬܳܐ ܫܰܪܺܝ ܕܰܐܝܟ ܢܶܦܪܰܚ ܒܺܝ ܚܶܠܡܰܐ ܗ̱ܘ ܟܰܝ ܕܶܐܢܳܐ ܒܰܛܠܶܬ ܛܽܘܪܳܐ ܙܥܽܘܪܳܐ
1,Nisibis,55,20,Nisibis 55:20,ܠܳܐ ܗ̱ܘܳܐ ܡ̈ܶܠܶܐ ܚܣܰܪ ܗ̱ܘ̈ܰܝ ܠܺܝ ܘܥܰܠ ܗܰܘ ܫܶܬܩܶܬ ܥܰܠ ܥܶܕܳܢܰܐ ܗ̱ܘ ܟܶܪܝܰܬ ܠܺܝ ܕܰܢܦܰܩ ܡܰܓܳܢ
1,Nisibis,55,21,Nisibis 55:21,ܬܽܘܟܶܗ ܕܡܰܡܠ̱ܠܳܟ ܛܳܒ ܣܰܓܺܝ ܠܘܰܝ ܠܳܐ ܫܡܰܥܬܶܗ ܕܪܶܥܝܳܢܝ ܟܽܠܶܗ ܐܺܝܬܰܘܗ̱ܝ ܗ̱ܘܳܐ ܨܶܝܕ ܣܽܘܥܪܳܢܝ̱
1,Nisibis,55,22,Nisibis 55:22,ܗܳܕܶܐ ܐ̱ܢܳܫܽܘܬܳܐ ܕܶܐܒܕܰܬ ܦܶܗܝܳܐ ܣܰܪܚܳܗ̇ ܒܶܛܠܳܢܳܐ ܥܰܡ ܒܶܣܝܳܢܳܐ ܒܢܺܝܪܳܐ ܟܰܕܢܽܘܗ̇
1,Nisibis,55,23,Nisibis 55:23,ܗܰܕܝܳܐܳܐ ܕܪܶܓܬܳܐ ܡܳܡܽܘܢܳܐ ܣܰܦܣܺܪ ܙܰܒܢܳܗ̇ ܚܶܪܝܳܢܳܐ ܥܰܡ ܫܽܘܒܗܳܪܳܐ ܗܘܰܘ ܥܰܪ̈ܳܒܶܐ
1,Nisibis,55,24,Nisibis 55:24,ܒܰܐܡܺܝܢܽܘܬܳܐ ܚܠܳܦ ܚܰܝܠܳܐ ܡܶܬܟܰܬܰܫ ܐ̱ܢܳܐ ܘܶܐܢ ܗܽܘ ܕܒܳܣܶܐ ܐ̱ܢܳܐ ܩܰܠܺܝܠ ܠܰܝܬܰܘܗ̱ܝ ܫܽܘܠܛܳܢܝ̱
1,Nisibis,55,25,Nisibis 55:25,ܒܢܽܘܛܦ̈ܳܬܳܐ ܐܰܡܺܝ̈ܢܳܬܳܐ ܫܽܘ̈ܥܶܐ ܒܶܙܥܶܬ ܕܫܰܕܳܠܳܐ ܐܰܡܺܝܢܳܐ ܐܳܦ ܛܽܘܪܳܐ ܡܶܫܟܰܚ ܫܳܪܶܐ
1,Nisibis,55,26,Nisibis 55:26,ܥܝܳܕܳܐ ܐܳܦ ܠܶܗ ܠܰܟܝܳܢܳܐ ܡܳܪܳܐ ܗܳܘܶܐ ܡܰܠܶܦ ܢܳܓܶܕ ܐܳܦ ܠܰܐܪܝܳܐ ܐܰܝܟ ܠܰܒܥܺܝܪܳܐ
1,Nisibis,55,27,Nisibis 55:27,ܥܝܳܕܳܐ ܢܺܝܚܳܐ ܘܝܽܘܬܪܳܢܳܐ ܘܰܐܡܺܝܢܽܘܬܳܐ ܒܗܽܘܢ ܡܶܙܕܰܟܝܳܐ ܚܺܐܪܽܘܬܳܐ ܩܰܫܝܰܬ ܡܶܢ ܟܽܠ
1,Nisibis,55,28,Nisibis 55:28,ܐܶܢ ܡܶܬܥܰܙܰܙ ܨܶܒܝܳܢܳܗ̇ ܣܽܘܛܡ̈ܶܐ ܬܳܒܰܪ ܀܀܀ ܘܶܐܢ ܒܳܣܶܐ ܢܶܫܒܳܐ ܡܚܺܝܠܳܐ ܡܨܶܐ ܨܳܐܶܕ ܠܳܗ̇
1,Nisibis,55,29,Nisibis 55:29,ܐܶܢ ܗܽܘ ܕܢܶܗܡܰܬ ܚܺܐܪܽܘܬܳܐ ܐܶܬܒܰܕܰܪܢܰܢ ܘܶܐܢ ܕܶܝܢ ܒܶܗܠܰܬ ܟܶܢܫܰܢ ܚܢܰܢ ܠܰܢ ܕܰܢܒܰܙܰܚ ܒܳܗ̇
1,Nisibis,55,30,Nisibis 55:30,ܠܳܐ ܢܰܣܓܶܐ ܢܡܰܠܶܠ ܕܰܠܡܳܐ ܢܰܣܓܶܐ ܢܶܒܛܰܠ ܒܚܽܘܒܳܐ ܢܰܩܪܶܒ ܥܰܡ ܫܽܘܪܳܐ ܘܗܳܐ ܐܶܬܬܰܪܰܥ
1,Nisibis,55,31,Nisibis 55:31,ܙܶܠ ܐܰܢ̱ܬ ܘܰܣܥܽܘܪ ܟܽܘܪ̈ܗܳܢܶܐ ܘܶܐܢܳܐ ܦܰܚ̈ܶܐ ܕܠܺܝ ܚܰܘ̈ܒܶܐ ܘܠܳܟ ܡܰܘܬܳܢܳܐ ܢܝܳܚܳܐ ܪܰܒܳܐ
1,Nisibis,55,32,Nisibis 55:32,ܘܳܐܦܶܢ ܒܶܛܠܶܬ ܠܳܐ ܒܛܰܠܬ ܡܶܢ ܡܰܪܢܺܝܬܳܐ ܕܨܶܒܝܳܢܝ̱ ܡܶܢ ܡܬܽܘܡ ܠܳܐ ܒܛܶܠ ܕܰܡܛܰܝܒ ܗ̱ܽܘ
1,Nisibis,56,1,Nisibis 56:1,ܥܰܡ ܚܺܐܪܽܘܬܳܐ ܐܰܓܽܘܢܳܐ ܐܺܝܬ ܠܳܟ ܒܺܝܫܳܐ ܒܠܳܡܳܐ ܡܰܨܝܳܐ ܕܬܰܪܡܶܐ ܒܳܟ ܐܶܢ ܫܳܦܰܪ ܠܳܗ̇ ܘܰܒܢܽܘܚܳܡܳܟ ܐܰܡܣܰܪܢ ܚ̱ܢܰܢ ܐܳܦ ܥܰܠ ܡܰܘܬܳܐ
1,Nisibis,56,2,Nisibis 56:2,ܗܶܢܽܘܢ ܠܗܽܘܢ ܬܽܘܒ ܗܳܐ ܦܰܪܣܺܝܘ ܕܰܡܚܺܝ̈ܠܶܐ ܐܶܢܽܘܢ ܡܰܘܬܳܐ ܠܒܺܝܫܳܐ ܐܰܕܟܰܪ ܠܶܗ ܓܰܢ̱ܒܳܪܽܘܬܶܟܝ̱
1,Nisibis,56,3,Nisibis 56:3,ܢܽܘܪܳܟ ܒܩܶܢܳܟ ܐܳܘ ܡܰܘܬܳܐ ܘܠܳܐ ܪܳܓܶܫ ܐܰܢ̱ܬ ܗܰܝܡܳܢܽܘܬܳܐ ܕܥܰܢܺܝܕ̈ܶܐ ܠܳܟ ܛܽܘܠܩܳܐ ܗ̱ܝ ܀܀܀
1,Nisibis,56,4,Nisibis 56:4,ܗܳܐ ܡܰܘܬܳܐ ܘܒܺܝܫܳܐ ܐܰܟܪܶܙ ܓܰܢ̱ܒܳܪܽܘܬܶܟܝ̱ ܐܳܦ ܗܽܘ ܒܺܝܫܳܐ ܐܰܕܟܰܪ ܠܶܗ ܗܰܝܡܳܢܽܘܬܶܟܝ̱
1,Nisibis,56,5,Nisibis 56:5,ܐܶܢ ܕܶܝܢ ܗܶܢܽܘܢ ܕܰܠܩܽܘܒܠܶܟܝ̱ ܢܶܗܘܽܘܢ ܚܽܘܠܳܦܰܝܟܝ̱ ܗܳܕܶܐ ܪܰܒܳܐ ܗ̱ܝ ܕܪܳܕ̈ܽܘܦܶܐ ܗܘܰܘ ܟܳܪ̈ܽܘܙܶܐ
1,Nisibis,56,6,Nisibis 56:6,ܐܶܢܳܐ ܡܰܘܕܶܐ ܐ̱ܢܳܐ ܐܳܘ ܒܺܝܫܳܐ ܕܰܐܝܟ ܪܰܒܰܝܬܳܐ ܢܳܛܰܪ ܐ̱ܢܳܐ ܓܰܙܰܝ̈ ܡܰܠܟܳܐ ܥܰܕ ܡܶܐܬܺܝܬܳܐ
1,Nisibis,56,7,Nisibis 56:7,ܐܶܢܳܐ ܡܰܘܬܳܐ ܛܳܒ ܟܳܦܰܪ ܐ̱ܢܳܐ ܕܠܰܘ ܕܰܐܠܳܗܰܐ ܗ̱ܘ ܗܳܢܳܐ ܓܰܙܳܐ ܕܨܶܢܥܬܳܐ ܕܰܡܟܰܢܰܫ ܠܺܝ
1,Nisibis,56,8,Nisibis 56:8,ܛܰܒܥܳܟ ܡܳܕܶܝܢ ܕܙܺܐܦܰܐ ܗ̱ܘ ܐܳܘ ܣܳܛܳܢܳܐ ܕܒܶܝܬ ܣܺܝ̈ܡܳܬܶܗ ܕܰܐܠܳܗܳܐ ܠܳܐ ܡܶܬܩܰܒܰܠ
1,Nisibis,56,9,Nisibis 56:9,ܛܰܒܥܳܐ ܚܰܕ̱ܬܳܐ ܛܳܒܰܥ ܐ̱ܢܳܐ ܒܰܕܡܽܘܬ ܡܰܠܟܳܐ ܗܳܐ ܬܰܓܳܪ̈ܰܝ ܒܰܒܪܺܝܬܳܐ ܬܽܘܟܳܐ ܡܰܝܬܶܝܢ
1,Nisibis,56,10,Nisibis 56:10,ܐܰܠܳܗܳܐ ܡܶܢ ܠܳܐ ܡܶܕܶܡ ܒܪܳܐ ܟܽܠ ܡܶܕܶܡ ܘܶܐܢܳܐ ܒܪܺܝܬ ܡܶܢ ܠܳܐ ܡܶܕܶܡ ܥܰܘܠܳܐ ܪܰܒܳܐ
1,Nisibis,56,11,Nisibis 56:11,ܣܟܺܝܪ ܘܰܣܛܺܝܡ ܦܽܘܡܳܟ ܒܺܝܫܳܐ ܕܰܟܡܳܐ ܡܰܪܳܚ ܕܦܽܘܚܳܡܳܟ ܨܶܝܕ ܒܳܪܽܘܝܳܐ ܗܳܐ ܡܶܬܩܰܪܰܒ
1,Nisibis,56,12,Nisibis 56:12,ܠܺܝ ܡܰܘܬܳܐ ܫܰܠܺܝܛ ܗ̱ܽܘ ܠܺܝ ܕܰܐܡܪܰܚ ܘܺܐܡܰܪ ܠܶܫܳܢܳܟ ܕܺܝܠܳܟ ܥܰܒܕܰܐ ܗ̱ܘ ܕܰܬܚܶܝܬ ܩܶܢܛܰܐ ܗ̱ܘ
1,Nisibis,56,13,Nisibis 56:13,܀܀܀ ܦܰܚܬܰܐ ܗ̱ܘ ܡܶܟܺܝܠ ܒܰܝܢܳܬܰܢ ܐܳܘ ܣܳܛܳܢܳܐ ܦܰܩܪܳܐܺܝܬ ܓܶܝܪ ܒܡܳܪܳܟ ܗܳܐ ܣܳܒܶܟ ܐܰܢ̱ܬ
1,Nisibis,56,14,Nisibis 56:14,ܡܰܘܬܳܐ ܠܡܳܢܳܐ ܐܶܬܦܰܠܰܓܬ ܥܰܠ ܫܰܘܝܽܘܬܰܢ ܗܘܺܝ ܠܺܝ ܚܰܒܪܳܐ ܘܗܰܕܳܡܳܐ ܘܗܳܐ ܐܰܡܠܶܟܢ ܚ̱ܢܰܢ
1,Nisibis,56,15,Nisibis 56:15,ܬܳܐ ܢܶܫܡܽܘܛ ܙܰܘܓܳܐ ܕܣܰܝ̈ܦܶܐ ܥܰܠ ܐ̱ܢܳܫܽܘܬܳܐ ܐܶܢܳܐ ܒܟܶܣܝܳܐ ܘܰܐܢ̱ܬ ܒܓܶܠܝܳܐ ܘܗܳܐ ܓܰܡܰܪܢܳܗ̇
1,Nisibis,56,16,Nisibis 56:16,ܚܛܺܝܬܳܐ ܘܰܫܝܽܘ̇ܠ ܝܰܗ̱ܒ ܡܰܠܟܳܐ ܬܰܪ̈ܬܶܝܢ ܠܰܬܪ̈ܰܝܢ ܕܶܐܢ ܗܽܘ ܠܰܡ ܕܶܐܬܦܰܠܰܓܬܽܘܢ ܐܶܬܛܰܠܰܩܬܽܘܢ
1,Nisibis,56,17,Nisibis 56:17,ܚܙܰܘ ܡܰܝ̈ܳܐ ܕܶܐܢ ܐܶܬܒܰܕܰܪܘ ܘܐܳܦ ܐܶܫܬܰܦܰܠܘ̱ ܘܶܐܢ ܐܶܬܟܰܢܰܫܘ̱ ܐܶܬܥܰܫܰܢܘ ܐܰܝܟ ܕܳܐܦ ܐܰܢ̱ܬܽܘܢ
1,Nisibis,56,18,Nisibis 56:18,ܐܶܬܦܰܠܰܓܬܽܘܢ ܐܰܘܦܺܝܬܽܘܢ ܐܰܝܟ ܚܰܠܳܫ̈ܶܐ ܘܶܐܬܡܰܙܰܓܬܽܘܢ ܐܰܡܠܶܟܬܽܘܢ ܐܰܝܟ ܚܰܣܺܝ̈ܢܶܐ
1,Nisibis,56,19,Nisibis 56:19,ܚܽܘܒܳܐ ܠܣܰܓܺܝ̈ܐܶܐ ܢܳܣܶܟ ܐܰܝܟ ܕܰܠܟܽܘܪܳܐ ܘܥܳܒܶܕ ܚܰܕ ܓܽܘܫܡܳܐ ܪܰܒܳܐ ܕܰܠܟܽܠ ܙܳܟܶܐ
1,Nisibis,56,20,Nisibis 56:20,ܒܶܗ ܚܶܟܡ̈ܳܬܳܐ ܘܨܶܢܥ̈ܳܬܳܐ ܚܰܝܠܳܐ ܘܥܽܘܫܢܳܐ ܡܶܢ ܨܰܠܡܳܐ ܕܶܐܫܬܺܝܢ ܐܰܡܺܝܢ ܪܰܒ ܗ̱ܽܘ ܣܰܓܝ
1,Nisibis,56,21,Nisibis 56:21,ܐܶܬܪܰܥܰܘ ܢܶܟܢܽܘܫ ܢܺܐܙܰܠ ܥܰܠ ܗܰܘ ܕܰܓܒܳܐ ܕܰܟܡܳܐ ܕܳܐܘܶܐ ܠܰܝܬ ܦܪܽܘܣ ܕܰܢܚܽܘܒ ܡܶܢ ܡܬܽܘܡ
1,Nisibis,56,22,Nisibis 56:22,ܗܳܠܶܝܢ ܡܰܠܶܠܘ̱ ܙܺܝ̈ܥܶܐ ܘܟܰܢܶܫܘ̱ ܘܶܐܬܰܘ ܀܀܀ ܝܰܘܡܳܟ ܡܳܪܝ̱ ܢܶܟܢܽܘܫ ܐܶܢܽܘܢ ܨܶܝܕ ܓܺܗܰܢܳܐ
1,Nisibis,56,23,Nisibis 56:23,ܒܰܚܢܳܢܳܟ ܠܳܟ ܡܳܪܝ̱ ܐܶܣܓܽܘܕ ܟܰܕ ܐܶܬܢܰܚܰܡ ܒܫܺܝܦܽܘܪܳܟ ܠܰܒܪܳܟ ܐܰܘܕܳܐ ܟܰܕ ܐܶܬܚܰܣܶܐ
1,Nisibis,57,1,Nisibis 57:1,ܨܽܘܬܘ̱ ܐܰܚ̈ܰܝ ܟܰܕ ܡܰܗܠ ܒܶܗ ܡܰܘܬܳܐ ܒܒܺܝܫܳܐ ܥܰܠ ܕܰܐܚܛܺܝ ܠܗܰܘ ܪܺܝܫ ܛܽܘܗܡܰܢ ܘܰܠܝܳܠܶܕܬܶܗ ܘܠܳܐܕܳܡ ܕܶܐܫܬܰܦܰܠ ܗ̱ܘܳܐ ܪܰܡܪܶܡ ܫܰܦܠܳܟ
1,Nisibis,57,2,Nisibis 57:2,ܢܶܚܙܽܘܢ ܦܽܘܪܣܝܳܟ ܪܰܒܳܐ ܝܰܠܕ̈ܰܘܗ̱ܝ ܕܳܐܕܳܡ ܐܰܝܟ ܕܰܐܗܠܶܬ ܒܦܽܘܪܣܳܝܶܗ ܟܰܕ ܐܰܚܛܺܝܬܳܝܗ̱ܝ
1,Nisibis,57,3,Nisibis 57:3,ܬܶܫܒܽܘܩ ܚܰܘܳܐ ܠܗܰܘ ܚܶܘܝܳܐ ܘܒܳܟ ܬܶܬܓܪܶܐ ܕܰܐܢ̱ܬ ܗ̱ܽܘ ܢܟܰܠܬܳܗ̇ ܠܫܰܒܪܽܘܬܳܐ ܐܰܘ ܬܰܢܺܝܢܳܐ
1,Nisibis,57,4,Nisibis 57:4,ܢܶܚܙܶܝܘܗ̱ܝ ܗܳܒܶܝܠ ܠܩܰܐܺܝܢ ܕܰܥܠܰܝܟ ܐܶܬܳܐ ܒܪܰܒܳܐ ܟܦܺܝܪܳܐ ܡܶܬܥܰܕܰܠ ܬܰܠܡܺܝܕ ܪܽܘܓܙܳܐ
1,Nisibis,57,5,Nisibis 57:5,ܢܽܘܚ ܕܰܙܟܳܐ ܗ̱ܘܳܐ ܠܡܳܡܽܘܠܳܐ ܐܰܝܟ ܕܰܠܡܰܘܬܳܐ ܒܦܽܘܡܶܗ ܕܚܳܡ ܓܶܚܟܰܬ ܥܠܰܘܗ̱ܝ ܕܰܙܟܳܝܗ̱ܝ ܚܰܡܪܳܐ
1,Nisibis,57,6,Nisibis 57:6,ܠܰܘ ܢܽܘܚ ܐܶܣܬܓܶܦ ܐܶܠܳܐ ܡܳܐܢܳܟ ܕܺܝܠܳܟ ܠܒܶܫ ܠܰܘ̈ܛܳܬܳܐ ܕܰܠܒܶܫܬܳܝܗ̱ܝ ܘܰܗܘܳܐ ܥܰܒܕܳܐ
1,Nisibis,57,7,Nisibis 57:7,ܠܽܘܛ ܕܰܙܟܳܐ ܪܽܘܓܙܳܐ ܕܺܐܝܬܰܘܗ̱ܝ ܛܽܘܦܣܳܟ ܡܰܘܬܳܐ ܠܰܒܢ̈ܳܬܶܗ ܡܶܠܟܰܬ ܡ̈ܰܠܟܶܐ ܕܰܫܦܰܪܘ̱ ܗ̱ܘܰܘ ܠܺܝ
1,Nisibis,57,8,Nisibis 57:8,ܘܰܐܢ̱ܬܰܬ ܠܽܘܛ ܫܶܡܥܰܬ ܡܶܠܟܳܟ ܕܡܳܐܢܳܟ ܗܘܳܬ ܦܶܠܓܳܟ ܢܺܐܒܰܫ ܕܺܝܒܶܫ ܗ̱ܘܳܐ ܟܽܠܶܗ ܡܳܐܢܳܟ
1,Nisibis,57,9,Nisibis 57:9,ܗܘܳܬ ܡܶܬܗܰܦܟܳܐ ܓܺܗܰܢܳܐ ܠܥܶܠ ܡܶܢ ܪܺܝܫܳܟ ܕܪܽܘܫܥܳܟ ܗ̱ܽܘ ܗܰܦܟܳܗ̇ ܠܣܳܕܽܘܡ ܥܰܠ ܝܰܬܒܶܝ̈ܗ̇
1,Nisibis,57,10,Nisibis 57:10,ܓܰܠܠܰܝ̈ ܢܽܘܪܳܐ ܒܢܽܘܚܳܡܳܐ ܢܶܬܰܓܪܽܘܢ ܒܳܟ ܕܰܒܡܽܘܫܶܐ ܘܒܶܐܠܺܝܳܐ ܥܰܡܳܐ ܓܶܪܝܰܬ
1,Nisibis,57,11,Nisibis 57:11,ܢܰܗܠܽܘܢ ܒܳܟ ܟܺܐܢ̈ܶܐ ܒܚܰܪܬܳܐ ܘܢܶܚܕܶܐ ܝܰܘܣܶܦ ܗܰܘ ܕܰܐܚ̈ܰܘܗ̱ܝ ܐܰܗܶܠܘ̱ ܗ̱ܘܰܘ ܒܶܗ ܕܫܶܓܫܰܬ ܐܶܢܽܘܢ
1,Nisibis,57,12,Nisibis 57:12,ܥܶܛܪܳܐ ܕܬܶܢܳܢܳܐ ܢܶܥܽܘܠ ܢܶܚܢܽܘܩ ܪ̈ܶܓܫܰܝܟ ܐܰܝܟ ܕܚܰܢܶܩܘ̱ ܡܰܝ̈ܳܐ ܕܝܰܡܳܐ ܪ̈ܶܓܫܰܝ ܥܰܘ̈ܳܠܶܐ
1,Nisibis,57,13,Nisibis 57:13,ܢܰܗܠܰܢ ܒܳܟ ܐܳܦ ܢܰܟ̈ܦܳܬܳܐ ܕܰܒܝܰܕ ܡܶܠܟܳܟ ܒ̈ܢܳܬ ܡܳܕܶܝܢ ܐܰܗܶܠ ܗܘܰܝ ܒܶܗ ܒܥܰܡܳܐ ܣܰܟܠܳܐ
1,Nisibis,57,14,Nisibis 57:14,ܓܰܘܙܰܠܬܳܐ ܒܪܺܝܫܳܟ ܬܶܣܰܦ ܡܶܛܽܘܠ ܫܶܡܫܽܘܢ ܕܰܒܐܰܢ̱ܬܬܳܐ ܓܪܰܥܬܳܝܗ̱ܝ ܣܰܥܪܶܗ ܕܰܐܪܝܳܐ ܕܚܺܝܠܳܐ
1,Nisibis,57,15,Nisibis 57:15,ܫܳܐܽܘܠ ܕܰܙܟܺܝܬ ܒܰܚܣܳܡܳܐ ܒܩܰܨܡܳܐ ܚܰܣܢܳܟ ܕܫܰܐܶܠ ܘܰܐܣܶܩ ܠܰܫܡܽܘܐܶܝܠ ܡܶܢ ܓܰܘ ܩܰܒܪܶܗ
1,Nisibis,57,16,Nisibis 57:16,ܠܳܐ ܬܨܰܥܰܪ ܡܺܝܬܳܐ ܚܰܝܳܐ ܠܳܐ ܓܶܝܪ ܣܠܶܩ ܐܰܢ̱ܬ ܗ̱ܽܘ ܣܠܶܩܬ ܒܙܳܟܽܘܪܳܐ ܫܰܘܺܝܬ ܗܽܘ ܓܶܝܪ
1,Nisibis,57,17,Nisibis 57:17,ܥܰܠ ܓܰܘܙܰܠܬܳܐ ܦܽܘܩܕܳܢܳܐ ܢܶܬܠܝܳܟ ܒܺܝܫܳܐ ܕܒܳܟ ܗ̱ܽܘ ܬܰܠܐܽܘܗ̱ܝ ܥܰܠ ܩܰܝܣܳܐ ܠܰܐܒܫܽܘܠܳܡ
1,Nisibis,57,18,Nisibis 57:18,ܒܢܽܘܪܳܐ ܬܶܚܙܶܐ ܡܽܘܟܳܟܳܟ ܒܶܝܬ ܛܰܡ̈ܐܳܬܳܐ ܕܰܫܠܶܝܡܽܘܢ ܒܳܟ ܐܶܫܬܰܦܰܠ ܒܶܝܬ ܚ̈ܰܢܦܳܬܳܐ
1,Nisibis,57,19,Nisibis 57:19,ܬܶܬܠܰܚܰܡ ܠܳܟ ܟܺܐܢܽܘܬܳܐ ܐܰܝܟ ܕܰܫܓܰܪܬܳܗ̇ ܠܺܐܝܙܒܶܠ ܕܶܐܟܠܰܬ ܠܰܢܒܺܝ̈ܶܐ ܐܰܢ̱ܬ ܐܰܣܶܦܬܳܗ̇
1,Nisibis,57,20,Nisibis 57:20,ܒܢܽܘܪܳܐ ܬܺܐܩܰܕ ܟܺܐܢܳܐܺܝܬ ܕܰܐܪܘܝܰܬ ܐܶܢܽܘܢ ܠܰܬܪ̈ܶܝܢ ܕܰܐܘܩܶܕ ܐܶܠܺܝܳܐ ܕܓܰܙܶܡܘ̱ ܘܰܣܠܶܩܘ̱
1,Nisibis,57,21,Nisibis 57:21,ܥܠܰܝܟ ܐܳܦ ܓܽܘܡܪ̈ܶܐ ܢܶܬܟܰܫܺܝܢ ܢܶܚܙܶܐ ܘܢܶܚܕܶܐ ܗܰܘ ܢܒܽܘܬ ܕܰܟܫܺܝܬ ܥܠܰܘܗ̱ܝ ܝܰܓܪܳܐ ܕܟܺܐܦ̈ܶܐ
1,Nisibis,57,22,Nisibis 57:22,ܬܰܠܒܶܫ ܒܶܙܚܳܐ ܒܝܽܘܡ ܕܺܝܢܳܐ ܩܕܳܡ ܚ̈ܰܙܳܝܶܐ ܕܰܐܠܒܶܫܬܳܝܗ̱ܝ ܓܰܪܒܳܐ ܠܶܓܚܙܺܝ ܒܓܰܢܳܒܽܘܬܳܟ
1,Nisibis,57,23,Nisibis 57:23,ܒܒܰܪܩܳܐ ܚܠܳܦ ܓܶܐܪܳܐ ܬܶܒܠܰܥ ܐܳܘ ܣܳܛܳܢܳܐ ܕܒܰܠܒܶܗ ܕܗܰܘ ܝܽܘܫܳܝܳܐ ܓܺܐܪ̈ܶܐ ܩܰܒܥܰܬ
1,Nisibis,57,24,Nisibis 57:24,ܒܬܰܛܪܳܗ̇ ܕܓܺܗܰܢܳܐ ܬܶܛܒܰܥ ܐܳܘ ܣܳܛܳܢܳܐ ܕܒܰܣܝܳܢܶܗ ܕܓܽܘܒܳܐ ܛܰܒܰܥܬ ܠܗܰܘ ܐܶܪܰܡܝܳܐ
1,Nisibis,57,25,Nisibis 57:25,ܣܠܶܩ ܕܳܢܺܝܐܶܝܠ ܡܶܢ ܓܽܘܒܳܐ ܕܒܶܗ ܐܰܪܡܺܝܬܳܝܗ̱ܝ ܢܶܬܒܰܝܰܐ ܕܒܐܕܽܘܓܳܐ ܠܥܳܠܰܡ ܢܶܚܙܶܝܟ ܀܀܀
1,Nisibis,57,26,Nisibis 57:26,ܢܶܗܦܽܘܟ ܥܰܘܠܳܟ ܥܰܠ ܪܺܝܫܳܟ ܣܢܳܐ ܐ̱ܢܳܫܳܐ ܐܰܝܟ ܕܰܗܦܰܟ ܥܰܘܠܶܗ ܒܪܺܝܫܶܗ ܕܗܳܡܳܢ ܚܰܒܪܳܟ
1,Nisibis,57,27,Nisibis 57:27,ܟܰܠܰܬ ܡܰܠܟܳܐ ܬܒܰܙܰܚ ܒܳܟ ܒܰܕܡܽܘܬ ܐܶܣܬܺܝܪ ܬܶܒܥܶܐ ܡܶܢܳܗ̇ ܒܝܽܘܡ ܕܺܝܢܳܐ ܕܰܬܦܺܝܣ ܥܠܰܝܟ
1,Nisibis,57,28,Nisibis 57:28,ܫܪܳܬ ܗܘܳܬ ܢܽܘܪܳܐ ܠܙܰܕܺܝ̈ܩܶܐ ܗܳܢܽܘܢ ܕܦܶܟܪܰܬ ܦܟܳܪܳܐ ܪܰܒܳܐ ܢܶܗܘܶܐ ܠܳܟ ܕܶܠܩܳܐ ܕܢܽܘܪܳܐ
1,Nisibis,57,29,Nisibis 57:29,ܬܶܬܒܰܣܒܰܣ ܘܰܐܚ̈ܶܐ ܫܰܒܥܳܐ ܢܶܚܙܽܘܢ ܫܶܦܠܳܟ ܒܶܢܝ̈ܳܗ̇ ܕܰܫܡܽܘܢܺܝ ܡܶܢ ܕܺܐܒܰܝ̈ܟ ܐܶܬܒܰܣܒܰܣܘ̱ ܗ̱ܘܰܘ
1,Nisibis,57,30,Nisibis 57:30,ܬܒܰܙܰܚ ܢܽܘܪܳܐ ܒܩܰܪܩܰܦܬܳܟ ܐܰܝܟ ܕܶܐܫܬܰܥܺܝܬ ܒܰܬܪ̈ܶܝܢ ܪ̈ܺܝܫܰܝܢ ܕܰܢܙܺܝܪ̈ܶܐ ܒܢ̈ܰܝ ܥܰܩܪ̈ܳܬܳܐ
1,Nisibis,57,31,Nisibis 57:31,ܬܶܫܬܥܶܐ ܢܽܘܪܳܐ ܒܪܺܝܫܳܟ ܕܶܐܡܳܐ ܘܒܰܪܬܳܗ̇ ܒܪܺܝܫܶܗ ܕܝܽܘܚܰܢܳܢ ܒܰܙܰܚ ܕܶܐܫܬܰܢܝܰܬ ܐܶܢܶܝܢ
1,Nisibis,57,32,Nisibis 57:32,ܫܰܠܗܶܒܺܝܬܳܐ ܬܒܰܙܰܚ ܒܶܗ ܒܪܺܝܫܳܟ ܒܺܝܫܳܐ ܕܥܰܠ ܦܺܝܢܟܳܐ ܒܪܺܝܫܶܗ ܒܰܙܚܰܬ ܕܝܽܘܚܰܢܳܢ
1,Nisibis,58,1,Nisibis 58:1,ܗܳܐ ܡܰܘܬܳܐ ܩܰܕܶܡ ܒܟܰܪ ܕܰܢܒܰܙܰܚ ܒܶܗ ܒܣܳܛܳܢܳܐ ܕܰܥܬܺܝܕ ܕܰܢܗܶܐ ܒܶܙܚܳܐ ܠܚܰܪܬܳܐ ܀܀܀ ܘܰܒܢܽܘܚܳܡܳܟ ܫܩܰܠܬ ܙܳܟܽܘܬܳܐ ܘܳܐܦ ܥܰܠ ܡܰܘܬܳܐ
1,Nisibis,58,2,Nisibis 58:2,ܘܰܚܠܳܦ ܡܳܪܰܢ ܐܶܡܰܪ ܗ̱ܘܳܐ ܟܰܕ ܠܳܐܶܛ ܠܶܗ ܠܗܰܘ ܕܰܗܘܳܐ ܥܶܠܰܬ ܨܰܥܪܶܗ ܘܰܙܩܺܝܦܽܘܬܶܗ
1,Nisibis,58,3,Nisibis 58:3,ܐ̱ܕܽܘܓܳܐ ܢܗܶܐ ܠܳܟ ܩܰܒܪܳܐ ܐܳܘ ܣܳܛܳܢܳܐ ܕܓܰܕܶܦܬ ܥܰܠ ܩܳܠܳܐ ܩܒܺܝܪܳܐ ܕܨܳܪܝ̱ ܩܰܒܪ̈ܶܐ
1,Nisibis,58,4,Nisibis 58:4,ܠܡܳܪܝ̱ ܝܳܕܰܥ ܐ̱ܢܳܐ ܘܰܠܒܰܪ ܡܳܪܝ̱ ܐܳܘ ܣܳܛܳܢܳܐ ܟܶܦܪܶܬ ܒܡܳܪܳܟ ܘܙܰܩܶܦܬܳܝܗ̱ܝ ܠܒܰܪ ܡܳܪܳܟ
1,Nisibis,58,5,Nisibis 58:5,ܗܳܢܰܘ ܫܡܳܐ ܝܳܐܶܐ ܠܳܟ ܩܳܛܶܠ ܡܳܪܶܗ ܕܩܰܛܠܬܳܝܗ̱ܝ ܒܓܶܠܝܳܢܶܗ ܗܰܘ ܩܛܰܠ ܠܳܟ
1,Nisibis,58,6,Nisibis 58:6,ܥܠܰܝܟ ܢܢܺܝܕ ܟܽܠܢܳܫ ܪܺܝܫܶܗ ܕܒܳܟ ܪ̈ܺܝܫܳܢܶܐ ܪ̈ܺܝܫܰܝܗܽܘܢ ܐܢܺܝܕܘ̱ ܥܰܠ ܗܰܘ ܡܳܪܳܐ ܕܚ̈ܰܝܶܐ
1,Nisibis,58,7,Nisibis 58:7,ܩܰܢܝܳܐ ܪܥܺܝܥܳܐ ܬܚܶܝܬ ܪ̈ܶܓܠܶܐ ܕܟܺܐܢ̈ܶܐ ܬܶܗܘܶܐ ܕܒܳܟ ܐܰܘܚܶܕܘ̱ ܩܰܢܝܳܐ ܒܺܐܝܕܶܗ ܕܰܣܡܳܟ ܟܽܘܠܳܐ
1,Nisibis,58,8,Nisibis 58:8,ܒܟܠܺܝܠ ܟܽܘܒ̈ܶܐ ܐܶܬܟܰܠܰܠ ܐܰܝܟ ܕܰܢܒܰܕܶܩ ܕܬܳܓܳܐ ܕܡܰܠܟܽܘܬܳܐ ܫܰܩܠܶܗ ܡܶܢ ܒܶܝܬ ܕܰܘܺܝܕ
1,Nisibis,58,9,Nisibis 58:9,ܒܰܟܠܺܝܠ ܟܽܘ̈ܒܶܐ ܐܶܬܟܰܠܰܠ ܡܰܠܟܳܐ ܕܡ̈ܰܠܟܶܐ ܘܰܕܨܰܥܪܽܘܗ̱ܝ ܫܰܩܠܶܗ ܬܳܓܳܐ ܡܶܢ ܡ̈ܰܠܟܰܝܗܽܘܢ
1,Nisibis,58,10,Nisibis 58:10,ܒܢܰܚ̈ܬܰܝ ܒܶܙܚܳܐ ܕܝܰܗ̱ܒܘ̱ ܠܶܗ ܒܗܽܘܢ ܒܰܙܰܚ ܗ̱ܘܳܐ ܕܫܰܩܠܶܗ ܠܰܠܒܽܘܫ ܬܶܫܒܽܘܚܬܳܐ ܕܟܽܘܡܪ̈ܶܐ ܘܡ̈ܰܠܟܶܐ ܀܀܀
1,Nisibis,58,11,Nisibis 58:11,ܠܚܶܠܳܐ ܡܰܚܶܝܢ ܕܽܘܟܪܳܢܳܟ ܐܳܘ ܣܳܛܳܢܳܐ ܕܰܚܠܶܐ ܩܶܪܒܰܬ ܠܨܰܗܝܶܗ ܕܡܰܒܽܘܥ ܚ̈ܰܝܶܐ
1,Nisibis,58,12,Nisibis 58:12,ܐܺܝܕܳܐ ܥܠܰܝܟ ܢܪܺܝܡ ܟܽܠܢܳܫ ܕܐܺܝܕܳܐ ܚܺܝܠܰܬ ܕܰܡܚܳܬܶܗ ܠܗܰܘ ܕܒܺܐܝܕܶܗ ܩܳܡ ܒܶܪ̈ܝܳܬܳܐ
1,Nisibis,58,13,Nisibis 58:13,ܒܠܰܥ ܒܺܐܝܕܳܐ ܘܦܰܣܩܳܗ̇ ܠܺܐܝܕܳܐ ܡܶܢ ܩܰܝܳܦܳܐ ܐܺܝܕܳܐ ܕܟܳܗܢܽܘܬܳܐ ܦܶܣܩܰܬ ܕܰܦܣܰܩ ܡܶܫܚܳܐ
1,Nisibis,58,14,Nisibis 58:14,ܥܰܠ ܥܳܡܽܘܕܳܐ ܬܽܘܒ ܡܰܬܚܽܘܗ̱ܝ ܐܰܝܟ ܕܰܠܢ̱ܓܰܕܳܐ ܠܗܰܘ ܕܶܐܙܰܠ ܗ̱ܘܳܐ ܥܳܡܽܘܕܶܗ ܩܕܳܡ ܫܰܒ̈ܛܰܝܗܽܘܢ
1,Nisibis,58,15,Nisibis 58:15,ܥܰܡܽܘܕܳܐ ܥܰܠ ܥܰܡܽܘܕܳܐ ܡܶܬܢܰܓܰܕ ܗ̱ܘܳܐ ܫܩܼܰܠ ܢܰܦܫܶܗ ܡܶܢ ܓܰܘ ܨܶܗܝܽܘܢ ܘܶܐܬܳܬ ܢܶܦܠܰܬ
1,Nisibis,58,16,Nisibis 58:16,ܕܰܬܪ̈ܶܝܢ ܩܰܝ̈ܣܺܝܢ ܪܰܟܶܒܘ̱ ܠܶܗ ܐܰܝܟ ܠܰܨܠܺܝܒܳܐ ܬܒܰܪ ܐܶܢܽܘܢ ܠܰܬܪ̈ܶܝܢ ܚܽܘܛܪ̈ܺܝܢ ܢܳܛܽܘܪ̈ܰܝܗܽܘܢ
1,Nisibis,58,17,Nisibis 58:17,ܪܰܟܶܒ ܚܰܙܩܺܝܐܶܝܠ ܩܰܝ̈ܣܶܐ ܬܪ̈ܶܝܢ ܒܰܐܘܝܽܘܬܳܐ ܒܰܬܪ̈ܶܝܢ ܩܰܝ̈ܣܺܝܢ ܕܰܨܠܺܝܒܳܐ ܒܰܛܶܠܘ̱ ܚܽܘܛܪ̈ܰܝܗܽܘܢ
1,Nisibis,58,18,Nisibis 58:18,ܬܪ̈ܶܝܢ ܩܰܝ̈ܣܺܝܢ ܒܐ̱ܪܳܙܳܐ ܕܓܶܦ̈ܶܐ ܠܥܰܡܳܐ ܛܰܥܢܽܘܗ̱ܝ ܬܪ̈ܶܝܢ ܚܽܘܛܪ̈ܰܘܗ̱ܝ ܗܳܐ ܐܶܬܬܰܒܰܪܘ̱ ܒܰܕܡܽܘܬ ܓܶܦܰܘ̈ܗ̱ܝ
1,Nisibis,58,19,Nisibis 58:19,ܟܶܢܦܽܘ̈ܗ̱ܝ ܘܓܶܦܰܘ̈ܗ̱ܝ ܕܰܨܠܺܝܒܳܐ ܦܫܰܛ ܒܰܚܢܳܢܳܐ ܪܟܶܢܘ̱ ܐܶܒܪ̈ܰܘܗ̱ܝ ܘܰܛܥܶܢܘ̱ ܥܰܡ̈ܡܶܐ ܕܢܺܐܙܰܠ ܠܰܥܕܶܢ ܀܀܀
1,Nisibis,58,20,Nisibis 58:20,ܕܰܐܚܝܳܢܰܐ ܗ̱ܘ ܕܰܐܝܠܶܝܢ ܚ̈ܰܝܶܐ ܘܨܶܝܕ ܒܰܪ ܛܽܘܗܡܶܗ ܡܰܘܒܶܠ ܪ̈ܰܚܡܰܘܗ̱ܝ ܕܥܰܠ ܣܰܘ̈ܟܰܘܗ̱ܝ ܦܺܐܪ̈ܰܘܗ̱ܝ ܢܶܪܥܽܘܢ
1,Nisibis,58,21,Nisibis 58:21,ܙܶܠܝ̱ ܐܶܠܺܝ ܘܒܶܟܝ̱ ܒܺܝܫܳܐ ܥܠܰܝ ܘܰܥܠܰܝܟܽܘܢ ܕܚܰܕ ܡܶܢܰܢ ܠܳܐ ܥܳܐܶܠ ܠܳܗ̇ ܠܰܓܢܰܬ ܚ̈ܰܝܶܐ
1,Nisibis,58,22,Nisibis 58:22,ܗܳܫܳܐ ܕܰܐܘܕܺܝܬ ܐܳܘ ܡܰܘܬܳܐ ܬܳܐ ܐܺܡܰܪ ܠܳܟ ܕܗܳܢܳܐ ܟܽܠܶܗ ܬܽܘܪܓܳܡܳܐ ܠܺܝ ܒܰܛܠܳܢܰܐ ܗ̱ܘ
1,Nisibis,58,23,Nisibis 58:23,ܐܶܙܰܠ ܐܰܕܺܝܩ ܥܰܠ ܦܰܚ̈ܶܐ ܗܶܢܽܘܢ ܕܨܰܠܺܝܬ ܘܳܐܦ ܐܰܢ̱ܬ ܡܰܘܬܳܐ ܦܪܰܚ ܘܰܣܥܽܘܪ ܟܽܠ ܕܰܟܪ̈ܺܝܗܺܝܢ
1,Nisibis,58,24,Nisibis 58:24,ܡܳܪܰܢ ܒܰܛܶܠ ܠܰܬܪ̈ܰܝܗܽܘܢ ܒܰܬܪ̈ܶܝܢ ܓܰܒ̈ܺܝܢ ܒܺܝܫܳܐ ܢܶܬܒܰܛܰܠ ܗܳܪܟܳܐ ܘܡܰܘܬܳܐ ܬܰܡܳܢ
1,Nisibis,59,1,Nisibis 59:1,ܗܳܐ ܡܰܘܬܳܐ ܡܶܢ ܣܳܛܳܢܳܐ ܥܺܝܪܬܰܢ ܬܳܒܰܥ ܬܰܘ ܢܶܫܡܰܥ ܨܰܥܪܶܗ ܘܢܶܚܕܶܐ ܕܚܰܕܺܝ ܒܨܰܥܪܰܢ ܐܳܦ ܡܰܘܬܳܐ ܐܳܦ ܣܳܛܳܢܳܐ ܬܚܶܬܝ̱ ܪ̈ܶܓܠܶܝܗ̇
1,Nisibis,59,2,Nisibis 59:2,ܢܶܬܬܠܽܘܢ ܒܺܝܫ̈ܶܐ ܬܰܩܢܳܐܺܝܬ ܘܰܐܢ̱ܬ ܗܳܦܟܳܐܺܝܬ ܗܳܦܟܳܐܺܝܬ ܓܶܝܪ ܠܫܶܡܥܽܘܢ ܒܩܰܝܣܳܐ ܙܩܰܦܬܳܝܗ̱ܝ
1,Nisibis,59,3,Nisibis 59:3,ܥܰܠ ܟܽܠܗܶܝܢ ܫܶܬܩܰܬ ܡܰܘܬܳܐ ܕܰܨܠܳܐ ܠܶܗ ܙܒܰܢܝ̱ ܫܶܡܥܽܘܢ ܗܽܘܝܽܘ ܡܽܘܡܳܐ ܗ̱ܘܳܐ ܕܗܳܟܰܢ ܙܽܘܩܦܽܘܢܳܢܝ̱
1,Nisibis,59,4,Nisibis 59:4,ܐܶܠܽܘ ܟܺܐܢ̈ܶܐ ܠܛܽܘܢܺܝ ܗ̱ܘܰܘ ܠܳܐ ܡܰܟܪܳܐ ܗܘܺܝܬ ܥܝܳܛܶܗ ܕܡܰܘܬܳܐ ܒܺܝܫ ܗ̱ܽܘ ܠܺܝ ܡܶܢ ܓܺܗܰܢܳܐ
1,Nisibis,59,5,Nisibis 59:5,ܨܰܥܪܶܗ ܕܡܳܪܰܢ ܠܳܐ ܐܶܡܪܶܬ ܪܰܒ ܗ̱ܽܘ ܡܶܢ ܦܽܘܡܝ̱ ܕܶܐܬܩܽܘܠ ܘܐܶܦܰܚܶܡ ܚܰܫܶܗ ܥܰܡ ܫܽܘܢܳܩܳܟ
1,Nisibis,59,6,Nisibis 59:6,ܬܪ̈ܶܥܣܰܪ ܟܽܘܪ̈ܣܰܘܳܢ ܡܼܰܬܩܰܢ ܠܰܬܪ̈ܰܥܣܰܪܬܶܗ ܕܒܶܬܪ̈ܶܥܣܰܪ ܫܰܒ̈ܛܺܝܢ ܐܰܢ̱ܬ ܗ̱ܽܘ ܡܶܬܚܰܝܰܒ ܐܰܢ̱ܬ
1,Nisibis,59,7,Nisibis 59:7,ܚܶܒܠܳܐ ܕܡܳܓܶܢ ܬܶܬܠܳܐ ܠܳܟ ܐܳܘ ܣܳܛܳܢܳܐ ܕܰܬܠܳܐ ܠܶܗ ܚܒܳܠܳܐ ܒܝܰܩܺܝܪ ܗܰܘ ܬܰܠܡܺܝܕܳܟ
1,Nisibis,59,8,Nisibis 59:8,ܛܳܟ ܬܶܣܬܰܦܰܩ ܒܰܚܢܳܢܳܐ ܗܳܝ ܓܺܗܰܢܳܐ ܘܰܬܦܽܘܫ ܒܳܗ̇ ܐܰܢ̱ܬ ܒܰܠܚܽܘܕܳܝܟ ܥܰܡ ܫܰܡ̈ܳܫܰܝܟ
1,Nisibis,59,9,Nisibis 59:9,ܣܰܓܺܝ̈ܐܺܢ ܐܶܢܶܝܢ ܠܰܘ̈ܛܳܬܳܟ ܘܰܟܡܳܐ ܐܶܚܫܽܘܒ ܗܳܐ ܣܳܟܳܐ ܕܟܽܠ ܠܰܘ̈ܛܳܬܳܟ ܥܰܠ ܗܰܕܳܡ̈ܰܝܟ
1,Nisibis,59,10,Nisibis 59:10,ܢܕܰܩܪܽܘܢܳܟ ܒܺܝ̈ܫܶܐ ܒܢܽܘܪܳܐ ܕܐܰܒܐܫܰܬ ܠܗܽܘܢ ܢܶܬܥܰܕܠܽܘܢ ܒܳܟ ܕܰܠܡܳܢܳܐ ܠܟܳܐ ܐܺܝܬܺܝܬܰܢ
1,Nisibis,59,11,Nisibis 59:11,ܢܶܬܓܪܽܘܢ ܒܳܟ ܚܰܛ̈ܳܝܶܐ ܘܛܳܟ ܢܰܒܐܶܫ ܠܳܟ ܠܽܘܚܳܡܗܽܘܢ ܡܶܢ ܫܽܘܢܳܩܳܐ ܕܗܳܝ ܓܺܗܰܢܳܐ
1,Nisibis,59,12,Nisibis 59:12,ܢܶܗܘܽܘܢ ܠܳܟ ܗܶܢܽܘܢ ܬܰܡܳܢ ܟܽܠ ܣ̈ܳܛܳܢܺܝܢ ܐܰܝܟ ܕܰܗܘܺܝܬ ܠܗܽܘܢ ܗܳܪܟܳܐ ܚܰܕ ܣܳܛܳܢܳܐ ܀܀܀
1,Nisibis,59,13,Nisibis 59:13,ܥܺܝܪ̈ܶܐ ܢܶܣܒܽܘܢ ܢܶܫܕܽܘܢܳܟ ܟܰܕ ܡܶܬܕܰܟܪܶܝܢ ܕܰܠܡܳܪܗܽܘܢ ܒܳܟ ܡܶܢ ܪܰܘܡܳܐ ܠܥܽܘܡܩܳܐ ܫܕܰܐܽܘܗ̱ܝ
1,Nisibis,59,14,Nisibis 59:14,ܢܶܪܗܰܛ ܟܽܠ ܐ̱ܢܳܫ ܠܪܶܓܡܳܟ ܟܰܕ ܠܳܐ ܛܳܥܶܝܢ ܕܒܳܟ ܗܽܘ ܪܗܶܛ ܥܰܡܳܐ ܦܰܩܪܳܐ ܠܡܶܪܓܰܡ ܠܰܒܪܳܐ
1,Nisibis,59,15,Nisibis 59:15,ܠܳܟ ܒܺܝܫܳܐ ܡܶܢ ܟܽܠ ܦܽܘܡ̈ܺܝܢ ܪܰܘܩܳܐ ܕܚܶܡܬܳܐ ܕܒܳܟ ܪܰܩܘ ܠܶܗ ܠܗܰܘ ܕܰܒܪܽܘܩܶܗ ܦܬܰܚ ܣܰܡܝܳܐ
1,Nisibis,59,16,Nisibis 59:16,ܠܳܟ ܒܺܝܫܳܐ ܡܶܢ ܠܳܟ ܠܶܫܳܢ ܐܳܦ ܟܽܠ ܠܽܘܛܳܢ ܕܒܳܟ ܓܰܕܶܦܘ̱ ܥܰܠ ܗܰܘ ܕܰܦܬܰܚ ܦܽܘܡ̈ܶܐ ܣܟܺܝܪ̈ܶܐ
1,Nisibis,59,17,Nisibis 59:17,ܒܪܺܝܟ ܕܬܳܒܰܥ ܠܥܰܠܺܝܒܽܘܬܰܢ ܟܰܕ ܫܰܬܺܝܩܳܐ ܘܰܓܪܺܝ ܒܶܗ ܒܡܰܘܬܳܐ ܠܒܺܝܫܳܐ ܕܗܽܘ ܢܦܰܠ ܒܶܗ
1,Nisibis,59,18,Nisibis 59:18,ܢܝܰܒܶܒ ܐܰܚ̈ܰܝ ܒܽܐܘܫ̈ܰܥܢܶܐ ܒܰܕܡܽܘܬ ܓܶܕܥܽܘܢ ܕܟܰܕ ܗܽܘ ܡܝܰܒܶܒ ܪܕ̈ܽܘܦܶܐ ܢܦܰܠܘ̱ ܒܰܚܕ̈ܳܕܶܐ
1,Nisibis,60,1,Nisibis 60:1,ܐܰܘ ܬܶܗܪܳܐ ܕܓܰܕܫܶܗ ܠܒܺܝܫܳܐ ܡܶܢ ܫܶܠܝ̱ ܐܰܚ̈ܰܝ ܕܰܚܛܺܝܬܳܐ ܐܶܬܟܰܘܢܰܬ ܗܘܳܬ ܘܰܩܢܳܬ ܛܰܥܡܳܐ ܘܠܶܗ ܟܰܕ ܠܶܗ ܐܳܦ ܬܰܘܕܺܝܬܳܐ ܕܚܰܣܢܶܗ ܠܡܰܘܬܳܐ
1,Nisibis,60,2,Nisibis 60:2,ܬܽܘܒ ܒܺܝܫܳܐ ܕܰܐܝܟܰܘ ܓܽܘܚܟܳܗ̇ ܘܰܐܝܟܰܘ ܒܣܳܡܳܗ̇ ܘܰܐܝܟܰܘ ܪܰܩܕܳܗ̇ ܘܨܰܒܬܳܗ̇ ܓܠܺܝ ܘܪܽܘܫܥܳܗ̇ ܟܰܣܝܳܐ
1,Nisibis,60,3,Nisibis 60:3,ܕܰܚܠܳܦ ܓܽܘܚܟܳܗ̇ ܗܰܘ ܙܰܠܺܝܠܳܐ ܒܒܶܟܝܳܐ ܥܶܢܝܳܐ ܣܰܥܪܳܗ̇ ܢܶܣܪܰܬ ܨܳܐܬܶܗ ܕܝܶܫܽܘܥ ܠܡܰܟܦܰܪܘ̱
1,Nisibis,60,4,Nisibis 60:4,ܠܳܐ ܩܰܝܳܡ ܒܳܗ̇ ܡܶܢ ܝܽܘܠܦܳܢܝ̱ ܐܳܦ ܠܳܐ ܦܳܫ ܒܳܗ̇ ܡܶܢ ܬܽܘܠܡܳܕܰܢ ܦܶܠܛܰܬ ܘܰܫܕܳܬ ܟܽܠ ܕܰܐܠܶܦܬܳܗ̇
1,Nisibis,60,5,Nisibis 60:5,ܟܶܦܪܰܬ ܐܳܦ ܒܰܢ ܘܒܰܥܢܺܝܢܰܢ ܘܰܐܝܟ ܗܰܘ ܕܳܐܦ ܠܳܐ ܚܙܳܬܰܢܝ̱ ܡܶܡܬܽܘܡ ܥܛܳܬܶܗ ܠܨܰܠܡܰܢ ܡܶܢ ܪܶܥܝܳܢܳܗ̇
1,Nisibis,60,6,Nisibis 60:6,ܚܡܺܝܪܶܗ ܕܝܶܫܽܘܥ ܚܝܳܐ ܦܪܰܚ ܒܳܗ̇ ܕܝܶܫܽܘܥ ܫܠܳܐ ܘܗܺܝ ܡܶܬܚܰܨܦܳܐ ܚܶܒܨܰܬ ܥܶܠܰܬ ܟܰܕ ܠܳܐ ܩܪܰܐܘܳܗ̇
1,Nisibis,60,7,Nisibis 60:7,ܛܥܳܬܶܗ ܠܚܽܘܒܰܢ ܗܰܘ ܕܰܫ̈ܢܰܝܳܐ ܘܒܰܪܦܳܦ ܥܰܝܢܳܐ ܒܶܝܬ ܠܺܝ ܐܳܦ ܠܳܗ̇ ܫܶܩܠܰܬ ܗܘܳܬ ܡܰܘܬܳܐ ܣܳܡܰܬ
1,Nisibis,60,8,Nisibis 60:8,ܚܠܳܦ ܓܶܝܪ ܓܽܘܚܟܳܐ ܒܶܟܝܳܐ ܒܣܶܡ ܠܳܗ̇ ܘܰܚܠܳܦ ܟܽܘܚܳܠܳܐ ܡܶܛܪܳܐ ܕܕܶܡ̈ܥܶܐ ܘܰܚܠܳܦ ܣܰܩܠܳܐ ܚܶܙܘܳܐ ܟܡܺܝܪܳܐ
1,Nisibis,60,9,Nisibis 60:9,ܠܙܰܟܰܝ ܥܶܒܕܰܬ ܪܺܝܫ ܥܳܠܽܘ̈ܒܶܐ ܠܗܳܕܶܐ ܥܶܒܕܰܬ ܪܺܝܫ ܛܰܡ̈ܐܳܬܳܐ ܠܰܬܪ̈ܶܝܢ ܓ̈ܶܦܰܝ ܬܒܰܪ ܝܶܫܽܘܥ
1,Nisibis,60,10,Nisibis 60:10,ܐܶܢ ܗܽܘ ܕܙܰܟܺܝ ܐܶܬܬܰܠܡܰܕ ܠܶܗ ܘܶܐܢ ܗܽܘ ܕܗܳܕܶܐ ܐܶܫܬܰܡܥܰܬ ܠܶܗ ܩܦܰܣܘ̱ ܡܶܟܺܝܠ ܐܽܘܡܢܽܘܬܰܢ
1,Nisibis,60,11,Nisibis 60:11,ܓܠܺܝ̈ܦܶܐ ܡܶܟܺܝܠ ܠܒܶܙܚܳܐ ܗܳܘܶܝܢ ܘܰܠܡܽܘܝܳܩܳܐ ܓܠܽܘ̈ܦܰܝܗܽܘܢ ܐܳܦ ܠܓܽܘܚܟܳܐ ܥܳܒܽܘܕ̈ܰܝܗܽܘܢ ܀܀܀
1,Nisibis,60,12,Nisibis 60:12,ܐܶܚܕܰܬ ܥܰܝ̈ܢܶܐ ܕܠܳܐ ܢܶܬܒܰܚܪܽܘܢ ܕܰܓ̈ܠܺܝܦܶܐ ܐܶܢܽܘܢ ܝܶܫܽܘܥ ܦܬܰܚ ܥܰܝ̈ܢܶܐ ܕܢܶܚܙܽܘܢ ܕܰܥܒܺܝܕ̈ܶܐ ܐܶܢܽܘܢ
1,Nisibis,60,13,Nisibis 60:13,ܐܶܢ ܟܳܪܽܘܙܳܐ ܓܒܳܐ ܠܶܗ ܝܶܫܽܘܥ ܡܶܫܬܰܬܩܳܐ ܠܳܗ̇ ܟܳܪܽܘܙܽܘܬܰܢ ܗܳܕܶܐ ܕܡܰܠܝܳܐ ܡܶܢܳܗ̇ ܬܺܒܶܝܠ
1,Nisibis,60,14,Nisibis 60:14,ܕܗܳܐ ܟ̈ܰܠܕܳܝܶܐ ܥܰܡ ܩܳܨ̈ܽܘܡܶܐ ܘܗܳܐ ܙܳܟܽܘܪ̈ܶܐ ܥܰܡ ܝܳܕܽܘ̈ܥܶܐ ܟܬܺܝ̈ܫܶܐ ܘܟܽܘܡܪ̈ܶܐ ܥܰܡ ܟܽܘܠ ܒܺܝ̈ܫܳܢ
1,Nisibis,60,15,Nisibis 60:15,ܟܽܘܡܪ̈ܶܐ ܐܶܟܰܠܬܽܘܢ ܣܰܩܬܽܘܢ ܡܶܟܺܝܠ ܙܶܠܘ̱ ܩܳܨܽܘܡ̈ܶܐ ܗ̱ܘܰܘ ܦܰܠܳܚ̈ܶܐ ܢܶܟܪܽܘܟ ܣܶܦܪ̈ܰܘܗ̱ܝ ܐܳܦ ܟܰܠܕܳܝܳܐ
1,Nisibis,60,16,Nisibis 60:16,ܐܶܢ ܥܶܒܪ̈ܳܝܶܐ ܐܶܬܬܰܠܡܰܕܘ̱ ܠܶܗ ܕܰܒܟܽܠ ܐܳܬܘ̈ܳܢ ܠܳܐ ܐܶܬܟܰܒܰܫܘ̱ ܡܰܢ ܡܶܢ ܥܰܡ̈ܡܶܐ ܕܠܳܐ ܫܳܡܰܥ ܠܶܗ
1,Nisibis,60,17,Nisibis 60:17,ܐܶܢ ܗ̈ܳܦܟܳܝܶܐ ܫܰܪܺܝ ܡܰܬܩܶܢ ܫܪܳܐ ܠܶܗ ܫܰܪܒܰܢ ܠܳܐ ܢܶܬܦܰܠܰܓ ܒܰܢ ܗܽܘ ܡܶܟܺܝܠ ܓܥܰܪ ܟܽܠ ܐ̱ܢܰܫ
1,Nisibis,60,18,Nisibis 60:18,ܕܰܒܟܽܠ ܢܰܘܣ̈ܺܝܢ ܐܶܣܬܰܓܕܶܬ ܗܘܺܝܬ ܨܰܥܪܰܢ ܣܳܓܳܐ ܡܶܢ ܐܺܝܩܳܪܰܢ ܕܟܽܠ ܐ̱ܢܳܫ ܪܳܐܶܩ ܒ̈ܥܶܠܘܳܬܰܢ
1,Nisibis,60,19,Nisibis 60:19,ܒܶܣܪܳܐ ܕܒܺܝܚܳܐ ܗܳܘܶܐ ܢܕܺܝܕܳܐ ܘܰܠܨܽܘܠܳܚܳܐ ܦܬܰܟܪ̈ܶܐ ܗܘܳܝܶܢ ܓܠܺܝ̈ܦܶܐ ܫܳܓܪܺܝܢ ܬܚܶܝܬ ܩܕܳܪ̈ܰܝܗܽܘܢ
1,Nisibis,60,20,Nisibis 60:20,ܠܫܶܥܝܳܐ ܗܳܘܶܐ ܟܽܠܶܗ ܥܰܒܕܰܢ ܘܰܠܣܽܘܚܳܦܳܐ ܟܽܘܠ ܕܒܳܢܶܝܢ ܚܢܰܢ ܘܰܠܩܽܘܠܩܳܠܳܐ ܟܽܠ ܕܰܐܠܦܰܢ ܚܢܰܢ
1,Nisibis,60,21,Nisibis 60:21,܀܀܀ ܐ̱ܪ̈ܳܙܶܐ ܟܣ̈ܰܝܳܐ ܕܐܰܠܶܦܬ ܐܶܢܽܘܢ ܝܰܩܺܝܪܳܐܺܝܬ ܥܬܺܝܕܺܝܢ ܐܶܢܽܘܢ ܠܡܰܦܪܣܺܝܘ ܥܰܠ ܐܰܓܳܪ̈ܶܐ
1,Nisibis,60,22,Nisibis 60:22,ܒܡܶܨܪ̈ܳܝܶܐ ܚܬܺܝܪ ܐܰܢ̱ܬ ܣܰܓܺܝ ܡܶܢ ܟܽܠ ܥܰܡ̈ܡܺܝܢ ܥܕܰܡܳܐ ܠܗܳܕܶܐ ܕܳܐܦ ܠܒܳܨ̈ܶܠܶܐ ܘܬܽܘܡܰܐ ܣܓܶܕܘ̱ ܗ̱ܘܰܘ
1,Nisibis,60,23,Nisibis 60:23,ܗܳܐ ܩܳܢܶܛ ܐ̱ܢܳܐ ܕܰܠܡܳܐ ܐܰܝܟܳܐ ܕܣܶܓܝܰܬ ܛܽܘܥܝܰܝ ܢܰܨܠܰܚ ܩܽܘܫܬܳܐ ܕܬܰܡܳܢ ܝܰܬܺܝܪ ܡܰܡܠܳܟ ܝܶܫܽܘܥ
1,Nisibis,60,24,Nisibis 60:24,ܘܶܐܢ ܟܰܕ ܛܰܠܝܰܐ ܗ̱ܘ ܘܰܥܪܰܩ ܘܰܢܚܶܬ ܬܶܗܪܰܬ ܡܶܨܪܶܝܢ ܐܳܦ ܢܨܰܪܬܶܗ ܚܶܢܩܰܬ ܥܰܘ̈ܳܠܶܐ ܥܽܘܠܳܐ ܪܶܚܡܰܬ
1,Nisibis,60,25,Nisibis 60:25,ܕܶܡ ܪܰܗܒܽܘܢܳܐ ܢܚܶܬ ܗ̱ܘܳܐ ܝܰܗ̱ܒ ܠܳܗ̇ ܕܰܐܝܟ ܡܳܟܽܘܪܳܐ ܫܪܳܪܳܐ ܝܰܗ̱ܒ ܕܡܳܐ ܕܶܐܬܥܰܠܰܡ ܐܳܦ ܢܣܰܒ ܠܳܗ̇
1,Nisibis,60,26,Nisibis 60:26,ܠܳܐ ܡܨܶܐ ܦܶܪܥܽܘܢ ܕܰܢܩܺܝܡ ܪܶܓܠܳܐ ܠܰܘ ܓܶܝܪ ܦܺܐܩܰܐ ܗ̱ܘ ܕܰܢܕܰܓܶܠ ܒܶܗ ܐܳܦ ܠܳܐ ܥܰܒܕܳܐ ܕܰܢܟܰܕܶܒ ܒܶܗ
1,Nisibis,60,27,Nisibis 60:27,ܡܰܚܶܐ ܗ̱ܘܳܐ ܡܽܘܫܶܐ ܡܶܪܕܽܘ ܡܶܨܪ̈ܳܝܶܐ ܘܰܪܕܳܐ ܠܥܰܡܳܐ ܡܶܪܕܽܘ ܥܶܒܪ̈ܳܝܶܐ ܝܶܫܽܘܥ ܒܳܠܰܥ ܘܰܠܟܽܠ ܡܚܳܐ
1,Nisibis,60,28,Nisibis 60:28,ܗܳܕܶܐ ܩܰܫܝܳܐ ܕܠܰܘ ܒܰܩܛܺܝܪܳܐ ܒܡܳܐ ܢܺܝܪܶܗ ܥܰܠ ܕܡܰܪܺܝܕܺܝܢ ܗܽܘ ܡܶܬܢܰܓܰܕ ܘܶܐ̱ܚܪܺܝܢ ܝܺܠܶܦ
1,Nisibis,60,29,Nisibis 60:29,ܪܽܘܩܳܐ ܕܦܽܘܡܶܗ ܫܰܘܺܝ ܫܰܩܠܳܗ̇ ܠܒܶܗܬܰܬ ܐܳܕܳܡ ܒܫܽܘܩܳܦ ܦܰܟ̈ܰܘܗ̱ܝ ܥܰܩܪܳܗ̇ ܠܚܶܡܬܰܢ ܡܶܢ ܬܰܠܡܺܝܕ̈ܰܘܗ̱ܝ
1,Nisibis,60,30,Nisibis 60:30,ܒܨ̈ܶܨܶܐ ܕܩܰܒܶܠ ܠܺܝ ܡܚܳܫ ܗ̱ܘܳܐ ܚܶܕܝܰܬ ܕܰܙܩܰܦܬܶܗ ܘܠܳܐ ܝܳܕܰܥ ܗܘܺܝܬ ܕܠܺܝ ܙܩܰܦ ܗܘܺܝܬ ܒܰܙܩܺܝܦܽܘܬܶܗ
1,Nisibis,61,1,Nisibis 61:1,ܒܒܽܘܝܳܢܳܐ ܠܡܰܘܬܳܐ ܢܶܫܡܰܥ ܐܳܘ ܚܰܒܺܝ̈ܒܰܝ ܕܰܡܩܰܛܪܶܓ ܠܰܢ ܥܰܠ ܒܟܝܳܢ ܘܥܰܠ ܝ̈ܺܠܠܳܬܰܢ ܘܶܐܫܟܰܚ ܗ̱ܘܳܐ ܠܳܐܕܳܡ ܘܳܐܦ ܒܶܗ ܠܝ̈ܰܠܕܰܘܗ̱ܝ ܕܳܐܕܳܡ
1,Nisibis,61,2,Nisibis 61:2,ܘܰܒܙܶܕܩܳܐ ܐܰܟܒܰܪ ܐܶܡܰܪ ܕܰܩ̈ܛܺܝܠܰܝܟܽܘܢ ܕܠܳܐ ܪ̈ܰܚܡܶܐ ܘܗܳܐ ܕܶܡ̈ܥܰܝܟܽܘܢ ܐܰܝܟ ܪ̈ܰܚܡܳܢܶܐ
1,Nisibis,61,3,Nisibis 61:3,ܥܒܰܕܬܽܘܢܳܢܝ̱ ܐܰܝܟ ܣܳܪܽܘܚܳܐ ܐܳܘ ܩ̈ܳܛܽܘܠܶܐ ܩܳܛܠܺܝܢ ܐܰܢ̱ܬܽܘܢ ܓܶܝܪ ܠܰܚ̈ܕܳܕܶܐ ܡܶܢ ܒܶܠܥܳܕܝ̱
1,Nisibis,61,4,Nisibis 61:4,ܥܰܕ ܒܳܥܶܐ ܡܰܘܬܳܐ ܕܢܺܐܬܶܐ ܩܰܕܡܶܗ ܣܰܝܦܳܐ ܢܶܚܙܶܐ ܓܶܝܪ ܥܰܠ ܡܰܢ ܓܳܥܶܐ ܕܡܳܐ ܕܰܩ̈ܛܺܝܠܶܐ
1,Nisibis,61,5,Nisibis 61:5,ܥܠܰܝܟܽܘܢ ܓܳܥܶܝܢ ܚܢܺܝ̈ܩܶܐ ܕܰܐܠܺܝܨܺܝܢ ܗ̱ܘܰܘ ܢܶܟܦܶܬ ܠܺܝ ܓܶܝܪ ܒܰܚܒܳܠܳܐ ܕܚܽܘܢܩ̈ܰܝܗܽܘܢ
1,Nisibis,61,6,Nisibis 61:6,ܥܰܠܝ̱ ܦܳܣܩܺܝܢ ܐܳܦ ܫܰܦܠܽܘܬܳܐ ܕܡܶܢ ܒܶܠܥܳܕܝ̱ ܚܢܺܝ̈ܩܶܐ ܘܰܩܛܺܝ̈ܠܶܐ ܐܰܝܟܰܢ ܥܰܠܘ̱ ܠܳܗ̇ ܠܰܫܝܽܘܠ
1,Nisibis,61,7,Nisibis 61:7,ܥܰܘܠܰܝ̈ܟܽܘܢ ܗܳܐ ܡܶܫܬܕܶܝܢ ܐܰܝܟ ܕܰܒܡܶܨܪܶܝܢ ܒܢܰܝ̈ܟܽܘܢ ܠܫܺܐܕ̈ܶܐ ܕܰܒܰܚܬܽܘܢ ܐܳܘ ܫܺܐܕ̈ܳܢܶܐ ܀܀܀
1,Nisibis,61,8,Nisibis 61:8,ܥܰܕ ܒܳܥܶܐ ܡܰܘܬܳܐ ܕܢܶܛܥܰܡ ܒܰܫ̈ܠܰܕܰܝܟܽܘܢ ܩܳܐܶܝܢ ܫܰܪܚܰܢܝ̱ ܩܰܕܡܳܐܺܝܬ ܒܰܕܡܳܐ ܕܐ̱ܢܳܫܳܐ
1,Nisibis,61,9,Nisibis 61:9,ܥܰܕ ܒܥܳܐ ܕܶܐܓܰܪ ܪܽܘܚܝ̱ ܕܰܢܡܽܘܬ ܐܳܕܳܡ ܩܕܳܡ ܫܽܘܠܛܳܢܝ̱ ܫܠܰܛܬܽܘܢܳܢܝ̱ ܥܰܠ ܦܰܓܪ̈ܰܝܟܽܘܢ
1,Nisibis,61,10,Nisibis 61:10,ܥܰܩܪܶܗ ܩܳܐܶܝܢ ܒܣܰܝܦܶܗ ܠܬܰܪܥܳܗ̇ ܕܰܫܝܽܘܠ ܐܰܚܺܝܕ ܗ̱ܘܳܐ ܓܶܝܪ ܘܰܩܕܳܡ ܙܰܒܢܳܐ ܩܕܳܡ ܦܰܬܚܶܗ
1,Nisibis,61,11,Nisibis 61:11,ܥܡܰܠ ܕܪܺܝܫܳܗ̇ ܐܽܘܪܚܳܐ ܕܰܫܝܽܘܠ ܡܶܢ ܒܶܠܥܳܕܝ̱ ܒܽܐܘܪܚܳܐ ܓܶܝܪ ܕܰܕܪܰܫܬܽܘܢ ܠܺܝ ܗܳܐ ܪܳܕܶܐ ܐ̱ܢܳܐ
1,Nisibis,61,12,Nisibis 61:12,ܬܫܰܥܡܳܐܐ ܫ̈ܢܺܝܢ ܝܶܬܒܰܬ ܩܰܘܝܰܬ ܠܳܐܕܳܡ ܕܰܢܡܽܘܬ ܩܳܐܶܝܢ ܕܶܝܢ ܐܳܦ ܠܳܐ ܝܰܘܡܳܐ ܫܰܒܩܶܗ ܠܰܐܚܽܘܗ̱ܝ
1,Nisibis,61,13,Nisibis 61:13,ܓܰܝ̈ܳܣܶܐ ܒܓܰܘ ܐܽܘܪ̈ܚܳܬܳܐ ܒܺܝܫ̈ܺܝܢ ܐܶܢܽܘܢ ܡܶܢܝ̱ ܐܶܢܳܐ ܕܳܡܶܟ ܐ̱ܢܳܐ ܘܗܶܢܽܘܢ ܥܺܝܪܺܝܢ ܠܰܡܩܰܛܳܠܽܘ
1,Nisibis,61,14,Nisibis 61:14,ܗܳܐ ܚܪ̈ܺܝܒܰܝܟܽܘܢ ܒܩܰܒܪ̈ܶܐ ܘܰܩܛܺܝ̈ܠܰܝܟܽܘܢ ܒܽܐܘܪ̈ܚܳܬܳܐ ܘܰܚܢܺܝ̈ܩܰܝܟܽܘܢ ܥܰܠ ܣܟܝ̈ܟܘܢ
1,Nisibis,61,15,Nisibis 61:15,ܐܶܢ ܐܶܢܳܐ ܡܶܪܕܶܬ ܥܰܠ ܡܳܪܝ̱ ܠܰܡ ܘܩܰܛܠܬܶܗ ܡܰܢܽܘ ܩܳܛܶܠ ܐܶܢܽܘܢ ܠܗܳܠܶܝܢ ܐܳܡܰܪ ܝܰܗܽܘ
1,Nisibis,61,16,Nisibis 61:16,ܘܶܐܢ ܐܶܢܳܐ ܡܰܘܬܳܐ ܕܒܰܪ̣ܬ ܠܥܰܢܺܝ̈ܕܰܝܟܽܘܢ ܚܢܺܝ̈ܩܶܐ ܩ̈ܛܺܝܠܶܐ ܘܚܰܪ̈ܺܝܒܶܐ ܡܰܢܽܘ ܩܳܛܶܠ
1,Nisibis,61,17,Nisibis 61:17,܀܀܀ ܣܳܛܳܢܳܐ ܐܰܢ̱ܬܽܘܢ ܠܰܚܕ̈ܳܕܶܐ ܘܰܣܩܺܝܪ ܒܺܝܼܫܳܐ ܡܰܘܬܳܢܳܐ ܐܰܢ̱ܬܽܘܢ ܠܰܚܕ̈ܳܕܶܐ ܘܰܥܕܺܝܠ ܡܰܘܬܳܐ
1,Nisibis,61,18,Nisibis 61:18,ܨܶܒܝܳܢܟܽܘܢ ܠܟܽܘܢ ܣܳܛܳܢܰܐ ܗ̱ܘ ܘܳܐܦ ܩܳܛܽܘܠܰܐ ܗ̱ܘ ܘܡܶܢ ܡܰܘܬܳܐ ܘܡܶܢ ܣܳܛܳܢܳܐ ܩܰܒܶܠ ܟܽܠ ܐ̱ܢܳܫ
1,Nisibis,61,19,Nisibis 61:19,ܣܰܡܳܐ ܕܡܰܘܬܳܐ ܡܰܫܩܶܝܢ ܐܰܢ̱ܬܽܘܢ ܬܽܘܒ ܠܰܚܕ̈ܳܕܶܐ ܟܡܳܐ ܡ̈ܰܘܬܶܝܢ ܗܳܐ ܐܺܝܬ ܠܟܽܘܢ ܡܶܢ ܒܶܠܥܳܕܝ̱
1,Nisibis,61,20,Nisibis 61:20,ܢܶܟ̈ܠܶܐ ܟܡܺܐܢ̈ܶܐ ܐܳܦ ܦ̈ܰܚܶܐ ܣܰܝܦܳܐ ܘܣܰܡܳܐ ܟܡܳܐ ܡܰܘ̈ܬܺܝܢ ܡܶܢܟܽܘܢ ܘܒܳܟܽܘܢ ܗܳܐ ܡܶܬܝܰܠܕܺܝܢ
1,Nisibis,61,21,Nisibis 61:21,ܕܰܝܳܢܳܐ ܒܓܰܘ ܒܶܝܬ ܕܺܝܢܳܐ ܡܰܘܬܰܐ ܗ̱ܘ ܕܰܬܪ̈ܶܝܢ ܗܰܘ ܩܳܛܶܠ ܒܰܐܓܪܳܐ ܟܰܣܝܳܐ ܘܶܐܢܳܐ ܡܰܓܳܢ
1,Nisibis,61,22,Nisibis 61:22,ܚܙܺܝܬܶܗ ܠܫܽܘܚܕܳܐ ܘܬܶܗܪܶܬ ܒܶܗ ܕܰܪܗܶܛ ܩܕܳܡܰܢܝ̱ ܟܡܳܐ ܩ̈ܳܛܠܺܝܢ ܩܳܛܶܠ ܫܽܘܚܕܳܐ ܘܠܳܐ ܐ̱ܢܳܫ ܡܰܪܓܶܫ
1,Nisibis,61,23,Nisibis 61:23,ܢܶܟܦܶܬ ܠܺܝ ܕܗܶܕܝܽܘܛܳܐܺܝܬ ܡܶܬܕܰܒܰܪ ܐ̱ܢܳܐ ܚܕܳܐ ܫܠܰܕܳܐ ܐܶܢ ܕܒܰܪ ܐܶܢܳܐ ܟܽܠ ܐ̱ܢܳܫ ܡܰܪܓܶܫ
1,Nisibis,61,24,Nisibis 61:24,ܒܒ̈ܳܬܶܐ ܒܶܟܝܳܐ ܘܰܒܫܽܘ̈ܩܶܐ ܐܳܦ ܡܰܪܩܽܘܕܬܳܐ ܥܕܰܡܳܐ ܕܥܰܠ ܬܰܪ̈ܥܶܝܗ̇ ܕܰܫܝܽܘܠ ܥܘܶܝܢ ܥܠܰܝ
1,Nisibis,61,25,Nisibis 61:25,ܥܘܰܘ ܥܠܰܝܟܽܘܢ ܕܰܟܡܳܐ ܣܳܢܶܝܢ ܐܰܢ̱ܬܽܘܢ ܘܠܺܝ ܣܳܢܶܝܢ ܐܰܢ̱ܬܽܘܢ ܫܝܽܘܠ ܡܶܟܺܝܠ ܬܰܥܘܶܐ ܥܠܰܝܟܽܘܢ ܐܳܘ ܩ̈ܳܛܽܘܠܶܐ
1,Nisibis,61,26,Nisibis 61:26,ܒܣܶܪܩܳܐ ܢܶܓܕܳܐ ܘܢܽܘܪܳܐ ܘܳܐܦ ܒܪܶܓܡܳܐ ܡܡܺܝܬܺܝܢ ܐܰܢ̱ܬܽܘܢ ܠܰܒܢܰܝ̈ܢܳܫܳܐ ܘܰܚܬܺܝܪܺܝܢ ܐܰܢ̱ܬܽܘܢ
1,Nisibis,61,27,Nisibis 61:27,ܢܳܟܶܦ ܐ̱ܢܳܐ ܡܶܢܟܽܘܢ ܐܳܦ ܪܳܚܡܳܢ ܐܳܦ ܡܝܰܩܰܪ ܒܺܐܝܩܳܪܳܐ ܓܶܝܪ ܕܒܰܪ ܐܶܢܳܐ ܠܥܰܢܺܝ̈ܕܰܝܟܽܘܢ
1,Nisibis,61,28,Nisibis 61:28,ܥܰܠ ܥܰܪ̈ܣܳܬܳܐ ܡܫܰܕܶܠ ܐ̱ܢܳܐ ܠܰܐܝܢܳܐ ܕܟܰܪܝܶܗ ܘܢܺܝܚܳܐܺܝܬ ܡܰܕܡܶܟ ܐ̱ܢܳܐ ܠܶܗ ܫܢܰܬ ܙܰܒܢܳܐ
1,Nisibis,62,1,Nisibis 62:1,ܗܳܐ ܡܰܘܬܳܐ ܡܰܠܟܳܐ ܕܫܶܬܩܳܐ ܩܰܒܶܠ ܐܰܚ̈ܰܝ ܕܡܰܠܺܝܢܳܝܗ̱ܝ ܐܰܬܪܶܗ ܐܺܝܠܳܠܬܳܐ ܕܰܦܣܰܩ ܣܰܒܪܳܐ ܘܚܰܫ ܘܶܐܬܢܰܚܰܡ ܘܰܒܦܰܓܪܶܗ ܢܰܚܶܡ ܦܰܓܪ̈ܰܝܢ
1,Nisibis,62,2,Nisibis 62:2,ܕܒܳܟܶܝܢ ܚܢܰܢ ܐܰܝܟ ܫ̈ܢܰܝܳܐ ܒܬܰܪ̈ܥܶܝܗ̇ ܕܰܫܝܽܘܠ ܫܡܰܥ ܐܰܝܠܶܝܢ ܐܶܡܰܪ ܡܰܘܬܳܐ ܟܰܕ ܟܐܳܐ ܒܰܢ
1,Nisibis,62,3,Nisibis 62:3,ܢܶܟܦܰܬ ܠܺܝ ܐܶܡܰܪ ܡܰܘܬܳܐ ܕܟܺܝܬܽܘܢܳܢܝ̱ ܦܰܠܓܳܗ̇ ܕܰܫܝܽܘܠ ܠܳܐ ܡܠܶܐ ܠܰܩ̈ܛܺܝܠܰܝܟܽܘܢ
1,Nisibis,62,4,Nisibis 62:4,ܫ̈ܠܰܕܶܐ ܓܶܝܪ ܢܽܘܟܪ̈ܳܝܳܬܳܐ ܟܫܶܝܢ ܒܰܫܝܽܘܠ ܬܰܪ̈ܬܶܝܢ ܡ̈ܢܰܘܳܢ ܐܺܝܬ ܬܰܡܳܢ ܡܺܝ̈ܬܶܐ ܩ̈ܛܺܝܠܶܐ
1,Nisibis,62,5,Nisibis 62:5,ܚܠܳܦ ܕܶܐܩܒܽܘܠ ܕܥܶܠܒܬܽܘܢܳܢܝ̱ ܗܳܐ ܒܳܟܶܝܢ ܐܰܢ̱ܬܽܘܢ ܫܚܰܩܬܽܘܢܳܝܗ̱ܝ ܬܰܪܥܳܗ̇ ܕܰܫܝܽܘܠ ܘܰܐܠܙܳܬܽܘܢܳܢܝ̱ ܀܀܀
1,Nisibis,62,6,Nisibis 62:6,ܠܝܰܠܽܘܕܳܐ ܓܶܝܪ ܕܳܡܶܝܢ ܐܰܢ̱ܬܽܘܢ ܗܰܘ ܕܥܰܕ ܒܳܟܶܐ ܓܚܶܟ ܠܶܗ ܬܽܘܒ ܐܰܝܟ ܕܳܐܦ ܐܰܢ̱ܬܽܘܢ ܥܰܠ ܡܺܝ̈ܬܰܝܟܽܘܢ
1,Nisibis,62,7,Nisibis 62:7,ܠܳܐ ܛܰܥܡܳܐ ܓܶܝܪ ܠܰܐܒ̈ܺܠܰܝܟܽܘܢ ܘܠܳܐ ܪܶܥܝܳܢܳܐ ܠܓܽܘܚ̈ܟܰܝܟܽܘܢ ܠܚܰܣܺܝܠܰܐ ܗ̱ܘ ܓܶܝܪ ܕܳܡܶܝܢ ܐܰܢ̱ܬܽܘܢ ܠܺܝ
1,Nisibis,62,8,Nisibis 62:8,ܚܕܳܐ ܫܥܳܐ ܒܶܟܝܳܐ ܘܶܐܠܺܝܳܐ ܘܒܳܬܰܪ ܩܰܠܺܝܠ ܐܳܦ ܫܳܥܝܳܐ ܘܙܰܠܺܝܠܽܘܬܳܐ ܐܰܝܟ ܕܰܛ̈ܠܳܝܶܐ
1,Nisibis,62,9,Nisibis 62:9,ܠܳܐ ܡܨܶܝܢ ܐܰܢ̱ܬܽܘܢ ܓܶܝܪ ܠܡܶܗܘܶܐ ܐ̱ܢܳܫܳܐ ܫܰܠܡ̈ܶܐ ܕܠܳܐ ܒܳܟܝܳܐ ܐܳܦ ܠܳܐ ܓܽܘܚܟܳܐ ܐܰܝܟ ܛܥܡ̈ܢܐ
1,Nisibis,62,10,Nisibis 62:10,ܥܰܠ ܣܳܦܪ̈ܰܝܟܽܘܢ ܟܰܪܝܳܐ ܠܰܢ ܕܰܫܚܶܩܘ̱ ܐܶܢܽܘܢ ܠܟܰܬܳܒ̈ܶܝܗ̇ ܕܰܐܠܳܗܽܘܬܳܐ ܕܰܠܟܽܘܢ ܢܶܩܪܽܘܢ
1,Nisibis,62,11,Nisibis 62:11,ܩܳܪ̈ܽܘܝܶܐ ܡܰܩܥܳܐ ܩܳܥܶܝܢ ܕܽܘ̈ܓܶܐ ܐܰܢ̱ܬܽܘܢ ܓܶܝܪ ܗܺܝ ܩܥܳܬܳܐ ܡܦܺܝܣܳܐ ܥܠܰܝܟܽܘܢ ܕܥܶܪ̈ܕܶܐ ܐܰܢ̱ܬܽܘܢ
1,Nisibis,62,12,Nisibis 62:12,ܕܩܳܪܶܐ ܓܶܝܪ ܐܳܦ ܕܡܶܬܰܪܓܶܡ ܡܩܳܥܰܐ ܗ̱ܘ ܩܳܥܶܝܢ ܐܶܕ̈ܢܰܝܟܽܘܢ ܟܰܝ ܝܰܩܺܝܪ̈ܳܢ ܐܰܘ ܠܶܒ̈ܰܝܟܽܘܢ
1,Nisibis,62,13,Nisibis 62:13,ܐܶܠܽܘ ܓܶܝܪ ܐܺܝܬ ܗ̱ܘܳܐ ܐܶܕܢܳܐ ܗ̱ܝ ܕܦܺܝܣܳܐ ܠܡܶܫܡܰܥ ܩܰܠܺܝܠ ܙܳܕܶܩ ܗ̱ܘܳܐ ܘܣܰܓܺܝ ܠܡܶܥܒܰܕ
1,Nisibis,62,14,Nisibis 62:14,ܕܰܣܟܺܝܪܳܐ ܗ̱ܝ ܕܶܝܢ ܡܶܫܡܰܥܬܳܐ ܡܳܐ ܕܢܳܩܶܫ ܒܳܗ̇ ܗܰܘ ܩܳܠܳܐ ܥܛܰܦ ܠܶܗ ܨܶܝܕ ܗܰܘ ܕܰܡܫܰܕܰܪ ܠܶܗ
1,Nisibis,62,15,Nisibis 62:15,܀܀܀ ܠܳܐ ܐܺܝܬ ܩܥܳܬܳܐ ܨܶܐܕܰܝ ܕܺܝܠܝ̱ ܠܰܘ ܕܽܘܓܳܐ ܐ̱ܢܳܐ ܠܳܐ ܕܩܳܪܶܐ ܘܠܳܐ ܕܡܶܬܰܪܓܶܡ ܠܰܘ ܥܳܛܠܳܐ ܐ̱ܢܳܐ
1,Nisibis,62,16,Nisibis 62:16,ܗܰܘܦܳܐ ܕܡܶܢܶܗ ܦܩܰܕ ܠܺܝ ܕܰܐܳܠܗ ܩܽܘܫܬܳܐ ܘܥܰܡ ܦܽܘܩܕܳܢܳܐ ܗܰܠܶܟ ܠܶܗ ܘܳܐܦ ܣܽܘܥܪܳܢܳܐ
1,Nisibis,62,17,Nisibis 62:17,ܠܰܝܬ ܠܘܳܬܝ̱ ܡܰܐܝܳܢܽܘܬܳܐ ܘܠܳܐ ܟܽܘܪ̈ܟܶܐ ܣܳܒܰܪ ܐ̱ܢܳܐ ܕܳܐܦ ܠܳܐ ܓܶܐܪܳܐ ܡܨܶܐ ܩܳܕܶܡ ܠܺܝ
1,Nisibis,62,18,Nisibis 62:18,ܒܣܺܝܪܺܝܢ ܠܺܝ ܕܶܝܢ ܩ̈ܳܠܰܝܟܽܘܢ ܡܳܐ ܕܒܳܟܶܝܢ ܐܰܢ̱ܬܽܘܢ ܥܰܠ ܩܰܒܪ̈ܶܐ ܕܥܰܢܺܝ̈ܕܰܝܟܽܘܢ ܒܰܦܣܳܩ ܣܰܒܪܳܐ
1,Nisibis,62,19,Nisibis 62:19,ܐܶܠܽܘ ܫܰܠܺܝܛ ܐܰܘ ܡܰܦܰܣ ܟܰܕ ܒܳܟܶܝܢ ܐܰܢ̱ܬܽܘܢ ܢܳܦܶܩ ܗܘܺܝܬ ܕܰܠܟܽܘܢ ܐܶܬܶܠ ܥܰܠ ܐܰܦܰܝ̈ܟܽܘܢ
1,Nisibis,62,20,Nisibis 62:20,ܕܶܐܢܳܐ ܥܳܡܶܠ ܐ̱ܢܳܐ ܕܶܐܬܶܠ ܚܽܘܫܒܳܢ ܡܺܝ̈ܬܶܐ ܘܰܡܕܰܘܕܶܝܢ ܠܺܝ ܩ̈ܳܠܰܝܟܽܘܢ ܕܰܐܛܥܶܐ ܚܽܘܫܒܳܢܝ̱
1,Nisibis,62,21,Nisibis 62:21,ܐܰܢ̱ܬܽܘܢ ܥܰܡ̈ܡܶܐ ܠܳܐ ܢܶܗܘܶܐ ܛܰܠܳܐ ܡܰܕܥܟܽܘܢ ܐܰܝܟ ܗܰܘ ܥܰܡܳܐ ܕܠܳܐ ܪܰܒܳܐ ܗ̱ܘܳܐ ܡܬܽܘܡ ܣܽܘܟܳܠܶܗ
1,Nisibis,62,22,Nisibis 62:22,ܕܠܳܐ ܢܰܒܶܗ ܒܶܗ ܒܽܘܝܳܢܳܐ ܐܰܝܟ ܕܰܒܣܰܟܠܳܐ ܚܶܫܽܘܟܳܐ ܗ̱ܝ ܓܶܝܪ ܡܰܚܫܰܒܬܶܗ ܡܶܢ ܦܽܘܪܫܳܢܳܐ
1,Nisibis,62,23,Nisibis 62:23,ܥܰܘ̈ܠܰܝܟܽܘܢ ܓܶܝܪ ܘܰܒ̈ܢܰܝܟܽܘܢ ܒܢܽܘܚܳܡܳܐ ܗܶܢܽܘܢ ܢܳܦܩܺܝܢ ܩܰܕܡܳܝܰܬ ܐܰܝܟ ܪܺܝܫܺܝܬܳܐ
1,Nisibis,62,24,Nisibis 62:24,ܒܳܬܪܗܽܘܢ ܕܶܝܢ ܙܰܕܺܝ̈ܩܶܐ ܐܰܝܟ ܙܰܟ̈ܳܝܶܐ ܀܀܀ ܐ̱ܚܪ̈ܳܝܶܐ ܢܳܦܩܺܝܢ ܚܰܛ̈ܳܝܶܐ ܐܰܝܟ ܒܶܗܝ̈ܳܬܳܐ
1,Nisibis,62,25,Nisibis 62:25,ܐܳܦܶܢ ܓܶܝܪ ܒܰܪܦܳܦ ܥܰܝܢܳܐ ܚܰܝܶܝܢ ܐܶܠܳܐ ܒܛܶܟܣܰܐ ܗ̱ܘ ܢܳܦܩܺܝܢ ܣܶܕܪ̈ܰܝܗܽܘܢ ܡܶܢܳܗ̇ ܕܰܫܝܽܘܠ
1,Nisibis,62,26,Nisibis 62:26,ܢܳܦܩܺܝܢ ܢܒܺܝ̈ܶܐ ܘܰܫ̈ܠܺܝܚܶܐ ܘܰܐܒܳܗ̈ܳܬܳܐ ܒܳܬܪܗܽܘܢ ܒܶܐܣܟܺܝܡ ܐܶܣܟܺܝܡ ܐܰܝܟ ܦܽܘܩܕܳܢܳܐ
1,Nisibis,62,27,Nisibis 62:27,ܗܳܢܳܐ ܕܗܳܫܳܐ ܒܠܺܝܠܳܐܺܝܬ ܗܳܐ ܡܶܙܕܰܪܥܶܝܢ ܒܛܶܟܣܳܐ ܪܰܒܳܐ ܡܶܬܦܢܶܝܢ ܐܰܝܟ ܙܳܪ̈ܥܽܘܢܶܐ
1,Nisibis,62,28,Nisibis 62:28,ܟܰܕ ܓܶܝܪ ܐ̱ܢܳܫ ܢܶܚܠܽܘܛ ܢܶܙܪܽܘܥ ܟܽܠ ܙܳܪ̈ܥܽܘܢܺܝܢ ܐܰܝܢܳܐ ܕܒܳܟܰܪ ܡܶܢ ܚܰܒܪܶܗ ܠܚܰܒܪܶܗ ܩܕܳܡ
1,Nisibis,62,29,Nisibis 62:29,ܘܠܳܐ ܐܰܝܟ ܕܰܒܠܺܝܠ ܡܚܰܬܗܽܘܢ ܗܳܟܰܢ ܫܓܺܝܫ ܡܰܣܩܗܽܘܢ ܡܶܢܳܗ̇ ܕܰܐܪܥܳܐ ܕܶܐܬܰܛܟܰܣ ܠܶܗ
1,Nisibis,62,30,Nisibis 62:30,ܗܳܐ ܗܘܺܝܬ ܐܶܢܳܐ ܠܽܘܩܒܰܠ ܢܰܦܫܝ̱ ܒܰܐܝܠܶܝܢ ܕܶܐܡܪܰܬ ܕܟܰܣ̈ܝܳܬܳܐ ܕܠܳܐ ܐܰܕܪܶܟܬܽܘܢ ܡܶܢܝ̱ ܐܺܝܠܶܦܬܽܘܢ
1,Nisibis,62,31,Nisibis 62:31,ܚܠܳܦ ܕܶܡ̈ܥܶܐ ܕܠܳܐ ܝܽܘܬܪܳܢܳܐ ܕܰܠܘܳܬ ܩܰܒܪܳܐ ܐܰܫܦܰܥܘ̱ ܐܶܢܶܝܢ ܒܰܨ̈ܠܰܘܳܬܳܐ ܒܓܰܘ ܥܺܕ̈ܳܬܳܐ
1,Nisibis,62,32,Nisibis 62:32,ܕܰܠܡܺܝ̈ܬܶܐ ܒܗܶܝܢ ܝܽܘܬܪܳܢܳܐ ܐܳܦ ܠܚ̈ܰܝܶܐ ܠܳܐ ܬܶܒܟܽܘܢ ܒܶܟܝܳܐ ܕܰܡܥܺܝܩ ܡܺܝ̈ܬܶܐ ܘܚ̈ܰܝܶܐ
1,Nisibis,63,1,Nisibis 63:1,ܡܰܢܽܘ ܢܶܬܩܽܘܠ ܦܽܘܪܥܳܢܶܗ ܕܗܰܘ ܐܰܒܪܳܗܳܡ ܕܬܶܗܪܰܬ ܒܶܗ ܟܰܕ ܦܳܟܰܪ ܠܶܗ ܠܺܝܚܺܝܕܳܝܶܗ ܘܰܣܠܶܩܘ̱ ܘܰܗܘܰܘ ܟܳܪ̈ܽܘܙܶܐ ܠܒܰܪ ܡܰܚܶܐ ܟܽܘܠ
1,Nisibis,63,2,Nisibis 63:2,ܗܰܘ ܥܶܕܳܢ ܦܚܶܬ ܢܶܦܩܰܬ ܕܶܐܚܙܶܐ ܬܶܗܪܳܐ ܕܰܫܡܺܝܛܳܐ ܠܶܗ ܣܰܟܺܝܢܶܗ ܥܰܠ ܚܰܒܺܝܒܶܗ
1,Nisibis,63,3,Nisibis 63:3,ܩܶܦܣܰܬ ܐܰܣܓܝܰܬ ܥܽܘܗ̈ܕܳܢܝ̱ ܡܶܢ ܟܽܠ ܦܶܢܝ̈ܳܢ ܘܟܶܢܫܰܬ ܢܰܦܫܝ̱ ܕܶܐܬܗܰܪ ܗܘܺܝܬ ܒܶܗ ܒܗܰܘ ܢܰܨܺܝܚܳܐ
1,Nisibis,63,4,Nisibis 63:4,ܐܰܝܟܰܢܳܐ ܟܰܝ ܩܳܪܶܝܢ ܐܰܢ̱ܬܽܘܢ ܫܰܪܒܶܗ ܪܰܒܳܐ ܨܥܰܪܬܽܘܢܳܝܗ̱ܝ ܩܶܪܝܳܢܶܗ ܒܓܰܘ ܐܶܕ̈ܢܰܝܟܽܘܢ
1,Nisibis,63,5,Nisibis 63:5,ܣܰܝܦܶܗ ܕܢܶܦܬܰܚ ܒܣܰܪ ܠܶܗ ܠܰܐܝܢܳܐ ܕܰܐܒܺܝܠ ܒܰܪܬܶܗ ܗܘܳܬ ܠܶܗ ܡܰܚܙܺܝܬܳܐ ܕܰܚܺܝܬ ܡܺܝ̈ܬܶܐ
1,Nisibis,63,6,Nisibis 63:6,ܗܺܝ ܝܶܗܒܰܬ ܢܰܦܫܳܗ̇ ܠܰܐܒܽܘܗ̇ ܘܰܐܢ̱ܬܽܘܢ ܐܰܓܥܶܠܘ̱ ܚܰܝ̈ܰܝܟܽܘܢ ܠܰܐܒܳܐ ܕܟܽܠܳܐ ܒܥܶܕܳܢ ܩܨܳܐ
1,Nisibis,63,7,Nisibis 63:7,ܒܟܰܪܣܳܐ ܟܰܝ ܠܳܐ ܢܣܺܝܬܽܘܢ ܐ̱ܪܳܙܳܗ̇ ܕܰܫܝܽܘܠ ܕܒܰܫܝܽܘܠ ܣܰܓܺܝ ܢܺܝܚܺܝܢ ܐܰܢ̱ܬܽܘܢ ܡܰܢ ܕܰܒܟܰܪܣܳܐ
1,Nisibis,63,8,Nisibis 63:8,ܩܫܐ ܗܘ ܠܟܽܘܢ ܠܰܡܩܳܡ ܠܽܘܩܒܰܠ ܨܶܒܝܳܢܝ̱ ܪܰܒܳܐ ܠܥܽܘܕܪܳܢܳܐ ܓܶܝܪ ܗܳܐ ܕܒܰܪ ܠܥܰܢܺܝ̈ܕܰܝܟܽܘܢ
1,Nisibis,63,9,Nisibis 63:9,ܒܡܰܠܟܳܐ ܕܡܽܘܐܳܒ ܗܰܘ ܕܢܰܟܶܣ ܠܰܒܪܶܗ ܒܺܐܝ̈ܕܰܘܗ̱ܝ ܢܶܬܟܰܐܰܪ ܐܰܝܢܳܐ ܕܡܺܝܠܶܠ ܥܰܠ ܥܰܢܺܝܕܳܐ
1,Nisibis,63,10,Nisibis 63:10,ܗܰܘ ܚܰܢܦܰܐ ܗ̱ܘ ܐܰܝܟ ܡܳܐ ܕܰܐܢ̱ܬܽܘܢ ܗܳܐ ܩܳܪܶܝܢ ܐܰܢ̱ܬܽܘܢ ܘܰܐܢ̱ܬܽܘܢ ܡ̈ܰܠܦܶܐ ܘܰܪ̈ܕܰܝܳܐ ܐܰܝܟ ܕܣܰܒܰܪܬܽܘܢ
1,Nisibis,63,11,Nisibis 63:11,ܗܽܘ ܣܰܝܒܰܪ ܘܰܐܢ̱ܬܽܘܢ ܦܳܩܪܺܝܢ ܕܰܐܒܺܝܠܺܝܢ ܐܰܢ̱ܬܽܘܢ ܥܰܠ ܨܶܒܝܳܢܶܗ ܕܡܳܪܳܐ ܟܽܠ ܟܰܕ ܒܳܟܶܝܢ ܐܰܢ̱ܬܽܘܢ
1,Nisibis,63,12,Nisibis 63:12,ܐܶܢܳܐ ܓܶܝܪ ܕܳܚܶܠ ܐ̱ܢܳܐ ܕܰܐܥܒܰܪ ܫܰܪܒܶܗ ܕܺܐܝܽܘܒ ܒܓܰܘ ܗܳܢܳܐ ܦܽܘܡܝ̱ ܚܰܠܳܫܳܐ ܕܠܳܐ ܫܳܘܶܐ ܐ̱ܢܳܐ
1,Nisibis,63,13,Nisibis 63:13,ܒܰܕܓܽܘܢ ܗܳܟܰܢ ܚܳܐܶܓ ܐ̱ܢܳܐ ܡܶܢ ܓܰܪ̈ܡܰܝܗܽܘܢ ܟܰܕ ܡܰܘܕܶܐ ܐ̱ܢܳܐ ܠܡܰܢ ܕܝܰܗ̱ܒ ܕܰܠܘܳܬܝ̱ ܢܺܐܬܽܘܢ
1,Nisibis,63,14,Nisibis 63:14,ܠܳܐ ܬܨܰܥܪܽܘܢ ܗܰܕܳܡ̈ܰܝܟܽܘܢ ܒܰܚܛܳܗ̈ܰܝܟܽܘܢ ܕܒܰܫܝܽܘܠ ܫܺܝܛܺܝܢ ܓܰܪ̈ܡܰܝܗܽܘܢ ܕܰܐܝܠܶܝܢ ܕܰܐܪܫܰܥܘ̱
1,Nisibis,63,15,Nisibis 63:15,ܐܰܝܟܳܐ ܕܚܳܙܶܐ ܐ̱ܢܳܐ ܦܰܓܪܶܗ ܕܚܰܕ ܡܶܢ ܒܺܝ̈ܫܶܐ ܥܠܰܘܗ̱ܝ ܕܳܐܶܫ ܐ̱ܢܳܐ ܘܠܳܐܶܛ ܐ̱ܢܳܐ ܐܳܦ ܕܽܘܟܪܳܢܶܗ
1,Nisibis,63,16,Nisibis 63:16,ܘܰܐܝܟܳܐ ܕܚܳܙܶܐ ܐ̱ܢܳܐ ܓܰܪ̈ܡܶܐ ܕܚܰܕ ܡܶܢ ܟܺܐܢ̈ܶܐ ܡܰܣܛܳܐ ܐ̱ܢܳܐ ܘܰܡܝܰܩܰܪ ܐ̱ܢܳܐ ܟܰܕ ܣܳܓܶܕ ܐ̱ܢܳܐ
1,Nisibis,63,17,Nisibis 63:17,ܠܳܐ ܪܓܺܝܫܺܝܢ ܐܰܢ̱ܬܽܘܢ ܚܰܠܳܫ̈ܶܐ ܒܟܽܠ ܛܽܘ̈ܟܳܣܝ̱ ܠܘܳܬܟܽܘܢ ܗܽܘ ܒܠܺܝܠܺܝܢ ܛܶܟ̈ܣܶܐ ܕܰܥܘܺܝܪ̈ܺܝܢ ܐܰܢ̱ܬܽܘܢ
1,Nisibis,63,18,Nisibis 63:18,ܡܽܘܫܰܐ ܗ̱ܘ ܒܰܠܚܽܘܕ ܝܳܕܰܥ ܐ̱ܢܳܐ ܕܝܰܩܰܪ ܐܰܟܘܳܬܝ̱ ܓܰܪ̈ܡܶܐ ܕܝܰܘܣܶܦ ܗܰܘ ܕܶܐ̱ܢܳܐ ܠܶܗ ܡܰܘܪܶܒ ܐ̱ܢܳܐ ܀܀܀
1,Nisibis,63,19,Nisibis 63:19,ܡܽܘܫܶܐ ܕܶܝܢ ܠܚܰܕ ܦܰܓܪܳܐ ܕܰܟܝܳܐ ܝܰܩܰܪ ܐܶܢܳܐ ܕܶܝܢ ܦܰܓܪ̈ܶܐ ܐܳܦ ܓܰܪ̈ܡܶܐ ܕܟܽܠ ܙܰܕܺܝ̈ܩܶܐ
1,Nisibis,63,20,Nisibis 63:20,ܨܶܡܚܺܝܢ ܓܰܪ̈ܡܶܐ ܕܰܢܒܺܝ̈ܶܐ ܐܳܦ ܕܰܫ̈ܠܺܝܚܶܐ ܫܪܳܓܳܐ ܗ̱ܘܰܘ ܠܺܝ ܒܚܶܫܽܘܟܳܐ ܟܽܠ ܙܰܕܺܝ̈ܩܶܐ
1,Nisibis,63,21,Nisibis 63:21,ܣܳܓܶܕ ܐ̱ܢܳܐ ܠܡܰܢ ܕܰܐܢܗܰܪ ܠܺܝ ܚܶܫܟܳܗ̇ ܕܰܫܝܽܘܠ ܙܺܝܘܶܗ ܕܡܽܘܫܶܐ ܟܡܳܐ ܕܰܗܘܳܐ ܫܶܡܫܳܐ ܗ̱ܘܳܐ ܠܺܝ
1,Nisibis,64,1,Nisibis 64:1,ܚܰܠܳܫ̈ܶܐ ܡܶܢ ܒܳܟܶܝܢ ܐܰܢ̱ܬܽܘܢ ܥܰܠ ܡ̈ܺܝܬܰܝܟܽܘܢ ܕܰܒܡܰܘܬܳܐ ܡܶܢ ܥܳܩ̈ܳܬܳܐ ܘܚ̈ܰܘܒܶܐ ܐܰܓܗܺܝܘ̱ ܐܳܦ ܡܰܘܬܳܐ ܛܥܶܡ ܡܶܛܽܠ ܟܽܠ ܕܢܰܢܚܶܡ ܟܽܠ
1,Nisibis,64,2,Nisibis 64:2,ܐܶܓܠܶܐ ܠܟܽܘܢ ܕܳܐܦ ܣܳܛܳܢܳܐ ܟܰܕ ܛܳܒ ܡܢܳܚ ܥܰܠ ܕܶܡ̈ܥܰܝܟܽܘܢ ܛܳܒ ܓܚܶܟ ܥܰܠ ܐܶܒܠܰܝ̈ܟܽܘܢ
1,Nisibis,64,3,Nisibis 64:3,ܒܒܶܙܚܳܐ ܩܰܪܨܰܢܝ̱ ܐܳܦ ܪܶܡܙܰܢܝ̱ ܐܰܝܟ ܛܰܪܟܳܢܳܐ ܕܬܳܐ ܢܶܓܚܰܟ ܥܰܠ ܚ̈ܰܛܳܝܶܐ ܕܗܳܐ ܡܶܫܬܰܢܶܝܢ
1,Nisibis,64,4,Nisibis 64:4,ܫܒܰܩܘ̱ ܠܰܡ ܪܶܢܝܳܗ̇ ܕܗܳܝ ܢܽܘܪܳܐ ܕܰܠܗܽܘܢ ܛܶܡܪܰܬ ܘܗܳܐ ܪܳܘܶܝܢ ܣܰܟ̈ܠܶܐ ܒܰܒܟܳܬܳܐ ܕܥܰܢܺܝ̈ܕܰܝܗܽܘܢ
1,Nisibis,64,5,Nisibis 64:5,ܚܠܳܦ ܕܢܶܒܼܟܽܘܢ ܕܰܐܝܟܰܢܳܐ ܕܰܕܠܳܐ ܙܘ̈ܳܕܶܐ ܣܶܪܩܰܬ ܐܰܦܩܰܬ ܡܺܝ̈ܬܰܝܗܽܘܢ ܗܳܐ ܡܶܫܬܰܢܶܝܢ
1,Nisibis,64,6,Nisibis 64:6,ܢܰܦܫ̈ܳܬܳܐ ܕܒܺܝܫ̈ܶܐ ܡܥܳܩܳܢ ܥܰܕ ܝܽܘܡ ܕܺܝܢܼܳܐ ܘܗܳܠܶܝܢ ܒܳܟܶܝܢ ܥܰܠ ܩܰܒܪ̈ܶܐ ܐܰܝܟ ܫ̈ܢܰܝܳܐ
1,Nisibis,64,7,Nisibis 64:7,ܠܳܐ ܝܳܨܦܺܝܢ ܕܰܚܛܳܗ̈ܰܝܗܽܘܢ ܕܰܐܟܒܰܪ ܠܰܡܚܳܪ ܒܒܶܗܬܰܬ ܐܰܦܰܝ̈ܗܽܘܢ ܐܳܬܶܝܢ ܨܶܝܕ ܡܺܝ̈ܬܰܝܗܽܘܢ
1,Nisibis,64,8,Nisibis 64:8,ܘܟܶܢ ܗܽܘ ܒܳܗ̇ܬܺܝܢ ܫܰܘܝܳܐܺܝܬ ܛܽܘܗ̈ܡܺܝܢ ܛܽܘܗ̈ܡܺܝܢ ܒܰܫܝܽܘܠ ܡܶܬܬܘܶܝܢ ܚ̈ܰܠܳܫܶܐ ܕܠܳܐ ܝܽܘܬܪܳܢܳܐ
1,Nisibis,64,9,Nisibis 64:9,ܫܒܽܘܩ ܪܳܘܶܝܢ ܐܳܦ ܡܶܫܬܰܢܶܝܢ ܗܰܘ ܝܰܘܡܳܐ ܕܒܶܗ ܢܰܦܶܨ ܠܶܗ ܚܰܡܪܶܗ ܠܰܐܝܢܳܐ ܕܰܡܫܰܬܢܳܐ ܗ̱ܘܳܐ
1,Nisibis,64,10,Nisibis 64:10,ܐܳܙܶܠ ܐ̱ܢܳܐ ܕܰܐܥܦܶܐ ܐܶܢܽܘܢ ܐܰܝܟ ܠܰܛ̈ܠܳܝܶܐ ܕܢܶܫܬܰܥܽܘܢ ܐܳܦ ܢܶܫܬܰܢܽܘܢ ܥܰܕ ܗܳܐ ܡܰܘܦܶܝܢ
1,Nisibis,64,11,Nisibis 64:11,ܗܳܐ ܓܠܺܝܬ ܠܟܽܘܢ ܐܳܦ ܐ̱ܪܳܙܶܗ ܟܰܣܝܳܐ ܕܟܢܬܝ ܦܽܘܩܘ̱ ܙܶܠܘ̱ ܗܳܟܺܝܠ ܐܶܬܟܰܫܰܪܘ̱ ܒܰܬܝܳܒܽܘܬܳܐ
1,Nisibis,64,12,Nisibis 64:12,ܐܰܪܦܽܐܘܢܳܝ ܐܳܦ ܐܶܢܳܐ ܐܳܙܶܠ ܐܶܣܥܽܘܪ ܨܶܒܘ̈ܳܬܝ̱ ܕܒܰܐܦ̈ܶܐ ܓܰܠܝ̈ܳܬܳܐ ܐܶܬܶܠ ܚܽܘܫܒܳܢܝ̱ ܠܡܳܪܝ̱
1,Nisibis,64,13,Nisibis 64:13,ܝܳܕܰܥ ܐ̱ܢܳܐ ܕܪܽܘܚܰܐ ܗ̱ܘ ܢܶܫܒܰܬ ܫܶܩܠܰܬ ܡ̈ܶܠܰܝ ܐܰܢ̱ܬܽܘܢ ܓܶܝܪ ܗܳܢܽܘܢ ܐܶܢܽܘܢ ܕܰܐܣܓܺܝܬ ܘܰܒܩܺܝܬ
1,Nisibis,64,14,Nisibis 64:14,ܕܟܺܝܪ ܐܶܪܰܡܝܳܐ ܗܰܘ ܕܰܐܡܬܶܠ ܡܳܪܳܚܽܘܬܳܐ ܒܗܶܢܕܘܳܝܳܐ ܕܠܳܐ ܡܶܬܚܰܠܰܦ ܟܰܕ ܚܺܐܪܽܘܬܳܐ ܗ̱ܝ ܀܀܀
1,Nisibis,64,15,Nisibis 64:15,ܐܳܦ ܗܳܕܶܐ ܓܶܝܪ ܕܺܝܠܳܗ̇ ܗܺܝ ܕܗܳܝ ܚܺܐܪܽܘܬܳܐ ܕܐܰܣܪܰܬ ܢܰܦܫܳܗ̇ ܒܨܶܒܝܳܢܳܐ ܐܰܝܟ ܒܰܟܝܳܢܳܐ
1,Nisibis,64,16,Nisibis 64:16,ܫܰܠܺܝܛ ܗ̱ܽܘ ܓܶܝܪ ܨܶܒܝܳܢܳܐ ܒܕܒܰܪ ܚܺܐܪ̈ܰܐ ܗ̱ܘ ܕܳܐܦ ܠܟܺܝܢܳܐ ܢܶܬܕܰܡܶܐ ܒܝܰܕ ܕܽܘܒܳܪ̈ܰܘܗ̱ܝ
1,Nisibis,65,1,Nisibis 65:1,ܐܳܘ ܡܰܘܬܳܐ ܠܳܐ ܬܰܗܶܠ ܒܶܗ ܒܨܰܠܡܶܗ ܕܳܐܕܳܡ ܕܰܐܝܟ ܙܰܪܥܳܐ ܒܰܐܪܥܳܐ ܡܰܓܥܶܠ ܥܰܕ ܢܽܘܚܳܡܳܐ ܘܰܫܠܳܝܗ̱ܝ ܡܶܢ ܥܽܘܡܩܶܝ̈ܗ̇ ܕܰܫܝܽܘܠ ܘܰܐܥܠܶܗ ܠܰܥܕܶܢ
1,Nisibis,65,2,Nisibis 65:2,ܒܗܳܢܳܐ ܙܰܪܥܳܐ ܬܳܡܶܗ ܐ̱ܢܳܐ ܐܰܝܟ ܡܶܠܰܬܟܽܘܢ ܕܗܳܐ ܚܰܡܫܳܐ ܐܰܠܦܺܝ̈ܢ ܕܰܫ̈ܢܰܝܳܐ ܠܳܐ ܟܰܝ ܫܘܰܚ
1,Nisibis,65,3,Nisibis 65:3,ܓܡܰܪ ܠܶܗ ܗܳܢܳܐ ܥܽܘܡܪܳܐ ܒܰܕܡܽܘܬ ܣܰܬܘܳܐ ܘܳܐܬܝܳܐ ܟܰܦܳܐ ܒܢܽܘܚܳܡܳܐ ܠܽܐܘܨܳܪ ܚ̈ܰܝܶܐ
1,Nisibis,65,4,Nisibis 65:4,ܕܩܳܛܦܰܐ ܗ̱ܘ ܗܳܐ ܝܳܕܰܥ ܐ̱ܢܳܐ ܠܳܐ ܓܶܝܪ ܚܙܺܝܬ ܡܺܝ̈ܬܶܐ ܕܰܡܬܽܘܡ ܡܶܙܕܰܪܥܺܝܢ ܐܰܘ ܡܶܬܚܰܨܕܺܝܢ
1,Nisibis,65,5,Nisibis 65:5,ܗܳܘܶܐ ܚܶܨܕܳܐ ܐܳܘ ܡܰܘܬܳܐ ܕܡܰܣܪܰܩ ܠܳܟ ܘܢܳܦܩܺܝܢ ܥܺܝܪ̈ܶܐ ܚܰܨ̈ܽܘܕܶܐ ܕܡܰܓܙܶܝܢ ܠܳܟ
1,Nisibis,65,6,Nisibis 65:6,ܘܶܐܡܰܬܝ̱ ܗܽܘ ܗܘܺܝܬ ܐܰܟܳܪܳܐ ܚܠܳܦ ܩܳܛܽܘܦܳܐ ܠܰܫܝܽܘܠ ܡܰܥܨܰܪܬܳܐ ܡܰܢܽܘ ܚܰܩܠܳܐ ܥܰܒܕܳܗ̇
1,Nisibis,65,7,Nisibis 65:7,ܙܰܪܥܳܐ ܟܰܝ ܠܳܐ ܡܰܠܶܦ ܠܳܟ ܕܰܡܣܶܐ ܘܰܐܒܺܝܕ ܘܰܦܣܺܝܩ ܣܰܒܪܶܗ ܘܡܶܢ ܡܶܛܪܳܐ ܩܳܢܶܐ ܣܰܒܪܶܗ
1,Nisibis,65,8,Nisibis 65:8,ܚܶܠܡܳܐ ܚܙܰܝܬܽܘܢ ܚܰܠܳܫ̈ܶܐ ܕܚܰܝܰܬ ܡܺܝ̈ܬܶܐ ܒܥܰܠܘܶܐ ܓܶܝܪ ܢܽܘܚܳܡܳܐ ܠܳܐ ܚܳܙܶܝܢ ܐܰܢ̱ܬܽܘܢ
1,Nisibis,65,9,Nisibis 65:9,ܛܽܘܒܥܳܟ ܕܺܝܠܳܟ ܓܰܠܙܳܟ ܕܠܳܐ ܬܶܚܙܶܐ ܟܶܢܫ̈ܶܐ ܕܐ̱ܪ̈ܳܙܶܐ ܟܰܕ ܩܳܥܶܝܢ ܥܰܠ ܢܽܘܚܳܡܳܐ
1,Nisibis,65,10,Nisibis 65:10,ܝܳܕܰܥ ܐ̱ܢܳܐ ܕܚܰܝ̈ܺܝܢ ܙܰܪ̈ܥܶܐ ܠܳܐ ܕܶܝܢ ܚܳܙܶܝܬ ܓܰܪ̈ܡܶܐ ܕܺܝܥܘ̱ ܒܳܗ̇ ܒܰܫܝܽܘܠ ܘܰܫܘܰܚܘ̱ ܘܰܣܠܶܩܘ̱
1,Nisibis,65,11,Nisibis 65:11,ܟܽܠܶܗ ܡܡܰܠܠܳܟ ܠܳܟ ܕܳܡܶܐ ܕܗܳܐ ܚܰܙܩܺܝܐܶܝܠ ܐܰܠܦܳܟ ܒܰܦܩܰܥܬܳܐ ܐܰܝܟܰܢ ܚܰܝ̈ܰܝܢ ܡܺܝ̈ܬܶܐ
1,Nisibis,65,12,Nisibis 65:12,ܠܺܐܝܠܳܢ̈ܶܐ ܚܳܙܶܝܬ ܕܰܒܩܰܝܛܳܐ ܠܒܶܫܘ̱ ܢܶܚ̈ܬܰܝܗܽܘܢ ܓܰܪ̈ܡܶܐ ܕܶܝܢ ܥܰܪܛܶܠܳܐܺܝܬ ܒܰܫܝܽܘܠ ܫܳܕܶܝܢ
1,Nisibis,65,13,Nisibis 65:13,ܡܽܘܫܶܐ ܒܙܺܝܘܶܗ ܬܰܒܪܶܗ ܗ̱ܘܳܐ ܠܒܶܟ ܡܰܘܬܳܐ ܒܰܪ ܐܳܕܳܡ ܐܰܥܕܺܝ ܫܽܘܒܚܶܗ ܕܳܐܕܳܡ ܘܰܠܒܶܫ
1,Nisibis,65,14,Nisibis 65:14,ܢܳܡܽܘܣܰܢ ܒܰܫܝܽܘܠ ܗܳܢܰܘ ܫܶܬܩܳܐ ܠܡܰܛܰܪ ܠܟܽܘܢ ܡ̈ܶܠܶܐ ܘܠܺܝ ܣܽܘܥܪܳܢܳܐ ܐܳܘ ܚܰܠܳܫ̈ܶܐ
1,Nisibis,65,15,Nisibis 65:15,ܣ̈ܳܒܶܐ ܐܰܝܟܰܢܳܐ ܫܒܺܝܩܺܝܢ ܐܶܢ ܩܳܛܽܘܦܳܐ ܐܰܢ̱ܬ ܗܰܘ ܕܟܽܠܳܟ ܡܶܢ ܚܰܝ̈ܰܝܗܽܘܢ ܗܽܘ ܡܢܰܚܶܡ ܟܽܠ ܀܀܀
1,Nisibis,65,16,Nisibis 65:16,ܥܽܘܠܳܐ ܒܟܰܪܣܳܐ ܡܰܟܶܣ ܠܳܟ ܕܰܩܒܺܝܪ ܬܰܡܳܢ ܠܰܢ ܡܰܟܪܶܙ ܚܰܝܰܬ ܡܺܝ̈ܬܶܐ ܘܠܳܟ ܣܽܘܪܳܩܳܐ
1,Nisibis,65,17,Nisibis 65:17,ܦܶܩܚܳܐ ܫܺܝܛܳܐ ܫܳܐܶܛ ܠܳܟ ܕܰܐܚܺܝܕ ܘܰܫܒܺܝܩ ܘܟܰܕ ܐܰܒܺܝܕܰܐ ܗ̱ܘ ܠܳܐ ܐܰܒܺܝܕ ܕܰܡܗܰܒܶܒ ܠܶܗ
1,Nisibis,65,18,Nisibis 65:18,ܦܰܪܽܘܓܳܐ ܩܒܺܝܪܳܐ ܩܥܳܐ ܡܶܢ ܓܰܘ ܒܰܪܬܳܐ ܕܡܶܨܛܰܪܶܝܢ ܩܰܒܪ̈ܶܐ ܒܩܳܠܳܐ ܘܩܳܐܶܡ ܦܰܓܪܳܐ
1,Nisibis,65,19,Nisibis 65:19,ܦܰܓܪܰܐ ܗ̱ܘ ܓܶܝܪ ܐܳܦ ܦܰܪܽܘܓܳܐ ܕܰܒܓܰܘ ܒܰܪܬܳܐ ܦܰܓܪܶܗ ܠܦܰܓܪܰܢ ܗܳܐ ܡܰܟܪܶܙ ܚܰܝܰܬ ܡܺܝ̈ܬܶܐ
1,Nisibis,65,20,Nisibis 65:20,ܨܶܝܕ ܩܰܡܨܳܐ ܡܰܘܦܶܐ ܘܫܰܠܶܡ ܫܰܪܒܳܟ ܡܰܘܬܳܐ ܕܡܶܢ ܥܰܦܪܰܐ ܗ̱ܘ ܢܳܦܶܩ ܡܰܠܶܦ ܚܰܝܰܬ ܡܺܝ̈ܬܶܐ
1,Nisibis,65,21,Nisibis 65:21,ܪܥܶܐ ܗܘܺܝܬ ܐܶܠܽܘ ܡܶܢ ܟܰܕܽܘ ܗ̱ܘܳܐ ܢܽܘܚܳܡܳܐ ܕܰܢܺܝܚ ܗ̱ܘܳܐ ܠܺܝ ܝܽܘܡ ܢܽܘܚܳܡܳܐ ܡܶܢ ܕܰܝ̈ܳܢܰܝܟܽܘܢ
1,Nisibis,65,22,Nisibis 65:22,ܪܰܚܡܳܢܰܐ ܗ̱ܘ ܒܰܪ ܥܶܠܳܝܳܐ ܐܳܦ ܛܳܒ ܐܳܦ ܟܐܶܝܢ ܘܠܰܘ ܥܰܛܳܠܳܐܺܝܬ ܬܳܒܰܥ ܠܺܝ ܡܰܘܬܶܗ ܕܳܐܕܳܡ
1,Nisibis,65,23,Nisibis 65:23,ܪܳܥܝܳܢܳܐ ܟܰܝ ܠܰܝܬ ܒܟܽܘܢ ܠܡܶܦܪܰܫ ܗܳܕܶܐ ܕܰܐܒܽܘܟܽܘܢ ܐܰܪܡܺܝ ܥܠܰܝܟܽܘܢ ܗܳܢܳܐ ܚܽܘܒܳܠܳܐ
1,Nisibis,66,1,Nisibis 66:1,܀܀܀ ܫܠܰܘ ܩܰܠܺܝܠ ܐܳܘ ܡܳܝܽܘ̈ܬܳܐ ܐܶܡܰܪ ܡܰܘܬܳܐ ܘܕܰܡܰܘ ܒܺܝ ܕܰܟܡܳܐ ܫܳܠܶܐ ܐ̱ܢܳܐ ܒܓܰܘܳܗ̇ ܕܰܫܝܽܘܠ ܘܝܰܗ̱ܒ ܩܳܠܳܐ ܥܰܠ ܩܰܝܣܳܐ ܘܰܐܥܺܝܪ ܐܶܢܽܘܢ
1,Nisibis,66,2,Nisibis 66:2,ܫܚܺܝܩܺܝܢ ܐܰܢ̱ܬܽܘܢ ܐܳܦ ܒܳܟܶܝܢ ܐܰܢ̱ܬܽܘܢ ܥܰܠ ܡܰܢ ܕܰܥܢܰܕ ܐܰܝܟ ܗܰܘ ܕܶܐܬܳܐ ܕܢܶܛܚܰܢ ܠܺܝ ܪܳܚܝܳܐ ܒܰܫܝܽܘܠ
1,Nisibis,66,3,Nisibis 66:3,ܫܶܠܝܰܐ ܗ̱ܘ ܪܰܒܳܐ ܝܳܗܶܒ ܐ̱ܢܳܐ ܠܰܐܝܠܶܝܢ ܕܰܠܐܶܝܢ ܠܰܘ ܐܰܟܘܳܬܟܽܘܢ ܠܳܐܶܐ ܐ̱ܢܳܐ ܐܰܘ ܡܰܠܶܐܐ ܐ̱ܢܳܐ
1,Nisibis,66,4,Nisibis 66:4,ܫܳܡܰܥ ܐ̱ܢܳܐ ܟܽܠ ܠܰܘ̈ܛܳܬܳܐ ܡܶܢ ܛܳܠܽܘ̈ܡܶܐ ܒ̈ܢܰܝ ܐܳܕܳܡ ܠܳܐܕܳܡ ܕܳܡܶܝܢ ܕܰܛܠܶܡ ܡܳܪܶܗ
1,Nisibis,66,5,Nisibis 66:5,ܫܓܺܝܫܺܝܢ ܐܰܟܚܰܕ ܩ̈ܳܠܰܝܟܽܘܢ ܘܰܥܒ̈ܳܕܰܝܟܽܘܢ ܒܩܳܠܳܐ ܒܳܟܶܐ ܘܒܰܥܒܳܕܳܐ ܟܬܰܫ ܟܽܠܝܽܘܢ
1,Nisibis,66,6,Nisibis 66:6,ܫܶܡܥܶܬ ܒܶܟܝܳܐ ܘܣܶܒܪܶܬ ܠܺܝ ܕܠܳܐ ܐ̱ܢܳܫ ܥܳܡܶܠ ܚܙܺܝܬ ܬܶܥܫܳܐ ܘܣܶܒܪܰܬ ܠܺܝ ܕܠܳܐ ܐ̱ܢܳܫ ܡܳܐܶܬ
1,Nisibis,66,7,Nisibis 66:7,ܫܰܚܩܶܗ ܕܐ̱ܢܳܫܳܐ ܡܣܰܒܰܪ ܠܺܝ ܕܠܰܘ ܡܳܝܽܘܬܰܐ ܗ̱ܘ ܒܶܟܝܶܗ ܪܰܒܳܐ ܡܣܰܒܰܪ ܠܺܝ ܕܰܡܚܳܪ ܠܰܝܬܰܘܗ̱ܝ
1,Nisibis,66,8,Nisibis 66:8,ܫܡܼܰܥܘ̱ ܘܶܐܗܘܶܐ ܠܟܽܘܢ ܡܳܠܽܘܟܳܐ ܐܶܢ ܨܳܒܶܝܢ ܐܰܢ̱ܬܽܘܢ ܬܪ̈ܰܝܗܽܘܢ ܓܶܝܪ ܗܳܠܶܝܢ ܛܰܥܢ̈ܶܐ ܛܳܒ ܡܰܪ̈ܺܝܪܺܝܢ
1,Nisibis,66,9,Nisibis 66:9,ܫܶܠܘ̱ ܩܰܠܺܝܠ ܡܶܢ ܗܰܘ ܥܰܡܠܳܐ ܐܳܦ ܡܶܢ ܒܶܟܝܳܐ ܥܡܰܠܘ̱ ܘܰܒܟܰܘ ܐܰܝܟ ܡܳܝ̈ܽܘܬܳܐ ܕܰܡܚܳܪ ܡܰܘܦܶܝܢ ܀܀܀
1,Nisibis,66,10,Nisibis 66:10,ܫܰܢܝܳܐܺܝܢ ܐܰܢ̱ܬܽܘܢ ܒܒܳܟܬܳܐ ܕܥܰܢܺܝ̈ܕܰܝܟܽܘܢ ܘܰܫܚܺܝܩܺܝܢ ܐܰܢ̱ܬܽܘܢ ܒܬܥܫܐ ܕܩ̈ܶܢܝܳܢܰܝܟܽܘܢ
1,Nisibis,66,11,Nisibis 66:11,ܫܰܦܺܝܪ ܡܺܝܬܺܝܢ ܝ̈ܰܠܽܘܕܶܐ ܘܰܒܪܽܝܟ ܠܗܽܘܢ ܕܡܰܓܗܺܝܢ ܡܶܢܶܗ ܕܕܽܐܘܢܳܐ ܕܪܳܡܶܝܢ ܐܰܢ̱ܬܽܘܢ ܒܶܗ
1,Nisibis,66,12,Nisibis 66:12,ܫܽܘܒܩܽܘܢܳܢܝ̱ ܐܶܙܰܠ ܠܰܫܝܽܘܠ ܘܶܐܡܰܪ ܬܰܡܳܢ ܕܛܽܘܒܰܝܟܽܘܢ ܡܺܝ̈ܬܶܐ ܫ̈ܠܰܝܳܐ ܟܡܳܐ ܢܺܝܚܺܝܢ ܐܰܢ̱ܬܽܘܢ
1,Nisibis,66,13,Nisibis 66:13,ܫܡܰܥܘ̱ ܣܳܟܳܐ ܡܶܢ ܡ̈ܶܠܰܝܟܽܘܢ ܕܶܐܢ ܢܽܘܚܳܡܰܐ ܗ̱ܘ ܠܳܐ ܬܶܒܟܽܘܢ ܐܳܦ ܠܳܐ ܬܠܰܐܽܘܢ ܐܰܝܟ ܬܰܘ̈ܬܳܒܶܐ
1,Nisibis,66,14,Nisibis 66:14,ܫܚܺܝܩܺܝܢ ܐܰܢ̱ܬܽܘܢ ܐܰܝܟ ܐ̱ܢܳܫ ܕܰܬܢܳܢ ܚܳܝܶܐ ܠܥܳܠܰܡ ܘܒܳܟܶܝܢ ܐܰܢ̱ܬܽܘܢ ܐܰܝܟ ܐ̱ܢܳܫ ܕܳܐܦ ܠܳܐ ܬܽܘܒ ܡܶܬܢܰܚܰܡ
1,Nisibis,66,15,Nisibis 66:15,ܫܡܰܥܘ̱ ܡ̈ܶܠܰܝ ܐܶܢ ܐܺܝܬ ܒܟܽܘܢ ܐܰܬܪܳܐ ܠܡܶܫܡܰܥ ܘܰܙܘ̈ܳܕܶܐ ܛܰܝܶܒܘ̱ ܕܶܐܡܰܬܝ̱ ܕܶܐܩܪܶܐ ܬܶܥܢܽܘܢ
1,Nisibis,66,16,Nisibis 66:16,ܫܳܡܰܥ ܐ̱ܢܳܐ ܓܶܝܪ ܐܳܦ ܐܶܢܳܐ ܠܰܕܩܳܪܶܐ ܠܺܝ ܘܡܰܦܢܳܐ ܐ̱ܢܳܐ ܦܰܓܪ̈ܰܝܟܽܘܢ ܥܰܡ ܓ̈ܰܙܰܝܟܽܘܢ
1,Nisibis,66,17,Nisibis 66:17,ܫܰܝܢܳܐ ܢܶܗܘܶܐ ܒܰܝܢܳܬܰܢ ܥܰܕ ܗܰܘ ܝܰܘܡܳܐ ܘܡܳܐ ܕܢܳܦܩܺܝܢ ܐܰܢ̱ܬܽܘܢ ܐܶܩܥܶܐ ܘܐܺܡܰܪ ܙܶܠܘ̱ ܒܰܫܠܳܡܳܐ
1,Nisibis,66,18,Nisibis 66:18,ܬܰܘ ܐܰܢ̱ܬܽܘܢ ܘܶܐܢܳܐ ܕܗܳܫܳܐ ܢܶܬܶܠ ܫܽܘܒܚܳܐ ܠܗܰܘ ܕܰܡܡܺܝܬ ܐܳܦ ܗܽܘ ܡܰܚܶܐ ܐܰܝܟ ܕܰܢܥܰܕܰܪ
1,Nisibis,66,19,Nisibis 66:19,܀܀܀ ܬܰܘܕܺܝܬ ܟܽܠܰܢ ܬܶܗܘܶܐ ܡܳܪܝ̱ ܕܶܒܚܰܬ ܚ̈ܰܝܶܐ ܕܰܒܕܶܒܚܰܬ ܦܰܓܪܳܟ ܐܰܚܝܰܬ ܚ̈ܰܝܶܐ ܘܡܺܝ̈ܬܶܐ
1,Nisibis,66,20,Nisibis 66:20,ܬܰܘܕܺܝ ܠܡܰܢ ܕܰܠܒܶܫ ܦܰܓܪܰܢ ܘܡܺܝܬ ܘܶܐܬܢܰܚܰܡ ܡܺܝܬ ܒܰܢ ܗܽܘ ܘܚܰܝܰܝܢ ܚܢܰܢ ܒܶܗ ܒܪܺܝܟ ܫܳܠܽܘܚܶܗ
1,Nisibis,67,1,Nisibis 67:1,ܬܰܘ ܢܶܫܡܰܥ ܟܰܕ ܡܰܟܶܣ ܠܶܗ ܡܰܘܬܳܐ ܠܥܰܡܳܐ ܕܡܶܢ ܡܰܘܬܳܐ ܩܰܫܝܳܐ ܗ̱ܝ ܚܰܪܒܶܗ ܕܰܠܘܳܬ ܟܺܐܢ̈ܶܐ ܘܡܰܘܬܶܗ ܗܳܘܶܐ ܚܠܳܦ ܟܽܠ ܡ̈ܰܘܬܺܝܢ ܕܰܢܢܰܚܶܡ ܟܽܘܠ
1,Nisibis,67,2,Nisibis 67:2,ܠܰܘ ܠܰܡ ܡܰܘܬܳܐ ܙܰܩܦܶܗ ܠܝܶܫܽܘܥ ܐܶܠܳܐ ܥܰܡܳܐ ܟܡܳܐ ܗܳܟܺܝܠ ܣܳܢܶܐ ܥܰܡܳܐ ܕܳܐܦ ܡܶܢܝ̱ ܣܳܢܰܐ ܗ̱ܘ
1,Nisibis,67,3,Nisibis 67:3,ܒܓܽܘܒܳܐ ܫܕܰܐܘܗ̱ܝ ܠܶܐܪܰܡܝܳܐ ܗܰܘ ܕܣܰܝܢܳܐ ܐܶܢܳܐ ܕܶܝܢ ܒܰܫܝܽܘܠ ܐܺܝܩܳܪܳܐ ܠܓܰܪ̈ܡܰܘܗ̱ܝ ܦܶܠܓܰܬ
1,Nisibis,67,4,Nisibis 67:4,ܠܰܢܒܽܘܬ ܒܟܺܐܦ̈ܶܐ ܦܥܰܘܗ̱ܝ ܐܰܝܟ ܕܰܠܟܰܠܒܳܐ ܟܡܳܐ ܛܳܒ ܐܶܢܳܐ ܕܳܐܦ ܠܳܐ ܠܟܰܠܒܳܐ ܦܥܰܬ ܡܬܽܘܡ
1,Nisibis,67,5,Nisibis 67:5,ܠܰܒ̈ܢܰܝܗܶܝܢ ܒܟܰܦܢܳܐ ܐܶܟܰܠ ܗܘܺܝ ܥܶܒܪ̈ܳܝܳܬܳܐ ܫܝܽܘܠ ܛܳܒܳܐ ܕܦܶܠܛܰܬ ܝܶܗܒܰܬ ܕܠܳܐ ܥܽܘܣܩܳܐ
1,Nisibis,67,6,Nisibis 67:6,ܠܰܐܪܡܰܠܬܳܐ ܒܪܳܗ̇ ܝܶܗ̇ܒܰܬ ܠܳܗ̇ ܒܝܰܕ ܐܶܠܺܝܳܐ ܠܫܺܝܠܽܘܡܺܝܬܳܐ ܚܰܒܺܝܒܳܗ̇ ܒܝܰܕ ܐܶܠܺܝܫܰܥ
1,Nisibis,67,7,Nisibis 67:7,ܥܶܒܪ̈ܳܝܳܬܳܐ ܝ̈ܰܥܢܳܬܳܐ ܐܶܟܰܠ ܠܰܒ̈ܢܰܝܗܶܝܢ ܫܝܽܘܠ ܝܶܗܒܰܬ ܡܺܝ̈ܬܶܐ ܘܝܶܠܦܰܬ ܨܰܘܡܳܐ ܢܰܟܦܳܐ
1,Nisibis,67,8,Nisibis 67:8,ܠܳܐ ܗ̱ܘܳܐ ܫܝܽܘܠ ܐܺܝܬܶܝܗ̇ ܫܝܽܘܠ ܐܶܠܳܐ ܕܡܰܘܬܳܐ ܐܺܝܙܒܶܠ ܗܳܝ ܫܝܽܘܠ ܕܰܫܪܳܪܳܐ ܕܟܺܐܢ̈ܶܐ ܒܶܠܥܰܬ
1,Nisibis,67,9,Nisibis 67:9,ܠܰܒ̈ܢܰܝ ܢܒܺܝ̈ܶܐ ܘܰܢܒܺܝ̈ܶܐ ܚܶܪܒܰܬ ܘܰܫܕܳܬ ܠܰܫܡܰܝܳܐ ܥܪܰܩ ܐܶܠܺܝܳܐ ܡܶܢ ܦܰܩܪܽܘܬܶܗ̇
1,Nisibis,67,10,Nisibis 67:10,ܟܡܳܐ ܡܰܘ̈ܬܶܝܢ ܚܠܳܦ ܚܰܕ ܡܰܘܬܳܐ ܐܺܝܬ ܗ̱ܘܳܐ ܒܥܰܡܳܐ ܘܰܟܡܳܐ ܫܝܽܘܠ ܒܚܶܠܦܳܐ ܕܰܚܕܳܐ ܐܺܝܬ ܗܘܰܝ ܬܰܡܳܢ
1,Nisibis,67,11,Nisibis 67:11,ܫܳܡܪܺܝܢ ܘܺܐܝܙܪܳܥܶܝܠ ܒܰܪܬܳܗ̇ ܒܶܝܬ ܐܺܝܣܪܳܝܶܠ ܘܨܶܗܝܽܘܢ ܘܐܽܘܪܫܠܶܡ ܚܬܳܗ̇ ܒܶܝܬ ܝܺܗܽܘܕܳܐ
1,Nisibis,67,12,Nisibis 67:12,ܠܰܢܒܺܝ̈ܶܐ ܘܟܺܐܢ̈ܶܐ ܕܒܺܝܗܽܘܕ ܘܒܶܐܝܣܪܳܝܶܠ ܒܗܳܠܶܝܢ ܬܰܪ̈ܬܶܝܢ ܗ̈ܘܳܬܳܐ ܚܢܰܩܘ̱ ܐܶܢܽܘܢ
1,Nisibis,67,13,Nisibis 67:13,ܠܡܳܢܳܐ ܗܳܟܺܝܠ ܣܰܢܝܳܐ ܫܝܽܘܠ ܗܺܝ ܒܰܠܚܽܘܕܶܝܗ̇ ܟܰܕ ܐܺܝܬ ܗܽܘ ܣܰܓܺܝ̈ܳܐܬܳܐ ܕܣܳܢܶܝܢ ܡܶܢܳܗ̇
1,Nisibis,67,14,Nisibis 67:14,ܡ̈ܝܬܝܗܘܢ ܕܺܝܗ̈ܽܘܕܳܝܶܐ ܠܺܝ ܛܳܒ ܣܳܢܶܝܢ ܢܕܺܝ̈ܕܺܝܢ ܠܺܝ ܐܳܦ ܓܰܪ̈ܡܰܝܗܽܘܢ ܒܓܰܘܳܗ̇ ܕܰܫܝܽܘܠ
1,Nisibis,67,15,Nisibis 67:15,ܐܶܠܽܘ ܟܰܝ ܐܺܝܬ ܗ̱ܘܳܐ ܦܽܘܪܣܳܐ ܕܰܐܓܺܝܠ ܐܶܢܽܘܢ ܠܓܰܪ̈ܡܰܝܗܽܘܢ ܡܶܢܳܗ̇ ܕܰܫܝܽܘܠ ܡܰܣܪܶܝܢ ܠܳܗ̇ ܓܶܝܪ
1,Nisibis,67,16,Nisibis 67:16,܀܀܀ ܒܪܽܘܚܳܐ ܕܩܽܘܕܫܳܐ ܬܳܡܰܗ ܐ̱ܢܳܐ ܕܰܟܡܳܐ ܥܶܡܪܰܬ ܒܓܰܘ ܥܰܡܳܐ ܕܰܙܦܰܪ ܪܺܝܚܶܗ ܐܰܝܟ ܕܽܘܒܳܪܶܗ
1,Nisibis,67,17,Nisibis 67:17,ܒܨ̈ܰܠܶܐ ܘܬܽܘܡܰܐ ܟܳܪ̈ܽܘܙܶܐ ܕܥܰܒ̈ܕܰܝܗܽܘܢ ܐܰܝܟ ܡܶܐܟܽܘܠܬܶܗ ܬܰܪܥܺܝܬܶܗ ܕܥܰܡܳܐ ܨܰܚܢܳܐ
1,Nisibis,67,18,Nisibis 67:18,ܒܒܳܥܽܘܬܳܐ ܕܟܽܠ ܡܰܢ ܕܰܩܥܶܕ ܘܰܣܓܶܕ ܠܰܐܒܽܘܟ ܐܶܬܪܰܚܰܡ ܥܰܠ ܣܳܓܽܘܕܳܟ ܕܰܛܠܶܡ ܚܽܘܒܳܟ
1,Nisibis,67,19,Nisibis 67:19,ܡܶܢ ܥܶܒܪ̈ܳܝܶܐ ܘܳܐܪ̈ܳܡܳܝܶܐ ܐܳܦ ܡܶܢ ܥܺܝܪ̈ܶܐ ܠܳܟ ܫܽܘܒܚܳܐ ܘܒܺܐܝܕܳܟ ܠܰܐܒܽܘܟ ܐܳܦ ܬܶܫܒܽܘܚܬܳܐ
1,Nisibis,67,20,Nisibis 67:20,ܚܠܳܦ ܕܰܗܘܺܝܬ ܦܽܘܡܳܐ ܠܡܰܘܬܳܐ ܕܰܕܠܳܐ ܦܽܘܡܰܐ ܗ̱ܘ ܒܪܳܐ ܕܟܽܠܶܗ ܦܽܘܡ̈ܶܐ ܗܽܘ ܢܶܐܚܽܘܕ ܐܰܒܽܘܬܝ̱ ܠܰܐܒܽܘܗ̱ܝ
1,Nisibis,68,1,Nisibis 68:1,ܐܳܘ ܡܰܘܬܳܐ ܠܳܐ ܬܶܫܬܥܰܠܶܐ ܥܰܠ ܙܰܕܺܝ̈ܩܶܐ ܒ̈ܢܰܝ ܡܳܪܳܟ ܕܰܒܦܽܘܩܕܳܢܶܗ ܐܳܬܶܝܢ ܨܶܐܕܰܝܟ ܘܰܒܢܽܘܚܳܡܳܟ ܡܶܫܬܦܶܠ ܐܰܝܟ ܡܶܣܟܺܢܳܐ
1,Nisibis,68,2,Nisibis 68:2,ܒܗܳܕܶܐ ܝܰܬܺܝܪ ܝܺܪܶܒ ܐ̱ܢܳܐ ܐܰܝܟ ܡܶܠܬܰܟܽܘܢ ܕܟܰܕ ܥܳܒܕܶܐ ܐ̱ܢܳܐ ܕܳܐܶܫ ܐ̱ܢܳܐ ܠܰܒ̈ܢܰܝ ܚܺܐܪ̈ܶܐ
1,Nisibis,68,3,Nisibis 68:3,ܓܒܳܐ ܗ̱ܘܳܐ ܐܳܕܳܡ ܘܰܡܫܰܠܶܛ ܘܰܬܚܶܝܬ ܢܺܝܪܶܗ ܐܰܢ̱ܬ ܡܰܘܬܳܐ ܘܒܺܝܫܳܐ ܟܶܢܬܳܟ ܥܰܒܼ̈ܕܶܐ ܗܰܘܝܬܽܘܢ ܀܀܀
1,Nisibis,68,4,Nisibis 68:4,ܕܫܽܘܒܗܳܪܰܢ ܗܺܝ ܕܗܳܐ ܥܰܒ̈ܕܶܐ ܗ̱ܘܰܘ ܡܳܪ̈ܰܝܳܐ ܡܰܘܬܳܐ ܘܣܳܛܳܢܳܐ ܟܢܳܬܶܗ ܕܫܰܘܗ̱ܝ ܠܳܐܕܳܡ
1,Nisibis,68,5,Nisibis 68:5,ܗܳܐ ܫܰܦܠܳܟ ܐܳܦ ܕܟܶܢܬܳܟ ܥܰܒ̈ܕܶܐ ܟܦܺܝܪ̈ܶܐ ܕܰܚܢܽܘܟ ܕܳܫ ܗ̱ܘܳܐ ܠܰܬܪ̈ܰܝܟܽܘܢ ܘܰܦܪܰܚ ܘܰܐܡܠܶܟ
1,Nisibis,68,6,Nisibis 68:6,ܘܶܐܢ ܗܽܘ ܕܰܚܢܽܘܟ ܐܰܟܳܪܝ̱ ܠܰܢ ܡܶܬܒܰܝܰܐ ܐ̱ܢܳܐ ܕܥܰܠ ܥܰܦܪܶܗ ܕܢܽܘܚ ܒܰܫܝܽܘܠ ܗܳܐ ܕܳܐܶܫ ܐ̱ܢܳܐ
1,Nisibis,68,7,Nisibis 68:7,ܙܽܘܥ ܡܰܘܬܳܐ ܡܶܢ ܒܰܪܢܳܫܳܐ ܕܳܐܦ ܟܰܕ ܥܰܒܕܰܐ ܗ̱ܘ ܢܺܝܪܳܐ ܕܡܳܪܽܘܬܶܗ ܡܰܡܠܶܟ ܥܰܠ ܒܶܪ̈ܝܳܬܳܐ
1,Nisibis,68,8,Nisibis 68:8,ܚܳܕܶܐ ܐ̱ܢܳܐ ܕܠܰܘ ܠܰܒܨܺܝܪ̈ܶܐ ܡܳܕܶܝܢ ܙܟܺܝܬ ܟܡܳܐ ܕܢܺܐܪܰܒ ܓܶܝܪ ܚܰܝܳܒܳܐ ܪܰܒ ܗܽܘ ܕܰܙܟܳܝܗ̱ܝ
1,Nisibis,68,9,Nisibis 68:9,ܛܳܒ ܢܨܰܪ ܩܳܠܳܟ ܡܰܘܬܳܐ ܥܰܠ ܙܰܕܺܝ̈ܩܶܐ ܚܢܽܘܟ ܓܶܝܪ ܘܶܐܠܺܝܳܐ ܬܰܒܰܪܘ̱ ܙܰܘܓܳܐ ܕܓܶܦܰܝ̈ܟ
1,Nisibis,68,10,Nisibis 68:10,ܝܳܕܰܥ ܐ̱ܢܳܐ ܕܰܬܩܽܘܠ ܐܶܒ̈ܠܰܝ ܥܰܡ ܒܽܘ̈ܝܳܐܝ ܚܠܳܦ ܬܪ̈ܶܝܢ ܗܳܐ ܣܰܓ̈ܺܝܐܶܐ ܕܶܐܬܰܘ ܘܳܐܬܶܝܢ
1,Nisibis,68,11,Nisibis 68:11,ܟܽܠ ܕܶܐܬܳܐ ܘܳܐܬܶܐ ܨܶܐܕܰܝܟ ܐܰܝܟ ܬܰܘܬܒܳܐ ܫܪܳܐ ܘܡܰܫܩܰܠ ܡܶܢ ܕܰܝܪܳܟ ܐܰܝܟ ܠܳܥܳܙܳܪ
1,Nisibis,68,12,Nisibis 68:12,ܠܳܐ ܬܰܒܪܢܝ ܗܳܢܳܐ ܩܳܠܳܐ ܐܰܝܟ ܡܳܐ ܕܥܰܨܒܳܢܝ̱ ܕܠܳܥܳܙܳܪ ܕܡܶܪܰܕ ܥܠܰܝ ܬܽܘܒ ܫܰܥܒܳܕܬܶܗ
1,Nisibis,68,13,Nisibis 68:13,܀܀܀ ܡܰܘܬܳܐ ܐܶܫܬܐܶܠ ܘܰܕܪܽܘܫ ܕܳܡ ܐܳܠܨܰܬ ܗܘܳܬ ܕܢܶܬܢܰܚܰܡ ܐܶܢ ܠܰܘ ܐ̱ܪܳܙܳܐ ܨܳܪ ܢܽܘܚܳܡܶܗ
1,Nisibis,68,14,Nisibis 68:14,ܢܰܗܺܝܪܺܝܢ ܐܰܢ̱ܬܽܘܢ ܠܰܕܪܳܫܳܐ ܐܰܝܟ ܒ̈ܰܛܺܝܠܶܐ ܐܶܢܳܐ ܓܶܝܪ ܒܰܥܒܳܕܝ̱ ܥܳܡܶܠ ܐ̱ܢܳܐ ܕܶܐܦܪܽܘܫ ܘܰܐܕܒܰܪ
1,Nisibis,68,15,Nisibis 68:15,ܣܰܓܺܝ ܠܡܶܕܪܰܫ ܐܶܬܛܰܝܒܰܬ ܡܰܢܽܘ ܙܶܓܪܳܟ ܫܪܳܪܶܗ ܕܢܽܘܚܳܡܰܢ ܐܳܠܨܳܟ ܒܗ̈ܶܦܟܳܬܶܗ
1,Nisibis,68,16,Nisibis 68:16,ܥܒܰܕܬܽܘܢܳܢܝ̱ ܠܟܽܘܢ ܣܰܢܝܳܐ ܟܰܕ ܠܳܐ ܣܳܢܶܐ ܐ̱ܢܳܐ ܐܶܢܳܐ ܐ̱ܢܳܐ ܕܰܡܢܺܝܚ ܐ̱ܢܳܐ ܣ̈ܒܺܝܟܽܘܢ ܘܰܐ̈ܠܺܝܨܰܝܟܽܘܢ
1,Nisibis,68,17,Nisibis 68:17,ܥܒܰܕܬܽܘܢܳܢܝ̱ ܐܰܝܟ ܣܳܪܽܘܚܳܐ ܐܰܘ ܡܳܝܽܘ̈ܬܳܐ ܐܳܕܳܡ ܩܰܛܠܟܽܘܢ ܘܶܐ̱ܢܳܐ ܡܶܨܛܚܳܐ ܐ̱ܢܳܐ
1,Nisibis,68,18,Nisibis 68:18,ܦܫܺܝܩܳܐܺܝܬ ܐܰܦܪܣܰܝܟܽܘܢ ܥܰܒܕܳܐ ܗܘܺܝܬ ܓܶܝܪ ܘܰܐܢ̱ܬܽܘܢ ܗܽܘ ܒܰܚܛܳܗ̈ܰܝܟܽܘܢ ܐܰܡܶܠܟܬܽܘܢܳܢܝ̱
1,Nisibis,68,19,Nisibis 68:19,ܨܳܒܶܝܢ ܐܳܕܳܡ ܐܰܥܺܝܪܳܢܝ̱ ܕܫܳܠܶܐ ܗܘܺܝܬ ܓܶܝܪ ܡܺܝܬܳܐ ܗܘܺܝܬ ܘܰܐܚܰܝܬܽܘܢܳܢܝ̱ ܕܰܬܡܽܘܬܽܘܢ ܒܺܝ
1,Nisibis,68,20,Nisibis 68:20,ܩܰܒܶܠ ܐ̱ܢܳܐ ܡܶܢ ܟܰܕܳܒ̈ܶܐ ܕܰܩܛܰܠܘ̱ ܘܰܟܦܰܪܘ̱ ܐܳܕܳܡ ܓܶܝܪ ܩܛܰܠ ܢܰܦܫܶܗ ܘܒܺܝ ܡܶܬܥܕܰܠ
1,Nisibis,68,21,Nisibis 68:21,ܪܺܝܫ ܗܳܪܬܳܐ ܚܶܘܝܰܐ ܗ̱ܘ ܠܺܝܛܳܐ ܕܫܰܦܺܝܪ ܚܓܺܝܪ ܕܪܳܫܶܦ ܥܰܠ ܣܳܡ ܡܨܽܘܬܳܐ ܒܶܝܬ ܠܺܝ ܘܰܠܟܽܘܢ
1,Nisibis,68,22,Nisibis 68:22,ܫܒܺܝܩ ܣܳܛܳܢܳܐ ܘܰܥܠܰܝ ܗܽܘ ܡܶܬܓܰܪܶܝܢ ܐܰܢ̱ܬܽܘܢ ܙܶܠܘ̱ ܐܶܬܟܰܬܰܫܘ̱ ܥܰܡ ܒܺܝܫܳܐ ܕܗܽܘ ܚܰܝܶܒܟܽܘܢ
1,Nisibis,68,23,Nisibis 68:23,ܫܰܘܬܶܦܝ̱ ܗܽܘ ܘܠܳܐ ܟܳܦܰܪ ܐ̱ܢܳܐ ܘܕܰܣܢܰܐ ܗ̱ܘ ܣܰܓܺܝ ܡܶܢ ܐܳܠܨܳܬ ܕܶܐܨܛܚܳܐ ܒܶܗ ܟܦܺܝܪ ܒܶܗ ܡܶܟܺܝܠ
1,Nisibis,68,24,Nisibis 68:24,ܫܡܰܥܘ̱ ܡ̈ܶܠܰܝ ܐܳܘ ܡܳܝ̈ܽܘܬܳܐ ܘܰܐܒܰܝܰܐܟܽܘܢ ܐܶܢܳܐ ܐܶܥܺܝܩܰܬ ܘܶܐܢܳܐ ܡܰܘܕܶܐ ܒܚܰܝܰܬ ܡܺܝ̈ܬܶܐ
1,Nisibis,68,25,Nisibis 68:25,ܫܰܪܺܝ ܓܶܝܪ ܢܳܛܰܦ ܒܶܐܕ̈ܢܰܝ ܩܳܠ ܛܽܘܝܳܒܳܐ ܕܫܺܝܦܽܘܪܳܐ ܕܣܳܥܰܪ ܢܰܦܫܶܗ ܠܡܰܝܳܒܒܽܘ
1,Nisibis,68,26,Nisibis 68:26,ܫܡܰܥܘ̱ ܡ̈ܶܠܰܝ ܘܰܐܣܶܓܘ̱ ܡܶܫܚܳܐ ܠܰܠܡܦܺܐܕ̈ܰܝܟܽܘܢ ܕܰܟܠܺܝܬܳܐ ܓܶܝܪ ܡܶܢ ܨܶܐܕܝ̱ ܠܳܐ ܐܺܝܬ ܠܟܽܘܢ
1,Nisibis,68,27,Nisibis 68:27,ܬܶܗܘܽܘܢ ܝܳܕܥܺܝܢ ܕܳܐܦ ܟܰܕ ܛܳܒ ܗܳܠܶܝܢ ܐܶܡܪܰܬ ܪܚܺܝܡܺܝܢ ܐܶܢܽܘܢ ܨܰܘ̈ܬܰܝܟܽܘܢ ܠܨܳܕܶܝܗ̇ ܕܰܫܝܽܘܠ
1,Nisibis,68,28,Nisibis 68:28,ܬܩܺܝܠ ܗܽܘ ܠܺܝ ܓܶܝܪ ܒܰܪ ܐ̱ܢܳܫܳܐ ܘܪܰܒ ܗܽܘ ܫܰܝܢܶܗ ܕܪܰܚܫܳܐ ܘܢܽܘ̈ܢܶܐ ܘܦܳܪܰܚܬܳܐ ܠܘܰܥܕܶܗ ܐܳܬܶܝܢ
1,Nisibis,68,29,Nisibis 68:29,ܬܶܡܗܳܐ ܕܶܝܢ ܕܳܐܦ ܥܰܠ ܥܺܝܪ̈ܶܐ ܚܰܒܺܝܒ ܨܰܘܬܶܗ ܐܳܦ ܗܽܘ ܒܺܝܫܼܳܐ ܠܓܺܗܰܢܳܐ ܠܘܺܝܬܶܗ ܒܳܥܶܐ
1,Nisibis,68,30,Nisibis 68:30,ܬܶܗܘܶܐ ܠܟܽܘܢ ܚܰܝܰܬ ܡܺܝ̈ܬܶܐ ܐܳܘ ܡܳܝ̈ܽܘܬܳܐ ܘܶܐܢܳܐ ܕܓܶܙܝܰܬ ܐܶܬܓܰܙܳܐ ܒܓܰܘܳܗ̇ ܕܰܫܝܽܘܠ
1,Nisibis,68,31,Nisibis 68:31,ܬܰܘܕܺܝܬܳܐ ܬܶܣܰܩ ܡܶܢ ܟܽܠ ܠܳܟ ܡܰܚܶܐ ܟܽܠ ܕܡܶܢ ܟܽܠ ܕܽܘܟܳܐ ܡܟܰܢܶܫ ܐܰܢ̱ܬ ܥܰܦܪܶܗ ܕܳܐܕܳܡ ܀܀܀
1,Nisibis,69,1,Nisibis 69:1,ܐܰܢ̱ܬ ܗ̱ܽܘ ܓܒܰܠܬܳܝܗ̱ܝ ܠܥܰܦܪܳܐ ܡܶܢ ܫܽܘܪܳܝܳܐ ܒܪ̈ܰܚܡܶܐ ܘܰܐܢ̱ܬ ܗܽܘ ܡܫܰܠܶܡ ܠܘܳܬܶܗ ܡܰܘܗܰܒܬܳܟ ܒܚܽܘܒܳܐ
1,Nisibis,69,2,Nisibis 69:2,ܐܰܢ̱ܬ ܗܽܘ ܛܳܒܳܐ ܒܪܰܝܬܳܝܗ̱ܝ ܠܳܐܕܳܡ ܟܰܕ ܓܠܶܐ ܠܳܟ ܕܰܛܠܰܡ ܠܳܟ ܘܰܛܥܳܐ ܓܒܰܠܬܳܝܗ̱ܝ ܐܰܝܟ ܕܬܶܙܟܶܝܘܗ̱ܝ
1,Nisibis,69,3,Nisibis 69:3,ܒܦܰܓܪܳܐ ܚܳܪܶܬ ܟܰܕ ܐܰܒܺܝܠ ܒܢܰܦܫܳܐ ܟܰܕ ܟܡܺܝܪܳܐ ܕܡܶܙܓܰܬ ܐܶܢܽܘܢ ܒܚܽܘܒܳܐ ܘܰܥܢܰܕܘ̱ ܘܰܦܪܰܫܘ̱ ܒܚܰܫܳܐ
1,Nisibis,69,4,Nisibis 69:4,ܓܒܺܝܠ ܦܰܓܪܳܐ ܒܚܶܟܡܳܐ ܢܦܺܝܚܳܐ ܢܰܦܫܳܐ ܒܛܰܝܒܽܘ ܡܙܺܝܓ ܚܽܘܒܳܐ ܒܰܫܠܶܡܘ̱ ܦܰܪܫܶܗ ܚܶܘܝܳܐ ܒܒܺܝܫܽܘ
1,Nisibis,69,5,Nisibis 69:5,ܕܶܐܢ ܦܰܓܪܳܐ ܘܢܰܦܫܳܐ ܕܰܐܝܢܳܐ ܐܰܚܛܺܝ ܠܚܰܒܪܶܗ ܣܰܟܠܽܘܬܳܐ ܕܓܰܘܳܐ ܗ̱ܝ ܕܚܺܐܪܽܘܬܳܐ ܕܓܰܘܳܐ ܗ̱ܝ ܀܀܀
1,Nisibis,69,6,Nisibis 69:6,ܕܺܝܠܳܟ ܗ̱ܝ ܒܪܺܝܟܳܐ ܕܬܽܘܒ ܬܶܬܢܳܐ ܬܪܰܚܰܡ ܐܺܝܕܳܟ ܬܶܓܒܽܘܠ ܡܶܕܪܺܝܫ ܨܶܒܥܳܟ ܠܳܐܕܳܡ ܬܨܽܘܪܺܝܘܗ̱ܝ
1,Nisibis,69,7,Nisibis 69:7,ܗܳܐ ܓܶܝܪ ܡܳܪܝ̱ ܡܶܢ ܡܬܽܘܡ ܠܳܐ ܓܳܙ ܡܶܢܶܗ ܚܢܳܢܳܟ ܫܶܪܝܰܬ ܥܰܡܶܗ ܒܚܽܘܒܳܐ ܫܠܶܡ ܥܰܡܶܗ ܒܪ̈ܰܚܡܶܐ
1,Nisibis,69,8,Nisibis 69:8,ܘܶܐܢ ܓܶܝܪ ܟܰܕ ܠܰܝܬ ܗ̱ܘܳܐ ܕܢܶܗܘܶܐ ܐܺܝܬܰܘܗ̱ܝ ܒܪܰܝܬܳܝܗ̱ܝ ܗܳܫܳܐ ܕܺܐܝܬܰܘܗ̱ܝ ܠܥܰܦܪܶܗ ܒܳܟ ܢܶܬܚܰܕܰܬ ܗܰܝܟܠܶܗ
1,Nisibis,69,9,Nisibis 69:9,ܙܳܕܶܩ ܗܽܘ ܠܡܰܠܟܳܐ ܕܰܚܙܳܐ ܨܰܠܡܶܗ ܕܰܐܥܬܶܩ ܕܰܒܣܰܡ̈ܳܡܢܶܐ ܓܒܰܝ̈ܳܐ ܢܶܦܨܰܚ ܨܰܠܡܳܐ ܟܡܺܝܪܳܐ
1,Nisibis,69,10,Nisibis 69:10,ܚܙܳܬܳܐ ܗܘܳܬ ܕܬܶܗܪܳܐ ܕܰܪܟܶܢ ܪܽܘܡܳܟ ܫܒܺܝܚܳܐ ܠܘܳܬ ܥܰܦܪܳܐ ܫܚܺܝܡܳܐ ܕܰܢܨܽܘܪ ܨܰܠܡܳܐ ܗܕܺܝܪܳܐ
1,Nisibis,69,11,Nisibis 69:11,ܛܳܒܳܐ ܗ̱ܝ ܗܳܕܶܐ ܐ̱ܚܪܺܝܬܳܐ ܡܶܢ ܗܳܝ ܕܰܗܘܳܬ ܒܪܺܝܫܺܝܬ ܕܠܰܘ ܡܒܪܐ ܒܪܰܝܬܳܝܗ̱ܝ ܐܶܠܳܐ ܡܰܠܒܶܫ ܠܒܶܫܬܳܝܗ̱ܝ
1,Nisibis,69,12,Nisibis 69:12,܀܀܀ ܝܳܕܰܥ ܪܳܡܳܐ ܕܳܐܕܳܡ ܐܰܠܳܗܳܐ ܨܒܳܐ ܕܢܶܗܘܶܐ ܫܰܕܰܪ ܠܰܒܪܶܗ ܘܠܰܒܫܶܗ ܕܢܶܬܶܠ ܠܶܗ ܪܶܓܬܶܗ
1,Nisibis,69,13,Nisibis 69:13,ܟܡܺܝܪ ܒܺܝܫܳܐ ܕܰܚܼܙܳܐ ܕܰܟܡܳܐ ܕܣܰܚܦܶܗ ܠܳܐܕܳܡ ܝܰܬܺܝܪ ܕܰܪܓܳܐ ܣܠܶܩ ܗ̱ܘܳܐ ܕܢܶܒܗܰܬ ܡܶܢ ܕܣܰܚܦܶܗ
1,Nisibis,69,14,Nisibis 69:14,ܠܦܰܓܪܳܐ ܚܕܳܝܗ̱ܝ ܒܢܰܦܫܳܐ ܠܢܰܦܫܳܐ ܦܰܢܳܗ̇ ܠܦܰܓܪܳܐ ܠܰܚܕ̈ܳܕܶܐ ܢܣܽܘܚܽܘܢ ܕܰܦܪܰܫܘ̱ ܘܰܦܢܰܘ ܘܶܐܬܡܰܙܰܓܘ̱
1,Nisibis,69,15,Nisibis 69:15,ܡܰܢܥܶܝܗ̇ ܠܢܰܦܫܳܐ ܘܬܶܥܽܘܠ ܠܳܗ̇ ܠܒܰܝܬܳܗ̇ ܢܶܫܬܶܝܢ ܡܰܫܟܢܳܗ̇ ܘܢܰܢܗܰܪ ܒܳܗ̇ ܫܪܳܓܶܗ
1,Nisibis,69,16,Nisibis 69:16,ܢܶܫܪܳܐ ܢܽܘܗܪܳܐ ܒܥܰܝ̈ܢܰܘܗ̱ܝ ܢܶܥܒܰܪ ܩܳܠܳܐ ܒܶܐܕ̈ܢܰܘܗ̱ܝ ܪ̈ܶܓܫܰܘܗ̱ܝ ܕܰܚܪܶܒܘ̱ ܐܳܦ ܨܳܕܘ̱ ܨܽܘܬܳܐ ܘܫܰܝܢܳܐ ܢܶܬܡܰܠܽܘܢ
1,Nisibis,69,17,Nisibis 69:17,ܣܰܝܒܽܘܬܳܐ ܣܢܺܝܬܳܐ ܥܠܰܝܗܽܘܢ ܠܳܐ ܡܕܺܝܩܳܐ ܐܳܦ ܠܳܐ ܟܺܐܒ̈ܶܐ ܘܚ̈ܰܫܶܐ ܕܰܫܠܰܚܘ̱ ܐܶܢܽܘܢ ܒܡܰܘܬܳܐ
1,Nisibis,69,18,Nisibis 69:18,ܥܶܠܬܳܐ ܗܽܘ ܓܶܝܪ ܚܕܰܬܳܐ ܗ̱ܘܳܐ ܡܰܘܬܳܐ ܠܡܺܝ̈ܬܶܐ ܕܰܚܫܳܐ ܒܶܗ ܫܠܚܝܢ ܘܒܶܗ ܫܽܘܒܚܳܐ ܠܳܒܫܺܝܢ
1,Nisibis,69,19,Nisibis 69:19,ܦܽܘܡܶܗ ܕܡܺܝܬܳܐ ܒܓܰܘ ܥܶܕܶܢ ܗܽܘ ܥܰܡ ܢܰܦܫܳܐ ܡܰܡܠܶܠ ܕܡܶܢ ܐܰܝܟܳܐ ܘܠܰܐܝܟܳܐ ܘܰܐܝܟܰܢ ܐܶܬܺܝܬ ܠܗܳܪܟܳܐ
1,Nisibis,69,20,Nisibis 69:20,ܨܳܒܰܥ ܠܶܗ ܠܦܰܓܪܳܐ ܢܽܘܗܪܳܐ ܕܬܰܡܳܢ ܒܓܰܘ̈ܢܰܘܗ̱ܝ ܗܳܘܶܐ ܚܳܙܶܐ ܩܢܽܘܡܶܗ ܕܰܐܝܟ ܙܰܠܺܝ̈ܩܶܐ ܡܥܰܛܰܦ
1,Nisibis,69,21,Nisibis 69:21,ܨܠܺܝܒ ܢܽܘܗܪܳܐ ܕܬܰܡܳܢ ܙܺܝܘܶܗ ܡܒܰܪܶܩ ܥܠܰܝܗܽܘܢ ܕܡܶܢ ܗܳܪܟܳܐ ܪܫܶܡܘ̱ ܗ̱ܘܰܘ ܐ̱ܪܳܙܶܗ ܪܰܒܳܐ ܥܠܰܝܗܽܘܢ
1,Nisibis,69,22,Nisibis 69:22,ܩܳܪܒܺܝܢ ܥܺܝܪ̈ܶܐ ܕܢܽܘܪܳܐ ܠܘܳܬ ܐ̱ܢܳܫܳܐ ܕܒܶܣܪܳܐ ܒܚܽܘܒܳܐ ܠܗܽܘܢ ܣܰܘܚܺܝܢ ܕܰܥܡܰܠܘ̱ ܘܰܐܢܺܝܚܘ̱ ܢܰܦܫܗܽܘܢ
1,Nisibis,69,23,Nisibis 69:23,ܩܳܪܒܺܝܢ ܥܺܝܪ̈ܶܐ ܠܡܰܬܢܳܐ ܠܙܰܕܺܝ̈ܩܶܐ ܪܳܗܛܗܽܘܢ ܢܶܨܚ̈ܳܢܰܝܗܽܘܢ ܡܕܰܟܪܺܝܢ ܒܕܺܝܠܗܽܘܢ ܠܗܽܘܢ ܡܰܘܪܒܺܝܢ
1,Nisibis,69,24,Nisibis 69:24,ܪܺܝܫܺܝܬܳܐ ܕܫܽܘܒܚܳܐ ܕܫܳܪܽܘܬܶܝܢ ܣܶܠܩܳܐ ܡܶܢ ܦܽܘܡ̈ܶܐ ܣܟܺܝܪ̈ܶܐ ܕܒܰܫܝܽܘܠ ܗܳܐ ܚܒܺܝܫܺܝܢ
1,Nisibis,69,25,Nisibis 69:25,ܫܡܰܥ ܡܰܘܬܳܐ ܨܰܠܰܠܬܳܐ ܨܰܠܳܐ ܐܶܕܢܶܗ ܒܕܶܚܠܳܐ ܢܦܰܠ ܒܶܗ ܪܬܺܝܬܳܐ ܕܰܫܪܶܝܘ ܡܺܝ̈ܬܶܐ ܠܡܳܪܬܳܡ
1,Nisibis,69,26,Nisibis 69:26,ܫܳܒܩܺܝܢ ܠܶܗ ܚܒܺܝܫ̈ܰܘܗ̱ܝ ܕܡܰܪܕܽܘ ܥܠܰܘܗ̱ܝ ܐܰܣܺܝܪ̈ܰܘܗ̱ܝ ܚܒܽܘܫܳܐ ܚܒܺܝܫܳܐ ܕܚܰܒܫܽܘܗ̱ܝ ܒܰܚܒܽܘܫܬܶܗ
1,Nisibis,69,27,Nisibis 69:27,ܬܰܘܕܺܝܬܳܐ ܥܰܡܟܽܘܢ ܢܰܫܘܶܝܢ ܡܳܪܰܢ ܕܢܰܣܶܩ ܐܰܘ ܟܺܐܢ̈ܶܐ ܒܪ̈ܺܝܟܶܐ ܕܠܳܐ ܓܳܐܶܙ ܩܳܠܗܽܘܢ
1,Nisibis,69,28,Nisibis 69:28,ܬܰܘܕܺܝ ܠܡܰܢ ܕܡܰܪܕܶܐ ܢܶܒܥܶܐ ܒܦܽܘܡܳܐ ܣܟܺܝܪܳܐ ܕܢܶܬܶܠ ܫܽܘܒܚܳܐ ܐܰܡܺܝܢܳܐ ܒܰܒܪܳܐ ܠܰܐܒܳܐ ܣܓܺܝܕܳܐ
1,Nisibis,70,1,Nisibis 70:1,ܐܳܘ ܡܳܐ ܡܰܪܺܝܪ ܐܰܚ̈ܰܝ ܟܣܶܐ ܗܳܢܳܐ ܕܡܰܘܬܳܐ ܕܡܰܪܘܶܐ ܐܳܦ ܠܢܰܟ̈ܦܶܐ ܕܢܶܫܬܰܢܽܘܢ ܒܕܶܡ̈ܥܶܐ
1,Nisibis,70,2,Nisibis 70:2,ܒܥܽܘܢܕܳܢܶܗ ܕܡܺܝܬܳܐ ܐܳܦ ܝܰܩܺܝܪܳܐ ܡܙܰܕܟܳܐ ܕܢܶܙܕܰܠܰܠ ܘܢܰܝܠܶܠ ܥܰܠ ܚܰܒܺܝܒܶܗ ܕܰܦܪܰܫ
1,Nisibis,70,3,Nisibis 70:3,ܓܳܥܶܐ ܗܽܘ ܓܶܝܪ ܒܚܽܘܒܶܗ ܗܰܕܳܡܳܐ ܕܦܳܐܶܫ ܥܰܠ ܒܰܪ ܙܰܘܓܶܗ ܕܶܐܬܦܣܶܩ ܘܰܐܘܦܺܝ ܥܝܳܕܶܗ ܘܨܽܘܬܶܗ
1,Nisibis,70,4,Nisibis 70:4,ܕܠܺܝ̈ܠܰܐ ܗ̱ܘ ܕܕܳܡܶܝܢ ܠܰܐܒܪܳܗܳܡ ܕܥܳܙܺܝ ܕܢܶܬܶܠ ܦܺܐܪܳܐ ܕܪ̈ܰܚܡܰܘܗ̱ܝ ܡܶܛܽܠ ܡܳܪܶܗ ܠܡܰܘܬܳܐ
1,Nisibis,70,5,Nisibis 70:5,ܗܳܢܰܘ ܥܳܡܽܘܕܝ̱ ܫܪܳܪܳܐ ܕܰܛܥܶܢ ܝܽܘܩܪܳܐ ܒܥܰܡܳܐ ܕܓܰܠܳـ̈ܠܶܐ ܕܚܰܫ̈ܶܐ ܛܰܪܘ̱ ܒܶܗ ܘܠܳܐ ܐܶܙܕܰܥܙܰܥ ܫܪܳܪܶܗ
1,Nisibis,70,6,Nisibis 70:6,ܗܳܐ ܦܳܠܚܳܐ ܕܟܰܕ ܚܙܳܐ ܦܺܐܪܳܐ ܒܣܰܬܶܗ ܥܩܰܪܬܳܐ ܣܓܽܘܠܳܐ ܕܰܗܘܳܐ ܠܢܽܘܓܪܳܐ ܐܰܝܟ ܪܺܝܫܺܝܬܳܐ ܩܰܪܒܶܗ
1,Nisibis,70,7,Nisibis 70:7,ܘܰܕܢܶܦܬܰܚ ܬܽܘܒ ܬܡܺܝܗܳܐ ܗ̱ܝ ܦܳܠܚܳܐ ܕܩܰܛܦܳܗ̇ ܠܛܽܘܛܺܝܬܳܐ ܕܰܒܥܶܠܰܬ ܠܡܳܪܶܐ ܟܰܪܡܳܐ ܩܰܪܒܳܗ̇ ܀܀܀
1,Nisibis,70,8,Nisibis 70:8,ܙܟܳܐ ܩܰܪܒܶܗ ܠܪ̈ܳܚܡܰܘܗ̱ܝ ܘܰܥܼܨܳܐ ܚܽܘܒܶܗ ܘܰܐܣܩܳܗ̇ ܘܠܳܐ ܐܶܫܬܰܢܺܝ ܒܚܰܫܶܗ ܕܗܰܝܡܳܢܽܘܬܶܗ ܣܡܰܟܬܶܗ
1,Nisibis,70,9,Nisibis 70:9,ܚܰܡܪܶܗ ܓܶܝܪ ܕܡܰܘܬܳܐ ܬܶܛܪܶܐ ܗ̱ܘ ܕܰܕܠܺܝܚ ܒܚܰܫܳܐ ܒܕܶܡ̈ܥܶܐ ܡܰܪܘܶܐ ܚܰܪ̈ܺܝܦܰܘܗ̱ܝ ܘܠܰܙܡ̈ܺܝܢܰܘܗ̱ܝ ܒܒܶܟܝܳܐ
1,Nisibis,70,10,Nisibis 70:10,ܛܳܒ ܗܳܟܺܝܠ ܡܒܰܝܰܐ ܛܽܘܦܣܶܗ ܪܰܒܳܐ ܕܢܶܦܬܰܚ ܕܰܒܣܰܝܦܳܐ ܩܰܪܒܳܗ̇ ܣܺܝܡܰܬ ܚܰܝ̈ܶܐ ܠܡܳܪܳܗ̇
1,Nisibis,70,11,Nisibis 70:11,ܝܰܡܺܝܢܶܗ ܦܫܰܛ ܗ̱ܘܳܐ ܢܶܦܬܰܚ ܘܰܐܣܶܩ ܕܶܒܚܬܳܐ ܝܰܘܢܳܐ ܚܙܳܬܶܗ ܕܰܐܟܪܺܝ ܘܰܠܒܳܒܬܶܗ ܒܩܳܠܳܗ̇
1,Nisibis,70,12,Nisibis 70:12,ܝܳܐܶܐ ܗ̱ܘܳܐ ܟܳܗܢܳܐ ܕܟܳܗܶܢ ܒܰܕܡܳܐ ܕܡܶܢܶܗ ܕܢܶܗܘܶܐ ܛܽܘܦܣܳܐ ܠܡܳܪܶܗ ܕܟܳܗܶܢ ܒܰܕܡܳܐ ܕܢܰܦܫܶܗ
1,Nisibis,70,13,Nisibis 70:13,ܟܽܠ ܡܰܢ ܕܰܪܘܳܐ ܒܚܽܘܒܳܐ ܘܰܙܟܳܐ ܒܪܶܚܡܰܬ ܫܪܳܪܳܐ ܐܰܝܟ ܕܰܒܚܶܠܡܰܐ ܗ̱ܘ ܚܳܙܶܐ ܠܚܰܒܺܝܒܶܗ ܕܰܥܢܰܕ
1,Nisibis,70,14,Nisibis 70:14,܀܀܀ ܠܚܰܒܪܶܗ ܓܶܝܪ ܒܚܶܠܡܶܗ ܓܕܰܫ ܚܳܙܶܐ ܕܡܳܐܶܬ ܘܐܶܬܳܐ ܨܰܦܪܳܐ ܘܒܰܝܐܶܗ ܡܶܢ ܟܰܪܝܽܘܬܶܗ ܕܚܶܠܡܳܐ
1,Nisibis,70,15,Nisibis 70:15,ܡܳܐ ܕܳܡܶܐ ܠܶܗ ܥܰܢܺܝܕܳܐ ܠܗܰܘ ܕܰܡܟܳܐ ܫܟܺܝܒܳܐ ܘܕܳܡܶܐ ܡܰܘܬܳܐ ܠܚܶܠܡܳܐ ܐܳܦ ܢܽܘܚܳܡܳܐ ܠܨܰܦܪܳܐ
1,Nisibis,70,16,Nisibis 70:16,ܢܶܕܢܰܚ ܒܰܢ ܫܪܳܪܳܐ ܒܰܕܡܽܘܬ ܢܽܘܗܪܳܐ ܒܥܰܝܢܳܐ ܘܗܳܐ ܚܙܰܝܢܳܝܗ̱ܝ ܠܡܰܘܬܳܐ ܕܰܐܝܟ ܣܽܘܪܳܕܰܐ ܗ̱ܘ ܕܚܶܠܡܳܐ
1,Nisibis,70,17,Nisibis 70:17,ܣܟܼܰܠ ܓܶܝܪ ܐܰܝܢܳܐ ܕܚܳܙܶܐ ܫܶܢܬܳܐ ܕܠܰܝܬܶܝܗ̇ ܠܨܰܦܪܳܐ ܘܰܢܣܰܒܰܪ ܥܠܰܘܗ̱ܝ ܕܡܰܘܬܳܐ ܕܫܶܢܬܳܐ ܠܥܳܠܰܡ ܬܩܰܘܶܐ
1,Nisibis,70,18,Nisibis 70:18,ܥܰܝܢܳܐ ܕܣܰܒܪܳܐ ܐܶܢ ܩܳܢܶܐ ܡܨܶܐ ܚܙܳܐ ܠܳܗ̇ ܒܟܰܣܝܳܐ ܠܗܳܝ ܫܶܢܬܶܗ ܕܡܰܘܬܳܐ ܕܰܒܗܰܘ ܨܰܦܪܳܐ ܒܶܛܠܳܐ
1,Nisibis,70,19,Nisibis 70:19,ܦܪܰܚ ܪܺܝܚܶܗ ܬܡܺܝܗܳܐ ܕܗܰܘ ܓܰܙܳܐ ܕܚܰܝ̈ܶܐ ܒܦܰܓܪܳܐ ܒܰܝܬܳܗ̇ ܕܢܰܦܫܳܐ ܕܢܶܦܩܰܬ ܡܶܢܶܗ ܘܶܐܬܢܕܶܕ
1,Nisibis,70,20,Nisibis 70:20,ܨܶܒ̈ܬܰܘܗ̱ܝ ܣܰܓܺܝ̈ܐܺܝܢ ܘܫܽܘܦܪ̈ܰܘܗ̱ܝ ܀܀܀ ܕܗܰܝܟܰܠ ܚܽܘܒܰܐ ܗ̱ܘ ܕܪܽܘܚܳܐ ܡܶܫܬܰܝܰܢ ܕܰܨܕܳܐ ܘܰܗܘܳܐ ܡܰܫܟܶܢ ܫܠܳܡܳܐ
1,Nisibis,70,21,Nisibis 70:21,ܩܳܠ ܫܺܝܦܽܘܪܳܐ ܡܰܝܒܶܒ ܠܟܶܢ̈ܫܶܐ ܫ̈ܠܰܝܳܐ ܕܩܽܘܡܘ̱ ܙܰܡܰܪܘ̱ ܘܫܰܒܰܚܘ̱ ܩܕܳܡ ܚܰܬܢܳܐ ܒܩܳܠܳܐ
1,Nisibis,70,22,Nisibis 70:22,ܪܰܘܒܳܐ ܗ̱ܘܳܐ ܒܦܽܘܡ̈ܶܐ ܕܡܶܬܦܰܬܚܺܝܢ ܩܰܒܪ̈ܶܐ ܚܰܕ ܠܚܰܕ ܠܥܶܙ ܒܡ̈ܰܢܰܘܗ̱ܝ ܫܽܘܒܚܳܐ ܝܰܗ̱ܒ ܒܩ̈ܳܠܰܘܗ̱ܝ
1,Nisibis,70,23,Nisibis 70:23,ܫܽܘܒܚܳܐ ܠܳܟ ܕܰܐܘܪܶܒܬ ܠܳܐܕܳܡ ܟܰܕ ܕܟܶܐ ܗ̱ܘܳܐ ܠܳܟ ܫܽܘܒܚܳܐ ܕܒܰܫܝܽܘܠ ܡܰܟܶܟܬܳܝܗ̱ܝ ܕܶܐܬܬܪܺܝܡ
1,Nisibis,70,24,Nisibis 70:24,ܬܰܘܕܺܝ ܠܡܰܢ ܕܡܰܟܶܟ ܘܬܰܘܕܺܝ ܠܡܰܢ ܕܢܰܚܶܡ ܘܳܐܦ ܟܶܢܳܪܝ̱ ܢܫܰܒܰܚ ܒܢܽܘܚܳܡܶܗ ܠܡܳܪܶܗ
1,Nisibis,71,1,Nisibis 71:1,ܪܽܘܚܳܐ ܒܕܰܘܺܝܕ ܐܶܡܪܰܬ ܗ̱ܘܳܬ ܕܶܐܦܪܽܘܥ ܐܶܢܽܘܢ ܥܰܒܕ̈ܰܝܗܽܘܢ ܠܡܽܘܫܶܐ ܘܠܰܐܗܪܽܘܢ ܘܠܰܫܡܽܘܐܶܝܠ ܠܶܐ ܐܶܡܪܰܬ ܕܦܶܪܥܰܬ ܐܶܢܽܘܢ ܀܀܀ ܐܶܠܳܐ ܗܳܝ ܕܶܐܦܪܽܘܥ ܐܶܢܽܘܢ ܒܪܺܝܟ ܗ̱ܽܘ ܕܰܒܩܰܠܺܝܠ ܐܶܕܢܰܚ ܬܶܫܒܽܘܚܬܳܐ ܕܢܽܘܚܳܡܰܝ̈ܗܽܘܢ ܨܳܪ ܗ̱ܘܳܐ ܐ̱ܪܳܙܳܐ ܕܚܰܝܰܬ ܡܺܝ̈ܬܶܐ
1,Nisibis,71,2,Nisibis 71:2,ܢܽܘܚ ܘܺܐܝܽܘܒ ܘܕܳܢܺܝܐܶܝܠ ܚܰܘܺܝ ܢܒܺܝܳܐ ܕܚܰܝ̈ܺܝܢ ܐܶܢܽܘܢ ܐܶܢ ܡܶܣܬܰܟܰܠ ܫܳܡܽܘܥܳܐ ܐܶܢ ܙܰܕܺܝ̈ܩܶܐ ܐܺܝܬܰܝܗܽܘܢ ܘܢܰܦܫ̈ܳܬܗܽܘܢ ܡܨܶܝܢ ܕܰܢܦܰܨܽܘܢ ܐܳܦ ܡܶܢ ܡܰܘܬܳܐ ܡܶܬܦܰܪܩܺܝܢ ܘܡܶܢܳܗ̇ ܕܰܫܝܽܘܠ ܡܶܬܦܰܨܶܝܢ
1,Nisibis,71,3,Nisibis 71:3,ܡܳܢܳܐ ܓܶܝܪ ܬܰܘܬܰܪ ܐܶܢܽܘܢ ܙܰܕܺܝܩܽܘܬܗܽܘܢ ܠܰܪ̈ܕܺܝܦܶܐ ܐܶܢܗܽܘ ܕܡܺܝ̈ܬܶܐ ܠܳܐ ܚܳܐܶܝܢ ܕܣܰܟܠܳܐ ܗ̱ܝ ܗܳܕܶܐ ܕܢܶܬܩܰܛܠܽܘܢ ܚܠܳܦ ܐܰܠܳܗܳܐ ܕܠܳܐ ܡܰܚܶܐ ܘܰܕܛܳܠܶܡ ܟܺܐܢܳܐ ܚܽܘܒ̈ܠܰܝܗܽܘܢ ܘܰܗܘܰܘ ܒܰܫܝܽܘܠ ܐܰܝܟ ܟܽܠ ܐ̱ܢܳܫ
1,Nisibis,71,4,Nisibis 71:4,ܐܶܢ ܢܩܽܘܡ ܡܽܘܫܶܐ ܘܰܫܡܽܘܐܶܝܠ ܒܗܳܕܶܐ ܚܰܘܺܝ ܕܚܰܝ̈ܺܝܢ ܐܶܢܽܘܢ ܐܰܝܟ ܣܽܘܟܳܠܶܗ ܕܩܶܪܝܳܢܳܐ ܘܡܳܢܳܐ ܠܳܐܶܐ ܒܚ̈ܰܛܳܝܶܐ ܐܶܢ ܙܰܕܺܝ̈ܩܶܐ ܠܳܐ ܚܰܝܺܝܢ ܘܡܳܢܳܐ ܠܳܐܶܐ ܒܰܣܪ̈ܺܝܚܶܐ ܐܶܢ ܢܰܟܦܳܐ ܠܳܐ ܡܶܬܢܰܚܰܡ
1,Nisibis,71,5,Nisibis 71:5,ܚܢܽܘܟ ܚܝܳܐ ܡܶܛܽܠ ܐܳܕܳܡ ܕܠܳܐ ܢܶܦܣܽܘܩ ܣܰܒܪܶܗ ܕܫܰܡܰܥ ܕܡܶܢ ܥܰܦܪܳܐ ܐܰܢ̱ܬ ܘܠܶܗ ܬܶܗܦܽܘܟ ܘܕܰܢܚܰܘܶܐ ܕܰܡܨܶܐ ܗܽܘ ܦܰܓܪܳܐ ܕܢܺܚܶܐ ܠܥܳܠܰܡ ܥܰܡ ܢܰܦܫܳܐ ܒܪܺܝܟ ܗ̱ܽܘ ܕܒܰܚܢܽܘܟ ܐܰܣܓܺܝ ܠܶܗ ܒܽܘܝܳܐܳܐ ܠܰܐܒܽܘܢ ܐܳܕܳܡ
1,Nisibis,71,6,Nisibis 71:6,ܠܶܐܠܺܝܳܐ ܦܪܰܥ ܒܰܫܡܰܝܳܐ ܕܠܳܐ ܢܣܰܒܰܪ ܥܰܡܳܐ ܝܰܥܢܳܐ ܕܒܰܐܪܥܰܐ ܗ̱ܘ ܒܰܠܚܽܘܕ ܦܽܘܪܥܳܢܳܐ ܠܶܐܪܰܡܝܳܐ ܒܓܽܘܒܳܐ ܛܰܠܡܶܗ ܕܢܶܪܢܽܘܢ ܕܰܐܝܟܳܐ ܦܳܪܰܥ ܠܶܗ ܕܰܘܶܕ ܐܶܢܽܘܢ ܕܰܢܩܽܘܡܽܘܢ ܥܰܠ ܦܽܘܪܥܳܢܳܐ ܫܰܪܺܝܪܳܐ
1,Nisibis,71,7,Nisibis 71:7,ܐܶܢ ܢܽܘܚܳܡܳܐ ܠܳܐ ܗܳܘܶܐ ܕܡܶܗ ܕܗܳܒܶܝܠ ܡܳܢܳܐ ܐܰܘܬܰܪ ܕܥܰܠ ܩܳܛܽܘܠܶܗ ܓܳܥܶܐ ܗ̱ܘܳܐ ܩܽܘܪܒܳܢܳܐ ܕܩܰܪܶܒ ܩܰܛܠܶܗ ܕܰܬܫܰܥܡܳܐܐ ܫܢܺܝ̈ܢ ܚܳܝܶܐ ܗ̱ܘܳܐ ܐܶܢ ܚ̈ܰܝܶܐ ܚ̈ܕܰܬܳܐ ܠܳܐ ܐܺܝܬ ܠܡܳܢܳܐ ܐܰܘܒܶܕ ܩܰܪ̈ܺܝܒܶܐ
1,Nisibis,71,8,Nisibis 71:8,ܠܡܰܘܬܳܐ ܝܰܥܢܳܐ ܠܳܐ ܝܰܗ̱ܒ ܠܶܗ ܡܺܝܬܳܐ ܚܰܛܳܝܳܐ ܠܽܘܩܕܰܡ ܕܠܳܐ ܢܟܽܘܡ ܥܠܰܘܗ̱ܝ ܟܺܐܢܳܐܺܝܬ ܒܰܠܥܶܗ ܠܟܺܐܢܳܐ ܫܳܪܽܘܝܳܐ ܕܢܶܓܥܰܡ ܒܶܗ ܢܽܘܚܳܡܳܐ ܕܡܳܐ ܕܕܳܐܶܠ ܟܺܐܢܳܐ ܩܰܕܡܳܐ ܡܰܘܬܳܐ ܡܶܢ ܟܽܠ ܢܶܣܬܰܦܰܩ
1,Nisibis,71,9,Nisibis 71:9,ܒܪܺܝܟ ܗ̱ܽܘ ܕܝܰܗ̱ܒ ܠܳܗ̇ ܠܰܐܬܳܢܳܐ ܡܶܠܬܳܐ ܓܠܺܝܬܳܐ ܐܰܝܟ ܙܶܩܬܳܐ ܕܬܶܡܚܶܐ ܠܡܳܪܳܗ̇ ܥܰܠ ܕܰܡܚܳܗ̇ ܀܀܀ ܟܽܘܕܰܢܝܳܐ ܣܰܟܠܳܐ ܕܰܚܙܳܐ ܟܰܪܝܳܐ ܕܟܶܣܦܳܐ ܘܶܐܫܬܺܝܚܳܢ ܠܳܐ ܢܶܬܕܰܡܶܐ ܠܰܒܥܺܝܪܳܐ ܘܢܶܦܣܽܘܩ ܣܰܒܪܳܐ ܕܢܽܘܚܳܡܰܢ
1,Nisibis,71,10,Nisibis 71:10,ܐܰܚ̈ܶܐ ܫܰܒܥܳܐ ܕܶܐܬܢܰܟܰܣܘ̱ ܐܰܝܟ ܐܶܡܪ̈ܶܐ ܒܶܝܬ ܛܰܒ̈ܳܚܶܐ ܐܰܝܟܳܐ ܢܶܒܥܽܘܢ ܚܰܝ̈ܰܝܗܽܘܢ ܥܰܠ ܐܰܝܕܳܐ ܬܰܢܘܰܝ ܐܰܣܠܺܝܘ ܐܳܦ ܕܳܫ̈ܢܶܐ ܐܳܦ ܫܽܘ̈ܘܕܳܝܶܐ ܒܪܺܝܟ ܕܒܰܪܬܳܐ ܝܳܗܶܒ ܠܳܗ̇ ܠܰܫܡܽܘܢܺܝ ܟܠܺܝܠܳܐ ܕܰܒܢܶܝ̈ܗ̇
1,Nisibis,71,11,Nisibis 71:11,ܐܶܢ ܢܒܰܝܰܐ ܣܳܒܳܐ ܗܰܝܡܶܢ ܕܒܶܝܬ ܓܰܪ̈ܡܶܐ ܠܓܰܪ̈ܡܶܐ ܦܳܪܶܫ ܝܽܘܫܺܝܳܐ ܐܰܝܟ ܕܰܝܳܢܳܐ ܗܳܐ ܐ̱ܪܙܳܐ ܪܰܒܳܐ ܐܰܚ̈ܰܝ ܕܳܐܬܶܐ ܡܳܪܰܢ ܘܰܡܢܰܚܶܡ ܘܰܡܦܰܪܶܫ ܣܽܘܥܪ̈ܳܢܰܝܗܽܘܢ ܕܥܰܢܺܝ̈ܕܶܐ ܥܰܡ ܓܰܪ̈ܡܰܝܗܽܘܢ
1,Nisibis,71,12,Nisibis 71:12,ܐܶܢ ܢܽܘܚܳܡܳܐ ܠܳܐ ܗܳܘܶܐ ܡܳܢܳܐ ܐܰܘܬܰܪ ܝܽܘܫܺܝܳܐ ܕܝܰܩܰܪ ܓܰܪ̈ܡܰܘܗ̱ܝ ܕܰܢܒܺܝܳܐ ܬܰܒܪܶܗ ܐܰܪܝܳܐ ܟܰܕ ܡܰܪܓܶܫ ܘܶܐܬܝܰܩܰܪ ܟܰܕ ܠܳܐ ܡܰܪܓܶܫ ܓܰܪ̈ܡܶܐ ܢܛܺܝܪ̈ܶܐ ܕܰܢܒܺܝܳܐ ܒܐ̱ܪܳܙ ܐܰܟܪܶܙܘ̱ ܥܰܠ ܢܽܘܚܳܡܳܐ
1,Nisibis,71,13,Nisibis 71:13,ܐܰܪܝܳܐ ܕܩܰܛܠܶܗ ܗ̱ܘܳܐ ܠܰܢܒܺܝܳܐ ܠܳܐ ܩܰܛܠܳܗ̇ ܗ̱ܘܳܐ ܠܰܐܬܳܢܳܐ ܕܠܰܘ ܦܽܘܩܕܳܢܳܐ ܫܛܳܬ ܗ̱ܘܳܬ ܒܗܳܝ ܐܰܬܳܢܳܐ ܕܶܐܬܢܰܛܪܰܬ ܀܀܀ ܬܺܐܠܰܦ ܚܰܘܳܐ ܕܶܐܬܩܰܛܠܰܬ ܕܦܽܘܩܕܳܢܳܐ ܕܫܳܛܰܬ ܩܰܛܠܳܗ̇ ܠܳܐ ܓܶܝܪ ܥܽܘܠ ܕܰܝܳܢܳܐ
1,Nisibis,71,14,Nisibis 71:14,ܗܰܘ ܕܰܐܦܶܣ ܠܰܐܪܝܳܐ ܝܰܥܢܳܐ ܘܬܰܒܪܶܗ ܠܰܢܒܺܝܳܐ ܟܰܦܢܳܐ ܕܒܡܟܽܘܠܬܳܐ ܐܶܫܬܕܶܠ ܦܩܰܕ ܠܶܗ ܠܡܰܘܬܳܐ ܕܶܐܬܟܦܶܢ ܘܒܰܠܥܶܗ ܠܳܐܕܳܡ ܕܐܶܬܝܰܥܰܢ ܡܰܘܬܳܐ ܘܰܐܪܝܳܐ ܡܶܬܒܰܛܰܠ ܢܒܺܝܳܐ ܘܳܐܕܳܡ ܡܶܬܢܰܚܰܡ
1,Nisibis,71,15,Nisibis 71:15,ܘܶܐܢ ܗܰܘ ܚܰܪܫܳܐ ܕܠܳܐ ܐܶܕ̈ܢܶܐ ܡܰܕܒܚܳܐ ܕܰܥܒܰܕ ܝܽܘܪܒܳܥܳܡ ܫܡܰܥ ܗ̱ܘܳܐ ܩܳܠܶܗ ܕܰܢܒܺܝܳܐ ܨܪܳܐ ܥܽܘܒܶܗ ܘܶܐܫܰܕ ܩܰܛܡܳܐ ܒܐ̱ܪܳܙܶܗ ܩܰܒܪ̈ܶܐ ܡܶܨܛܰܪ̈ܝܳܢ ܕܶܐܢ ܟܺܐܦ̈ܶܐ ܫܡܰܥ ܠܰܢܒܺܝܳܐ ܫܳܡܥܺܝܢ ܠܶܗ ܓܰܪ̈ܡܶܐ ܠܰܒܪܳܐ
1,Nisibis,71,16,Nisibis 71:16,ܗܳܐ ܐ̱ܪܳܙܳܐ ܒܢܽܘܢܳܐ ܐܰܚ̈ܰܝ ܕܚܰܝ ܗ̱ܘܳܐ ܝܰܘܢܳܢ ܠܰܐܠܳܗܳܐ ܟܰܕ ܡܺܝܬ ܗ̱ܘܳܐ ܠܰܒ̈ܢܰܝ ܐ̱ܢܳܫܳܐ ܐܳܦ ܡ̈ܺܝܬܶܐ ܠܰܢ ܡܳܝܬܺܝܢ ܐܶܢܽܘܢ ܟܰܕ ܚܰܝܺܝܢ ܠܰܐܠܳܗܽܘܬܳܐ ܘܚܰܒܺܝܒܰܢ ܕܰܥܡܰܕ ܒܰܫܝܽܘܠ ܐܰܝܟ ܝܰܘܢܳܢ ܢܒܰܓ ܡܶܢܳܗ̇
1,Nisibis,71,17,Nisibis 71:17,ܢܦܰܠ ܚܰܝܳܐ ܒܝܰܡܳܐ ܡܺܝܬܳܐ ܘܡܰܠܳܠܳܐ ܒܓܽܘܒܳܐ ܚܬܺܝܡܳܐ ܘܰܦܟܺܝܪ̈ܶܐ ܒܢܽܘܪܳܐ ܫܪܺܝܬܳܐ ܝܰܡܳܐ ܘܓܽܘܒܳܐ ܘܰܐܬܽܘܢܳܐ ܥܶܪ̈ܒܶܐ ܠܡ̈ܺܝܬܶܐ ܗܳܘܶܝܢ ܕܗܳܟܰܢ ܥܳܢܶܝܢ ܡܶܢ ܟܽܠ ܕܽܘܟ ܡܳܐ ܕܩܳܪܶܐ ܠܰܢ ܢܽܘܚܳܡܳܐ
1,Nisibis,71,18,Nisibis 71:18,ܒܰܝܰܐܢ ܓܽܘܒܶܗ ܕܰܪܓܺܝܓܳܐ ܕܰܚܠܳܦ ܚܰܕ ܡܰܘܬܳܐ ܝܰܥܢܳܐ ܦܽܘܡ̈ܶܐ ܟ̈ܰܦܢܶܐ ܐܶܬܟܰܪܟܽܘܗ̱ܝ ܐܶܬܦܰܬܰܚ ܓܽܘܒܳܐ ܐܰܝܟ ܩܰܒܪ̈ܶܐ ܘܚܳܒ ܚܰܝ̈ܘܳܬܳܐ ܐܰܝܟ ܡܰܘܬܳܐ ܘܰܣܠܶܩ ܐܰܟܪܶܙ ܢܰܨܺܝܚܳܐ ܚܰܝܰܬ ܡܺܝ̈ܬܶܐ ܠܰܩܒܺܝܪ̈ܶܐ
1,Nisibis,72,1,Nisibis 72:1,ܫܡܰܥܘ̱ ܘܶܐܬܒܰܝܰܐܘ̱ ܡܳܝ̈ܽܘܬܳܐ ܕܰܗܘܳܐ ܢܽܘܢܳܐ ܪܰܒ ܒܰܝܬܳܐ ܢܣܰܒ ܘܰܢܛܰܪ ܘܰܦܢܺܝ ܘܝܰܗ̱ܒ ܗܳܟܰܢ ܝܳܗܶܒ ܚܽܘܫܒܳܢܳܐ ܡܰܘܬܳܐ ܪܰܒ ܒܰܝܬܳܐ ܕܰܫܝܽܘܠ ܕܟܰܕ ܐܰܚܺܝ ܡܳܪܰܢ ܡܺܝ̈ܬܶܐ ܐܳܦ ܬܶܡܪ̈ܶܐ ܕܥ̈ܰܝܢܶܐ ܬܰܒܥܶܗ ܥܺܘܢܺܝܬܳܐ: ܠܳܟ ܬܶܫܒܽܘܚܬܳܐ ܡܰܠܟܳܐ ܡܫܺܝܚܳܐ ܡܢܳܕ ܕܰܡ̈ܟܶܐ ܒܩܳܠ ܫܽܝܦܽܘܪܶܗ
1,Nisibis,72,2,Nisibis 72:2,ܐܶܢܗܽܘ ܕܨܳܦܽܘܪܳܐ ܓܶܙܪܰܬ ܒܰܓܙܽܘܪܬܳܐ ܕܙܰܒܢܳܐ ܠܰܒܪܳܗ̇ ܘܰܒܛܶܠ ܡܰܘܬܳܐ ܒܰܓܙܽܘܪܬܳܐ ܟܡܳܐ ܝܰܬܺܝܪ ܒܛܶܠ ܡܰܘܬܳܐ ܒܡܰܥܡܽܘܕܺܝܬܳܐ ܕܰܫܪܳܪܳܐ ܕܰܐܝܢܳܐ ܕܰܥܡܰܕ ܒܰܡܫܺܝܚܳܐ ܠܰܒܫܶܗ ܠܚܰܝܳܐ ܡܰܚܶܐ ܟܽܠ
1,Nisibis,72,3,Nisibis 72:3,܀܀܀ ܐܰܝܟܰܢ ܛܳܠܶܡ ܐܰܠܳܗܳܐ ܠܰܐܒܪܳܗܳܡ ܒܳܬܰܪ ܡܰܘܬܶܗ ܐܰܘ ܚܽܘܒܶܗ ܐܰܘ ܙܶܕܩ̈ܳܬܶܗ ܘܰܐܝܟܰܢ ܛܳܠܶܡ ܠܶܗ ܠܺܐܝܣܚܳܩ ܦܰܟܪ̈ܶܐ ܕܺܐܝܕ̈ܰܘܗ̱ܝ ܘܰܕܪ̈ܶܓܠܰܘܗ̱ܝ ܘܣܰܟܺܝܢܳܐ ܕܰܚܙܳܬ ܥܰܝܢܶܗ ܕܰܥܠܰܘܗ̱ܝ ܡܶܢ ܫܶܠܝ̱ ܐܶܫܬܰܡܛܰܬ
1,Nisibis,72,4,Nisibis 72:4,ܐܰܝܟܰܢ ܛܳܠܶܡ ܠܰܢܒ̈ܺܝܶܐ ܕܰܐܝܟ ܐܶܡܪ̈ܶܐ ܓܙܳܪ̈ܺܝܢ ܓܙܳܪ̈ܺܝܢ ܐܶܬܚܰܪܰܫܘ̱ ܒܰܛܝܳܪ̈ܰܝܗܽܘܢ ܕܺܐܝܙܒܶܠ ܕܐܒܬܐ ܕܰܢܒ̈ܺܝܶܐ ܚܶܪܫܰܬ ܐܶܢܽܘܢ ܠܰܢܒ̈ܺܝܶܐ ܘܡܳܐܐ ܢܒܺܝܺܝ̈ܢ ܕܶܐܬܦܰܠܰܛܘ̱ ܒܟܰܦܢܳܐ ܘܨܰܗܝܳܐ ܐܶܫܬܰܢܰܩܘ̱
1,Nisibis,72,5,Nisibis 72:5,ܐܳܦ ܠܠܽܘܛ ܐܰܝܟܰܢ ܛܳܠܶܡ ܕܬܰܪ̈ܬܰܝܗܶܝܢ ܒ̈ܢܳܬܶܗ ܝܰܗ̱ܒ ܗ̱ܘܳܐ ܚܠܳܦ ܩܰܕܺܝ̈ܫܶܐ ܕܥܰܠܘ̱ ܨܶܐܕܰܘܗ̱ܝ ܡܶܢ ܦܽܘܡܳܐ ܕܢܽܘܪܳܐ ܦܰܪܩܶܗ ܘܰܒܦܽܘܡܳܐ ܕܰܫܝܽܘܠ ܫܕܳܝܗ̱ܝ ܘܡܳܢܳܐ ܡܰܘܬܰܪ ܦܽܘܨܳܝܳܐ ܐܶܢ ܢܽܘܚܳܡܳܐ ܠܳܐ ܗܳܘܶܐ
1,Nisibis,72,6,Nisibis 72:6,ܗܳܐ ܚܙܺܝ ܥܰܘ̈ܳܠܶܐ ܕܰܚܢܺܝܩܺܝܢ ܘܰܢܒܺܝ̈ܶܐ ܬܽܘܒ ܕܰܢܟܺܝܣܺܝܢ ܘܰܒ̈ܢܰܝ ܐܺܝܽܘܒ ܕܰܛܡܺܝܪ̈ܺܝܢ ܘܰܐܚ̈ܶܐ ܫܰܒܥܳܐ ܕܰܢܫܺܝܛܺܝܢ ܥܰܡ ܣܰܓܺܝ̈ܐܶܐ ܕܰܪܓܺܝܡܺܝܢ ܐܰܝܟܰܢ ܛܠܶܡ ܐܰܠܳܗܳܐ ܗܳܠܶܝܢ ܟܽܠܗܽܘܢ ܢܶܨ̈ܚܳܢܶܐ
1,Nisibis,72,7,Nisibis 72:7,ܘܰܐܢ̱ܬ ܕܽܘܢ ܒܢܰܦܫܳܟ ܕܰܐܝܟܰܢܳܐ ܡܨܰܠܶܐ ܦܽܘܡܳܟ ܠܰܐܠܳܗܳܐ ܕܦܳܪܽܘܥܰܐ ܗ̱ܘ ܐܰܘ ܛܳܠܽܘܡܰܐ ܗ̱ܘ ܐܶܢ ܛܳܠܽܘܡܰܐ ܗ̱ܘ ܠܳܐ ܬܳܠܐܶܐ ܘܶܐܢ ܦܳܪܽܘܥܰܐ ܗ̱ܘ ܠܳܐ ܬܶܫܠܶܐ ܐܰܓܪܳܐ ܬܳܒܰܥ ܕܰܐܓܺܝܪܳܐ ܘܛܳܠܶܡ ܐܰܓܪܳܐ ܕܰܨܠܽܘܬܳܐ
1,Nisibis,72,8,Nisibis 72:8,ܘܶܐܢ ܗܳܪܟܳܐ ܠܚܽܘܕ ܦܳܪܰܥ ܠܳܟ ܚܰܪܬܳܐ ܒܺܝܫܬܳܐ ܛܰܝܶܒ ܠܳܟ ܕܢܽܘܚܳܡܳܐ ܠܳܐ ܥܳܒܶܕ ܠܳܟ ܐܳܦ ܠܳܐ ܗܳܪܟܳܐ ܦܳܪܰܥ ܠܳܟ ܕܟܽܠܶܗ ܥܽܘܡܪܳܟ ܬܽܘܢܳܢܰܐ ܗ̱ܘ ܘܠܳܐ ܗܳܘܶܐ ܡܶܕܶܡ ܝܰܬܺܝܪ ܐܰܢ̱ܬ ܠܰܐܠܳܗܳܐ ܡܶܢ ܚ̈ܰܛܳܝܶܐ
1,Nisibis,72,9,Nisibis 72:9,ܚܠܺܝܨ ܗ̱ܽܘ ܡܶܢܳܟ ܓܰܝܳܣܳܐ ܘܛܽܘܠܺܝܩ ܡܶܢܳܟ ܓܰܢܳܒܳܐ ܘܰܡܢܳܚ ܡܶܢܳܟ ܙܰܢܳܝܳܐ ܘܰܚܠܺܝܡ ܡܶܢܳܟ ܚܰܛܳܝܳܐ ܘܟܳܗܶܝܢ ܡܶܢܳܟ ܪܰܫܺܝܥܳܐ ܘܶܐܢ ܢܽܘܚܳܡܳܐ ܠܳܐ ܗܳܘܶܐ ܣܪܺܝܩ ܗ̱ܽܘ ܪܶܗܛܳܟ ܚܰܠܳܫܳܐ
1,Nisibis,72,10,Nisibis 72:10,ܘܶܐܢ ܒܗܳܠܶܝܢ ܚ̈ܰܝܶܐ ܚܬܺܝܪܰܬ ܚܶܘܝܳܐ ܚܰܝܳܐ ܛܳܒ ܡܶܢܳܟ ܘܝܰܬܺܝܪ ܡܶܢܳܟ ܬܰܢܺܝܢܳܐ ܚ̈ܳܠܡܺܝܢ ܡܶܢܳܟ ܚܰܝ̈ܘܳܬܳܐ ܘܢܶܫܪ̈ܶܐ ܡܶܢܳܟ ܩܰܠܺܝܠܺܝܢ ܘܰܐܪ̈ܝܰܘܳܬܳܐ ܥܰܙܺܝܙܺܝܢ ܘܡܳܢܳܐ ܚܬܺܝܪ ܐܰܢ̱ܬ ܐܰܘ ܣܰܟܠܳܐ
1,Nisibis,72,11,Nisibis 72:11,ܐܶܫܬܰܥܳܐ ܠܰܢ ܚܰܠܳܫ ܡܳܢܰܘ ܐܰܓܪܳܐ ܕܰܨܠܽܘܬܳܟ ܘܦܽܘܪܥܳܢܶܗ ܕܨܰܘܡܳܟ ܡܰܢܽܘ ܢܶܕܪܰܟ ܬܽܘܟܰܐ ܗ̱ܘ ܝܰܬܺܝܪܳܐ ܐܳܦ ܩܽܘܪܒܳܢܳܟ ܚܽܘܣܪܳܢܰܐ ܗ̱ܘ ܘܶܐܢ ܢܽܘܚܳܡܳܐ ܠܳܐ ܗܳܘܶܐ ܫܰܘܝܰܬ ܗܽܘ ܒܰܫܝܽܘܠ ܥܰܡ ܟܽܠܢܳܫ
1,Nisibis,72,12,Nisibis 72:12,ܘܶܐܢ ܡܶܢ ܣܰܝܦܳܐ ܕܳܚܶܠ ܐܰܢ̱ܬ ܕܠܳܐ ܬܶܩܛܽܘܠ ܕܰܠܡܳܐ ܬܺܐܒܰܕ ܘܠܳܐ ܬܶܓܢܽܘܒ ܕܰܠܡܳܐ ܬܺܐܩܰܕ ܘܗܳܐ ܕܰܝܳܢܳܟ ܒܰܪ ܐ̱ܢܳܫܰܐ ܗ̱ܘ ܘܰܡܨܶܐ ܒܫܽܘܚܕܳܐ ܩܳܛܶܠ ܠܳܟ ܐܰܝܟ ܡܳܐ ܕܰܩܛܰܠ ܙܰܟ̈ܳܝܶܐ ܘܰܗܦܰܟ ܙܰܟܺܝ ܠܚ̈ܰܝܳܒܶܐ
1,Nisibis,72,13,Nisibis 72:13,ܟܰܕ ܬܽܘܒ ܩܰܝܳܡ ܫܽܘܐܳܠܳܐ ܕܶܐܢ ܡܶܢ ܐܰܠܳܗܳܐ ܐܺܝܬܰܘܗ̱ܝ ܢܳܡܽܘܣܳܐ ܘܕܺܝܢܳܐ ܟܺܐܢܳܐ ܐܰܝܟܰܢ ܫܶܦܪܰܬ ܠܰܐܠܳܗܳܐ ܟܺܐܢܽܘܬܳܐ ܕܰܡܠܶܐ ܙܰܒܢܳܐ ܡܶܢ ܟܺܐܢܽܘܬܳܐ ܕܰܠܥܳܠܰܡ ܐܶܢ ܗܽܘ ܕܛܳܠܶܡ ܢܽܘܚܳܡܰܢ
1,Nisibis,72,14,Nisibis 72:14,ܐܶܢ ܓܶܝܪ ܟܺܐܢܰܐ ܗ̱ܘ ܐܰܝܟܰܢܳܐ ܛܠܶܡ ܠܰܢ ܒܳܬܰܪ ܡܰܘܬܰܢ ܙܶܕܩ̈ܳܬܰܢ ܘܰܨ̈ܠܰܘܳܬܰܢ ܘܶܐܢ ܟܺܐܢܽܘܬܳܐ ܠܳܐ ܪܳܚܶܡ ܗܳܕܶܐ ܕܚܳܣ ܠܰܢ ܕܰܢܗܰܝܡܶܢ ܐܰܝܟܰܢܳܐ ܘܡܶܢ ܡܰܢ ܫܰܪܺܝܘ ܢܳܡ̈ܽܘܣܶܐ ܟܺܐܢ̈ܶܐ ܒܰܐܪܥܳܐ
1,Nisibis,72,15,Nisibis 72:15,ܐܶܢ ܢܺܐܡܰܪ ܡܶܢ ܒܰܪ ܐ̱ܢܳܫܳܐ ܘܟܐܺܝܢ ܗܽܘ ܟܰܝ ܡܶܢ ܒܳܪܽܘܝܶܗ ܗܳܕܶܐ ܕܰܚܪܶܡ ܕܰܢܡܰܠܶܠ ܕܗܳܐ ܒܰܪܢܳܫܳܐ ܥܰܘܳܠܳܐ ܒܫܽܘܚܕܳܐ ܫܳܪܶܐ ܢܳܡܽܘ̈ܣܶܐ ܘܶܐܢ ܡܶܢ ܚܰܠܩܰܐ ܗ̱ܘ ܢܳܡܽܘܣܳܐ ܬܪ̈ܰܝܗܽܘܢ ܫܳܪܶܝܢ ܠܰܚ̈ܕܳܕܶܐ ܀܀܀
1,Nisibis,72,16,Nisibis 72:16,ܟܰܕ ܐܶܢ ܐܰܠܳܗܳܐ ܟܺܐܢܰܐ ܗ̱ܘ ܠܳܐ ܡܨܶܐ ܕܰܢܩܺܝܡ ܒܶܝܬ ܝܰܠܕܳܐ ܕܡܶܢܶܗ ܗܘܳܝܶܢ ܥܰܘ̈ܳܠܶܐ ܘܡܶܛܽܠ ܕܰܐܠܳܗܳܐ ܛܳܒܰܐ ܗ̱ܘ ܠܳܐ ܡܨܶܐ ܣܳܢܶܐ ܢܽܘܚܳܡܳܐ ܕܒܺܝܫܳܐ ܗ̱ܝ ܣܰܓܺܝ ܕܢܶܬܛܰܠܡܽܘܢ ܙܰܕܺܝܩ̈ܶܐ ܕܡܺܝܬ ܥܰܠ ܐܰܦܰܘ̈ܗ̱ܝ
1,Nisibis,72,17,Nisibis 72:17,ܡܶܢ ܟܽܠ ܓܰܒܺܝ̈ܢ ܐܶܬܚܰܒܫܰܬ ܘܳܐܦ ܐܶܬܕܰܪܫܰܬ ܘܶܐܬܚܰܙܝܰܬ ܕܢܽܘܚܳܡܳܐ ܠܡܺܝ̈ܬܶܐ ܗܳܘܶܐ ܘܡܳܢܳܐ ܬܶܚܣܰܪ ܐܰܘ ܣܰܟܠܳܐ ܐܶܢ ܗܽܘ ܕܗܳܘܶܐ ܢܽܘܚܳܡܳܐ ܕܗܳܠܶܝܢ ܕܺܐܝܩܺܐ ܢܳܛܰܪ ܐܰܢ̱ܬ ܗܰܝܡܶܢ ܕܰܒܗܶܝܢ ܡܰܡܠܳܟ ܐܰܢ̱ܬ
1,Nisibis,72,18,Nisibis 72:18,ܕܰܐܝܠܶܝܢ ܕܡܰܓܳܢ ܢܳܛܰܪ ܐܰܢ̱ܬ ܡܶܛܽܠ ܣܰܝܦܳܐ ܘܰܣܪ̈ܳܩܶܐ ܛܰܪ ܐܶܢܶܝܢ ܡܶܛܽܠ ܣܰܒܪܳܐ ܘܰܐܝܕܳܐ ܕܡܶܛܽܠ ܩܽܘܠܳܣܳܐ ܬܶܗܘܶܐ ܡܶܛܽܠ ܢܽܘܚܳܡܳܐ ܚܠܳܦ ܡܰܘܬܳܐ ܕܰܦܣܳܩ ܣܰܒܪܳܐ ܡܽܘܬ ܡܰܘܬܳܐ ܕܰܡܠܶܐ ܣܰܒܪܳܐ
1,Nisibis,72,19,Nisibis 72:19,ܒܢܽܘܪܳܐ ܐܰܘܩܶܕܘ̱ ܢܰܨ̈ܺܝܚܶܐ ܒܡܰܝ̈ܳܐ ܚܢܰܩܘ̱ ܠܰܬܪ̈ܺܝܨܶܐ ܒܣܰܝ̈ܦܶܐ ܢܰܟܶܣܘ̱ ܠܰܐܒ̈ܺܝܠܶܐ ܘܰܒܟܺܐܦ̈ܶܐ ܪܓܰܡܘ̱ ܠܰܢܒ̈ܺܝܶܐ ܘܒܰܙܩ̈ܺܝܦܶܐ ܬܠܰܘ ܠܰܫ̈ܠܺܝܚܶܐ ܘܰܐܝܟܰܢ ܟܰܝ ܛܳܠܶܡ ܟܺܐܢܳܐ ܪܶܒܽܘ ܪ̈ܶܒܘܳܢ ܓܽܘ̈ܥܠܳܢܺܝܢ ܀܀܀
1,Nisibis,73,1,Nisibis 73:1,ܗܳܐ ܬܚܶܝܬ ܐܰܪܥܳܐ ܚܰܒ̈ܺܝܒܰܝ ܫ̈ܠܰܕܶܐ ܘܦܰܓܪ̈ܶܐ ܕܰܩܒܺܝܪ̈ܶܐ ܘܗܳܐ ܒܰܫܡܰܝܳܐ ܙܰܕܺܝܩ̈ܶܐ ܗܳܐ ܛܥܺܝܢܳܢ ܓܶܝܪ ܬܰܪ̈ܬܰܝܗܶܝܢ ܓܽܘ̈ܥܠܳܢܶܐ ܕܰܒ̈ܢܰܝ ܐ̱ܢܳܫܳܐ ܐܰܪܥܳܐ ܘܰܫܡܰܝܳܐ ܓܳܥܶܝܢ ܐܶܢ ܡܶܬܛܰܠܡܺܝܢ ܙܰܕܺܝܩ̈ܶܐ ܡܰܨܪܳܐ ܩܰܒܪ̈ܶܐ ܘܰܡܩܺܝܡ ܡܺܝ̈ܬܶܐ
1,Nisibis,73,2,Nisibis 73:2,ܘܶܐܢܗܽܘ ܕܬܰܓܳܪܳܐ ܟܺܐܢܳܐ ܒܶܫܛܳܪܳܐ ܝܺܙܶܦ ܟܶܣܦܳܐ ܒܫܶܠܝܳܐ ܪܰܚܫܳܐ ܪܰܒܰܝܬܶܗ ܘܶܐܢ ܡܺܝܬ ܡܳܪܶܗ ܕܰܫܛܳܪܳܐ ܚܰܝܳܐ ܗ̱ܝ ܒܳܬܪܶܗ ܪܰܒܰܝܬܳܐ ܡܰܢܽܘ ܢܣܰܝܶܟ ܪܰܒܰܝܬܶܗ ܕܩܽܘܪܒܳܢܳܐ ܕܩܰܪܶܒ ܗܳܒܶܝܠ
1,Nisibis,73,3,Nisibis 73:3,ܡܰܢ ܠܳܐ ܢܰܘܙܶܦ ܠܰܐܠܳܗܳܐ ܕܚܰܝܳܐ ܗ̱ܝ ܒܳܬܰܪ ܥܽܘܢܕܳܢܶܗ ܪܰܒܰܝܬܳܐ ܕܰܨ̈ܠܰܘܳܬܶܗ ܫܛܳܪܳܐ ܡܰܘܠܶܕ ܪܰܒܰܝܬܳܐ ܘܰܐܪܥܳܐ ܟܬܳܐ ܘܰܟܬܟܬܐ ܘܓܰܙܶܗ ܕܰܐܠܳܗܳܐ ܡܰܘܪܶܒ ܙܶܕܩ̈ܳܬܰܢ ܘܰܨ̈ܠܰܘܳܬܰܢ
1,Nisibis,73,4,Nisibis 73:4,ܚܕܳܐ ܗ̱ܝ ܐܽܘܪܚܳܐ ܠܟܽܠܰܢ ܐܰܚ̈ܰܝ ܡܶܢ ܝܰܠܕܳܐ ܘܰܠܘܳܬ ܡܰܘܬܳܐ ܘܡܶܢ ܡܰܘܬܳܐ ܨܶܝܕ ܢܽܘܚܳܡܳܐ ܘܡܶܢ ܬܰܡܳܢ ܬܰܪ̈ܬܶܝܢ ܐܽܘܪ̈ܚܳܢ ܚܕܳܐ ܠܢܽܘܪܳܐ ܘܰܚܕܳܐ ܠܰܥܕܶܢ ܢܨܰܠܶܐ ܟܽܠ ܐ̱ܢܳܫ ܥܰܠ ܡܺܝܬܶܗ ܕܠܽܐܘܪܚܳܐ ܕܰܥܕܶܢ ܢܰܫܘܶܐ
1,Nisibis,73,5,Nisibis 73:5,ܠܗܶܢܕ̈ܘܳܝܶܐ ܘܠܰܐܬܽܘܪ̈ܳܝܶܐ ܫ̈ܠܰܕܰܝܗܽܘܢ ܒܕܰܒܪܳܐ ܐܰܪܡܺܝ ܘܰܐܚܺܝ ܓܰܪ̈ܡܶܐ ܒܰܦܩܰܥܬܳܐ ܠܰܘ ܡܶܢ ܚܰܝܶܠ ܐ̱ܚܪܺܝܢ ܐܰܚ̈ܰܝ ܒܰܩܛܺܝܪܳܐ ܡܶܬܕܰܒܪܺܝܢ ܚܢܰܢ ܨܶܒܝܳܢܰܐ ܗ̱ܘ ܕܥܰܠ ܟܽܠ ܫܰܠܺܝܛ ܡܰܘܠܶܕ ܘܰܡܡܺܝܬ ܘܰܡܢܰܚܶܡ
1,Nisibis,73,6,Nisibis 73:6,ܣܒܰܪܬܳܐ ܛܳܒܬܳܐ ܠܰܛ̈ܠܳܝܶܐ ܕܦܶܪܥܽܘܢ ܚܰܢܶܩ ܝ̈ܰܠܽܘܕܶܐ ܦܽܘܪܩܳܢܶܗ ܕܥܰܡܳܐ ܚܰܢܩܶܗ ܗܳܟܰܢܳܐ ܡܳܐܶܬ ܡܰܘܬܳܐ ܒܢܽܘܚܳܡܳܐ ܕܰܠܟܽܠ ܡܚܰܕܶܐ ܘܰܒܛܶܠ ܡܰܘܬܳܐ ܡܶܢ ܫܰܒܪ̈ܶܐ ܐܰܝܟ ܦܶܪܥܽܘܢ ܡܶܢ ܝ̈ܰܠܽܘܕܶܐ
1,Nisibis,73,7,Nisibis 73:7,ܐܰܝܟܰܢ ܛܳܠܶܡ ܝܰܠܽܘ̈ܕܶܐ ܕܰܐܝܟ ܩܽܘܦܳܝܳܐ ܕܩܰܡܨܳܐ ܡܺܝ̈ܬܶܐ ܥ̈ܰܘܳܠܶܐ ܒܢܰܗܪܳܐ ܩܳܦܶܝܢ ܗ̱ܘܰܘ ܘܰܐܒ̈ܳܗܰܝܗܽܘܢ ܟܰܕ ܚܳܙܶܝܢ ܒܳܟܶܝܢ ܘܓܳܥܶܝܢ ܠܰܫܡܰܝܳܐ ܒܪܺܝܟ ܗ̱ܽܘ ܕܚܰܘܺܝ ܠܗܽܘܢ ܒܰܕܡܳܐ ܢܽܘܚܳܡܳܐ ܕܝܰܠܽܘ̈ܕܰܝܗܽܘܢ
1,Nisibis,73,8,Nisibis 73:8,ܚܰܕ ܡܶܢ ܥܺܝܪ̈ܶܐ ܐܶܬܦܰܩܰܕ ܘܰܪܫܶܡ ܪܽܘܫܡܳܐ ܕܦܽܘܪܩܳܢܳܐ ܥܰܠ ܒܶܝܬ ܥܰܝ̈ܢܶܐ ܕܙܰܕܺܝ̈ܩܶܐ ܓܙܽܘܪܬܳܐ ܒܶܗܬܰܬ ܕܰܚܙܳܬܶܗ ܠܰܚܬܳܡܳܐ ܟܰܣܝܳܐ ܕܢܰܨܰܚ ܪܫܽܘܡܘ̱ ܡܺܝ̈ܬܰܝܟܽܘܢ ܒܰܨܠܺܝܒܳܐ ܕܢܶܙܟܽܘܢ ܠܡܰܘܬܳܐ ܬܰܢܺܝܢܳܐ
1,Nisibis,73,9,Nisibis 73:9,ܠܳܐ ܗ̱ܘܳܐ ܒܒܺܝܫܘ̱ ܐܶܬܚܰܫܰܚ ܗܰܘ ܥܳܒܽܘܕܳܐ ܚܰܟܺܝܡܳܐ ܘܺܐܝܩܺܐ ܬܩܶܢ ܐܳܦ ܚܒܳܠ ܐܶܢ ܐܽܘܡܳܢܳܐ ܡܳܝܽܘܬܳܐ ܕܠܳܐ ܒܽܘܝܳܢܳܐ ܠܳܐ ܥܒܰܕ ܚܳܣ ܕܢܺܐܡܰܪ ܕܰܐܠܳܗܳܐ ܪܰܟܶܒ ܘܰܫܪܳܐ ܕܠܳܐ ܦܽܘܪܫܳܢ
1,Nisibis,73,10,Nisibis 73:10,ܘܶܐܢ ܒܰܪܢܳܫܳܐ ܡܰܠܳܠܳܐ ܪܰܒ ܠܶܗ ܕܰܗܒܳܐ ܫܰܬܺܝܩܳܐ ܘܰܙܗܺܝܪ ܒܶܗ ܕܰܠܡܳܐ ܢܺܐܒܰܕ ܘܰܨܝܳܪܳܐ ܕܨܺܝܪ ܨܰܠܡܳܐ ܢܛܰܪ ܠܶܗ ܕܠܳܐ ܢܶܬܚܰܒܰܠ ܟܡܳܐ ܗܳܟܺܝܠ ܢܳܛܰܪ ܛܳܒܳܐ ܠܨܰܠܡܳܐ ܕܰܐܩܺܝܡ ܠܺܐܝܩܳܪܶܗ
1,Nisibis,73,11,Nisibis 73:11,ܐܶܢ ܢܽܘܚܳܡܳܐ ܠܳܐ ܗܳܘܶܐ ܐܰܟܶܬ ܚܰܝܽܘܬܳܐ ܠܙܰܕܺܝܩܳܐ ܥܒܰܪ ܒܳܗ̇ ܘܰܗܘܳܐ ܣܽܘܠܳܐܢܳܐ ܢܦܰܠ ܒܰܐܪܥܶܗ ܘܶܐܚܰܕ ܣܳܟܶܗ ܫܠܶܡ ܫܰܪܒܶܗ ܘܰܐܘܦܺܝ ܟܽܠܶܗ ܚܳܣ ܠܶܗ ܠܦܳܪܽܘܥܳܐ ܟܺܐܢܳܐ ܠܳܐ ܓܶܝܪ ܛܳܠܶܡ ܙܰܕܺܝ̈ܩܰܘܗ̱ܝ [ܫܠܶܡ]
1,Nisibis,74,1,Nisibis 74:1,ܐܳܘ ܟܡܳܐ ܪܰܒ ܐܳܕܳܡ ܘܰܫܒܺܝܚ ܒܰܒܪܺܝܬܶܗ ܐܳܘ ܟܡܳܐ ܪܰܒ ܫܰܦܠܶܗ ܒܥܶܕܳܢ ܡܺܝܬܽܘܬܶܗ ܢܰܘܪܒܺܝܘܗ̱ܝ ܢܽܘܚܳܡܳܟ
1,Nisibis,74,2,Nisibis 74:2,ܒܪܽܘܟܳܒܶܗ ܨܺܝܪܳܐ ܚܶܟܡܰܬ ܒܳܪܽܘܝܶܗ ܒܚܽܘܒܳܠܶܗ ܪܰܫܺܝܡܳܐ ܒܺܝܫܽܘܬ ܢܳܟܽܘܠܶܗ ܢܶܒܗܰܬ ܒܚܽܘܕܳܬܶܗ
1,Nisibis,74,3,Nisibis 74:3,ܓܒܳܐ ܘܪܳܒ ܒܰܥܒܳܕܶܗ ܘܫܺܝܛ ܗ̱ܽܘ ܒܥܽܘܢܕܳܢܶܗ ܒܚ̈ܰܝܰܘܗ̱ܝ ܐܰܝܟ ܡܶܕܶܡ ܒܡܰܘܬܶܗ ܐܰܝܟ ܠܳܐ ܡܶܕܶܡ ܬܽܘܒ ܡܳܪܝ̱ ܐܰܘܪܒܳܝܗ̱ܝ
1,Nisibis,74,4,Nisibis 74:4,ܕܳܐܶܢ ܘܰܡܚܰܝܶܒ ܡܥܰܩܶܒ ܘܰܡܙܰܟܶܐ ܕܽܘܡܝܶܗ ܕܰܐܠܳܗܳܐ ܘܡܰܘܬܶܗ ܕܚܰܝ̈ܘܳܬܳܐ ܨܰܠܡܳܟ ܢܺܐܪܰܒ ܒܳܟ
1,Nisibis,74,5,Nisibis 74:5,ܗܳܐ ܡܶܠܬܶܗ ܪܰܒܳܐ ܗ̱ܝ ܘܥܰܠ ܟܽܘܠ ܡܶܬܦܰܪܣܶܐ ܒܬܺܒܶܝܠ ܡܰܠܳܠܰܐ ܗ̱ܘ ܘܒܰܫܝܽܘܠ ܡܶܫܬܰܬܰܩ ܚܰܕܶܬ ܩ̈ܺܝܢܳܬܶܗ
1,Nisibis,74,6,Nisibis 74:6,ܘܰܥܡܰܕ ܒܝܰܡܳܐ ܘܡܰܣܶܩ ܣܺܝܡ̈ܳܬܶܗ ܘܡܳܐ ܕܰܥܡܰܕ ܒܰܫܝܽܘܠ ܟܳܡ ܥܠܰܘܗ̱ܝ ܡܰܘܬܳܐ ܒܳܟ ܡܳܪܝ̱ ܢܶܬܕܰܠܶܐ
1,Nisibis,74,7,Nisibis 74:7,ܙܪܺܝܙܳܐ ܕܰܠܝܰܡܳܐ ܡܰܫܥܒܶܕ ܘܰܠܝܰܒܫܳܐ ܒܩܰܒܪܳܐ ܡܶܫܬܰܦܰܠ ܘܗܳܘܶܐ ܫܶܪܕܽܘܕܳܐ ܢܓܽܘܠܽܘܢ ܡܳܪܝ̱ ܪ̈ܰܚܡܰܝܟ
1,Nisibis,74,8,Nisibis 74:8,ܚܰܝܘ̈ܳܬܳܐ ܡܫܰܥܒܶܕ ܢܺܝܪܶܗ ܚܰܣܺܝܢܳܐ ܘܢܺܝܪܶܗ ܕܡܰܘܬܳܐ ܡܫܰܦܶܠ ܚܺܐܪܽܘܬܶܗ ܒܳܟ ܡܳܪܝ̱ ܢܶܬܚܰܪܰܪ
1,Nisibis,74,9,Nisibis 74:9,ܛܰܟܶܣ ܒܰܦܓܽܘ̈ܕܶܐ ܚܺܐܦܳܐ ܕܡܰܪܟܰܒܬܳܐ ܡܰܘܬܳܐ ܒܠܰܡ ܠܶܗ ܘܒܰܫܝܽܘܠ ܐܳܣܰܪ ܠܶܗ ܢܶܫܪܶܝܘܗ̱ܝ ܫܳܪܶܐ ܟܽܠ
1,Nisibis,74,10,Nisibis 74:10,ܝܺܬܶܒ ܥܰܠ ܬܪܢܽܘܣ ܒܬܳܓܳܐ ܘܒܰܟܠܺܝܠܳܐ ܘܡܰܘܬܳܐ ܡܰܚܶܬ ܠܶܗ ܐܶܣܟܺܡܶܗ ܘܬܳܒܰܪ ܠܶܗ ܒܳܟ ܡܳܪܝ̱ ܢܶܬܝܰܩܰܪ
1,Nisibis,74,11,Nisibis 74:11,ܟܳܬܶܒ ܘܳܐܦ ܩܳܪܶܐ ܘܕܳܪܶܫ ܘܰܡܬܰܪܓܰܡ ܘܠܳܐ ܡܶܫܟܰܚ ܕܰܢܦܺܝܣ ܠܡܰܘܬܳܐ ܒܚ̈ܶܟܡܳܬܶܗ ܒܳܟ ܡܳܪܝ̱ ܢܶܬܦܰܨܶܐ
1,Nisibis,74,12,Nisibis 74:12,ܟܰܕ ܠܰܐܪܝܳܐ ܚܳܒܶܫ ܘܶܐܣܰܪ ܬܰܢܺܝܢܳܐ ܘܠܳܐ ܒܢܶܩܥܳܐ ܕܰܫܝܽܘܠ ܡܰܘܬܳܐ ܚܳܒܶܫ ܠܶܗ ܢܰܦܩܺܝܘܗ̱ܝ ܩܳܠ ܩܰܪܢܳܐ
1,Nisibis,74,13,Nisibis 74:13,ܠܺܐܝܠܳܢܳܐ ܦܣܰܩ ܘܰܡܚܰܠܶܦ ܘܳܐܦ ܣܳܓܶܐ ܘܠܶܗ ܦܪܰܫ ܡܰܘܬܳܐ ܡܶܢ ܟܽܠ ܚܰܒܺܝܒܰܘ̈ܗ̱ܝ ܒܫܽܘܒܚܳܟ ܢܶܚܙܶܐ ܐܶܢܽܘܢ
1,Nisibis,74,14,Nisibis 74:14,ܠܡܰܚ̈ܘܳܬܳܐ ܐܰܣܺܝ ܒܣܰܡ̈ܳܡܢܶܐ ܕܶܐܫܟܰܚ ܘܠܰܡܚܽܘܬܶܗ ܕܡܰܘܬܳܐ ܣܳܡܳܐ ܠܳܐ ܢܦܰܠ ܢܰܐܣܶܝܘܗ̱ܝ ܣܳܡ ܚ̈ܰܝܶܐ
1,Nisibis,74,15,Nisibis 74:15,ܡܶܫܚܶܗ ܘܗܶܪ̈ܽܘܡܰܘܗ̱ܝ ܘܣܽܘܓܳܐܐ ܕܒܰܣܡ̈ܳܢܰܘܗ̱ܝ ܠܳܐ ܡܨܶܐ ܡܰܦܟܶܗ ܠܶܗ ܠܪܺܝܚܶܗ ܡܳܐ ܕܰܥܢܰܕ ܒܡܶܠܚܳܟ ܢܶܬܡܰܕܰܟ
1,Nisibis,74,16,Nisibis 74:16,ܢܰܗܺܝܪ̈ܶܐ ܡܦܰܠܶܓ ܠܫ̈ܳܥܶܐ ܘܥܶܕ̈ܳܢܶܐ ܘܫܳܥܰܬ ܥܽܘܢܕܳܢܶܗ ܐܰܝܟܳܐ ܗ̱ܝ ܠܳܐ ܝܳܕܰܥ ܫܽܘܒܚܳܐ ܠܝܳܕܰܥ ܟܽܠ
1,Nisibis,74,17,Nisibis 74:17,ܣܥܳܐ ܥܰܠ ܕܰܐܪܥܳܐ ܘܒܳܨܶܐ ܕܰܫܡܰܝܳܐ ܘܡܳܐ ܕܰܡܛܳܝܗ̱ܝ ܡܰܘܬܳܐ ܛܥܳܐ ܠܶܗ ܘܶܐܬܕܰܘܰܕ ܒܳܟ ܡܳܪܝ̱ ܢܶܬܦܰܨܶܐ
1,Nisibis,74,18,Nisibis 74:18,ܣܶܦܳܐ ܪܒܺܝܬܳܐ ܘܡܰܘܣܶܦ ܥܰܠ ܩܰܪܢܳܐ ܬܳܒܰܥ ܟܰܢܶܫ ܠܳܗ̇ ܘܒܰܕܰܪ ܡܰܘܪܶܬ ܠܳܗ̇ ܬܰܥܬܪܶܗ ܛܰܝܒܽܘܬܳܟ
1,Nisibis,74,19,Nisibis 74:19,ܥܳܒܶܕ ܡܶܕܝܳܪ̈ܶܐ ܠܩܰܝܛܳܐ ܘܰܠܣܰܬܘܳܐ ܘܚܰܕ ܩܰܒܪܳܐ ܠܩܰܝܛܳܐ ܘܰܠܣܰܬܘܳܐ ܣܦܰܩ ܠܶܗ ܠܰܥܕܶܢ ܢܶܬܒܰܣܰܡ
1,Nisibis,74,20,Nisibis 74:20,ܦܰܠܶܓ ܘܕܰܢܣܰܒ ܫܳܐܶܠ ܝܰܬܺܝܪܳܐ ܡܰܘܬܳܐ ܡܫܰܚ ܝܰܗ̱ܒ ܠܶܗ ܐܶܡ̈ܶܐ ܬܠܳܬ ܒܰܫܝܽܘܠ ܠܽܐܘܪܥܳܟ ܡܳܪܝ̱ ܢܶܦܪܰܚ
1,Nisibis,74,21,Nisibis 74:21,ܨܰܠܶܠ ܚܰܡܪ̈ܳܢܶܐ ܘܰܐܣܓܺܝ ܒܽܘܣܳܡ̈ܶܐ ܡܰܘܬܳܐ ܣܳܟܰܪ ܠܶܗ ܠܦܽܘܡܶܗ ܡܶܢ ܪܶܥܝܶܗ ܢܒܰܝܐܺܝܘܗܝ ܦܳܬܽܘܪܳܟ
1,Nisibis,74,22,Nisibis 74:22,ܩܦܰܣ ܘܰܐܣܓܺܝ ܝܰܥܢܳܐ ܐܰܘܨܪ̈ܶܐ ܠܳܐ ܣܳܢܶܗ ܡܰܘܬܳܐ ܡܰܦܶܩ ܠܶܗ ܘܒܰܫܝܽܘܠ ܩܦܰܣ ܠܶܗ ܢܰܦܩܶܗ ܢܽܘܚܳܡܳܟ
1,Nisibis,74,23,Nisibis 74:23,ܪܳܕܶܐ ܒܰܫ̈ܒܺܝܠܶܐ ܘܰܥܛܰܦ ܒܽܐܘܪ̈ܚܳܬܳܐ ܚܕܳܐ ܗ̱ܝ ܐܽܘܪܚܳܐ ܐܶܙܰܠ ܕܬܽܘܒ ܒܳܗ̇ ܠܳܐ ܥܛܰܦ ܢܶܦܢܶܐ ܠܦܰܪܕܰܝܣܳܟ
1,Nisibis,74,24,Nisibis 74:24,ܫܩ̈ܽܘܠܶܐ ܡܳܝܬܺܝܢ ܘܩܳܪܶܝܢ ܛܳܥܽܘ̈ܢܶܐ ܘܰܚܠܳܦ ܥܰܪ̈ܣܳܬܶܗ ܥܰܪܣܳܐ ܕܥܰܢܺܝ̈ܕܶܐ ܢܶܦܪܚܺܝܘܗ̱ܝ ܢܽܘܚܳܡܳܐ
1,Nisibis,74,25,Nisibis 74:25,ܬܥܰܫ ܒܰܐܦܕ̈ܳܢܶܐ ܪ̈ܘܺܝܚܶܐ ܕܢܰܘܦܽܘܢ ܠܶܗ ܘܦܰܓܪܶܗ ܡܠܶܐ ܩܰܒܪܳܐ ܘܥܰܦܪܶܗ ܡܠܶܐ ܫܽܘܥܳܠܳܐ ܡܶܕܪܺܝܫ ܚܰܕܬܳܝܗ̱ܝ
1,Nisibis,75,1,Nisibis 75:1,ܝܰܘܡܳܐ ܕܥܽܘܢܕܳܢܳܐ ܝܰܘܡܰܐ ܗ̱ܘ ܡܰܪܺܝܪܳܐ ܝܰܘܡܰܐ ܗ̱ܘ ܕܰܚܢܰܓܬܳܐ ܝܰܘܡܰܐ ܗ̱ܘ ܕܰܒܟܳܬܳܐ ܀܀܀ ܗܘܺܝ ܡܳܪܰܢ ܒܽܘܝܳܐܰܢ
1,Nisibis,75,2,Nisibis 75:2,ܝܰܘܡܰܐ ܗ̱ܘ ܕܰܓܙܳܪ ܫܩܰܠ ܗܰܕܳܡܶܐ ܡܶܢ ܓܽܘܫܡܳܐ ܐܽܘܝܳܐ ܕܰܐܚ̈ܰܘܗ̱ܝ ܘܰܐܚ̈ܝܳܢܰܘܗ̱ܝ ܒܳܟ ܡܳܪܝ̱ ܢܶܬܪܰܟܰܒ
1,Nisibis,75,3,Nisibis 75:3,ܝܰܘܡܰܐ ܗ̱ܘ ܕܡܰܟܪܶܐ ܠܣܳܒ̈ܶܐ ܒܰܒܢܰܝ̈ܗܽܘܢ ܕܬܳܒܰܪ ܠܶܗ ܡܰܘܬܳܐ ܠܚܽܘܛܪܳܐ ܕܣܰܝܒܽܘܬܳܐ ܒܳܟ ܡܳܪܝ̱ ܢܶܣܬܰܡܟܽܘܢ
1,Nisibis,75,4,Nisibis 75:4,ܝܰܘܡܰܐ ܗ̱ܘ ܕܕܰܒܰܪ ܬܽܘܒ ܐܺܝܚܺܝܕܳܐ ܡܶܢ ܐܶܡܶܗ ܘܦܰܣܩܳܗ̇ ܠܕܰܪܥܳܐ ܕܡܰܣܡܶܟ ܗ̱ܘܳܐ ܠܳܗ̇ ܐܰܢ̱ܬ ܡܳܪܝ̱ ܣܰܡܟܺܝܗ̇
1,Nisibis,75,5,Nisibis 75:5,ܝܰܘܡܰܐ ܗ̱ܘ ܕܰܐܒܳܗ̈ܶܐ ܥܢܰܕܘ̱ ܒܶܗ ܘܰܦܼܪܰܫܘ̱ ܒܶܗ ܘܰܫܒܼܰܩܘ̱ ܝ̈ܰܠܕܰܝܗܽܘܢ ܝܰܬܡ̈ܶܐ ܘܚܰܣ̈ܺܝܠܶܐ ܐܰܢ̱ܬ ܡܳܪܝ̱ ܪܰܒܳܐ ܐܶܢܽܘܢ
1,Nisibis,75,6,Nisibis 75:6,ܝܰܘܡܰܐ ܗ̱ܘ ܬܽܘܒ ܕܰܐܚܳܐ ܦܳܪܶܫ ܡܶܢ ܐܰܚܽܘܗ̱ܝ ܘܚܳܣܰܪ ܡܶܢܝܳܢܳܐ ܘܰܙܥܰܪ ܨܶܒ̈ܥܳܬܳܐ ܒܳܟ ܡܳܪܝ̱ ܢܶܬܡܰܠܽܘܢ
1,Nisibis,75,7,Nisibis 75:7,ܝܰܘܡܰܐ ܗ̱ܘ ܕܒܰܪܬܶܗ ܀܀܀ ܕܣܳܒܳܐ ܦܪܰܫ ܡܶܢܶܗ ܘܶܐܬܥܰܘܪܰܬ ܥܰܝܢܶܗ ܕܒܳܗ̇ ܗܽܘ ܚܳܙܶܐ ܗ̱ܘܳܐ ܢܒܰܝܐܶܗ ܢܰܗܺܝܪܳܟ
1,Nisibis,75,8,Nisibis 75:8,ܝܰܘܡܰܐ ܗ̱ܘ ܕܰܦܪܰܫ ܒܶܗ ܓܰܒܪܳܐ ܡܶܢ ܐܶܠܥܶܗ ܘܶܐܬܓܰܙܝܰܬ ܐܰܪܥܳܐ ܕܠܰܝܬܰܘܗ̱ܝ ܪܺܝܫ ܓܽܘܫܡܳܐ ܒܰܥܕܶܢ ܬܽܘܒ ܬܶܚܙܶܝܘܗ̱ܝ
1,Nisibis,75,9,Nisibis 75:9,ܝܰܘܡܰܐ ܗ̱ܘ ܬܽܘܒ ܕܰܦܪܰܫ ܐܰܢ̱ܬܬܳܐ ܡܶܢ ܒܰܝܬܳܗ̇ ܘܟܰܦܳܐ ܘܳܐܦ ܐܰܫܺܝܕ ܕܶܐܒܰܕ ܛܽܘܟܳܣܶܗ ܬܒܰܝܰܐܗ̇ ܡܰܠܟܽܘܬܳܟ
1,Nisibis,75,10,Nisibis 75:10,ܝܰܘܡܰܐ ܗ̱ܘ ܕܡܺܝܬܳܐ ܫܳܡܽܘܥܬܳܐ ܡܶܢ ܫܶܠܝܳܐ ܘܥܳܐܶܠ ܕܳܠܰܚ ܠܳܗ̇ ܛܳܒܳܐ ܠܡܰܫܡܰܥܬܳܐ ܒܩܳܠܳܟ ܬܶܫܬܰܝܰܢ
1,Nisibis,75,11,Nisibis 75:11,ܝܰܘܡܰܐ ܗ̱ܘ ܕܓܰܪܶܓ ܥܰܝ̈ܢܶܐ ܠܰܒܟܳܬܳܐ ܘܺܐܝ̈ܕܶܐ ܠܡܰܪܩܽܘܕܬܳܐ ܘܦܽܘܡܳܐ ܠܽܐܘܠܺܝܬܳܐ ܒܳܟ ܡܳܪܝ̱ ܢܶܬܟܺܝܫ
1,Nisibis,75,12,Nisibis 75:12,ܝܰܘܡܰܐ ܗ̱ܘ ܕܩܳܪܶܐ ܠܒܶܟܝܳܐ ܣܰܓܺܝܐܳܐ ܕܥܳܐܶܠ ܘܰܕܢܳܦܶܩ ܘܳܝܳܐ ܡܠܶܐ ܦܽܘܡܶܗ ܒܛܽܘܒܳܟ ܢܶܬܒܰܝܰܐ
1,Nisibis,75,13,Nisibis 75:13,ܝܰܘܡܰܐ ܗ̱ܘ ܕܦܳܪܶܫ ܒܶܗ ܪܳܚܡܳܐ ܡܶܢ ܚܰܒܪܶܗ ܬܰܘܪ̈ܶܐ ܬܪ̈ܶܝܢ ܕܰܦܼܪܰܫܘ̱ ܡܶܢ ܢܺܝܪ ܐܽܘܝܽܘܬܳܐ ܒܚܽܘܒܳܟ ܢܶܬܡܰܙܓܽܘܢ
1,Nisibis,75,14,Nisibis 75:14,ܝܰܘܡܰܐ ܗ̱ܘ ܕܰܦܪܰܫܘ̱ ܒܶܗ ܚ̈ܰܬܢܶܐ ܘܟ̈ܰܠܠܳܬܳܐ ܘܰܚܠܳܦ ܗܰܘ ܪܶܩܕܳܐ ܗܘܳܬ ܠܳܗ̇ ܡܰܪܩܽܘܕܬܳܐ ܢܡܰܢܥܽܘܢ ܠܰܚܠܽܘܠܳܟ
1,Nisibis,75,15,Nisibis 75:15,ܝܰܘܡܰܐ ܗ̱ܘ ܕܰܡܒܰܛܶܠ ܫܪܳܪܳܐ ܕܡܳܟܽܘܪ̈ܶܐ ܘܰܚܠܳܦ ܓܢܽܘܢܳܐ ܩܰܒܪܳܐ ܛܰܝܶܒ ܠܳܗ̇ ܐܰܫܘܳܗ̇ ܠܰܓܢܽܘܢܳܟ
1,Nisibis,75,16,Nisibis 75:16,ܝܰܘܡܰܐ ܗ̱ܘ ܕܰܦܪܰܫ ܬܽܘܒ ܠܒܰܪܬܳܐ ܘܰܠܚܳܬܳܐ ܘܰܐܫܩܰܠ ܐܰܝܟ ܝܰܘ̈ܢܶܐ ܡܶܢ ܒܶܝܬ ܡܰܥܡܪܰܗܶܝܢ ܢܫܰܟܢܰܢ ܒܦܰܪܕܰܝܣܳܟ
1,Nisibis,75,17,Nisibis 75:17,ܝܰܘܡܰܐ ܗ̱ܘ ܕܰܦܪܰܫ ܬܽܘܒ ܫܒܰܪܬܳܐ ܡܶܢ ܐܶܡܳܗ̇ ܘܶܐܬܟܰܡܪܰܬ ܣܰܬܳܐ ܕܠܰܝܬܶܝܗ̇ ܛܽܘܛܺܝܬܳܐ ܒܰܥܕܶܢ ܬܶܬܪܰܒܶܐ ܀܀܀
1,Nisibis,75,18,Nisibis 75:18,ܝܰܘܡܰܐ ܗ̱ܘ ܕܰܦܪܰܫ ܥܰܘ̈ܳܠܶܐ ܣ̈ܰܓܺܝܐܶܐ ܘܶܐܬܰܐܒܠܰܬ ܘܨܳܕܰܬ ܓܦܶܬܳܐ ܕܶܐܬܩܰܛܦܰܬ ܒܽܐܘܨܪܳܟ ܢܶܬܢܰܛܪܽܘܢ
1,Nisibis,75,19,Nisibis 75:19,ܐܺܝܚܺܝܕܳܐ ܡܳܐ ܕܰܥܢܰܕ ܣܰܘ̈ܟܶܐ ܡܶܬܪܰܟܢܰܢ ܕܰܢܢܽܘܕܳܢ ܥܠܰܘܗ̱ܝ ܕܦܺܐܪܳܐ ܕܢܶܬܰܪ ܠܶܗ ܠܳܟ ܡܳܪܝ̱ ܢܶܬܩܰܪܰܒ
1,Nisibis,75,20,Nisibis 75:20,ܫܽܘܒܚܳܐ ܠܰܕܚܰܢܩܶܗ ܠܡܰܘܬܳܐ ܒܰܡܨܰܥܬܳܐ ܒܶܝܬ ܚ̈ܰܝܶܐ ܠܚ̈ܰܝܶܐ ܣܳܡܶܗ ܕܢܰܠܦܟܽܘܢ ܕܡܰܘܬܟܽܘܢ ܛܰܠܶܩ ܠܶܗ
1,Nisibis,75,21,Nisibis 75:21,ܫܩܽܘܠܘ̱ ܠܟܽܘܢ ܕܶܡ̈ܘܳܬܳܐ ܡܶܢܶܗ ܘܒܶܗ ܕܦܰܓܪܳܐ ܕܰܒܛܶܟܣܳܐ ܐܳܬܶܝܢ ܕܰܪ̈ܓܰܘܗ̱ܝ ܘܝܽܘ̈ܒܳܠܰܘܗ̱ܝ ܢܫܰܟܠܠܶܗ ܓܳܡܰܪ ܟܽܘܠ
1,Nisibis,75,22,Nisibis 75:22,ܒܰܪܢܳܫܳܐ ܒܚܰܫܶܗ ܘܒܶܐܒܠܶܗ ܡܶܬܪܰܥܰܡ ܗܰܒ ܠܶܗ ܡܳܪܝ̱ ܐܰܬܪܳܐ ܕܰܢܦܰܝܶܓ ܟܰܪܝܽܘܬܶܗ ܕܰܒܟܽܠ ܬܶܫܬܰܒܰܚ
1,Nisibis,75,23,Nisibis 75:23,ܫܓܺܝܫܰܐ ܗ̱ܘ ܡܶܙܕܰܠܰܠ ܕܒܰܥܓܰܠ ܢܶܬܢܰܚܰܡ ܠܰܘ ܗܳܟܰܢ ܫܓܺܝܫ ܛܳܒܳܐ ܘܰܡܣܰܪܗܰܒ ܒܪܺܝܟ ܗ̱ܽܘ ܡܣܰܝܒܰܪ ܟܽܠ
1,Nisibis,75,24,Nisibis 75:24,ܫܓܽܘܫܘ̱ ܡܳܕܶܝܢ ܘܣܺܝܡܘ̱ ܦܺܐܪ̈ܶܐ ܩܕܳܡ ܦܶܪ̈ܥܶܐ ܘܝ̈ܰܠܕܶܐ ܩܕܳܡ ܒ̈ܰܛܢܶܐ ܘܫܰܦܺܝܪ ܒܳܟܶܝܢ ܐܰܢ̱ܬܽܘܢ ܕܰܐܘܚܰܪ ܡܰܚܶܐ ܟܽܘܠ
1,Nisibis,75,25,Nisibis 75:25,ܬܗܰܝܡܶܢ ܟܰܪܝܽܘܬܰܢ ܕܢܶܚܙܶܐ ܠܥܰܢܺܝ̈ܕܰܝܢ ܘܥܰܡ ܟܽܠ ܚܰܒ̈ܺܝܒܰܝܢ ܢܰܘܕܶܐ ܠܰܓܡܰܪ ܟܽܠ ܕܢܰܚܶܡ ܘܰܐܚܺܝ ܟܽܘܠ
1,Nisibis,76,1,Nisibis 76:1,ܡܰܢܽܘ ܕܰܠܨܶܒܬܳܟ ܢܶܬܝܰܐܰܒ ܦܰܓܪܳܐ ܡܰܢܽܘ ܕܰܠܫܽܘܦܪܳܟ ܢܶܦܠܽܘܚ ܥܰܒܕܽܘܬܳܐ ܒܳܟ ܡܳܪܝ̱ ܢܶܬܚܰܪܰܪ
1,Nisibis,76,2,Nisibis 76:2,ܐܰܝܢܳܐ ܕܒܶܝܬ ܚ̈ܰܝܶܐ ܫܽܘܦܪܳܟ ܫܒܳܐ ܠܶܗ ܚܙܺܝܟ ܒܶܝܬ ܡܺܝ̈ܬܶܐ ܒܰܫܝܽܘܠ ܡܢܳܕ ܠܶܗ ܠܳܟ ܡܳܪܝ̱ ܢܶܬܝܰܐܰܒ
1,Nisibis,76,3,Nisibis 76:3,ܣܟܰܠ ܗܽܘ ܚܰܟܺܝܡܳܐ ܕܠܳܐܶܐ ܕܠܳܟ ܢܶܫܦܰܪ ܣܩܰܠ ܐܳܦ ܡܰܡܠܳܠܶܗ ܕܡܶܢܳܟ ܢܶܬܩܰܠܰܣ ܚܙܺܝ ܡܳܪܝ̱ ܫܽܘܥܒܳܕܰܢ
1,Nisibis,76,4,Nisibis 76:4,ܕܠܳܐ ܐܰܠܳܗ ܐܺܝܬܰܘܗ̱ܝ ܐܰܝܢܳܐ ܕܠܳܟ ܦܳܠܰܚ ܒܥܽܘܢܕܳܢܳܟ ܢܶܒܗܰܬ ܕܰܠܡܰܢ ܫܳܦܰܪ ܗ̱ܘܳܐ ܠܰܐܒܽܘܟ ܒܳܟ ܢܶܫܦܰܪ
1,Nisibis,76,5,Nisibis 76:5,ܡܰܘܬܰܐ ܗ̱ܘ ܬܰܒܰܪ ܠܶܗ ܠܓܶܦܳܟ ܩܰܠܺܝܠܳܐ ܕܠܳܐܶܐ ܘܠܳܐ ܫܰܟܶܢ ܐܶܠܳܐ ܨܶܝܕ ܕܰܗܒܳܐ ܠܘܳܬܳܟ ܡܳܪܝ̱ ܢܶܦܪܰܚ
1,Nisibis,76,6,Nisibis 76:6,ܢܶܫܪ̈ܶܐ ܨܶܝܕ ܒܶܣܪܳܐ ܘܐ̱ܢܳܫܳܐ ܨܶܝܕ ܟܶܣܦܳܐ ܒܪܺܝܟ ܗ̱ܽܘ ܕܠܰܝܬ ܕܰܡܨܶܐ ܠܡܶܐܟܰܠ ܡܶܢ ܕܰܗܒܳܐ ܦܰܓܪܳܟ ܣܳܡ ܚ̈ܰܝܰܐ ܗ̱ܘ
1,Nisibis,76,7,Nisibis 76:7,ܟܰܕ ܠܰܝܬ ܕܶܐܟܰܠ ܠܶܗ ܠܰܝܬ ܕܣܰܒܰܥ ܡܶܢܶܗ ܟܰܕ ܠܰܘ ܡܶܐܟܽܘܠܬܰܐ ܗ̱ܘ ܠܶܗ ܗܽܘ ܟܦܶܢ ܟܽܠ ܐ̱ܢܳܫ ܠܰܠܚܡܳܟ ܢܶܬܝܰܐܰܒ ܀܀܀
1,Nisibis,76,8,Nisibis 76:8,ܥܳܠܡܳܐ ܩܳܪܶܐ ܠܳܟ ܬܳܐ ܦܽܘܩ ܠܰܬܥܳܫܳܐ ܩܰܒܪܳܐ ܩܳܪܶܐ ܠܳܟ ܬܳܐ ܢܽܘܚ ܚܰܠܳܫܳܐ ܢܶܬܢܺܝܚ ܒܰܠܡܺܐܢܳܟ
1,Nisibis,76,9,Nisibis 76:9,ܝܰܘܡܰܐ ܗ̱ܘ ܕܰܠܩܰܒܪܳܐ ܡܨܰܒܰܬ ܓܰܕܽܘ̈ܕܶܐ ܒܬܽܘ̈ܠܳܬܳܐ ܡܟܰܠܶܠ ܡܫܰܕܰܪ ܠܳܗ̇ ܠܰܫܝܽܘܠ ܢܶܚܕܽܘܢ ܥܰܡ ܥܰܠܡ̈ܰܝܟ
1,Nisibis,76,10,Nisibis 76:10,ܝܰܘܡܰܐ ܗ̱ܘ ܕܡܰܥܡܶܛ ܒܰܝܬܳܐ ܒܰܒܟܳܬܳܐ ܘܦܳܪܶܣ ܥܰܠ ܐܶܣ̈ܰܘܗ̱ܝ ܚܶܫܟܳܐ ܘܕܰܐܘܢܳܐ ܢܪܰܕܦܶܗ ܒܽܘܝܳܐܳܟ
1,Nisibis,76,11,Nisibis 76:11,ܟܐܺܝ ܡܳܪܝ̱ ܒܡܰܘܬܳܐ ܝܰܥܢܳܐ ܕܪܳܥܶܐ ܠܰܢ ܚܰܝܰܬ ܒܳܠܰܥ ܠܰܢ ܒܟܰܪܣܶܗ ܩܒܰܪ ܠܰܢ ܢܰܨܪܺܝܘܗ̱ܝ ܫܺܝܦܽܘܪܳܟ
1,Nisibis,76,12,Nisibis 76:12,ܝܰܘܡܰܐ ܗ̱ܘ ܕܡܰܫܠܰܚ ܣܰܩܠܳܐ ܕܥܰܪ̈ܣܳܬܳܐ ܘܰܚܠܳܦ ܣܩ̈ܳܠܰܝܗܶܝܢ ܒܣܰܩ̈ܶܐ ܡܶܬܟܰܡܪ̈ܳܢ ܝܰܘܡܳܟ ܢܰܦܨܰܚ ܠܰܢ
1,Nisibis,76,13,Nisibis 76:13,ܐܰܢ̱ܬܬܳܐ ܡܶܢ ܗܶܕܪܶܗ ܕܥܽܘܡܪܳܗ̇ ܡܰܦܶܩ ܠܳܗ̇ ܟܰܦܳܐ ܘܰܐܫܺܝܕ ܘܒܰܠܺܝܠ ܕܶܐܒܰܕܘ̱ ܛܽܘ̈ܟܣܰܘܗ̱ܝ ܢܛܰܟܶܣ ܢܰܦܫ̈ܳܬܰܢ
1,Nisibis,76,14,Nisibis 76:14,ܝܰܘܡܰܐ ܗ̱ܘ ܕܡܰܪܟܶܢ ܘܟܳܐܶܦ ܩܰܘܡ̈ܳܬܳܐ ܘܡܶܬܪܰܟܢܺܝܢ ܐ̱ܪ̈ܳܙܶܐ ܥܰܠ ܐ̱ܪ̈ܳܙܶܐ ܕܰܢܦܼܰܠܘ̱ ܒܳܟ ܬܽܘܒ ܡܳܪܝ̱ ܢܶܫܼܘܰܚ
1,Nisibis,76,15,Nisibis 76:15,ܦܰܓܪܳܐ ܡܶܬܚܰܒܰܠ ܕܢܶܦܩܰܬ ܠܳܗ̇ ܢܰܦܫܳܐ ܡܰܠܳܚܳܐ ܘܚܰܝܽܘܬܳܐ ܕܪ̈ܶܓܫܶܐ ܘܗ̈ܶܕܳܡܶܐ ܒܳܗ̇ ܬܽܘܒ ܢܶܨܛܰܒܰܬ
1,Nisibis,76,16,Nisibis 76:16,ܝܰܘܡܰܐ ܗ̱ܘ ܕܰܒ̈ܓܙܰܘܗ̱ܝ ܚܳܐܰܪ ܥܰܬܺܝܪܳܐ ܘܚܳܙܶܐ ܕܠܳܐ ܠܳܘܶܝܢ ܠܡܳܪܗܽܘܢ ܩ̈ܶܢܝܳܢܶܐ ܢܶܥܬܪܳܢ ܒܶܝܬ ܓܰܙܳܟ
1,Nisibis,76,17,Nisibis 76:17,ܝܰܘܡܰܐ ܗ̱ܘ ܕܟܺܐܢ̈ܶܐ ܒܰܠܚܽܘܕ ܚܳܕܶܝܢ ܒܶܗ ܕܩܳܢܶܝܢ ܘܡܰܩܕܶܝܢ ܙܘ̈ܳܕܶܐ ܕܙܶܕܩ̈ܳܬܳܐ ܢܙܽܘܕܳܢ ܚܽܘܦܛܳܟ
1,Nisibis,76,18,Nisibis 76:18,ܡܶܫܬܰܠܰܚ ܡܶܫܟܳܐ ܕܰܩܪܺܝܡ ܥܰܠ ܐܰܦ̈ܶܐ ܘܗܳܘܶܐ ܥܰܪܛܶܠܝ̱ ܘܰܫܟܺܝܪ ܦܰܪܨܽܘܦܳܐ ܢܨܰܒܬܶܗ ܢܽܘܚܳܡܳܟ ܀܀܀
1,Nisibis,76,19,Nisibis 76:19,ܐܶܕ̈ܢܶܐ ܗܘܺܝ ܢܶܩ̈ܥܶܐ ܠܗܰܘ ܪܰܚܫܳܐ ܕܰܫܝܽܘܠ ܘܥܰܝ̈ܢܶܐ ܗ̈ܘܰܝ ܩ̈ܢܶܐ ܠܪܳܡܬܳܐ ܕܰܒܩܰܒܪ̈ܶܐ ܚܙܺܝ ܡܳܪܝ̱ ܡܽܘܟܳܟܰܢ
1,Nisibis,76,20,Nisibis 76:20,ܓܒ̈ܺܝܠܶܐ ܕܡܶܢ ܛܺܝܢܳܐ ܬܳܚܘ̱ ܘܰܗܘܰܘ ܒܰܫܝܽܘܠ ܟܬܳܐ ܕܣܰܝܢܳܐ ܫ̈ܰܦܠܶܐ ܕܫܰܦܺܝܪ̈ܶܐ ܚܙܺܝ ܡܳܪܝ̱ ܚܽܘܒܠܰܢ
1,Nisibis,76,21,Nisibis 76:21,ܝܰܘܡܰܐ ܗ̱ܘ ܕܰܥܢܰܕܘ̱ ܒܶܗ ܡܰܠܟ̈ܶܐ ܒܟܰܪܝܽܘܬܳܐ ܘܰܫܪܰܘ ܬܳܓܰܝ̈ܗܽܘܢ ܘܰܢܚܶܬܘ̱ ܠܳܗ̇ ܠܰܫܝܽܘܠ ܡܰܠܟܰܢ ܒܰܫܡܰܝܰܐ ܗ̱ܘ
1,Nisibis,76,22,Nisibis 76:22,ܡܰܘܬܳܐ ܡܫܰܦܶܠ ܟܽܠ ܡܰܘܬܳܐ ܡܡܰܣܟܶܢ ܟܽܠ ܡܰܘܬܳܐ ܡܰܚܪܶܒ ܟܽܠ ܡܰܘܬܳܐ ܪܳܥܶܐ ܟܽܠ ܢܶܪܕܦܺܝܘܗ̱ܝ ܢܽܘܚܳܡܳܟ
1,Nisibis,76,23,Nisibis 76:23,ܝܰܘܡܳܐ ܕܥܽܘܢܕܳܢܳܐ ܝܰܘܡܰܐ ܗ̱ܘ ܡܰܪܺܝܪܳܐ ܝܰܘܡܰܐ ܗ̱ܘ ܡܒܰܟܶܐ ܟܽܠ ܝܰܘܡܰܐ ܗ̱ܘ ܡܰܟܡܰܪ ܟܽܠ ܢܶܙܟܶܝܘܗ̱ܝ ܡܳܪܝ̱ ܝܰܘܡܳܟ
1,Nisibis,76,24,Nisibis 76:24,ܝܰܘܡܳܐ ܕܢܽܘܚܳܡܳܐ ܗܽܘܝܽܘ ܡܚܰܠܶܛ ܟܽܠ ܗܽܘܝܽܘ ܡܒܰܝܰܐ ܟܽܠ ܗܽܘܝܽܘ ܡܰܦܨܰܚ ܟܽܠ ܢܶܕܪܟܰܢ ܡܳܪܝ̱ ܝܰܘܡܳܟ
1,Nisibis,76,25,Nisibis 76:25,ܝܰܘܡܰܐ ܗ̱ܘ ܕܰܐܒܳܗ̈ܶܐ ܚܳܙܶܝܢ ܠܰܒܢܰܝ̈ܗܽܘܢ ܝܰܘܡܰܐ ܗ̱ܘ ܬܽܘܒ ܕܰܐܚ̈ܶܐ ܚܳܙܶܝܢ ܠܰܐܚ̈ܰܝܗܽܘܢ ܫܽܘܒܚܳܐ ܠܡܰܚܶܐ ܟܽܠ
1,Nisibis,77,1,Nisibis 77:1,ܒܥܰܢܺܝܕܳܐ ܢܶܚܙܶܝܘܗ̱ܝ ܠܥܽܘܡܪܰܢ ܕܰܐܝܟ ܚܶܠܡܰܐ ܗ̱ܘ ܐܶܢ ܓܶܝܪ ܩܰܢܝܳܐ ܗܳܐ ܛܠܶܩ ܐܰܝܟ ܚܶܙܘܳܐ ܚܰܕ ܟܡܳܐ ܩܶܢܝܳܢܶܗ
1,Nisibis,77,2,Nisibis 77:2,ܒܗܳܢܳܐ ܟܺܝܬ ܝܰܘܡܳܐ ܕܒܰܛܶܠ ܪܽܘܟܳܒܰܢ ܬܰܘ ܢܶܒܛܶܠ ܢܶܚܙܶܝܘܗ̱ܝ ܠܥܳܠܡܳܐ ܕܰܒܛܶܠ ܠܶܗ ܠܡܳܪܰܢ ܬܰܘ ܢܶܦܠܽܘܚ
1,Nisibis,77,3,Nisibis 77:3,ܝܰܘܡܰܐ ܗ̱ܘ ܕܰܡܫܰܬܶܩ ܠܦܽܘܡܳܐ ܘܠܳܐ ܢܨܳܪ ܕܓܳܙ ܡܰܒܽܘܥ ܡ̈ܶܠܰܘܗ̱ܝ ܘܰܡܥܶܝܢ ܦܶܬܓܳܡ̈ܰܘܗ̱ܝ ܒܡܶܠܬܳܟ ܢܶܬܒܰܝܰܐ ܀܀܀
1,Nisibis,77,4,Nisibis 77:4,ܝܰܘܡܰܐ ܗ̱ܘ ܕܣܳܟܰܪ ܐܶܕ̈ܢܶܐ ܦܬܺܝܚ̈ܳܬܳܐ ܕܫܳܥ ܐܶܢܶܝܢ ܡܰܘܬܳܐ ܘܰܗ̈ܘܰܝ ܚܰܪ̈ܫܳܬܳܐ ܒܩܳܠܳܟ ܢܶܬܦܰܬܚܳܢ
1,Nisibis,77,5,Nisibis 77:5,ܝܰܘܡܰܐ ܗ̱ܘ ܕܡܰܥܡܶܨ ܥܰܝ̈ܢܶܐ ܦܰܐܝ̈ܳܬܳܐ ܫܪ̈ܳܓܶܐ ܘܠܰܡܦܺܐܕ̈ܶܐ ܕܗܰܝܟܰܠ ܢܰܦܫ̈ܳܬܳܐ ܢܶܚܙܶܝܢ ܢܰܗܺܝܪܳܟ
1,Nisibis,77,6,Nisibis 77:6,ܥܰܝ̈ܢܶܐ ܐܰܝܟ ܟܰܘ̈ܶܐ ܣܟܰܪ ܐܳܦ ܡܰܚܫܳܟ ܠܒܰܝܬܳܐ ܕܰܫܒܰܩܬܶܗ ܬܰܘܬܳܒܬܳܐ ܢܰܦܫܳܐ ܢܩܰܒܠܳܗ̇ ܒܢܽܘܚܳܡܳܐ
1,Nisibis,77,7,Nisibis 77:7,ܝܰܘܡܰܐ ܗ̱ܘ ܕܠܺܐ̈ܝܕܶܐ ܦܳܟܰܪ ܘܡܰܫܠܶܐ ܫܰܪܺܝ ܘܠܳܐ ܫܰܠܶܡ ܘܰܫܒܰܩ ܚ̈ܶܢܓܳܬܳܐ ܒܚܰܝܠܳܟ ܢܶܬܠܰܒܰܒ
1,Nisibis,77,8,Nisibis 77:8,ܡܓܰܪܶܣ ܗ̈ܰܠܟܳܬܳܐ ܡܰܟܦܰܪ ܥܶܩܒ̈ܳܬܳܐ ܠܰܝܬ ܬܽܘܒ ܕܽܘܪ̈ܟܳܬܶܗ ܕܰܦܣܰܩ ܐܽܘܪ̈ܚܳܬܶܗ ܢܕܽܘܨܳܢ ܒܰܚܠܽܘܠܳܟ
1,Nisibis,77,9,Nisibis 77:9,ܝܰܘܡܰܐ ܗ̱ܘ ܕܬܰܟܶܣ ܢܶܫܡܬܳܐ ܕܠܳܐ ܬܶܥܽܘܠ ܡܶܢ ܓܰܘ ܐܳܠܶܨ ܠܳܗ̇ ܕܬܶܦܽܘܩ ܪܳܕܶܦ ܠܳܗ̇ ܬܪܰܕܦܺܝܘܗ̱ܝ ܒܢܽܘܚܳܡܳܐ
1,Nisibis,77,10,Nisibis 77:10,ܡܰܚܫܰܒܬܶܗ ܕܺܐܝܬܶܝܗ̇ ܓܺܝܓܰܠ ܟܽܠ ܙܰܘ̈ܥܺܝܢ ܒܬܶܡܗܳܐ ܐܶܣܰܪ ܠܳܗ̇ ܒܫܶܬܩܳܐ ܡܰܫܠܶܐ ܠܳܗ̇ ܬܰܫܘܶܐ ܠܡܰܠܟܽܘܬܳܟ
1,Nisibis,77,11,Nisibis 77:11,ܝܰܘܡܰܐ ܗ̱ܘ ܕܓܰܘܢܳܐ ܒܓܰܘܢܳܐ ܡܶܬܚܰܠܰܦ ܚܠܳܦ ܗܰܘ ܕܚ̈ܰܝܶܐ ܕܡܺܝ̈ܬܶܐ ܡܶܬܥܰܛܰܦ ܒܢܽܘܗܪܳܟ ܢܶܙܕܰܗܶܐ
1,Nisibis,77,12,Nisibis 77:12,ܬܩܽܘܠܘ̱ ܓ̈ܰܠܶܐ ܘܦܰܓܪ̈ܶܐ ܘܰܚܙܰܘ ܠܛܳܒܳܐ ܕܶܐܢ ܓ̈ܰܠܶܐ ܡܢܰܚܶܡ ܟܡܳܐ ܟܺܝܬ ܦܰܓܪ̈ܰܝܟܽܘܢ ܢܰܚܶܐ ܠܬܶܫܒܽܘܚܬܶܗ
1,Nisibis,77,13,Nisibis 77:13,ܫ̈ܳܥܶܐ ܣܕܺܝܪ̈ܳܢ ܐܶܢܶܝܢ ܚܕܳܐ ܚܕܳܐ ܒܥܶܕܳܢܳܗ̇ ܗܳܟܰܢ ܣܕܺܝܪ̈ܺܝܢ ܙܰܒ̈ܢܶܐ ܠܡܳܪܶܐ ܟܽܠ ܫܽܘܒܚܳܐ ܠܡܰܬܩܶܢ ܟܽܠ
1,Nisibis,77,14,Nisibis 77:14,ܫܳܥܬܳܐ ܗ̱ܝ ܕܰܥܣܰܪ ܠܳܐ ܩܰܕܡܳܐ ܠܰܕܫܶܬ ܗܳܟܰܢ ܠܳܐ ܬܶܒܥܽܘܢ ܀܀܀ ܙܰܒ̈ܢܶܐ ܩܕܳܡ ܙܰܒ̈ܢܶܐ ܒܪܺܝܟ ܗ̱ܽܘ ܡܛܰܟܶܣ ܟܽܠ
1,Nisibis,77,15,Nisibis 77:15,ܫܰܦܺܝܪ ܬܽܘܒ ܣܺܝܡܺܝܢ ܝܰܪ̈ܚܶܐ ܠܛܽܘܟܳܣܳܐ ܘܠܳܐ ܩܕܳܡ ܝܰܪܚܳܐ ܠܝܰܪ̈ܚܶܐ ܒܡܶܢܝܳܢܳܐ ܒܪܺܝܟ ܗ̱ܽܘ ܒܛܽܘܟ̈ܳܣܰܘܗ̱ܝ
1,Nisibis,77,16,Nisibis 77:16,ܫܓܺܝܫܳܐ ܗ̱ܝ ܕܰܠܬܶܫܪܺܝܢ ܢܺܝܣܳܢ ܗ̱ܘܳܐ ܩܕܳܡ ܘܰܫܓܺܝܫ ܡܰܢ ܕܶܐܡܰܪ ܕܰܐܝܟܰܘ ܢܽܘܚܳܡܳܐ ܒܪܺܝܟ ܗ̱ܽܘ ܣܳܕܰܪ ܟܽܘܠ
1,Nisibis,77,17,Nisibis 77:17,ܫܓܺܝܫܳܐ ܗ̱ܝ ܕܰܠܙܰܪܥܳܐ ܚܶܨܕܳܐ ܗܳܘܶܐ ܩܕܳܡ ܘܗܳܟܰܢ ܕܰܠܡܰܘܬܳܐ ܢܶܩܕܽܘܡ ܢܽܘܚܳܡܳܐ ܫܽܘܒܚܳܐ ܠܰܐܟܪܰܢ
1,Nisibis,77,18,Nisibis 77:18,ܫܳܠܶܡ ܓܶܝܪ ܘܡܰܘܦܶܐ ܙܰܪܥܳܐ ܕܥܰܢܺܝ̈ܕܶܐ ܘܡܳܛܶܠ ܙܒܰܢ ܥܺܝܪ̈ܶܐ ܠܡܶܦܰܩ ܠܚܶܨܕܳܐ ܫܽܘܒܚܳܐ ܠܙܳܪܽܘܥܰܢ
1,Nisibis,77,19,Nisibis 77:19,ܫܰܦܺܝܪ ܟܺܝܬ ܪܳܕܶܐ ܝܰܠܕܳܐ ܩܕܳܡ ܡܰܘܬܳܐ ܘܫܰܦܺܝܪ ܕܰܠܡܰܘܬܳܐ ܡܚܰܬܶܡ ܢܽܘܚܳܡܳܐ ܫܽܘܒܚܳܐ ܠܝܳܕܰܥ ܟܽܘܠ ܀܀܀
