book_order,book,chapter,verse,reference,syriac
13,1 Chronicles,1,1,1 Chronicles 1:1,אדם שת אנוש:
13,1 Chronicles,1,2,1 Chronicles 1:2,קינן מהללאל ירד:
13,1 Chronicles,1,3,1 Chronicles 1:3,חנוך מתושלח למך:
13,1 Chronicles,1,4,1 Chronicles 1:4,נח שם חם ויפת:
13,1 Chronicles,1,5,1 Chronicles 1:5,בנוי דיפת גמר ומגוג ומדי ויון ותובל ומשך ותירס ושום אפרכויתהון אפקיקי וגרמניא והמדאי ומוקדוניא ויתיניא ומוסיא ותרקי: :
13,1 Chronicles,1,6,1 Chronicles 1:6,ובנוי דגמר אשכנז ודיפת ותוגרמה ושום אפרכויתהון אסיא ופרסווי וברבריא:
13,1 Chronicles,1,7,1 Chronicles 1:7,ובנוי דמוקדון אלסו וטרסוס איטליון ודרדניא: :
13,1 Chronicles,1,8,1 Chronicles 1:8,ובנוי דחם ערב ומצריי ואלייחרק וכנען:
13,1 Chronicles,1,9,1 Chronicles 1:9,ובנוי דערב סינידאי והינדקאי וסמדאי ולובאי וזיננאי ובנוי דמוריאטינוס דמרגד ומזג:
13,1 Chronicles,1,10,1 Chronicles 1:10,וערב אוליד ית נמרוד הוא שרי למהוי גבר בחטאה שדי אדם זכאי ומרוד קדם יי:
13,1 Chronicles,1,11,1 Chronicles 1:11,ומצרים אוליד ית ניוטאי וית מריוטאי וית ליוקאי וית פנטסכינאי:
13,1 Chronicles,1,12,1 Chronicles 1:12,וית פנטפוליטאי וית ניסיוטאי דנפקו מנהון פלשתאי וית קפוטקאי:
13,1 Chronicles,1,13,1 Chronicles 1:13,וכנען אוליד ית בותניאס הוא דבנא ית צידון הוא בוכריה דכנען וית חת:
13,1 Chronicles,1,14,1 Chronicles 1:14,וית יבוסאי וית אמוראי וית גרגשאי:
13,1 Chronicles,1,15,1 Chronicles 1:15,וית חואי וית ערקאי וית אנתוסאי:
13,1 Chronicles,1,16,1 Chronicles 1:16,וית לוטסאי וית חומצי וית אנטיוכאי:
13,1 Chronicles,1,17,1 Chronicles 1:17,בנוי דשם עלמאי ואתוראי וארפסדאי ולודאי וארמאי וארמציאי וחולאי וגיתראי ומשכאי:
13,1 Chronicles,1,18,1 Chronicles 1:18,וארפסדאי אוליד ית שלח ושלח אוליד ית עבר:
13,1 Chronicles,1,19,1 Chronicles 1:19,ולעבר אתילידו תרין בנין שום חד פלג ארום ביומוי אתפליגו דירי ארעא ללשנהון ושום אחוי יקטן מטול דביומו שריאו שניהון דבני נשא לאתקטעא מן בגלל חוביהון:
13,1 Chronicles,1,20,1 Chronicles 1:20,ויקטן אוליד ית אלמודד דמשח ופלגות ארעא באושליא וית שלף דשלף ית נהרותא לתחומיא וית חצרמות דאתקין אתר כמניא לקטלא עדי ארחא וית ירח דאתקן פונדוקין והוה כל דעליל למיכל ולמישתי הוה מוכיל ליה סמא דקטול ונסיב כל מה דהוה בידוי:
13,1 Chronicles,1,21,1 Chronicles 1:21,וית הדורם וית אוזל וית דקלה:
13,1 Chronicles,1,22,1 Chronicles 1:22,וית עיבל וית אבימאל וית שבא:
13,1 Chronicles,1,23,1 Chronicles 1:23,וית אופיר אתר מפקנות דהבא וית חוילה אתר מפקנות מרגליתא וית יובב כל אלין בנוי דיקטן:
13,1 Chronicles,1,24,1 Chronicles 1:24,שם כהנה ארפסדיי שלח:
13,1 Chronicles,1,25,1 Chronicles 1:25,עבר פלג רעו:
13,1 Chronicles,1,26,1 Chronicles 1:26,שרוג נחור תרח:
13,1 Chronicles,1,27,1 Chronicles 1:27,אברם איהוא אברהם:
13,1 Chronicles,1,28,1 Chronicles 1:28,בנוי דאברהם יצחק וישמעאל:
13,1 Chronicles,1,29,1 Chronicles 1:29,אלין תולדתהון בוכרא דישמעאל נבט וערב ואדבאל ומבשם:
13,1 Chronicles,1,30,1 Chronicles 1:30,וציתא ושתוקא ומסוברא חריפא ואדרומא:
13,1 Chronicles,1,31,1 Chronicles 1:31,יטור נפיש וקדומא אלין הנון בנוי דישמעאל:
13,1 Chronicles,1,32,1 Chronicles 1:32,ובניא דקטורא פלקתא דאברהם זמרן יקשן מדן מדין ישבק שוח ובנוי דיקשן זמרגד ומזג:
13,1 Chronicles,1,33,1 Chronicles 1:33,ובנוי דמדין חולד ועפר וחנוך ואבידע ואלדעה כל אלין בני קטורה:
13,1 Chronicles,1,34,1 Chronicles 1:34,ואוליד אברהם ית יצחק בני יצחק עשו וישראל:
13,1 Chronicles,1,35,1 Chronicles 1:35,בנוי דעשו אליפז רעואל ויעוש ויעלם וקורח:
13,1 Chronicles,1,36,1 Chronicles 1:36,בנוי דאליפז תימן אומר צפי וגעתם וקנז ותמנע ועמלק:
13,1 Chronicles,1,37,1 Chronicles 1:37,בנוי דרעואל נחת זרח שמה ומזה:
13,1 Chronicles,1,38,1 Chronicles 1:38,ובנוי דגבל לוטאי ושובלאי וצבעון וענה ודישון ואצר ודישן:
13,1 Chronicles,1,39,1 Chronicles 1:39,ובנוי דלוטן חורי והומם ואחות לוטן תמנע:
13,1 Chronicles,1,40,1 Chronicles 1:40,בנוי דשובל עלין ומנחת ועיבל שפי ואונם ובנוי דצבעון איה וענה:
13,1 Chronicles,1,41,1 Chronicles 1:41,בנוי דענה דישון ובנוי דדישון חמרן ואשבן ויתרן וכרן:
13,1 Chronicles,1,42,1 Chronicles 1:42,בנוי דאצר בלהן וזעון יעקן בנוי דדישון ארמניוס וארן:
13,1 Chronicles,1,43,1 Chronicles 1:43,ואלין מלכיא די מלכו בארעא דאדום קדם עד דלא מלך מלכא לבני ישראל בלעם בר בעור רשיעא הוא לבן ארמאה דאתחבר עם בנוי דעשו מטול למחבלא ית יעקב וית בנוי ובעא להובדא יתהון ומלך על אדום ושום קרתא דבית מלכותיה דנהבה דאתיהיבת ליה מגן:
13,1 Chronicles,1,44,1 Chronicles 1:44,ומית בלע דקטליה פנחס במדברא ומליך תחותוי יובב בר זרח מן בוטרה:
13,1 Chronicles,1,45,1 Chronicles 1:45,ומית יובב ומליך תחותוי חושם דמן ארעא דרומא:
13,1 Chronicles,1,46,1 Chronicles 1:46,ומית חושם ומליך תחותוי הדד בר בדד דקטל ית מדינאי בחקלי מואבאי בעדן דסדרו קרבא עמהון ושום קרתא דבית מלכותיה עוית:
13,1 Chronicles,1,47,1 Chronicles 1:47,ומית הדד ומליך תחותוי שמלה דמן משרקה:
13,1 Chronicles,1,48,1 Chronicles 1:48,ומית שמלה ומליך תחותוי שאול דמן פלטיותא קרתא רבתא דמתבניא על כיף פרת:
13,1 Chronicles,1,49,1 Chronicles 1:49,ומית שאול ומליך תחותוי בעל חנן בר עכבור:
13,1 Chronicles,1,50,1 Chronicles 1:50,ומית בעל חנן ומליך תחותוי הדד ושום קרתא דבית מלכותיה פעי ושום אנתתיה מהיטבאל ברת מטרד דהות לעי במטרדותא ובסרדותא ומן דעתר וקנא נכסין הוה מתגאה והדר למימר מה הוא כספא ומה הוא דהבא:
13,1 Chronicles,1,51,1 Chronicles 1:51,ומית הדד ופסקת מנהון מלכותא ארום אתכבישת ארעא קדם בנוי דעשו והווי רברבי אדומאי שלטין בארעא דגבלא רבא תמנע רבא עלוה רבא יתת:
13,1 Chronicles,1,52,1 Chronicles 1:52,רבא אהליבמה רבא אלה רבא פינון:
13,1 Chronicles,1,53,1 Chronicles 1:53,רבא קנז רבא תימן רבא מבצר:
13,1 Chronicles,1,54,1 Chronicles 1:54,רבא מגדיאל רבא עירם אלין רברבני אדומאי:
13,1 Chronicles,2,1,1 Chronicles 2:1,אלין בני ישראל ראובן שמעון לוי ויהודה יששכר וזבלון:
13,1 Chronicles,2,2,1 Chronicles 2:2,דן יוסף ובנימין נפתלי גד ואשר:
13,1 Chronicles,2,3,1 Chronicles 2:3,בני יהודה ער ואונן ושלה תלתיהון אתילידו ליה מן בת שוע פרקמטיתא והוון ער ואונן עבדין דביש קדם יי וקטלנון על דהוון מחבלין ית ארחתהון:
13,1 Chronicles,2,4,1 Chronicles 2:4,ותמר כלתיה ילידת ליה ית פרץ וית זרח כלהון בני יהודה חמשא:
13,1 Chronicles,2,5,1 Chronicles 2:5,בנוי דפרץ חצרון וחמול:
13,1 Chronicles,2,6,1 Chronicles 2:6,ובנוי דזרח זמרי ואיתן והימן וכלכול ודרדע כלהון אמרכולין דרוח נבואה שרית עליהון והנון חמשא:
13,1 Chronicles,2,7,1 Chronicles 2:7,ובנוי דכרמי הוא זמרי עכר הוא עכן די עכר ישראל כד אפכו ונפלו קדם אנשי עי מטול דשקר בחרמא:
13,1 Chronicles,2,8,1 Chronicles 2:8,ובנוי דאיתן עזריה:
13,1 Chronicles,2,9,1 Chronicles 2:9,ובנוי דחצרון די אתילידו ליה בתמנת ית ירחמאל וית רם וית כלובי:
13,1 Chronicles,2,10,1 Chronicles 2:10,ורם אוליד ית עמינדב ועמינדב אוליד ית נחשון רב בית אבא לבני יהודה:
13,1 Chronicles,2,11,1 Chronicles 2:11,ונחשון אוליד ית שלמא ושלמא אוליד ית בעז:
13,1 Chronicles,2,12,1 Chronicles 2:12,ובעז אוליד ית עובד ועובד אוליד ית ישי:
13,1 Chronicles,2,13,1 Chronicles 2:13,וישי אוליד ית בוכריה ית אליאב ואבינדב תנין ושמעא תליתאי:
13,1 Chronicles,2,14,1 Chronicles 2:14,נתנאל רביעאי רדי חמשאי:
13,1 Chronicles,2,15,1 Chronicles 2:15,אצם שתיתאי דויד שביעאי:
13,1 Chronicles,2,16,1 Chronicles 2:16,ואחותהון צרויה ואביגיל ובני צרויה אבישי ויואב ועשאל תלתיהון גוברין:
13,1 Chronicles,2,17,1 Chronicles 2:17,ואביגיל ילידת ית עמשא ואבא דעמשא יתר ישראלא והוו צוחין ליה יתר ישמעאלא מטול דזריז ית חרצוי בסיפא למסיעא ית דוד בערכאה כד בעא אבנר למרחקא ית דוד וכל נגיסת ישי דלא ידכון למיעל בקהלא דיי על עיסק רות מואביתא:
13,1 Chronicles,2,18,1 Chronicles 2:18,וכלב בר חצרון אוליד מן עזובה אנתתיה ומאי צוחין לה עזובה מן בגלל דהות עקרה ובזיותא וגלי קדם יי עולבנה ואתרוחת ואשתבחרת בחכמתא והות עזלא בחכמתא ית מעזי על גויתהון דעזיא כדלא גזיל מטול יריעת משכנא ואלין בניהא ישר ושובב וארדון:
13,1 Chronicles,2,19,1 Chronicles 2:19,ומיתת עזובה ונסיב ליה כלב ית מרים דמתקריא ית אפרת וילדת ליה ית חור:
13,1 Chronicles,2,20,1 Chronicles 2:20,וחור אוליד ית אורי ואורי אוליד ית בצלאל:
13,1 Chronicles,2,21,1 Chronicles 2:21,ומן בתר כדין שרגיג חצרון בתולתא ית ברת מכיר אבא דגלעד והוא נסבה לאנתו והוא הוה בר שתין שנין כד ילידת ליה ית שגוב:
13,1 Chronicles,2,22,1 Chronicles 2:22,ושגוב אוליד ית יאיר והוו ליה עשרים ותלת קרוין בארעא דגלעד:
13,1 Chronicles,2,23,1 Chronicles 2:23,ודברו גשוראי ואמראי ית כפרני יאיר מנהון ית קנת וית כפרנהא שתין קרוין כל אלין הוון דמכיר אבא דגלעד:
13,1 Chronicles,2,24,1 Chronicles 2:24,ומן בתר כדין מית חצרון בבית כלב בריה באפרת ואתת חצרון אביה ברת מכיר אשתירת מעברא וילידת ליה בתר מותיה ית אשחור רבהון דתקועאי:
13,1 Chronicles,2,25,1 Chronicles 2:25,והוון בני ירחמאל בוכרא דחצרון בוכרא רם ובונה ואורן ואצם ואחיה:
13,1 Chronicles,2,26,1 Chronicles 2:26,והות אתתא חורניתא לירחמאל ושמה עטרה היא אמיה דאונם:
13,1 Chronicles,2,27,1 Chronicles 2:27,והוו בני רם בוכרא דירחמאל מעץ וימין ועקר:
13,1 Chronicles,2,28,1 Chronicles 2:28,והוו בני אונם שמי וידע ובני שמי נדב ואבישור:
13,1 Chronicles,2,29,1 Chronicles 2:29,ושום אתת אבישור אביחיל וילידת ליה ית אחבן וית מוליד:
13,1 Chronicles,2,30,1 Chronicles 2:30,ובני נדב סלד ואפים ומית סלד בלא בנין:
13,1 Chronicles,2,31,1 Chronicles 2:31,ובני אפים ישעי ובני ישעי ששן ובני ששן אחלי:
13,1 Chronicles,2,32,1 Chronicles 2:32,ובני ידע אחוי דשמי יתר ויונתן ומית יתר בלא בנין:
13,1 Chronicles,2,33,1 Chronicles 2:33,ובני יונתן פלת וזזא אלין הוון בני ירחמאל:
13,1 Chronicles,2,34,1 Chronicles 2:34,ולא הוון לששן בנין אלהין בנתא ולששן עבדא מצראה ושמיה ירחע:
13,1 Chronicles,2,35,1 Chronicles 2:35,ושחרר יתיה ויהב ששן ית ברתיה לירחע עבדיה לאתו וילידת ליה ית עתי:
13,1 Chronicles,2,36,1 Chronicles 2:36,ועתי אוליד ית נתן ונתן אוליד ית זבד:
13,1 Chronicles,2,37,1 Chronicles 2:37,וזבד אוליד ית אפלל ואפלל אוליד ית עובד:
13,1 Chronicles,2,38,1 Chronicles 2:38,ועובד אוליד ית יהוא ויהוא אוליד ית עזריה:
13,1 Chronicles,2,39,1 Chronicles 2:39,ועזריה אוליד ית חלץ וחלץ אוליד ית אלעשה:
13,1 Chronicles,2,40,1 Chronicles 2:40,ואלעשה אוליד ית ססמי וססמי אוליד ית שלום:
13,1 Chronicles,2,41,1 Chronicles 2:41,ושלום אוליד ית יקמיה ויקמיה אוליד ית אלישמע:
13,1 Chronicles,2,42,1 Chronicles 2:42,ובני כלב אחוי דירחמאל משע בוכריה הוא רבהון דזיפאי ובני מרישה אבא דחברון:
13,1 Chronicles,2,43,1 Chronicles 2:43,ובני חברון קרח ותפוח ורקם ושמע:
13,1 Chronicles,2,44,1 Chronicles 2:44,ושמע אוליד ית רחם אבא דירקעם ורקם אוליד ית שמי:
13,1 Chronicles,2,45,1 Chronicles 2:45,ובריה דשמי מעון ומעון אבא דבית צור:
13,1 Chronicles,2,46,1 Chronicles 2:46,ועיפה פלקתיה דכלב ילידת ית חרן וית מוצא וית גזז וחרן אוליד ית גזז:
13,1 Chronicles,2,47,1 Chronicles 2:47,ובני יהדי רגם ויותם וגישן ופלט ועיפה ושעף:
13,1 Chronicles,2,48,1 Chronicles 2:48,פלקתיה דכלב מעכה ילידת ית שבר וית תרחנה:
13,1 Chronicles,2,49,1 Chronicles 2:49,ויולידת שעף ית אבא דמדמנה וית שבא אבא דמכבנא ואבא דגבעא וברתיה דכלב עכסא:
13,1 Chronicles,2,50,1 Chronicles 2:50,אלין הוו בנוי דכלב בר חור בוכרא דאפרת שובל רבהון דקרית יערים:
13,1 Chronicles,2,51,1 Chronicles 2:51,שלמא רבהון דבית לחם חרף רבהון דבית גדר:
13,1 Chronicles,2,52,1 Chronicles 2:52,והוון בנין לשובל רב קרית יערים תלמידיא וכהניא דחזין לפלגא קרבניא:
13,1 Chronicles,2,53,1 Chronicles 2:53,וגניסיא דיתבין בקרית יערים בני משה די ילידת ליה צפרה יתראי פותאי ושומתאי ומשרעאי מאלין נפקו תלמידי נביא דצרעה ואשתאול:
13,1 Chronicles,2,54,1 Chronicles 2:54,בנוי דשלמא דמן בית לחם צדיקיא דשומהון טב היכנטופא דבטילו פרוזדואון דאותיב ירבעם בארחא דלא יעלון בכוריא לירושלם והוון בנוי דשלמא מעטרין פירי בכוריא בצניא ומובלין בצינעא לירושלם וצלחין קיסיא ועבדין סולמיא ומסקין לירושלם לסדור בית מוקדא לקרבניא הנון אתו מזרעית יואב בר צרויה ומנהון כהניא דמפלגין מותר קרבניא בירושלם ותלמידי נביא דמן צרעה:
13,1 Chronicles,2,55,1 Chronicles 2:55,וגניסת רחביה בר אליעזר בר משה תלמידיא דיעבץ הוא עתניאל בר קנן יעבץ הוון צוחין ליה דאקים בעיצתיה תרביצא לתלמידיא תרעתים הוון צוחין להון דהוה קלהון במשבחיהון היכיבבא שמעתים דהוון מסברין אפין בשמעתתא סוכתים דהוון מטללין ברוח נבואה הנון שלמאי בני צפורה דמתיחסין עם גניסת לואי דאתין מזרעית משה רבהון דטב להון זכותיה לפרשין וארתיכין :
13,1 Chronicles,3,1,1 Chronicles 3:1,ואלין הוו בני דויד דאתילידו ליה בחברון בוכרא אמנון לאחינועם דמן יזרעאל תנינא דניאל הוא כלאב דדמיה כליה לאבא דיליה לאביגיל דמן כרמלא:
13,1 Chronicles,3,2,1 Chronicles 3:2,תליתי אבשלום בר מעכה ברת תלמי מלכא דגשור רביעאה אדניה בר חגית:
13,1 Chronicles,3,3,1 Chronicles 3:3,חמישאה שפטיה לאביטל שתיתאה יתרעם לעגלה אנתתיה היא מיכל ברת שאול:
13,1 Chronicles,3,4,1 Chronicles 3:4,אשתה אתילידו ליה בחברון ומלך תמן שבע שנין ואשתה ירחין ותלתין ותלת שנין מלך בירושלם:
13,1 Chronicles,3,5,1 Chronicles 3:5,ואלין אתילידו ליה בירושלם שמעא ושובב ונתן ושלמה ארבעתהון לבת שוע היא בת שבע ברת עמיאל:
13,1 Chronicles,3,6,1 Chronicles 3:6,ויבחר ואלישמע ואליפלט:
13,1 Chronicles,3,7,1 Chronicles 3:7,ונגה ונפג ויפיע:
13,1 Chronicles,3,8,1 Chronicles 3:8,ואלישמע ואלידע ואליפלט תשעא:
13,1 Chronicles,3,9,1 Chronicles 3:9,כלהון בני דויד בר מן בני פלגתין ותמר אחתהון:
13,1 Chronicles,3,10,1 Chronicles 3:10,ובריה דשלמה רחבעם אביה בריה אסא בריה יהושפט בריה:
13,1 Chronicles,3,11,1 Chronicles 3:11,יורם בריה אחזיהו בריה יואש בריה:
13,1 Chronicles,3,12,1 Chronicles 3:12,אמציהו בריה עזריה בריה יותם בריה:
13,1 Chronicles,3,13,1 Chronicles 3:13,אחז בריה חזקיהו בריה מנשה בריה:
13,1 Chronicles,3,14,1 Chronicles 3:14,אמון בריה יאשיהו בריה:
13,1 Chronicles,3,15,1 Chronicles 3:15,ובני יאשיהו בוכרא יוחנן תנינא יהויקים תליתאה צדקיהו רביעאה שלום דשלימת מלכותא דבית דוד ביומוי:
13,1 Chronicles,3,16,1 Chronicles 3:16,ובני יהויקים יכניה בריה צדקיה בריה:
13,1 Chronicles,3,17,1 Chronicles 3:17,ובני יכניה אסר שאלתיאל בריה:
13,1 Chronicles,3,18,1 Chronicles 3:18,ומלכירם ופדיה ושנאצר יקמיה הושמע ונדביה:
13,1 Chronicles,3,19,1 Chronicles 3:19,ובני פדיה זרבבל ושמעי ובר זרבבל משלם וחנניה ושלמית אחתהון:
13,1 Chronicles,3,20,1 Chronicles 3:20,וחשובה ואהל וברכיה וחסריה יושב חסד חמש:
13,1 Chronicles,3,21,1 Chronicles 3:21,ובני חנניה פלטיה וישעיה ובני רפיה בני ארנן בני עובדיה בני שכניה:
13,1 Chronicles,3,22,1 Chronicles 3:22,ובני שכניה שמעיה ובני שמעיה חטוש ויגאל ובריח ונעריה ושפט אשתה:
13,1 Chronicles,3,23,1 Chronicles 3:23,ובני נעריה אליועיני וחזקיה ועזריקם תלתא:
13,1 Chronicles,3,24,1 Chronicles 3:24,ובני אליועיני הודויהו ואלישיב ופליה ועקוב ויוחנן ודליה וענני הוא מלכא משיחא דעתיד לאתגלאה כלהון שבעא:
13,1 Chronicles,4,1,1 Chronicles 4:1,בני יהודה פרץ חצרון וכרמי וחור ושובל:
13,1 Chronicles,4,2,1 Chronicles 4:2,וראיה בר שובל אוליד ית יחת ויחת אוליד ית אחומי וית להד אלין זרעית יהודה דיתבין בצרעה:
13,1 Chronicles,4,3,1 Chronicles 4:3,ואלין רבניא דיתבין בעיטם יזרעאל וישמא וידבש ושום אחתהון הצללפוני:
13,1 Chronicles,4,4,1 Chronicles 4:4,ופנואל אבא דגדור ועזר אבא דחושה אלין בני חור בוכרא דאפרת היא מרים ואתמנא רבא בבית לחם:
13,1 Chronicles,4,5,1 Chronicles 4:5,ולאשחור רבא דתקוע הוון תרתין נשין חלאה ונערה:
13,1 Chronicles,4,6,1 Chronicles 4:6,וילידת ליה נערה ית אחזם וית חפר וית תימני וית אחשתרי אלין בני נערה:
13,1 Chronicles,4,7,1 Chronicles 4:7,ובני חלאה צרת וצוחר ואתנן וקוץ:
13,1 Chronicles,4,8,1 Chronicles 4:8,וקוץ אוליד ית ענוב וית צובבה וגניסת אחרחל הוא חור בוכרא דמרים:
13,1 Chronicles,4,9,1 Chronicles 4:9,והוה יעבץ הוא עתניאל יקיר וחכים באוריתא יתיר מן אחוהי ואמיה קרת שמיה יעבץ ארום בצערא ילידתיה:
13,1 Chronicles,4,10,1 Chronicles 4:10,וצלי יעבץ לאלהא דישראל למימר אין ברכא תברכנני בבניא ותסגי ית תחומי בתלמידיא ותהי ידך עמי במשקל ומטרא ותעביד לי חבריא דכמתי מן בגלל דלא ירגזנני יצרא בישא ואיתי יי ית מה דשאיל:
13,1 Chronicles,4,11,1 Chronicles 4:11,וכלוב אחוי דשוחא אוליד ית פירוג הוא אבא דאשתון:
13,1 Chronicles,4,12,1 Chronicles 4:12,ואשתון אוליד ית בית רפא וית פסח וית תחנה אבי עיר נחש אלין אנשי סנהדרין רבתא:
13,1 Chronicles,4,13,1 Chronicles 4:13,ובני קנז עתניאל הוא יעבץ ושריה ובני עתניאל חתת:
13,1 Chronicles,4,14,1 Chronicles 4:14,ומעונותי אוליד ית עפרה ושריה אוליד ית מואב רב חילא דאומניא ארום אומנוא הוו:
13,1 Chronicles,4,15,1 Chronicles 4:15,ובני כלב בר יפנה הוא חצרון והוו צוחין ליה כלב בר יפנה מטול דפני לביה מן עיטת מאלליא ואלין בנוי עירו אלה ונעם ובני אלה קנז:
13,1 Chronicles,4,16,1 Chronicles 4:16,ובני יהללאל זיף וזיפה תריא ואשראל:
13,1 Chronicles,4,17,1 Chronicles 4:17,ובריה דעזרה יתר ומרד ועפר וילון ואעדיאת מניה מרים היא אפרת ית שמי וית ישבח אבא דאשתמוע:
13,1 Chronicles,4,18,1 Chronicles 4:18,ואנתתיה יהודיתא רביאת ית משה כד שחלתיה מן מיא וקרת שמיה ירד דאוחית מנא לישראל רבא דגדור דבנא חורבנהון דישראל וית חבר דחביר ישראל לאבוהון די בשמיא רבא דסוכו דטליל על בית ישראל בזכותיה וית יקותיאל דאמתינו ישראל לאלהא דבשמיא ביומוי ארבעין שנין במדברא רבא זנוח דשבק אלהא על חובי ישראל אמטולתיה אלין שמהן קרת ליה בתיה ברת פרעה ברוח נבואה ואתגירת ונסבה ליה מרד לאנתו הוא כלב די מרד במלכת מאלליא:
13,1 Chronicles,4,19,1 Chronicles 4:19,ובני אתת הודיה אחתיה דצעת רבא דקעילה דמן גרם ואשתמוע דמן מעכה:
13,1 Chronicles,4,20,1 Chronicles 4:20,ובני שימון אמנון ורנה בר חנן ותילון ובני ישעי זוחת ובר זוחת:
13,1 Chronicles,4,21,1 Chronicles 4:21,בני שלה בר יהודה ער אבי לכה ולעדה רבא דמרישה וגניסת בית עבידת בוצא דלבושי מלכיא וכהניא מסירא לבית אשבע:
13,1 Chronicles,4,22,1 Chronicles 4:22,ונביא וספריא דנפקו מזרעא דיהושע וגבעונאי דמתיהבין לעבדין בבית מקדשא מטול דכדבו לרברביא דישראל ויואש הוא מחלון ושרף הוא כליון די נסיבו נשין מבנת מואב ובעז רב חכמיא דמתיבת בית לחם דמתעסקין עתיק יומין:
13,1 Chronicles,4,23,1 Chronicles 4:23,הנון תלמידי אוריתא דאמטולהון אתברי עלמא דיתבין על דינא ומיצבין ית עלמא ובנן ומשכללין ית חרבני בית ישראל עם שכינת מלכא דעלמא בפולחן אוריתא ובעבור ירחין וקביעות רישי שניא ומועדיא אתיתבו תמן וסמכין מן שמיא על דעתהון ביומי רות אמא דמלכותא עד יומי שלמה מלכא:
13,1 Chronicles,4,24,1 Chronicles 4:24,ובני שמעון נמואל וימין יריב זרח שאול הוא זמרי שאול שאיל גופיה לפורענותא:
13,1 Chronicles,4,25,1 Chronicles 4:25,שלום בריה מבשם בריה משמע בריה:
13,1 Chronicles,4,26,1 Chronicles 4:26,ובני משמע חמואל בריה זכור בריה שמעי בריה:
13,1 Chronicles,4,27,1 Chronicles 4:27,ולשמעי בנין אשתסר ובנן אשתה ולאחוהי לא הוו בנין סגיאין וכל גניסתהון לא אסגיאו בנין עד בני יהודה:
13,1 Chronicles,4,28,1 Chronicles 4:28,ויתיבו בבארה דשבע ומולדה וחצר תעלא:
13,1 Chronicles,4,29,1 Chronicles 4:29,ובבלהה ובעצם ובתולד:
13,1 Chronicles,4,30,1 Chronicles 4:30,ובבתואל ובחרמה ובצקלג:
13,1 Chronicles,4,31,1 Chronicles 4:31,ובאוריות ארתכיא ובדרת סוסיא ובבית בראי ובשערים אלין קרויהון עד דמליך דויד:
13,1 Chronicles,4,32,1 Chronicles 4:32,וכסתרותכון עיטם ועין רמון ותוכן ועשן קרוין חמש:
13,1 Chronicles,4,33,1 Chronicles 4:33,וכל קסתרותהון דבחוזרניהון קרויא האלין עד בעל דא מתבניהון והתיחסן להון:
13,1 Chronicles,4,34,1 Chronicles 4:34,ומשובב וימלך ויושה בר אמציה:
13,1 Chronicles,4,35,1 Chronicles 4:35,ויואל ויהוא בר יושביה בר שריה בר עשיאל:
13,1 Chronicles,4,36,1 Chronicles 4:36,ואליועני ויעקבה וישוחיה ועשיה ועדיאל וישמאל ובניה:
13,1 Chronicles,4,37,1 Chronicles 4:37,וזיזא בר שפעי בר אלון בר ידיה בר שמרי בר שמעיה:
13,1 Chronicles,4,38,1 Chronicles 4:38,אלין דאתין מפרשין בשמהן אמרכולין בגניסת בית אבהתהון תקיפו לסגעי:
13,1 Chronicles,4,39,1 Chronicles 4:39,ואזלו למעלני גדור עד למדינחא דחילתא למתבע אתר כשר למרעיתא לענהון:
13,1 Chronicles,4,40,1 Chronicles 4:40,ואשכחו אתר כשר למרעיתא שמן ושפיר וארעא פטימתא ופתית תחומין ושדוכא ושליותא ארום מן בניהון הוון עמא דיתיבו תמן מן לקדמין:
13,1 Chronicles,4,41,1 Chronicles 4:41,ואתו אלין דאתפרשו בשמהן ביומי יחזקיהו מלך שבטא דיהודה ומחו ית משכניהון וית מרודי דאשכחו תמן וגמרונון עד יומא הדין ויתיבו באתריהון ארום אתר כשר למרעית ענהון תמן:
13,1 Chronicles,4,42,1 Chronicles 4:42,ומנהון מן בני שמעון אזלו לטורא דנבלא גוברין חמש מאה ופלטיה ונעריה ורפיה ועזיאל בני ישעי אתמנו לרבני חילא ברישיהון:
13,1 Chronicles,4,43,1 Chronicles 4:43,ומחו ית שאר שיזבתא לדבית עמלק ויתיבו תמן עד יומא הדין:
13,1 Chronicles,5,1,1 Chronicles 5:1,ובני ראובן בוכרא דישראל ארום בוכרא הוא ובאפסותיה קדושתיה כד סליק לדרגשא דאבוי אשתקילת מניה ואתיהיבת בכירותיה לבנוי דיוסף בר ישראל דלא לאתיחסא בנוי דראובן לבכירותא:
13,1 Chronicles,5,2,1 Chronicles 5:2,מטול דיהודה אתגבר באחוי אשתקילת ברם מלכותא מן ראובן ואתיהיבת ליהודה דהוא גברא ומלכותא מניה אוף לוי הוה חסידא ולא חבו בעגלא ואישתקילת כהונתא רבתא מבנוי דראובן ומטולתהון מכלהון בוכריא ואתיהיבת לאהרן ובנוי ומטרת קודשא לליואי ובכורותא ליוסף:
13,1 Chronicles,5,3,1 Chronicles 5:3,בני ראובן בוכרא דישראל חנוך ופלוא חצרון וכרמי:
13,1 Chronicles,5,4,1 Chronicles 5:4,ובני יואל שמעיה בריה גוג בריה שמעי בריה:
13,1 Chronicles,5,5,1 Chronicles 5:5,מיכה בריה ראיה בריה בעל בריה:
13,1 Chronicles,5,6,1 Chronicles 5:6,בארה בריה הוא בארה נביא דאוביל בגלותא תלגת פלנאסר מלכא דאתור והוא הוה אמרכול לשבטא דראובן:
13,1 Chronicles,5,7,1 Chronicles 5:7,ואחוהי לגנסתהון לאתיחסא לגניסתהון די ממנן עליהון לרישא יעיאל וזכריהו:
13,1 Chronicles,5,8,1 Chronicles 5:8,ובלע בר עזז בר שמע בר יואל הוא יתיב בערוער ועד נבו ועד מישר מעון:
13,1 Chronicles,5,9,1 Chronicles 5:9,ולמדינחא יתיב עד מעלנא למדברא ומן נהר פרת ארום גיתיהון סגיעו בארעא דגלעד:
13,1 Chronicles,5,10,1 Chronicles 5:10,וביומי שאול עבדו קרבא עם הונגראי ונפלו בידיהון ויתיבו במשכניהון על כל אפי מדנח גלעד:
13,1 Chronicles,5,11,1 Chronicles 5:11,ובני גד לקבליהון יתיבו בארעא מתנן עד סלוכיה:
13,1 Chronicles,5,12,1 Chronicles 5:12,יואל ריש סנהדרין ושפם רב בית אולפנא ויעני ושפט דיני במתנן:
13,1 Chronicles,5,13,1 Chronicles 5:13,ואחוהון לבית אבהתהון מיכאל ומשלם ושבע ויורי ויעכן וזיע ועבר שבעתיהון נגודיא:
13,1 Chronicles,5,14,1 Chronicles 5:14,אלין בני אביחיל בר חורי בר ירוח בר גלעד בר מיכאל בר ישישי בר יחדו בר בוז:
13,1 Chronicles,5,15,1 Chronicles 5:15,אחי בר עבדיאל בר גוני מתמנא לרישא לבית אבהתהון:
13,1 Chronicles,5,16,1 Chronicles 5:16,ויתיבו בגלעד במתנן ובכפרנהא ובכל פרוילי מישרא על מפקניהון:
13,1 Chronicles,5,17,1 Chronicles 5:17,כלהון אתיחסו ביומי יותם מלך שבטא דבית יהודה וביומי ירבעם מלכא דישראל:
13,1 Chronicles,5,18,1 Chronicles 5:18,בני ראובן וגד ופלגות שבטא דמנשה מן גברי חילא גוברין נטלי תריסין ומזרזי סיפין ונגדי קשתא ומאולפי קרבא ארבעין וארבעא אלפין ושבע מאה ואשתין נפקי חילא:
13,1 Chronicles,5,19,1 Chronicles 5:19,ועבדו קרבא עם הונגראיי ויטור ונפיש ונודב:
13,1 Chronicles,5,20,1 Chronicles 5:20,וסיעו עליהון אחיהון בית ישראל ואתמסרו בידיהון הונגראיי וכל דעמהון ארום קדם יי צלו בקרבא וקבל צלותהון ארום התרחיצו בממריה:
13,1 Chronicles,5,21,1 Chronicles 5:21,ושבו גיתיהון וגמליהון חמשין אלפין ועאן מאתן וחמשין אלפין וחמרין תרין אלפין ונפשין דבני נשא מאה אלפין:
13,1 Chronicles,5,22,1 Chronicles 5:22,ארום קטילין סגיעין נפלו ארום מן מימרא דיי קרבא ויתיבו באתריהון עד זמן גלותא דסנחריב מלכא דאתור:
13,1 Chronicles,5,23,1 Chronicles 5:23,ובני פלגות שבטא דמנשה יתיבו בארעא מן מתנן עד מישר חרמון וטור מסריפרוי וטור חרמון הנון סגיעו:
13,1 Chronicles,5,24,1 Chronicles 5:24,ואלין רישי בית אבהתהון עפר וישעי ואליאל ועזריאל וירמיה והודויה ויחדיאל גוברין גברי חילא אנשי שמהן מתמנן רישין לבית אבהתהון:
13,1 Chronicles,5,25,1 Chronicles 5:25,ושקרו באלהי אבהתהון וטעו בתר טעות עמי ארעא דשיצי יי מן קדמיהון:
13,1 Chronicles,5,26,1 Chronicles 5:26,וגרי מימרא דאלהא דישראל ית תגראת פול מלכא דארם וית תגראת תלגת פלגסר מלכא דאתור ואגלנון לשבטא דראובן ולשבטא דגד ולפלגות שבטא דמנשה ואיתיאנון לחלח וחבור טורי קבלא ונהר גוזן עד יומא הדין:
13,1 Chronicles,5,27,1 Chronicles 5:27,בני לוי גרשון קהת מררי:
13,1 Chronicles,5,28,1 Chronicles 5:28,ובני קהת עמרם ויצהר וחברון ועזיאל:
13,1 Chronicles,5,29,1 Chronicles 5:29,ובני עמרם אהרן ומשה ומרים ובני אהרן נדב ואביהוא אלעזר ואיתמר:
13,1 Chronicles,5,30,1 Chronicles 5:30,אלעזר אוליד ית פינחס פינחס אוליד ית אבישוע:
13,1 Chronicles,5,31,1 Chronicles 5:31,ואבישוע אוליד ית בקי ובקי אוליד ית עזי:
13,1 Chronicles,5,32,1 Chronicles 5:32,ועזי אוליד ית זרחיה וזרחיה אוליד ית מריות:
13,1 Chronicles,5,33,1 Chronicles 5:33,ומריות אוליד ית אמריה ואמריה אוליד ית אחיטוב:
13,1 Chronicles,5,34,1 Chronicles 5:34,ואחיטוב אוליד ית צדוק וצדוק אוליד ית אחימעץ:
13,1 Chronicles,5,35,1 Chronicles 5:35,ואחימעץ אוליד ית עזריה ועזריה אוליד ית יוחנן:
13,1 Chronicles,5,36,1 Chronicles 5:36,ויוחנן אוליד ית עזריה הוא דאתמנא לכהן בביתא די בנא שלמה בירושלם:
13,1 Chronicles,5,37,1 Chronicles 5:37,ואוליד עזריה ית אמריה ואמריה אוליד ית אחיטוב:
13,1 Chronicles,5,38,1 Chronicles 5:38,ואחיטוב אוליד ית צדוק וצדוק אוליד ית שלום:
13,1 Chronicles,5,39,1 Chronicles 5:39,ושלום אוליד ית חלקיה וחלקיה אוליד ית עזריה:
13,1 Chronicles,5,40,1 Chronicles 5:40,ועזריה אוליד ית שריה ושריה אוליד ית יהוצדק:
13,1 Chronicles,5,41,1 Chronicles 5:41,ויהוצדק אזל בגלותא כד אגלי יי ית אנשי יהודה ויתבי ירושלם ביד נבוכדנצר:
13,1 Chronicles,6,1,1 Chronicles 6:1,ובני לוי גרשום קהת ומררי:
13,1 Chronicles,6,2,1 Chronicles 6:2,ואלין שמהת בני גרשום לבני ושמעי:
13,1 Chronicles,6,3,1 Chronicles 6:3,ובני קהת עמרם ויצהר וחברון ועזיאל:
13,1 Chronicles,6,4,1 Chronicles 6:4,בני מררי מחלי ומשי ואלין זרעית ליואי לאבהתהון:
13,1 Chronicles,6,5,1 Chronicles 6:5,לגרשום לבני בריה יחת בריה זמה בריה:
13,1 Chronicles,6,6,1 Chronicles 6:6,יואח בריה עדו בריה זרח בריה יאתרי בריה:
13,1 Chronicles,6,7,1 Chronicles 6:7,בני קהת עמינדב בריה קרח בריה אסיר בריה:
13,1 Chronicles,6,8,1 Chronicles 6:8,אלקנה בריה ואביסף בריה ואסיר בריה:
13,1 Chronicles,6,9,1 Chronicles 6:9,תחת בריה אוריאל בריה עזיה בריה ושאול בריה:
13,1 Chronicles,6,10,1 Chronicles 6:10,ובני אלקנה עמשי ואחימות:
13,1 Chronicles,6,11,1 Chronicles 6:11,אלקנה בריה אלקנה צופי בריה ונחת בריה:
13,1 Chronicles,6,12,1 Chronicles 6:12,אליאב בריה ירוחם בריה אלקנה בריה:
13,1 Chronicles,6,13,1 Chronicles 6:13,ובני שמואל בוכרא ושני ואביה:
13,1 Chronicles,6,14,1 Chronicles 6:14,בני מררי מחלי לבני בריה שמעי בריה עזה בריה:
13,1 Chronicles,6,15,1 Chronicles 6:15,שמעא בריה חגיה בריה עשיה בריה:
13,1 Chronicles,6,16,1 Chronicles 6:16,ואלין דאוקים דויד על ידי שיר בית מקדשא משכנא דיי בזמן דאתחת ביה ארונא:
13,1 Chronicles,6,17,1 Chronicles 6:17,והוו משמשין קדם משכנא משכן זמנא בשירתא עד זמן דבנא שלמה ית בית מקדשא דיי בירושלם וקמו כד חזי להון על פולחנהון:
13,1 Chronicles,6,18,1 Chronicles 6:18,ואלין דקימין אנון ובניהון מבני קהת הימן משבחא בר יואל בר שמואל:
13,1 Chronicles,6,19,1 Chronicles 6:19,בר אלקנה בר ירוחם בר אליאל בר תוח:
13,1 Chronicles,6,20,1 Chronicles 6:20,בר צוף בר אלקנה בר מחת בר עמשי:
13,1 Chronicles,6,21,1 Chronicles 6:21,בר אלקנה בר יואל בר עזריה בר צפניה:
13,1 Chronicles,6,22,1 Chronicles 6:22,בר תחת בר אסיר בר אביסף בר קרח:
13,1 Chronicles,6,23,1 Chronicles 6:23,בר יצהר בר קהת בר לוי בר ישראל:
13,1 Chronicles,6,24,1 Chronicles 6:24,ואחוהי אסף דאקים על ימינה הוא אסף בר ברכיהו בר שמעא:
13,1 Chronicles,6,25,1 Chronicles 6:25,בר מיכאל בר בעשיה בר מלכיה:
13,1 Chronicles,6,26,1 Chronicles 6:26,בר אתני בר זרח בר עדיה:
13,1 Chronicles,6,27,1 Chronicles 6:27,בר איתן בר זמה בר שמעי:
13,1 Chronicles,6,28,1 Chronicles 6:28,בר יחת בר גרשם בר לוי:
13,1 Chronicles,6,29,1 Chronicles 6:29,ובני מררי אחיהון על שמאלא איתן בר קישי בר עבדי בר מלוך:
13,1 Chronicles,6,30,1 Chronicles 6:30,בר חשביה בר אמציה בר חלקיה:
13,1 Chronicles,6,31,1 Chronicles 6:31,בר אמצי בר בני בר שמר:
13,1 Chronicles,6,32,1 Chronicles 6:32,בר מחלי בר מושי בר מררי בר לוי:
13,1 Chronicles,6,33,1 Chronicles 6:33,ואחיהון ליואי ממנן לכל עבידת משכן בית מקדשא דיי:
13,1 Chronicles,6,34,1 Chronicles 6:34,ואהרן ובנוי מסקין קטורת בוסמין על מדבח דעלתא ועל מדבח דקטורתא לכל פולחן קודשא דקודשיא לכפרא על ישראל ככל מה דפקיד משה עבדא דיי:
13,1 Chronicles,6,35,1 Chronicles 6:35,ואלין בני אהרן אלעזר בריה פינחס בריה אבישוע בריה:
13,1 Chronicles,6,36,1 Chronicles 6:36,בקי בריה עזי בריה זרחיה בריה:
13,1 Chronicles,6,37,1 Chronicles 6:37,מריות בריה אמריה בריה אחיטוב בריה:
13,1 Chronicles,6,38,1 Chronicles 6:38,צדוק בריה אחימעץ בריה:
13,1 Chronicles,6,39,1 Chronicles 6:39,ואלין מותבניהון לכפרניהון בתחומיהון לבני אהרן לגניסת קהת ארום להון הוה עדב פיצתא:
13,1 Chronicles,6,40,1 Chronicles 6:40,ויהבו להון ית חברון בארעא דבית יהודה וית פרוילהא חזרנותהא: :
13,1 Chronicles,6,41,1 Chronicles 6:41,וית חקלי קרתא וית פצחיתא יהיבו לכלב בר יפנה:
13,1 Chronicles,6,42,1 Chronicles 6:42,ולבני אהרן יהבו ית קרוי שזבותא ית חברון וית לבנה וית פרוילהא וית יתיר וית אשתמוע וית פרוילהא:
13,1 Chronicles,6,43,1 Chronicles 6:43,וית חלין וית פרוילהא ית דביר וית פרוילהא:
13,1 Chronicles,6,44,1 Chronicles 6:44,וית עשן וית פרוילהא וית בית שמש וית פרוילהא:
13,1 Chronicles,6,45,1 Chronicles 6:45,ומשבטא דבנימין ית גבע וית פרוילהא וית עלמות וית פרוילהא וית ענתות וית פרוילהא כל קרויהון תליסרי קרויא בגניסתהון:
13,1 Chronicles,6,46,1 Chronicles 6:46,ולבני קהת דאשתירו מגניסת שבטא מפלגות שבטא דמנשה בעדב פיצתא קרוין עסרא:
13,1 Chronicles,6,47,1 Chronicles 6:47,ולבני גרשום לגניסתהון משבטא דיששכר ומשבטא דאשר ומשבטא דנפתלי ומשבטא דמנשה במתנן קרוין תליסרי:
13,1 Chronicles,6,48,1 Chronicles 6:48,לבני מררי לגניסתהון משבטא דראובן ומשבטא דגד ומשבטא דזבולן בעדב פיצתא קרוין תריסרי:
13,1 Chronicles,6,49,1 Chronicles 6:49,ויהבו בני ישראל לליואי ית קרויא וית פרויליהון:
13,1 Chronicles,6,50,1 Chronicles 6:50,ויהבו בעדב פיצתא משבטא דבני יהודה ומשבטא דבני שמעון ומשבטא דבני בנימין ית קרויא האלין דקרו יתהון בשמהן:
13,1 Chronicles,6,51,1 Chronicles 6:51,ומגניסת בני קהת והוה קרוי תחומיהון משבטא אפרים:
13,1 Chronicles,6,52,1 Chronicles 6:52,ויהבו להון ית קרוי שיזבותא ית שכם וית פרוילהא בטורא דבית אפרים וית גזר וית פרוילהא:
13,1 Chronicles,6,53,1 Chronicles 6:53,וית יקמעם וית פרוילהא וית בית חורון וית פרוילהא:
13,1 Chronicles,6,54,1 Chronicles 6:54,וית אילון וית פרוילהא וית גת רמון וית פרוילהא:
13,1 Chronicles,6,55,1 Chronicles 6:55,ומפלגות שבטא דמנשה ית ענר וית פרוילהא וית בלעם וית פרוילהא לגניסת בני קהת דאשתירו:
13,1 Chronicles,6,56,1 Chronicles 6:56,לבני גרשום מגניסת פלגות מנשה ית גולן במתנן וית פרוילהא וית עשתרות וית פרוילהא:
13,1 Chronicles,6,57,1 Chronicles 6:57,ומשבטא דיששכר ית קדש וית פרוילהא ית דברת וית פרוילהא:
13,1 Chronicles,6,58,1 Chronicles 6:58,וית ראמות וית פרוילהא וית ענם וית פרוילהא:
13,1 Chronicles,6,59,1 Chronicles 6:59,ומשבטא דאשר ית משל וית פרוילהא וית עבדון וית פרוילהא:
13,1 Chronicles,6,60,1 Chronicles 6:60,וית חוקק וית פרוילהא ית רחוב וית פרוילהא:
13,1 Chronicles,6,61,1 Chronicles 6:61,ומשבטא דנפתלי ית קדש בגלילא וית פרוילהא וית חמון וית פרוילהא וית קריתים וית פרוילהא:
13,1 Chronicles,6,62,1 Chronicles 6:62,לבני מררי דאשתירו משבטא דזבלון ית רמונו וית פרוילהא ית תבור וית פרוילהא:
13,1 Chronicles,6,63,1 Chronicles 6:63,ומעברא לירדנא דיריחו למדנח ירדנא משבטא דראובן ית בצר במדברא וית פרוילהא וית יהצה וית פרוילהא:
13,1 Chronicles,6,64,1 Chronicles 6:64,וית קדמות וית פרוילהא וית מיפעת וית פרוילהא:
13,1 Chronicles,6,65,1 Chronicles 6:65,ומשבטא דגד ית ראמות בגלעדא וית פרוילהא וית מחנים וית פרוילהא:
13,1 Chronicles,6,66,1 Chronicles 6:66,וית חושבנא וית פרוילהא וית יעזר וית פרוילהא:
13,1 Chronicles,7,1,1 Chronicles 7:1,ולבני יששכר תולע ופואה ויוב ושמרון ארבעה:
13,1 Chronicles,7,2,1 Chronicles 7:2,ובני תולע עזי ורפיה ויריאל ויחמי ויבשם ושמואל ממנן לרישין על בית אבהתהון מתקרין על שום תולע רבהון גברי חילא לזרעיתהון מנינהון ביומי דויד עשרין ותרין אלפין ואשתה מאה:
13,1 Chronicles,7,3,1 Chronicles 7:3,ובני עזי יזרחיה ובני יזרחיה מיכאל ועובדיה ויואל ישיה חמשתיהון ממנן לרישין כלהון:
13,1 Chronicles,7,4,1 Chronicles 7:4,ועלויהון מתמנן לזרעיתהון חילי חילא לקרבא תלתין ואשתה אלפין ארום אסגיעו נשיא ובניא:
13,1 Chronicles,7,5,1 Chronicles 7:5,ואחוהון לכל גניסת יששכר גברי חילא תמנין ושבעה אלפין והתיחסון כלהון:
13,1 Chronicles,7,6,1 Chronicles 7:6,בני בנימין בלע ובכר וידיעאל תלתא:
13,1 Chronicles,7,7,1 Chronicles 7:7,ובני בלע אצבון ועזי ועזיאל וירימות ועירי חמשתיהון רישי בית אבהן ממנן על גברי חילא ומתיחסין על עשרין ותרין אלפין ותלתין וארבעא:
13,1 Chronicles,7,8,1 Chronicles 7:8,ובני בכר זמירה ויועש ואליעזר ואליועיני ועמרי וירמות ואביה וענתות ועלמת כל אלין בני בכר:
13,1 Chronicles,7,9,1 Chronicles 7:9,ומתיחסין לגניסתהון רישי בית אבהתהון גברי חילא עשרין אלפין ומאתן:
13,1 Chronicles,7,10,1 Chronicles 7:10,ובני ידיעאל בלהן ובני בלהן יעוש ובנימין ואהוד וכנענה ודיתן ותרשיש ואחישחר:
13,1 Chronicles,7,11,1 Chronicles 7:11,כל אלין בני ידיעאל לרישי אבהתהון גברי חילא שבסר אלפין ומאתן נפקי חילא לקרבא:
13,1 Chronicles,7,12,1 Chronicles 7:12,ושפם וחפם יתבי קריה חשים בני אחר:
13,1 Chronicles,7,13,1 Chronicles 7:13,בני נפתלי יחציאל וגני ויצר ושלום בני בלהה:
13,1 Chronicles,7,14,1 Chronicles 7:14,בני מנשה אשריאל דילידת פלקתיה ארמותא ילידת ית מכיר אבוהון דגלעדאי:
13,1 Chronicles,7,15,1 Chronicles 7:15,ומכיר נסיב אתתא מן חופאי וחושאי ושום אחתהון מעכה ושום תנין צלפחד והוו לצלפחד בנן:
13,1 Chronicles,7,16,1 Chronicles 7:16,וילידת מעכה אתת מכיר בר וקרת שמיה פרש ושום אחוהי שרש ובנוי אולם ורקם:
13,1 Chronicles,7,17,1 Chronicles 7:17,ובני אולם בדן אלין בני גלעד בר מכיר בר מנשה:
13,1 Chronicles,7,18,1 Chronicles 7:18,ואחתיה די מלכת ילידת ית אישהוד וית אביעזר וית מחלה:
13,1 Chronicles,7,19,1 Chronicles 7:19,והוו בני שמידע אחין ושכם ולקחי ואניעם:
13,1 Chronicles,7,20,1 Chronicles 7:20,ובני אפרים שותלח וברד בריה ותחת בריה ואלעדה בריה ותחת בריה:
13,1 Chronicles,7,21,1 Chronicles 7:21,וזבד בריה ושותלח בריה ועזר ואלעד הנון הוו אמרכליא לבית אפרים ומנו ית קצא מן שעתא דהות דבירא דמרי עלמא מתמללא עם אברהם ביני פסוגיא וטעו דהוה חמי להון לממני מן יומא דאתיליד יצחק ונפקו ממצרים תלתין שנין קדם קצא ארום תלתין שנין מן קדם דאתיליד יצחק הות דבירא דמרי עלמא מתמללא עם אברהם ביני פסוגיא ובמפקהון ממצרים הוון עמהון מאתן אלפין גברין במאני זינא משבטא דאפרים וקטלונון אנשי גת דאתילידו בארעא דפלשתאי ארום נחתו למבת גיתיהון:
13,1 Chronicles,7,22,1 Chronicles 7:22,ואתאבל עליהון אפרים אבוהון יומין סגיעין ואתו כל אחוהי לנחמותיה:
13,1 Chronicles,7,23,1 Chronicles 7:23,ועל לות אתתיה ועדיאת וילידת בר וקרת שמיה בריעה ארום בבישתא דהות בביתיה:
13,1 Chronicles,7,24,1 Chronicles 7:24,וברתיה שארה דאשתירת מן קטיליא ובנת ית בית חורון ארעיה וית בית חורון עלאה וית אזן דשארה:
13,1 Chronicles,7,25,1 Chronicles 7:25,ורפח בריה ורשף ותלח בריה ותחן בריה:
13,1 Chronicles,7,26,1 Chronicles 7:26,לעדן בריה עמיהוד בריה אלישמע בריה:
13,1 Chronicles,7,27,1 Chronicles 7:27,נון בריה יהושע בריה:
13,1 Chronicles,7,28,1 Chronicles 7:28,ואחסנתהון ובית מותבנהון בית אל וכפרנהא ולמדינחא נערן ולמערבא גזר וכפרנהא ושכם וכפרנהא עד עזה וכפרנהא:
13,1 Chronicles,7,29,1 Chronicles 7:29,ועל תחומא דבני מנשה בית שאן וכפרנהא תענך וכפרנהא מגדו וכפרנהא דור וכפרנהא באלין יתיבו בני יוסף בר ישראל:
13,1 Chronicles,7,30,1 Chronicles 7:30,בני אשר ימנה וישוה וישוי ובריעה וסרח אחתהון:
13,1 Chronicles,7,31,1 Chronicles 7:31,ובני בריעה חבר ומלכיאל הוא אבא דברזיה:
13,1 Chronicles,7,32,1 Chronicles 7:32,וחבר אוליד ית יפלט וית שומר וית חותם וית שועא אחתהון:
13,1 Chronicles,7,33,1 Chronicles 7:33,ובני יפלט פסך ובמהל ועשות אלין בני יפלט:
13,1 Chronicles,7,34,1 Chronicles 7:34,ובני שמר אחי ורהגה וחבה וארם:
13,1 Chronicles,7,35,1 Chronicles 7:35,ובר חלם אחוהי צופח וימנע ושלש ועמל:
13,1 Chronicles,7,36,1 Chronicles 7:36,בני צופח סוח וחרנפר ושועל וברי וימרה:
13,1 Chronicles,7,37,1 Chronicles 7:37,בצר והוד ושמה ושלשה ויתרן ובארא:
13,1 Chronicles,7,38,1 Chronicles 7:38,ובני יתר יפנה ופספה וארא:
13,1 Chronicles,7,39,1 Chronicles 7:39,ובני עלא ארח וחניאל ורציא:
13,1 Chronicles,7,40,1 Chronicles 7:40,כל אלין בני אשר רישי בית אבהת בחיריא גברי חילא רישי אמרכליא ואתיחסון בחילא בקרבא סכומהון גברין עשרין ואשתה אלפין:
13,1 Chronicles,8,1,1 Chronicles 8:1,ובנימין אוליד ית בלע בוכריה אשבל תנין אחרח תליתאי:
13,1 Chronicles,8,2,1 Chronicles 8:2,נוחה רביעאי ורפא חמישאי:
13,1 Chronicles,8,3,1 Chronicles 8:3,והוו בנין לבלע אדר וגרא ואביהוד:
13,1 Chronicles,8,4,1 Chronicles 8:4,ואבישוע ונעמן ואחוח:
13,1 Chronicles,8,5,1 Chronicles 8:5,וגרא ושפופם וחורם:
13,1 Chronicles,8,6,1 Chronicles 8:6,ואלין בני אחוד אלין הנון רישי אבהן דיתבי גבעתא ואגליאונון למנחת לארעא דבית עשו:
13,1 Chronicles,8,7,1 Chronicles 8:7,ונעמן ואחיה וגרא הנון אגליאונון ואוליד ית עזה וית אחיחוד:
13,1 Chronicles,8,8,1 Chronicles 8:8,ושחרים אוליד בחקלי מואב מן בתר דיפטר יתהון ותב ונסיבנון ית חושים וית בערא נשוהי:
13,1 Chronicles,8,9,1 Chronicles 8:9,ואוליד מן בערא היא חדשה אתתיה דאתחדתא בנישואה ית יואב וית צביה וית מישא וית מלכם:
13,1 Chronicles,8,10,1 Chronicles 8:10,וית יעוץ וית שביה וית מרמה אלין בנוי רישי בית אבהן:
13,1 Chronicles,8,11,1 Chronicles 8:11,ומן חשים אתתיה אוליד ית אביטוב וית אלפעל:
13,1 Chronicles,8,12,1 Chronicles 8:12,ובני אלפעל עבר ומשעם ושמר הוא אלפעל דבנה ית אונו וית לוד וכפרנהא דצדיאי בני ישראל ואוקדונון בנורא כד אגחו קרבא בגבעתא עם שבטא דבנימין:
13,1 Chronicles,8,13,1 Chronicles 8:13,ובריעה ושמע הנון רישי אבהן דיתבי אילון הנון גבריא אפיכו בקרבא ית יתבי גת:
13,1 Chronicles,8,14,1 Chronicles 8:14,ואחיו ששק וירמות:
13,1 Chronicles,8,15,1 Chronicles 8:15,וזבדיה וערד ועדר:
13,1 Chronicles,8,16,1 Chronicles 8:16,ומיכאל וישפה ויוחא בני בריעה:
13,1 Chronicles,8,17,1 Chronicles 8:17,וזבדיה ומשלם וחזקי וחבר:
13,1 Chronicles,8,18,1 Chronicles 8:18,וישמרי ויזליאה ויובב בני אלפעל:
13,1 Chronicles,8,19,1 Chronicles 8:19,ויקים וזכרי וזבדי:
13,1 Chronicles,8,20,1 Chronicles 8:20,ואליעיני וצלתי ואליאל:
13,1 Chronicles,8,21,1 Chronicles 8:21,ועדיה ובראה ושמרת בני שמעי:
13,1 Chronicles,8,22,1 Chronicles 8:22,וישפן ועבר ואליאל:
13,1 Chronicles,8,23,1 Chronicles 8:23,ועבדון וזכרי וחנן:
13,1 Chronicles,8,24,1 Chronicles 8:24,וחנניה ועילם וענתותיה:
13,1 Chronicles,8,25,1 Chronicles 8:25,ויפדיה ופנואל בני ששק:
13,1 Chronicles,8,26,1 Chronicles 8:26,ושמשרי ושחריה ועתליה:
13,1 Chronicles,8,27,1 Chronicles 8:27,ויערשיה ואליה וזכרי בני ירוחם:
13,1 Chronicles,8,28,1 Chronicles 8:28,אלין רישי אבהת לגניסתהון רישין אלין יתיבו בירושלם:
13,1 Chronicles,8,29,1 Chronicles 8:29,ובגבעון יתיבו רבני דגבעון ושום אנתתיה דגבעון מעכה:
13,1 Chronicles,8,30,1 Chronicles 8:30,ובריה בוכרא עבדון וצור וקיש ובעל ונדב:
13,1 Chronicles,8,31,1 Chronicles 8:31,וגדור ואחיו וזכר:
13,1 Chronicles,8,32,1 Chronicles 8:32,ומקלות אוליד ית שמאה וברם אנון קבל אחוהון יתיבו בירושלם עם אחוהון:
13,1 Chronicles,8,33,1 Chronicles 8:33,ונר אוליד ית קיש וקיש אוליד ית שאול ושאול אוליד ית יהונתן וית מלכישוע וית אבינדב וית אשבעל:
13,1 Chronicles,8,34,1 Chronicles 8:34,ובר יהונתן מריב בעל ומריב בעל אוליד ית מיכה:
13,1 Chronicles,8,35,1 Chronicles 8:35,ובני מיכה פיתון ומלך ותארע ואחז:
13,1 Chronicles,8,36,1 Chronicles 8:36,ואחז אוליד ית יהועדה ויהועדה אוליד ית עלמת וית עזמות וית זמרי וזמרי אוליד ית מוצא:
13,1 Chronicles,8,37,1 Chronicles 8:37,ומוצא אוליד ית בנעא רפה בריה אלעשה בריה אצל בריה:
13,1 Chronicles,8,38,1 Chronicles 8:38,ולאצל אשתה בנין ואלין שמהתהון עזריקם בוכריה וישמעאל ושעריה ועובדיה וחנן כל אלין בני אצל:
13,1 Chronicles,8,39,1 Chronicles 8:39,ובני עשק אחוהי אולם בוכריה יעוש תנין ואליפלט תליתאה:
13,1 Chronicles,8,40,1 Chronicles 8:40,והוו בני אולם גברין גברי חילא כבשין יצריהון היכגברא דנגיד בקשתא בחכמתא בגין כן הוו מסגין בנין ובני בנין נגיסתהון מאה וחמשין כל אלין מבני דשבטא בנימין:
13,1 Chronicles,9,1,1 Chronicles 9:1,וכלהון ישראל אתיחסו והא אנון כתיבין על ספר מלכיא דבית ישראל ומלכיא דבית יהודה ואזלו בגלותא לבבל מטול שקריהון:
13,1 Chronicles,9,2,1 Chronicles 9:2,ודהוו יתבין קדמאין די באחסנתהון בקרויהון ישראל כהניא ולואי ונתינאי:
13,1 Chronicles,9,3,1 Chronicles 9:3,ובירושלם יתיבו מן בני דיהודה ומן בני בנימין ומן בני אפרים ומן בני מנשה:
13,1 Chronicles,9,4,1 Chronicles 9:4,עותי בר עמיהוד בר עמרי בר בני מן בני פרץ בר יהודה:
13,1 Chronicles,9,5,1 Chronicles 9:5,ומן שבטא שילה עשיה בוכריה ובנוהי:
13,1 Chronicles,9,6,1 Chronicles 9:6,ומן בני זרח יעואל ואחיהון שית מאה ותשעים:
13,1 Chronicles,9,7,1 Chronicles 9:7,ומן בני בנימין סלוא בר משלם בר הודויה בר הסנאה:
13,1 Chronicles,9,8,1 Chronicles 9:8,ויבניה בר ירחם ואלה בר עזי בר מכרי ומשלם בר שפטיה בר רעואל בר יבניה:
13,1 Chronicles,9,9,1 Chronicles 9:9,ואחיהון לזרעיתהון תשע מאה חמשים ואשתה כל אלין גבריא רישי בית אבהן לבית אבהתהון:
13,1 Chronicles,9,10,1 Chronicles 9:10,ומן כהניא ידעיה ויהויריב ויכין:
13,1 Chronicles,9,11,1 Chronicles 9:11,ועזריה בר חלקיה בר משלם בר צדוק בר מריות בר אחיטוב סרכן על בית מקדשא דיי:
13,1 Chronicles,9,12,1 Chronicles 9:12,ועדיה בר ירחם בר פשחור בר מלכיה ומעשי בר עדיאל בר יחזרה בר משלם בר משלמית בר אמר:
13,1 Chronicles,9,13,1 Chronicles 9:13,ואחיהון ממנן לרישין לבית אבהתהון אלפא ושבע מאה ואשתין גברי חילא ממנן על עבידת פולחן בית מקדשא דיי:
13,1 Chronicles,9,14,1 Chronicles 9:14,ומן ליואי שמעיה בר חשוב בר עזריקם בר חשביה מן בני מררי:
13,1 Chronicles,9,15,1 Chronicles 9:15,ובקבקר חרש וגלל ומתניה בר מיכא בר זכרי בר אסף:
13,1 Chronicles,9,16,1 Chronicles 9:16,ועובדיה בר שמעיה בר גלל בר ידותון וברכיה בר אסא בר אלקנה דיתיב בקרוי נטופתאי:
13,1 Chronicles,9,17,1 Chronicles 9:17,ותרעיא שלום ועקוב וטלמון ואחימן ואחוהון שלום דממנן ברישא:
13,1 Chronicles,9,18,1 Chronicles 9:18,ועד הכא בתרע פלטירין דמלכא מדינחא הנון תרעיא למשרית בני לוי:
13,1 Chronicles,9,19,1 Chronicles 9:19,ושלום בר קורא בר אביאסף בר קרח ואחוהי לבית אבוהי קרחיא על עבידת פולחן נטרי שקופיה למשכנא ואבהתהון ממנן על משריתא דיי נטרי מעלנא:
13,1 Chronicles,9,20,1 Chronicles 9:20,ופינחס בר אלעזר סרכן הוה עליהון מלקדמין מן יומא דאתוקם משכן זמנא במדברא ומימרא דיי הוה בסעדיה:
13,1 Chronicles,9,21,1 Chronicles 9:21,זכריה בר משלמיה ממנא על תרע משכן זמנא:
13,1 Chronicles,9,22,1 Chronicles 9:22,כלהון אתבחרו לתרעיא בשקופיא מאתן ותריסר הנון בקרויהון ואתיחסותהון הנון עשרין וארבע מטרתא דתקינו דוד ושמואל נביא בהימנותהון:
13,1 Chronicles,9,23,1 Chronicles 9:23,והנון ובניהון ממנן על תרעיא לבית מקדשא דיי ולבית מקדשא למטרתא:
13,1 Chronicles,9,24,1 Chronicles 9:24,לארבעתי טריגונין יהוון ממנן על תרעיא מדינחא אשתה מטרתא מערבא אשתה מטרא צפונא אשתה מטרתא דרומא אשתה מטרתא:
13,1 Chronicles,9,25,1 Chronicles 9:25,ואחיהון בקרויהון למיעל לשבעת יומין מזמן לזמן עם אלין:
13,1 Chronicles,9,26,1 Chronicles 9:26,ארום בהימנותא עלוי הנון עבדין ארבעתי גבריא תרעיא הנון ליואי והוון ממנן על לשכתא ועל תסבריא בבית מקדשא דיי:
13,1 Chronicles,9,27,1 Chronicles 9:27,וחזרנות בית מקדשא דיי יביתון ארום עלויהון מטרתא והנון ממנן על אקלידיא למיחד ולמפתח בעדן צפר בצפר:
13,1 Chronicles,9,28,1 Chronicles 9:28,ומנהון ממנן על מאני פולחנא מטול דבמנינא מעילין להון ובמנינא מפקין להון:
13,1 Chronicles,9,29,1 Chronicles 9:29,ומנהון ממנן על מאניא ועל מאני קודשא ועל סלתא דמנחתא וחמר נסוכא ולבונת אדכרתא ובושמיא דקטרתא:
13,1 Chronicles,9,30,1 Chronicles 9:30,ומן בני כהניא הוון אמנין בעבידת קטורת מבשם בשמנין לבשמיא:
13,1 Chronicles,9,31,1 Chronicles 9:31,ומתתיה מן ליואי הוא בוכרא לשלום מן זרעית קרח ממנן בהימנותא על עובד מנחת מסריתא :
13,1 Chronicles,9,32,1 Chronicles 9:32,ומן בני קהת ומן אחוהון ממנן על לחם סדורא לתקנא על פתורא שבא בשבא:
13,1 Chronicles,9,33,1 Chronicles 9:33,ואלין משבחיא רישי אבהתא לליואי בלשכתא דפטורין ארום יימם ולילי עלויהון בעיבידתא:
13,1 Chronicles,9,34,1 Chronicles 9:34,אלין רישי אבהתא לליואי לזרעיתהון רישיא אלין יתיבו בירושלם:
13,1 Chronicles,9,35,1 Chronicles 9:35,ובגבעון יתיבו אבהתהון דגבעונאי יעיאל ושום אתתיה מעכה:
13,1 Chronicles,9,36,1 Chronicles 9:36,ובריה בוכרא עבדון וצוד וקיש ובעל ונר ונדב:
13,1 Chronicles,9,37,1 Chronicles 9:37,וגדור ואחיו וזכריה ומקלות:
13,1 Chronicles,9,38,1 Chronicles 9:38,ומקלות אוליד ית שמאם וברם אנון קבל אחוהון יתיבו בירושלם עם אחוהון:
13,1 Chronicles,9,39,1 Chronicles 9:39,ונר אוליד ית קיש וקיש אוליד ית שאול ושאול אוליד ית יהונתן וית מלכישוע וית אבינדב וית אשבעל:
13,1 Chronicles,9,40,1 Chronicles 9:40,ובר יהונתן מריב בעל ומריב בעל אוליד ית מיכה:
13,1 Chronicles,9,41,1 Chronicles 9:41,ובני מיכה פיתון ומלך ותחרע ואחז:
13,1 Chronicles,9,42,1 Chronicles 9:42,ואחז אוליד ית יערה ויערה אוליד ית עלמת וית עזמות וית זמרי וזמרי אוליד ית מוצא:
13,1 Chronicles,9,43,1 Chronicles 9:43,ומוצא אוליד ית בנעא ורפיה בנו אלעשה בנו אצל בנו:
13,1 Chronicles,9,44,1 Chronicles 9:44,ולאצל אשתה בנין ואלין שמהתהון עזריקם בוכריה וישמעאל ושעריה ועובדיה וחנן אלין בני אצל:
13,1 Chronicles,10,1,1 Chronicles 10:1,ופלשתאי אגחו קרבא בישראל ואפכו אנש ישראל מן פלשתאי ונפלו קטילין בחרבא בטורא דגלבוע:
13,1 Chronicles,10,2,1 Chronicles 10:2,ואדביקו פלשתאי ית יונתן וית אבינדב וית מלכישוע בני שאול:
13,1 Chronicles,10,3,1 Chronicles 10:3,ותקיפו עבדי קרבא על שאול ואשכחוהי קשתיא דאומנין מיגר בקשתא ודחיל מן קשתיא:
13,1 Chronicles,10,4,1 Chronicles 10:4,ואמר שאול לנטיל זינוי שלוף סיפך וקטולני בה דלמא ייתון ערליא אלין ויתלעבון בי ולא צבא נטיל זיניה ארום הוה דחיל לחדא ונסיב שאול ית סיפא ואתרמא עלה:
13,1 Chronicles,10,5,1 Chronicles 10:5,וחמא נטיל זיניה ארום מית שאול ואתרמא אוף הוא על סיפא ומית:
13,1 Chronicles,10,6,1 Chronicles 10:6,ומית שאול ותלת בנוי וכל אנש ביתיה דהוו תמן כחדא מיתו:
13,1 Chronicles,10,7,1 Chronicles 10:7,וחמון כל אנש ישראל די במישרא ארום אפכו וארום מיתו שאול ובנוי ושבקו קרויהון ואפכו ואתו פלשתאי ויתיבו בהון:
13,1 Chronicles,10,8,1 Chronicles 10:8,והוה ביומא חרן ואתו פלשתאי לערסילא ית קטיליא ואשכחו ית שאול וית תלת בנוי קטילין רמן על טורא דגלבוע:
13,1 Chronicles,10,9,1 Chronicles 10:9,וחלצוהו ואתיזו ית רישיה וית זינוי ושדו בארעא פלשתאי חזור חזור למבשרא ית בית טעותהון וית עמא:
13,1 Chronicles,10,10,1 Chronicles 10:10,ושויאו ית זינוי בית טעותהון וית גלגלתיה זקפו על זיקפא קבל טעות דגון:
13,1 Chronicles,10,11,1 Chronicles 10:11,ושמעו כל אנשי יבש גלעד ית כל מה דעבדו פלשתאי לשאול:
13,1 Chronicles,10,12,1 Chronicles 10:12,וקמו כל גבר גבר ונטלו ית גושמא דשאול וית גושמי בנוי ואיתיאנון ליבש וקברו ית גרמיהון תחות בוטמא דביבש וצמו שבעא יומין:
13,1 Chronicles,10,13,1 Chronicles 10:13,ומית שאול מטול שקריה דשקר במימרא דיי מטול פתגמא דיי דלא נטר באגחותיה קרבא בדבית עמלק ואוף דשאיל בבדין למתבע מנהון אולפנא:
13,1 Chronicles,10,14,1 Chronicles 10:14,ולא תבע אולפנא מן קדם יי באוריה ותומיה על דקטל כהניא די בנוב וקטליה יי וסקף ית מלכותא לדוד בר ישי:
13,1 Chronicles,11,1,1 Chronicles 11:1,ואתכנישו כל ישראל לות דוד לחברון למימר הא קריביך ובשרך אנחנא:
13,1 Chronicles,11,2,1 Chronicles 11:2,אוף מאתמלי אוף מדקדמוי אוף כד הוה שאול מלכא את הויתא מפק יתנא לקרבא ומעיל יתנא לבית מדרשא ומליף ית ישראל ואמר יי אלהך לך אנת תהא סרכן ותשלוט על עמי ותפרנס ית ישראל ואנת תהא ארכון על עמי ישראל:
13,1 Chronicles,11,3,1 Chronicles 11:3,ואתו כל סבי ישראל לות מלכא לחברון וגזר להון דוד קים בחברון קדם יי ורביו יתיה למלכא על ישראל הי כפתגמא דיי דמליל על ידוי דשמואל:
13,1 Chronicles,11,4,1 Chronicles 11:4,ואזל דויד וכל ישראל ירושלם היא יבוס ותמן עד ההיא שעתא יבוסאי יתבי ארעא:
13,1 Chronicles,11,5,1 Chronicles 11:5,ואמרו יתבי יבוס לדויד לא תיעול הלכא וכבש דוד ית חקרא דציון היא קרתא דדויד:
13,1 Chronicles,11,6,1 Chronicles 11:6,ואמר דויד כל דיקטול יבוסאה ויכבוש ית קרתא יתמני לרב חילא ולריש אוכלון וסליק בקדמיתא יואב בר צרויה והוה לריש חילא:
13,1 Chronicles,11,7,1 Chronicles 11:7,ויתיב דויד בחקרא בגין כן צוחין ליה קרתא דדויד:
13,1 Chronicles,11,8,1 Chronicles 11:8,ובנא קרתא חזור חזור מן מלתיה ועד חזרנותא ויואב מפרנס ית שיור קרתא:
13,1 Chronicles,11,9,1 Chronicles 11:9,ואזל דוד אזיל וסגי ויי צבאות הוה בסעדיה:
13,1 Chronicles,11,10,1 Chronicles 11:10,ואלין רישי גבריא דהוו עם דוד דמתקפין עמיה במלכותיה עם ישראל לאמלכותיה הי כפתגמא דיי על ישראל:
13,1 Chronicles,11,11,1 Chronicles 11:11,ואלין סכומי גבריא דהוו עם דוד גברא ריש משריתא יתיב על כרסי דינא וכל נביא וחכימיא מקפין ליה מרבי במשח קודשא כד הוה נפק לקרבא הוה מסתיע מלעלא ובמתביה לאולפן אוריתא הות סלקת שמעתא אליביה בחיר ומפנק שפיר בריויה ויאה בחזויה בקי בחכמתא וסכלתן בעצתא גבר בגבורתא ריש מתיבתא בסים בקלא ורבן בשירתא וסרכן על כל גבריא והוא מתקן במאני זינא ונטיל מורניתיה דביה תלי אתא דטקס משרית יהודה ונפיק על פם קל רוחא דקודשא ונצח בקרבא ומתביב על ידא דמורניתא תלת מאה קטילין בזמנא חדא:
13,1 Chronicles,11,12,1 Chronicles 11:12,ובתרוי אלעזר בר דודו אחבוי בר אחוהי בתלתא גבריא:
13,1 Chronicles,11,13,1 Chronicles 11:13,הוא הוה עם דוד בפס דמים ופלשתאי אתכנישו תמן לסדרי קרבא והות אחסנת חקלא מליא עללתא פלגא טלופחין ופלגא סערין ועמא אפכו מן קדם פלשתאי:
13,1 Chronicles,11,14,1 Chronicles 11:14,ואתעתדו במצעא אחסנתא ושיזבוהא וקטלו ית פלשתאי ופרק יי על ידיהון פורקנא רבא:
13,1 Chronicles,11,15,1 Chronicles 11:15,ונחתו תלתא גבריא מן גברי רישי משריתא על טנרא לות דוד למערת עדלם ומשרית פלשתאי שריא במישר גבריא:
13,1 Chronicles,11,16,1 Chronicles 11:16,ודוד בכין הוה בחקרא ואיסטריג ואיסטרטיג פלשתאי בכין בבית לחם:
13,1 Chronicles,11,17,1 Chronicles 11:17,וחמידת נפשא דדוד ואמר מאן ישקנני מיא מגובא דבית לחם די בתרעא:
13,1 Chronicles,11,18,1 Chronicles 11:18,ואתגברו תלתא גבריא וצלחו להון ארחא במשרית פלשתאי ומלו מיא מגובא דבית לחם די בתרעא ונטלו ונסיבו ואתו לות דוד ולא צבא דוד למשתי יתהון ואמר לנסכא יתהון קדם יי:
13,1 Chronicles,11,19,1 Chronicles 11:19,ואמר חס לי מן קדם יי מלמעבד דא אפשר כאלו אדמא דגבריא אלין אנא שתי דאזלו בסכנת נפשהון ארום חולף נפשהון איתיאונון ולא צבא למשתי יתהון אלין גבורתא עבדו תלתא גבריא:
13,1 Chronicles,11,20,1 Chronicles 11:20,ואבשי אחוי דיואב הוא ריש גבריא והוא מתביב ית מורניתיה על תלת מאה קטילין וליה שום בתלתא גבריא:
13,1 Chronicles,11,21,1 Chronicles 11:21,מן תלתא אגב תרין הוה יקיר והוה להון לרבנא ולתלת גבורן לא מטא:
13,1 Chronicles,11,22,1 Chronicles 11:22,בניה בר יהוידע בר גבר דחיל חטאין וליה עובדין טבין מן קבצאל הוא קטל ית תרין רברבי מואב דהוון דמין לתרין אריון תקיפין הוא נחת וקטל ית אריוא במצע גובא ביומא דתלגא הוא הוה צדיקא רבא דלא הוה דיכמה לא במקדשא תנינא יומא חדא דחקת רגליה בחדרונא דמית ונחת לשילוח ותבר גזיזא דברדא וטבל וסליק ותנא ספרא דבי רב הוא ספרא דאורית כהניא ביומא זוטא דסתוא בעשרא יומין בירחא דטבת:
13,1 Chronicles,11,23,1 Chronicles 11:23,והוא קטל גברא מצראה אנש דמשחתא חמשא אמין באמת מלך ובידא דמצראה מורניתא דסומכיה כאכסן דגרדאין ונחת לותיה בחוטרא ותקפיה ואנס ית מורניתא מן ידא דמצראה וקטליה במורניתיה:
13,1 Chronicles,11,24,1 Chronicles 11:24,אלין גבורתא עבד בניהו בר יהוידע וליה שום בתלתא גבריא:
13,1 Chronicles,11,25,1 Chronicles 11:25,מן גבריא תלתא אגב תרין הא הוא יקיר ולתלת לא מטא ומני יתיה דוד ריש מתיבתא על תלמידוי:
13,1 Chronicles,11,26,1 Chronicles 11:26,וגברי עבדי קרבא עשהאל אחוי דיואב אלחנן בר דודו דמן בית לחם:
13,1 Chronicles,11,27,1 Chronicles 11:27,שמות דמן הרר חלץ דמן פלן:
13,1 Chronicles,11,28,1 Chronicles 11:28,עירא בר עקש דמן תקוע אביעזר דמן ענתות:
13,1 Chronicles,11,29,1 Chronicles 11:29,סבכי דמן חשת עילי מדבית אחוח:
13,1 Chronicles,11,30,1 Chronicles 11:30,מהרי דמן נטופת חלד בר בענה דמן נטופת:
13,1 Chronicles,11,31,1 Chronicles 11:31,אתי בר ריבי דמן גבעת בנימן בניה דמן פרעתון:
13,1 Chronicles,11,32,1 Chronicles 11:32,חוריה דמן נחליא דגעש אביאל דמן ערבת:
13,1 Chronicles,11,33,1 Chronicles 11:33,עזמות דמן בחרום אליחבא דמן שעלבון:
13,1 Chronicles,11,34,1 Chronicles 11:34,בני השם דמן גיזון יונתן בר שגה דמן הרר:
13,1 Chronicles,11,35,1 Chronicles 11:35,אחיאם בר שכר דמן הרר אליפל בר אור:
13,1 Chronicles,11,36,1 Chronicles 11:36,חפר דמן מכרת אחיה דמן פלון:
13,1 Chronicles,11,37,1 Chronicles 11:37,חצרו דמן כרמלא נערי בר אזבי:
13,1 Chronicles,11,38,1 Chronicles 11:38,יואל אחוי דנתן מבחר בר הגרא:
13,1 Chronicles,11,39,1 Chronicles 11:39,צלק דמן בני עמון נחרי דמן בארות נטלי זיני דיואב בר צרויה:
13,1 Chronicles,11,40,1 Chronicles 11:40,עירא דמן יתר גרב דמן יתר:
13,1 Chronicles,11,41,1 Chronicles 11:41,אוריה חתאה זבד בר אחלי:
13,1 Chronicles,11,42,1 Chronicles 11:42,עזיבא בר שיזא דמן שבטא ראובן ריש שבטא דראובן ועמיה תלתין גברין:
13,1 Chronicles,11,43,1 Chronicles 11:43,חנן בר מעכה ויושפט דמן מתן:
13,1 Chronicles,11,44,1 Chronicles 11:44,עזיא דמן עשתרות שמע ויעיאל בני חותם דמן ערוער:
13,1 Chronicles,11,45,1 Chronicles 11:45,ידיעאל בר שמרי ויוחא אחוי דמן תיץ:
13,1 Chronicles,11,46,1 Chronicles 11:46,אליאל דמן מחוא ויריבי ויושויה בני אלנעם ויתמה דמן בני מואב:
13,1 Chronicles,11,47,1 Chronicles 11:47,אליאל ועובד ויעשיאל דמן מצוביה:
13,1 Chronicles,12,1,1 Chronicles 12:1,ואלין דאתו לות דוד לצקלג עוד הוה כבוש מן קדם שאול בר קיש והנון בגבריא דמסיעין ליה בקרבא:
13,1 Chronicles,12,2,1 Chronicles 12:2,אומנין למיגר בקשתא ראמן גיררין מן ימינהון ומן שמאליהון רגמין באבניא ומגיחין קרבא בגיררין ובקשתא מקריבי שאול משבטא דבנימין:
13,1 Chronicles,12,3,1 Chronicles 12:3,דממנא לרישא אחיעזר ויואש בני שמעא דמן גבעתא ויזיאל ופלט בני עזמות וברכה ויהוא דמן ענתות:
13,1 Chronicles,12,4,1 Chronicles 12:4,וישמעיה דמן גבעון גבר בגבריא ומטא לגבורת גברין:
13,1 Chronicles,12,5,1 Chronicles 12:5,וירמיה ויחזיאל ויוחנן ויוזבד דמן גדרה:
13,1 Chronicles,12,6,1 Chronicles 12:6,וירימות ובעליה ושמריהו ושפטיהו דמן חרוף:
13,1 Chronicles,12,7,1 Chronicles 12:7,אלקנה וישיהו ואזראל ויועזר וישבעם דמן זרעית קרח:
13,1 Chronicles,12,8,1 Chronicles 12:8,ויועאלה וזבדיה בני ירוחם מן גדור:
13,1 Chronicles,12,9,1 Chronicles 12:9,ומן שבטא דגד איתפרשו לדוד בחקרא במדברא גברי חילא אנשי חילא לקרבא מסדרי תריסין ונטלי מורניתא ודמות אריוא דמותהון בקרבא והי כטביא על טוריא רהטין לאוחאה:
13,1 Chronicles,12,10,1 Chronicles 12:10,עזר רישא עובדיה תנינא אליאב תליתאה:
13,1 Chronicles,12,11,1 Chronicles 12:11,משמנה רביעאה ירמיה חמישאה:
13,1 Chronicles,12,12,1 Chronicles 12:12,עתי אשתאה אליאל שביעאה:
13,1 Chronicles,12,13,1 Chronicles 12:13,יוחנן תמינאה אלזבד תשיעאה:
13,1 Chronicles,12,14,1 Chronicles 12:14,ירמיהו עשיראה מכבני חד סראה:
13,1 Chronicles,12,15,1 Chronicles 12:15,אלין מבני גד רישי חיליא דכל חד וחד הוה מסדר קרבא עם אלפא זעירא דבהון עם מאה ורבא עם אלפא: :
13,1 Chronicles,12,16,1 Chronicles 12:16,אלין הינון דעברו ית ירדנא בירחא קדמאה והוא מתמלי על כל פצידוהי ואפכו כל יתבי מישריא למדינחא ולמערבא:
13,1 Chronicles,12,17,1 Chronicles 12:17,ואתו מן בני בנימן ויהודה עד לחקרא לות דוד:
13,1 Chronicles,12,18,1 Chronicles 12:18,ונפק דוד לקדמיהון ואמר להון אין לשלם אתיתון לותי לסיעותי יהי לי עליכון שלם לבבא כחדא ואין לנכלא יתי לאעקותי בלא חטופין בידי יתגלא קדם אלהא דאבהתנא ויתפרע:
13,1 Chronicles,12,19,1 Chronicles 12:19,ורוח גבורה לבשת ית עמשי ריש גבריא ואתיב אמטולתך דוד אתינא ולמהוי עמך בר ישי שלמא ביממא ושלמא בליליא לך ושלמא לדמסיעין לך ארום בסעדך מימר אלהך וקבלנון דוד ומננון ברישי מזרזי חילא:
13,1 Chronicles,12,20,1 Chronicles 12:20,ומשבטא מנשה שרו עם דוד כד אתא עם פלשתאי על שאול לאגחא קרבא ולא סעדונון ארום בעיטתא פטרו יתיה אסטרטיגי פלשתאי למימר ברישנא למקטלא יתוב לות רבוניה שאול:
13,1 Chronicles,12,21,1 Chronicles 12:21,כד אזל לצקלג שרו עלוהי ואתחברו עמיה משבטא מנשה עדנח ויוזבד וידיעאל ומיכאל ויוזבד ואליהוא וצלתי רישי גבריא דמן שבטא מנשה:
13,1 Chronicles,12,22,1 Chronicles 12:22,והנון סיעו עם דוד על מזרזי חילא מטול דגברי חילא הוו כלהון והוו מתמנן רבני חילא:
13,1 Chronicles,12,23,1 Chronicles 12:23,ארום לזמן יומא ביומא אתין לות דוד לסיעותיה עד דהוו למשריי אוכלוזין סגיעין כדמות משריי מלאכיא דיי:
13,1 Chronicles,12,24,1 Chronicles 12:24,ואלין סכומי רישי חילא דמזרזין לחילא דאתו לות דוד לחברון לאחזרא מלכותא דשאול לותיה בגזרת מימרא דיי:
13,1 Chronicles,12,25,1 Chronicles 12:25,בני יהודה נטלי תריסין ומורנין אשתא אלפין ותמני מאה מזרזי חילא:
13,1 Chronicles,12,26,1 Chronicles 12:26,מן בני שמעון גברי חילא לחילא שבעא אלפין ומאה:
13,1 Chronicles,12,27,1 Chronicles 12:27,מן בני ליואי ארבעת אלפין ושית מאה:
13,1 Chronicles,12,28,1 Chronicles 12:28,ויהוידע אמרכול לבית אהרן ועמיה תלתא אלפין ושבע מאה:
13,1 Chronicles,12,29,1 Chronicles 12:29,וצדוק טלי גבר חילא ובית אבוי רבנין עשרין ותרין:
13,1 Chronicles,12,30,1 Chronicles 12:30,ומן בני בנימן קריבו דשאול תלתא אלפין ועד כדון בניהון נטרין מטרת שאול:
13,1 Chronicles,12,31,1 Chronicles 12:31,ומן בני אפרים עשרין אלפין ותמני מאה גברי חילא אנשי שמהן לבית אבהתהון:
13,1 Chronicles,12,32,1 Chronicles 12:32,ומפלגות שבטא דמנשה תמניסר אלפין דאתפרשו בשמהן למיעל לאמלכא ית דוד:
13,1 Chronicles,12,33,1 Chronicles 12:33,ומן בני יששכר ידעי סוכלתנו לעדניא חכימין למקבע רישי שגין ורישי ירחין ולעברא ירחיא ושניא סופיסטין במולדא דסיהרא למקבע מועדיא בעדנהון בקיאין בתקופתא דשמשא אצרולוגין במזליא וכוכביא למידע מה כשרין למעבד בית ישראל רבניהון רישי סנדריא מאתן כל אחוהון עבדין פתגמי אוריתא וחכימין על מימר פומהון:
13,1 Chronicles,12,34,1 Chronicles 12:34,ומשבטא זבלון נפקי חילא מסדרי קרבא בכל זיני קרבא חמשין אלפין ולמעסק בלא לבא ולבא:
13,1 Chronicles,12,35,1 Chronicles 12:35,ומשבטא נפתלי רבנין אלפא ועמהון בתריסין ומורנין תלתין ושבעא אלפין:
13,1 Chronicles,12,36,1 Chronicles 12:36,ומן שבטא דן מסדרי קרבא עשרין ותמני אלפין ושית מאה:
13,1 Chronicles,12,37,1 Chronicles 12:37,ומשבטא אשר נפקא חילא לסדרא קרבא ארבעין אלפין:
13,1 Chronicles,12,38,1 Chronicles 12:38,ומעברא לירדנא משבטא ראובן ומשבטא גד ומפלגות שבטא דמנשה מזרזין בכל זינין לחילא מאה ועשרין אלפין:
13,1 Chronicles,12,39,1 Chronicles 12:39,כל אלין אנשי קרבא מסדרי סדרא בלב שלים אתו לחברון לאמלכא ית דוד על כל ישראל ואוף כל שארא דישראל לבא חד לאמלכא ית דוד:
13,1 Chronicles,12,40,1 Chronicles 12:40,והוו תמן עם דוד יומין תלתא אכלין ושאתין ארום זמינו להון אחוהון:
13,1 Chronicles,12,41,1 Chronicles 12:41,ואוף דקריבין להון עד יששכר וזבולן ונפתלי מיתין להון לחמא בחמרין ובגמלין ובכודנין ובתורין מזונא ומנן דדיבלין ואתכלין דענבין וחמר ומשח ותורין ועאן לסגעי מטול דחדוה הות בישראל:
13,1 Chronicles,13,1,1 Chronicles 13:1,ואתיעט דוד עם רבני אלפיא ומאותא לכל סרכן:
13,1 Chronicles,13,2,1 Chronicles 13:2,ואמר דוד לכל קהלא דישראל אין קדמיכון שפיר ומן קדם יי אלהנא אית רעוא נתקף ונשדר מטול אחנא דאשתירון בכל ארעתא דישראל ועמהון כהניא ולואי בקרוי פרויליהון ויתכנשון לותנא:
13,1 Chronicles,13,3,1 Chronicles 13:3,ונחזור ית ארונא דאלהנא לותנא ארום לא תבענא יתיה ביומי דשאול:
13,1 Chronicles,13,4,1 Chronicles 13:4,ואמרו כל קהלא למעבד כדין ארום תקין פתגמא קדם כל עמא:
13,1 Chronicles,13,5,1 Chronicles 13:5,וכנש דוד ית כל ישראל מן נילוס דמצרים עד מעלן לאנטוכיא לאעלאה ית ארונא דיי מן קרית יערים:
13,1 Chronicles,13,6,1 Chronicles 13:6,וסליק דוד וכל ישראל לבעלה לקרית יערים לאעלאה ית ארונא דיי הוא יי די שכנתיה שרא לעיל מן כרוביא דאתקרי שמיה עלוהי:
13,1 Chronicles,13,7,1 Chronicles 13:7,ואחיתו ית ארונא בעגלתא חדתא מן בית אבינדב ועזא ואחיו מדברין בעגלתא:
13,1 Chronicles,13,8,1 Chronicles 13:8,ודוד וכל ישראל משבחין קדם יי בכל תוקפא בשירין ובכנרין ובנבלין ובתפין ובצלצלין ובחצוצרתא:
13,1 Chronicles,13,9,1 Chronicles 13:9,ואתו עד אתר מתקן ואושיט עזא ית ידיה למיחד ית ארונא ארום מרגוהי תוריא:
13,1 Chronicles,13,10,1 Chronicles 13:10,ותקיף רוגזא דיי בעזא ומחהי מטול דאושיט ידיה על ארונא ומית תמן קדם יי:
13,1 Chronicles,13,11,1 Chronicles 13:11,ותקיף לדוד ארום תרע יי תרעתא בעזא וקרא לאתרא ההוא אתר דמית ביה עזא עד יומא הדין:
13,1 Chronicles,13,12,1 Chronicles 13:12,ודחיל דוד מן קדם יי ביומא ההוא למימר איכדין אעיל לותי ית ארונא דיי:
13,1 Chronicles,13,13,1 Chronicles 13:13,ולא אפני דוד ית ארונא לותיה לקרתא דדוד ואפניה לבית עובד אדום גתאה:
13,1 Chronicles,13,14,1 Chronicles 13:14,ואשתהי ארונא דיי לות עובד אדום בביתיה תלתא ירחין ובריך מימרא דיי ית עובד אדום בבנין ובני בנין דאתעברת אתתיה ותמניא כלתיה וילידן תמניא תמניא בכריסא חד עד דאשתכחו ביני אבהן ובנין ביום חד תמנין וחד וית כל דיליה בריך ואסגי עד לחדא:
13,1 Chronicles,14,1,1 Chronicles 14:1,ושדר חורם מלכא דצור אזגדין לות דוד וקיסי ארזין וארדכלין דאומנין לבנין כותלא ונגרין דחכימין למקבוע קיסין בעדנא דלא שלטא בהון מלטיתא ולא מתבזעין מן שרבא מטול למבני ליה היכלא:
13,1 Chronicles,14,2,1 Chronicles 14:2,וידע דוד ארום אתקניה מימרא דיי מלכא על ישראל וארום אתנטלת איקריה לעלא ומלכותיה מן בגלל לאוטבא לעמיה ישראל:
13,1 Chronicles,14,3,1 Chronicles 14:3,ונסיב דוד תוב נשין בירושלם ואוליד דויד תוב בנין ובנן:
13,1 Chronicles,14,4,1 Chronicles 14:4,ואלין שמהת דאתילידו דהוון מתרבין בירושלם שמוע ושובב ונתן ושלמה:
13,1 Chronicles,14,5,1 Chronicles 14:5,ויבחר ואלישוע ואלפלט:
13,1 Chronicles,14,6,1 Chronicles 14:6,ונוגה ונפג ויפיע:
13,1 Chronicles,14,7,1 Chronicles 14:7,ואלישמע ובעלידע ואליפלט:
13,1 Chronicles,14,8,1 Chronicles 14:8,ושמעו פלשתאי ארום אתרבא דוד למלכא על כל ישראל וסליקו כל פלשתאי למתבע ית דוד לקרבא ושמע דוד ונפק קדמיהון:
13,1 Chronicles,14,9,1 Chronicles 14:9,ופלשתאי אתו ואתרטישו במישר גבריא:
13,1 Chronicles,14,10,1 Chronicles 14:10,ושאיל דוד במימרא דיי למימר האיסק על פלשתאי ותמסרנון בידי ואמר יי ליה סק ואמסרנון בידך:
13,1 Chronicles,14,11,1 Chronicles 14:11,וסליקו במישר פרציא ומחנון תמן דוד ואמר דוד תבר יי ית בעלי דבבוי דדוד כתבור מאן דפחר דמלי מיין בגין כן שמא דאתרא ההוא מישר פרצים עד יומא הדין:
13,1 Chronicles,14,12,1 Chronicles 14:12,ושבקו תמן ית טעותהון ואמר דוד ואתוקדו בנורא:
13,1 Chronicles,14,13,1 Chronicles 14:13,ואוסיפו תוב פלשתאי ואתרטישו במישרא:
13,1 Chronicles,14,14,1 Chronicles 14:14,ושיל תוב דוד במימרא דיי ואמר ליה יי לא תסק בתריהון אסתחר מעלויהון ותהך להון מקבל אלניא:
13,1 Chronicles,14,15,1 Chronicles 14:15,ויהי כמשמעך ית קל מלאכיא דאתין לסיעותך בכין תפוק לקרבא ארום נפק מלאך שליח מן קדם יי לאצלחא קדמך למקטול ית משרית פלשתאי:
13,1 Chronicles,14,16,1 Chronicles 14:16,ועבד דוד היכה דפקדיה יי ומחו ית משרית פלשתאי מגבעון ועד גזרה:
13,1 Chronicles,14,17,1 Chronicles 14:17,ונפק שמא דדוד בכל ארעתא ומימרא דיי רמא דחלתיה על כל עממיא:
13,1 Chronicles,15,1,1 Chronicles 15:1,ועבד ליה בתין בקרתא דדוד ואתקין אתרא לארונא דיי ופרס ליה משכנא:
13,1 Chronicles,15,2,1 Chronicles 15:2,הא בכין אמר דוד דלא כשרין למיטל ית ארונא דיי אלהן ליואי ארום בהון אתרעי יי למיטל ית ארונא דיי ולשמשא יתיה עד עלמא:
13,1 Chronicles,15,3,1 Chronicles 15:3,וכנש דוד ית כל ישראל לירושלם לאסקא ית ארונא דיי לאתריה דזמין ליה:
13,1 Chronicles,15,4,1 Chronicles 15:4,וכנש דוד ית בני אהרן וית ליואי:
13,1 Chronicles,15,5,1 Chronicles 15:5,לבני קהת אוריאל רבנא ואחוהי מאה ועשרין:
13,1 Chronicles,15,6,1 Chronicles 15:6,לבני מררי עשיה רבנא ואחוהי מאתן ועשרין:
13,1 Chronicles,15,7,1 Chronicles 15:7,לבני גרשום יואל רבנא ואחוהי מאה ותלתין:
13,1 Chronicles,15,8,1 Chronicles 15:8,לבני אליצפן שמעיה רבנא ואחוהי מאתן:
13,1 Chronicles,15,9,1 Chronicles 15:9,לבני חברון אליאל רבנא ואחוהי תמנן:
13,1 Chronicles,15,10,1 Chronicles 15:10,לבני עזיאל עמינדב רבנא ואחוהי מאה ותריסר:
13,1 Chronicles,15,11,1 Chronicles 15:11,וקרא דוד לצדוק ולאביתר כהניא ולליואי לאוריאל עשיה ויואל ושמעיה ואליאל ועמינדב:
13,1 Chronicles,15,12,1 Chronicles 15:12,ואמר להון אתון רישי אבהת לליואי אזדמנו אתון ואחוכון ותסקון ית ארונא דיי אלהא דישראל לאתרא דזמנית ליה:
13,1 Chronicles,15,13,1 Chronicles 15:13,ארום בקדמיתא עד לא הויתון אתון תרע יי אלהנא בנא ארום לא תבענוהי כזחזי:
13,1 Chronicles,15,14,1 Chronicles 15:14,ואזדמנו כהניא וליואי לאסקא ית ארונא דיי אלהא דישראל:
13,1 Chronicles,15,15,1 Chronicles 15:15,ונטלו ליואי ית ארונא דיי היכמא די פקיד משה הי כפתגמא דיי על כתפיהון באסלון עלויהון:
13,1 Chronicles,15,16,1 Chronicles 15:16,ואמר דוד לרברבני ליואי לאסקא ית אחוהון דמשבחיא במאני תשבחתא בנבלין וכנרין וצלצלין משמעין לארמא בקלא לחדוא:
13,1 Chronicles,15,17,1 Chronicles 15:17,ואוקימו ליואי ית הימן בר יואל ומן קריבוהי אסף בר ברכיהו ומן בני מררי קריביהון איתן בר קושיהו:
13,1 Chronicles,15,18,1 Chronicles 15:18,ועמהון אחוהון בתנינות זכריהו בר ויעזיאל ושמירמות ויחיאל ועני אליאב ובניהו ומעשיהו ומתתיהו ואליפלהו ומקניהו ועובד אדום ויעיאל תרעיא:
13,1 Chronicles,15,19,1 Chronicles 15:19,ומשבחיא הימן אסף ואיתן בצלצלין דנחשא לאשמעא:
13,1 Chronicles,15,20,1 Chronicles 15:20,וזכריה ועזיאל ושמירמות ויחיאל ועני ואליאב ומעשיהו ובניהו בנבלים על בסימות קלפונין די שבחא:
13,1 Chronicles,15,21,1 Chronicles 15:21,ומתתיהו ואליפלהו ומקניהו ועובד אדום ויעיאל ועזזיהו בכנרין על תמניתא למשבחא:
13,1 Chronicles,15,22,1 Chronicles 15:22,וכנניהו רב ליואי במטול מתרברב על נטלי מטולא ארום סוכלתן הוא:
13,1 Chronicles,15,23,1 Chronicles 15:23,וברכיה ואלקנה תרעיא לפרסא דתמן ארונא:
13,1 Chronicles,15,24,1 Chronicles 15:24,ושבניהו ויושפט ונתנאל ועמשי וזכריהו ובניהו ואליעזר כהניא מחצצרין בחצוצרתא קדם ארונא דיי ועובד אדום ויחיה תרעיא לפרסא דתמן ארונא:
13,1 Chronicles,15,25,1 Chronicles 15:25,והוה דוד וסבי ישראל ורבני אלפין דאזלין לאסקא ית ארון קימא דיי מן בית עובד אדום בחדוא:
13,1 Chronicles,15,26,1 Chronicles 15:26,והוה כד סעיד יי ית ליואי נטלי ארון קימא דיי ודבחו שבעה תורין ושבעא אמרין:
13,1 Chronicles,15,27,1 Chronicles 15:27,ודוד הוה מתעטף במנטר דבוץ וכל ליואי נטלין ית ארונא ומשבחיא וכנניה רב נטלי מטולא ועל דוד כרדוט דבוץ:
13,1 Chronicles,15,28,1 Chronicles 15:28,וכל ישראל מסקין ית ארונא קימא דיי ביבבא ובקול שופרא ובחצוצרתא ובמצלצלין דמשמיעין בנבלין וכנרין:
13,1 Chronicles,15,29,1 Chronicles 15:29,והוה ארונא קימא דיי אתי עד קרתא דדוד ומיכל ברת שאול אודיקת מן חרכא וחמת ית מלכא מטפז ומשבח ובסרת עלוי בלבבה:
13,1 Chronicles,16,1,1 Chronicles 16:1,ואיתיאו ית ארונא דיי ואקימו יתיה במצע משכנא די פרס ליה דוד וקריבו עלון ונכסת קודשין קדם יי:
13,1 Chronicles,16,2,1 Chronicles 16:2,ופסק דוד מן למסק עלתא ונכסת קודשין ובריך ית עמא בשום מימרא דיי:
13,1 Chronicles,16,3,1 Chronicles 16:3,ופלג לכל אנש ישראל מגבר ועל אתא לכל חד טולמא דלחמא חדא ופלוג חד מן אשתא בתורא ומנא חד מן אשתה בהינא דחמרא:
13,1 Chronicles,16,4,1 Chronicles 16:4,ומני קדם ארונא דיי מן ליואי משבחיא ולאדכרה ולאודוי ולשבחו קדם יי אלהא דישראל:
13,1 Chronicles,16,5,1 Chronicles 16:5,אסף ברישא ותניניה זכריה ויעיאל ושמירמות ויחיאל ומתתיה ואליאב ובניהו ועובד אדום ויעיאל בזיני זמר ובכנרין ואסף בצלצלין לאשמעא :
13,1 Chronicles,16,6,1 Chronicles 16:6,ובניהו ויחזיאל כהניא בחצוצרתא תדירא קדם ארונא קימא דיי:
13,1 Chronicles,16,7,1 Chronicles 16:7,ביומא ההוא הא בכין אתמנא דוד ברישא לשבחא קדם יי בידא דאסף ואחוהי:
13,1 Chronicles,16,8,1 Chronicles 16:8,שבחו קדם יי קרו בשמיה הודעו בעממיא עובדוי :
13,1 Chronicles,16,9,1 Chronicles 16:9,שבחו קדמוי זמרו קדמו מלילו כלהון פרשותיה:
13,1 Chronicles,16,10,1 Chronicles 16:10,אשתבחון בשום קודשיה יחדי לבהון דתבעי מימרא דיי:
13,1 Chronicles,16,11,1 Chronicles 16:11,תבעו מימרא דיי ותקפיה קבילו אפוהי תדירא:
13,1 Chronicles,16,12,1 Chronicles 16:12,אדכרו פרשותיה די עבד תימהוהי ודיני פומיה:
13,1 Chronicles,16,13,1 Chronicles 16:13,זרעא דישראל עבדיה בני יעקב דיתרעי בהון:
13,1 Chronicles,16,14,1 Chronicles 16:14,הוא יי אלהנא בכולא ארעא דינוהי:
13,1 Chronicles,16,15,1 Chronicles 16:15,אדכרו לעלם קימא פתגמא דפקיד לאלפין דרין:
13,1 Chronicles,16,16,1 Chronicles 16:16,די גזר עם אברהם וקימיה ליצחק:
13,1 Chronicles,16,17,1 Chronicles 16:17,ואוקימיה ליעקב לגזירא ולישראל קים עלם:
13,1 Chronicles,16,18,1 Chronicles 16:18,למימר לכון אתן ית ארעא דכנען עדב אחסנתכון:
13,1 Chronicles,16,19,1 Chronicles 16:19,כד הויתון עם דמנין קלילין ויתבין בה:
13,1 Chronicles,16,20,1 Chronicles 16:20,והליכו מן עמא לות עמא ומן מלכו לעמא חורן:
13,1 Chronicles,16,21,1 Chronicles 16:21,לא ירשי גבר לטלמא להון ואוכח אמטולהון מלכיא:
13,1 Chronicles,16,22,1 Chronicles 16:22,לא תנזקון בקדשי דרביתנון בשום טב ובנביי לא תבאשון:
13,1 Chronicles,16,23,1 Chronicles 16:23,שבחו קדם יי כל יתבי ארעא בשרו מיומא ליומא פורקניה:
13,1 Chronicles,16,24,1 Chronicles 16:24,אשתעו בעממיא ית יקריה בכלהון אומיא פרשותיה:
13,1 Chronicles,16,25,1 Chronicles 16:25,מטול דרב יי ומשבח לחדא ודחיל הוא על כלהון מלאכיא:
13,1 Chronicles,16,26,1 Chronicles 16:26,מטול דכלהון טעות עממיא דחלן דלית בהון צרוך ויי שמיא עבד:
13,1 Chronicles,16,27,1 Chronicles 16:27,זיוא ושבהורא קדמוי תקפא ודיצותא באתריה:
13,1 Chronicles,16,28,1 Chronicles 16:28,הבו קדם יי גניסת דעממיא הבו קדם יי איקרא ותוקפא:
13,1 Chronicles,16,29,1 Chronicles 16:29,הבו קדם יי איקר שמיה טולו תקרובתא ועולו קדמוהי סגודו קדם יי בשבהורי קודשא:
13,1 Chronicles,16,30,1 Chronicles 16:30,אזדעזעו מן קדמוי כל יתבי ארעא ברם אתקין ארעא דלא תזדעזע:
13,1 Chronicles,16,31,1 Chronicles 16:31,יחדון אנגלי מרומא ויבועון יתבי ארעא ויימרון בעמיא יי מלך:
13,1 Chronicles,16,32,1 Chronicles 16:32,יכלי ימא ומלאיה יבועון אלני חקלא וכל עשבע די ביה:
13,1 Chronicles,16,33,1 Chronicles 16:33,הא בכין ירננו אילני חורשא מן קדם יי ארום אתגלי למדן כל יתבי ארעא:
13,1 Chronicles,16,34,1 Chronicles 16:34,אודו קדם יי ארום טב מטול די לעלם טוביה:
13,1 Chronicles,16,35,1 Chronicles 16:35,ואמרו פרוק יתנא אלהא פורקננא וכנוש יתנא ושזיב יתנא מן עממיא לאודויי לשום קדשך לאשתבחא בתשבחתך:
13,1 Chronicles,16,36,1 Chronicles 16:36,בריך יי אלהא דישראל מן עלמא הדין ועד עלמא דאתי ואמרו כל עמא אמן שבחא קדם יי:
13,1 Chronicles,16,37,1 Chronicles 16:37,ושבק תמן קדם ארונא קימא דיי לאסף ולאחוהי לשמשא קדם ארונא תדירא פתגם יום ביומיה:
13,1 Chronicles,16,38,1 Chronicles 16:38,ועובד אדום ואחיהון אשתין ותמניא ועובד אדום בר ידותון וחוסה לתרעיא:
13,1 Chronicles,16,39,1 Chronicles 16:39,וית צדוק כהנא ואחוהי כהניא קדם משכנא דיי בבית כנשתא דבגבעון:
13,1 Chronicles,16,40,1 Chronicles 16:40,לאסקא עלון קדם יי על מדבח עלתא תדירא לצפרא ולרמשא ולכל מה דכתיב באוריתא דיי דפקיד על ישראל:
13,1 Chronicles,16,41,1 Chronicles 16:41,ועמהון הימן וידותון ושיר בחיריא דאתפרשו בשמהן לאודויי קדם יי מטול די לעלם טוביה:
13,1 Chronicles,16,42,1 Chronicles 16:42,ועמהון הימן וידותון בחצוצרתא וצלצלין למשמעיא וזיני תושבחא קדם יי ובני ידותון ממנן על תרעיא:
13,1 Chronicles,16,43,1 Chronicles 16:43,ואזלו כל עמא אנש לביתיה וחזר דוד לברכא ית עמא:
13,1 Chronicles,17,1,1 Chronicles 17:1,והוה כד יתיב מלכא בביתיה ואמר דוד לנתן נביא הא אנא יתיב בביתא דמטלל בכיורי ארזיא וארונא קימא דיי שרי במשכנא בגו יריעתא:
13,1 Chronicles,17,2,1 Chronicles 17:2,ואמר נתן לדוד כל דבלבך עבד ארום מימרא דיי בסעדך:
13,1 Chronicles,17,3,1 Chronicles 17:3,והוה בליליא ההוא והוה פתגם נבואה מן קדם יי עם נתן למימר:
13,1 Chronicles,17,4,1 Chronicles 17:4,אזיל ותימר לות דוד עבדי כדנן אמר יי לא תבנה קדמי ביתא לאשראה שכנתי ביה:
13,1 Chronicles,17,5,1 Chronicles 17:5,ארום לא אשריתי שכנתי בביתא למן יומא דאסקית עמי ית ישראל ממצרים עד יומא הדין והויתי משרי שכנתי ממשכן זמנא לנוב ומנוב לשילה ומשילה למשכן גבעון:
13,1 Chronicles,17,6,1 Chronicles 17:6,בכל אתר דאשריתי שכנתי בכל מה דמהלכא שכנתי בבני ישראל האפשר דמללא מלילית עם חד מן נגודיא דישראל די פקדית לפרנסא ית עמי למימר למה לא בניתון קדמי ביתא דמטלל בכיורי ארזיא:
13,1 Chronicles,17,7,1 Chronicles 17:7,וכדון כדנן תימר לעבדי לדוד כדנן אמר יי צבאות אנא דברתך מן דירא מן בתר ענא למהוי מלכא על עמי ישראל:
13,1 Chronicles,17,8,1 Chronicles 17:8,והוה מימרי בסעדך בכל אתר דהליכתא ושיציתי ית כל בעלי דבבך מן קדמך ועבדית לך שום טב כשום אבהת עלמא רברביא דהוון בארעא:
13,1 Chronicles,17,9,1 Chronicles 17:9,ואשוי אתר מתקן לעמי ואקימנון וישרון באתריהון ולא יזועון תוב ולא יוספון בני רשעא למלעי יתהון כמא דסגפנון בקדמיתא:
13,1 Chronicles,17,10,1 Chronicles 17:10,ולמן יומא די פקידית נגודיא על עמי ישראל ותברית ית כל בעלי דבבך וחויתי לך ארום מלכו יקים לך יי:
13,1 Chronicles,17,11,1 Chronicles 17:11,ויהי ארום ישלמון יומיך למיהך עם אבהתך ואקים ית בנך בתרך בר דתוליד ואתקין ית מלכותיה:
13,1 Chronicles,17,12,1 Chronicles 17:12,הוא יבנה לי בית מקדשא לשמי ואתקין ית כורסי מלכותיה עד עלמא:
13,1 Chronicles,17,13,1 Chronicles 17:13,אנא אחבב יתיה כאבא לבריה והוא יהא חביב קדמי כברא לאבא וטובי לא אעדי מניה היכמא דעדיתי מן שאול דהוה מליך מקדמך:
13,1 Chronicles,17,14,1 Chronicles 17:14,ואקימניה מהימן בעמי בבית מקדשי ובמלכותי עד עלמא וכורסי מלכותיה יהא מתקן עד עלמא:
13,1 Chronicles,17,15,1 Chronicles 17:15,הי ככל פתגמיא האלין והי ככל נבואתא הדא מלל נתן עם דוד:
13,1 Chronicles,17,16,1 Chronicles 17:16,ואתא דוד ואשתהי בצלותא קדם יי ואמר לית אנא כמיסת יי אלהים ומן ביתי ארום אמטיתני עד הלכא למחסן מלכותא:
13,1 Chronicles,17,17,1 Chronicles 17:17,והות קלילא דא קדמך יי אלהים ומללתא על בית עבדך לעלמא דאתי ואחזיתני למיקם בסדר גבריא יי אלהים:
13,1 Chronicles,17,18,1 Chronicles 17:18,מה יוסיף תוב דוד למללא קדמך ואת עבדתא בעותא דעבדך ליקרא יתיה ואנת ית עבדך ידעתא:
13,1 Chronicles,17,19,1 Chronicles 17:19,יי בגין עבדך וברעותך עבדתא ית כל רבותא הדא להודעא ית עבדך ית כל רברבתא:
13,1 Chronicles,17,20,1 Chronicles 17:20,יי לית דכותך ולית אלהא בר מנך בכל די שמענא ואמרו קדמנא:
13,1 Chronicles,17,21,1 Chronicles 17:21,ומן כות עמך ישראל עמא יחידאי ובחיר בארעא דאתגלי מלאך שליח מן קדם יי למפרק ליה עם ולשואה ליה שום ולמעבד להון רברבן וחסינן לתרכא מן קדם עמך דפרקתא ממצרים עממיא:
13,1 Chronicles,17,22,1 Chronicles 17:22,ואתקנתא ית עמך ישראל לך לעם עד עלמא ואת הויתא להון לאלהא:
13,1 Chronicles,17,23,1 Chronicles 17:23,וכדון יי פתגמא די מללתא על עבדך ועל ביתיה יהא מהימן עד עלמא ועביד היכלא די מלילתא:
13,1 Chronicles,17,24,1 Chronicles 17:24,ויהא מהימן ויתרבי שמך עד עלמא יי מרי חילותא יי אלהא דישראל הוא אלהא לישראל ובית דוד עבדך יהא מתקן קדמך:
13,1 Chronicles,17,25,1 Chronicles 17:25,ארום את יי חויתא לעבדך למימר מלכו אקים לך בגין כן אשכח עבדך פתחא דפומא לצלאה קדמך:
13,1 Chronicles,17,26,1 Chronicles 17:26,וכדון יי את הוא אלהא דמללתא על עבדך ית טבתא הדא:
13,1 Chronicles,17,27,1 Chronicles 17:27,וכדון שריתא לברכא ית בית עבדך למהוי קים לעלמא קדמך ארום את יי ברכתא ומברך יהי לעלמא:
13,1 Chronicles,18,1,1 Chronicles 18:1,והוה מן בתר כדין ומחא דוד ית פלשתאי ואכניעונין ודבר ית גת וית כפרנהא מן יד פלשתאי:
13,1 Chronicles,18,2,1 Chronicles 18:2,ומחא ית מואבאי והוו מואבאי לעבדין לדוד נטלי פרס מקרבי דורון:
13,1 Chronicles,18,3,1 Chronicles 18:3,ומחא דוד ית הדרעזר מלכא דצובה בחמת כד אזל לאקמא תחומיה בנהר פרת:
13,1 Chronicles,18,4,1 Chronicles 18:4,ואחד דוד מניה אלף רתיכין ושבעת אלפין פרשין ועשרין אלפין גוברין רגלאין ועקר דוד ית כל רתיכיא ושיר מנהון מאה רתיכין:
13,1 Chronicles,18,5,1 Chronicles 18:5,ואתוי אנשי ארם דרמשק לסיעה להדרעזר מלכא דצובה וקטל דוד בארמאי עשרין ותרין אלפין גוברין:
13,1 Chronicles,18,6,1 Chronicles 18:6,ומני דוד אסטרדיוטין בארם דרמשק והוו ארמאי לדוד עבדין נטלי פרס מסקי מסין ופרק יי לדוד בכל אתר די הליך:
13,1 Chronicles,18,7,1 Chronicles 18:7,ונסיב דוד ית תריסי דהבא דהוו על עבדי הדרעזר ואיתיאונון לירושלם:
13,1 Chronicles,18,8,1 Chronicles 18:8,ומן טבחת ומן כון קרוי הדרעזר נסיב דוד נחשא סגי לחדא מניה עבד שלמה ית ימא דנחשא וית עמודיא וית מאני דנחשא:
13,1 Chronicles,18,9,1 Chronicles 18:9,ושמע תועו מלכא דאנטוכיא ארום קטל דוד ית כל משרית מלכא דצובה:
13,1 Chronicles,18,10,1 Chronicles 18:10,ושדר ית הדורם בריה לות מלכא דוד למשיל ליה בשלם ולברכותיה מן בגלל דאגיח קרבא בהדרעזר וקטליה ארום גבר עביד קרבין עם תועו הוה הדרעזר וכל מאני דהבא וכספא ונחשא דשדר ליה:
13,1 Chronicles,18,11,1 Chronicles 18:11,אוף הנון אקדיש מלכא דוד קדם יי עם כספא ודהבא די שבא מכל עממיא מן אדום ומן מואב ומבני עמון ומן פלשתאי ומעמלקאי:
13,1 Chronicles,18,12,1 Chronicles 18:12,ואבישי בר צרויה קטל ית אדומאי בחילת מלח תמניסר אלפין:
13,1 Chronicles,18,13,1 Chronicles 18:13,ומני באדום אסטרטיוטין והוו כל אדומאי עבדין לדוד ופרק יי ית דוד בכל אתר די הליך:
13,1 Chronicles,18,14,1 Chronicles 18:14,ומלך דוד על כל ישראל והוה עבד דין וקשוט לכל עמיה:
13,1 Chronicles,18,15,1 Chronicles 18:15,ויואב בר צרויה ממנא על חילא ויהושפט בר אחילוד ממנא דכרניה:
13,1 Chronicles,18,16,1 Chronicles 18:16,וצדוק בר אחיטוב ואחימלך בר אביתר סגני כהונתא רבתא ושושא ספרא:
13,1 Chronicles,18,17,1 Chronicles 18:17,ובניהו בר יהוידע ממנא על סנדרי רבתא ועל סנדרי זוטא והוה שאיל באוריא ותמיא ועל מימר פומיה הוון קשתיא וקלעיא לקרבא ובני דוד יתבין בקדמיתא למטרא דמלכא:
13,1 Chronicles,19,1,1 Chronicles 19:1,והוה מן בתר כדין ומית נחש מלכא דבני עמון ומליך בריה תחותוהי:
13,1 Chronicles,19,2,1 Chronicles 19:2,ואמר דוד אעביד טיבו עם חנון בר נחש מטול דעבד אבוהי עמי טיבו ושלח דוד אזגדין לנחמותיה על אבוהי ואתו עבדי דוד לארעא בני עמון לות חנון לנחמותיה:
13,1 Chronicles,19,3,1 Chronicles 19:3,ואמרו רברבי בני עמון לחנון האפשר די מיקר דוד ית אבוך קדמך ארום שדר לך מנחמין הלא מן בגלל למחקר ולהפכא ולאללא ית ארעא אתו עבדוהי לותך:
13,1 Chronicles,19,4,1 Chronicles 19:4,ודבר חנון ית עבדי דוד וגרענון ופסיק ית לבושיהון מן פלגיהון עד בית בהתתהון ופטרנון:
13,1 Chronicles,19,5,1 Chronicles 19:5,ואזלו וחויאו על עיסק גבריא ושדר לקדמותהון ארום הוון גבריא מתכלמין לחדא ואמר מלכא תיבו ביריחו עד זמן די ירבי דקניכון ותתובון:
13,1 Chronicles,19,6,1 Chronicles 19:6,וחמון בני עמון ארום אתגריאו בדוד ושדר חנון ובני עמון אלף קנטירין דכסף למיגר להון מן ארם דעל פרת ומן ארם דעל מעכה ומצובה ארתכין ופרשן:
13,1 Chronicles,19,7,1 Chronicles 19:7,ואגרו להון תלתין ותרין אלפין ארתכין וית מלך מעכה וית עמיה ואתו ושרו קדם מידבא ובני עמון אתכנישו מקרויהון ואתו לאגחא קרבא:
13,1 Chronicles,19,8,1 Chronicles 19:8,ושמע דוד ושדר ית יואב וית כל רישי חילא ואוכלוסי גבריא:
13,1 Chronicles,19,9,1 Chronicles 19:9,ונפקו בני עמון וסדרו קרבא במעלנא דקרתא ומלכיא דאתו בלחודיהון בחקלא:
13,1 Chronicles,19,10,1 Chronicles 19:10,וחמא יואב ארום תקיפו עבדי קרבא עלוי מן קדמוי ומן בתרוהי ובחר מכל עולימי ישראל ושדר קרבא לקדמות ארם:
13,1 Chronicles,19,11,1 Chronicles 19:11,וית שיר עמא מני ביד אבישי אחוהי וסדרו קרבא לקדמות בני עמון:
13,1 Chronicles,19,12,1 Chronicles 19:12,ואמר אין מתקפין מני ארמאי ותהי לי לפריק ואין בני עמון יתקפון מנך ואפרקנך:
13,1 Chronicles,19,13,1 Chronicles 19:13,אתקף ונתקפה מטול עמנא ומטול קרוי אלהנא ויי דתקן קדמוהי יעביד:
13,1 Chronicles,19,14,1 Chronicles 19:14,וקריב יואב ועמא די עמיה קדם ארם לקרבא ואפכו מן קדמוהי:
13,1 Chronicles,19,15,1 Chronicles 19:15,ובני עמון חמון ארום אפכו אנש ארם ואפכו ברם אנון מן קדם אבישי אחוהי ועלו לקרתא ואתא יואב לירושלם:
13,1 Chronicles,19,16,1 Chronicles 19:16,וחמון אנש ארם ארום אתברו קדם ישראל ושדרו אזגדין ואפיקו ית ארם די בעיבר פרת ושופך רב חילא דהדרעזר קדמיהון:
13,1 Chronicles,19,17,1 Chronicles 19:17,ואתחוא לדוד וכנש ית כל ישראל ועבר ית ירדנא ואתא לותהון וסדר לקבליהון וסדר דוד לקדמות ארם קרבא ואגיחו עמיה:
13,1 Chronicles,19,18,1 Chronicles 19:18,ואפכו אנש ארם מן קדם ישראל וקטל דוד מאנשי ארם שבעת אלפין ארתכין וארבעין אלפין גוברין רגלאין וית שופך רב חליה קטל:
13,1 Chronicles,19,19,1 Chronicles 19:19,וחמון עבדי הדרעזר ארום אתברו קדם ישראל ואשלמו עם דוד ופלחו ליה ולא צבו אנשי ארם למפרק ית בני עמון תוב:
13,1 Chronicles,20,1,1 Chronicles 20:1,והוה לזמן סופא דשתא לעדן דנפקין מלכיא מן בית מלכותהון ביומי ירח ניסן ודבר יואב ית משרית אוכלסא וחביל ית ארעא בני עמון ואתא ואעיק על רבה ודוד הוה יתיב בירושלם ומחא יואב ית רבה וחבלה:
13,1 Chronicles,20,2,1 Chronicles 20:2,ונסיב דוד ית כליל מלכהון מעל ראשיה ואשכחא מתקל קנטינר דדהבא סנינא ובה קביעא אבן טבא דהות טימין דידה קנטינר דדהבא סנינא היא הות אבנא שאבתא דסוברא ית רמוץ דהבא באוירא והות על ריש דוד ועדי קרתא אפיק סגי לחדא:
13,1 Chronicles,20,3,1 Chronicles 20:3,וית עמא דבה אגלי ומסאריתהון במסארין ובמוריגי סיפורין דפרזלא והיכדין עבד דוד לכל קרוי בני עמון ותב דוד וכל עמא לירושלם:
13,1 Chronicles,20,4,1 Chronicles 20:4,והות מן בתר כדין וקמת קרבא בגזר עם פלשתאי בכין קטל סבכי דמן חושת ית סיפי מבני ערפה דמן בני גבריא ואתברו:
13,1 Chronicles,20,5,1 Chronicles 20:5,והות תוב קרבא עם פלשתאי וקטל דוד בר ישי הוא גברא חסידא דהוה מתער משנתיה בפלגות ליליא לשבחא קדם יי ית לחמי אחוהי דגלית ביומא דקטל ית גלית דמן גת ואעא דמורניתיה הי כאכסן דגרדאין:
13,1 Chronicles,20,6,1 Chronicles 20:6,והות תוב קרבא בגת והוה תמן גבר דמכילתא ואצבעתיה אשתה בכל ידא ואשתה בכל רגלא סכומהון עשרין וארבעא ואוף הוא אתיליד לערפה מן גבריא:
13,1 Chronicles,20,7,1 Chronicles 20:7,וחסד ית ישראל וקטל יתיה יהונתן בר שמעא אחוהי דדוד:
13,1 Chronicles,20,8,1 Chronicles 20:8,אלין אתילידו לערפה בגת ואתמסרו בידוי דדויד ובידוי דעבדוהי:
13,1 Chronicles,21,1,1 Chronicles 21:1,ואקים יי סטנא על ישראל ואתגרי בדוד לממני ית ישראל:
13,1 Chronicles,21,2,1 Chronicles 21:2,ואמר דוד ליואב ולרבני עמא אזילו מנו ית ישראל מבירא דשבע ועד פמיאס ואיתיאו לותי ואדע ית סכומהון וית מנינהון:
13,1 Chronicles,21,3,1 Chronicles 21:3,ואמר יואב יוסף יי על עמיה הי כאלין מאה זימנין הלא רבוני מלכא שליט עליהון וכלהון לרבוני לעבדין למה יבעי הדא פתגמא רבוני ולמה יהא לחובא על ישראל:
13,1 Chronicles,21,4,1 Chronicles 21:4,ופתגמא דמלכא תקיף על יואב ונפק יואב וטיל בכל ישראל ותב לירושלם:
13,1 Chronicles,21,5,1 Chronicles 21:5,ומסר יואב ית חושבן מנין עמא לדוד והוו כלהון ישראל אלף אלפין ומאה אלפין גבר שלפי סיפא ואנש יהודה ארבעה מאה ושבעין אלפין גבר שלפן סיפא:
13,1 Chronicles,21,6,1 Chronicles 21:6,ושבטא לוי ושבטא בנימין לא מנא ארום מרחקא פתגמא דמלכא על יואב:
13,1 Chronicles,21,7,1 Chronicles 21:7,ובאיש קדם יי על פתגמא הדין ומחא יי ית ישראל:
13,1 Chronicles,21,8,1 Chronicles 21:8,ואמר דוד קדם יי חבית לחדא על די עבדית ית פתגמא הדין וכדון שבוק כדון ית חובא דעבדך ארום אטפשית עד לחדא:
13,1 Chronicles,21,9,1 Chronicles 21:9,ומלל יי עם גד נביא דדוד למימר:
13,1 Chronicles,21,10,1 Chronicles 21:10,אזיל ותמליל לדוד למימר כדנן אמר יי חדא מן תלת אנא רמי עלך בחר לך חדא מנהון ואעביד לך:
13,1 Chronicles,21,11,1 Chronicles 21:11,ואתא גד לדוד ואמר ליה כדנן אמר יי קבל עלך:
13,1 Chronicles,21,12,1 Chronicles 21:12,אין תלת שנין כפנא ואין תלת ירחין מפך ושלחי קדם סנאך וסיפא דבעיל דבבך תהא לך למדבקא ואין תלתא יומין קטלין דחרבא מן קדם יי ומותנא בארעא מחבל בכל תחומא דישראל וכדון חמי מה אתיב למשדר יתי פתגמא:
13,1 Chronicles,21,13,1 Chronicles 21:13,ואמר דוד לגד אין אנא בריר ית כפנא יימרון דבית ישראל אוריאיא דדוד מלין עיבורא ולא אכפת ליה אין ימותון עמא בית ישראל בכפנא ואין אנא בריר ית קרבא ולמפך מן קדם סנאה יימרון דבית ישראל דוד גברא ומרי קרבא ולא אכפת ליה אין יפלון עמא בית ישראל קטילין בחרבא הא עיק לי לחדא אתמסר כדון ביד מימרא דיי ארום סגיעין רחמוהי וביד בני אנשא לא אתמסר:
13,1 Chronicles,21,14,1 Chronicles 21:14,ויהב יי מותנא בישראל ונפלו מישראל שבעין אלפין גוברין:
13,1 Chronicles,21,15,1 Chronicles 21:15,ושדר מימרא דיי מלאכא דמותא לירושלם לחבלותה ובחבלותיה אסתכל באפרא דעקדתא דיצחק ביסודא דמדבחא ואדכר קימיה דעם אברהם דקים בטור פולחנא ובית מקדשא דלעיל דתמן נפשת צדיקיא ואוקונין דיעקב דקביע בכורסי יקרא ותב במימריה על בישתא דאמר למעבד ואמר למלאכא מחבלא משתיך מסתיך כדון טול אבישי רבהון מביניהון ופסוק מחתך מן שיר עמא ומלאך שליח מן קדם יי הוה קאם בבית אדרי דארון יבוסאה:
13,1 Chronicles,21,16,1 Chronicles 21:16,וזקף דוד ית עינוהי וחמא ית מלאכא דיי קאם ותליל באוירא בין ארעא ובין שמיא וסיפיה שליפא בידיה רכינא על ירושלם ונפל דוד וספריא וסביא דאסירין ומזרזין בשקיה ואתרכינו על אפיהון:
13,1 Chronicles,21,17,1 Chronicles 21:17,ואמר דוד קדם יי הלא אנא הוא דאמרית לממני ית עמא ואנא הוא דחבית ואבאשא אבאישית ואלין עמא דאנון הי כענא ביד רעיא מה עבדו יי אלהי תהי כדון מחתך בי ובבית אבא ובעמך לא תהא למותנא:
13,1 Chronicles,21,18,1 Chronicles 21:18,ומלאך שליח מן קדם יי אמר לגד למימר לדוד די יסק דוד לאקמא מדבחא קדם יי בבית אדרי דארון יבוסאה:
13,1 Chronicles,21,19,1 Chronicles 21:19,וסליק דוד בפתגמא דגד דמלל בשמא דיי:
13,1 Chronicles,21,20,1 Chronicles 21:20,ותב ארון וחמא ית מלאכא וארבעתי בנוי עמיה מטמרן מן קדם מלאכא וארון חביט חטיא:
13,1 Chronicles,21,21,1 Chronicles 21:21,ואתא דוד עד ארון ואסתכי ארון וחמא ית דוד ונפק מן אדרא וסגיד למלכא על אפוהי על ארעא:
13,1 Chronicles,21,22,1 Chronicles 21:22,ואמר דוד לארון הב לי ית אתר בית אדרא ואבנה ביה מדבחא קדם יי בכסף שלים הב יתיה לי ותתכלי מותנא מעל עמא:
13,1 Chronicles,21,23,1 Chronicles 21:23,ואמר ארון לדוד סב לך ויעבד רבוני מלכא דכשר קדמוהי חמי יהבית תוריא לעלתא וקורקסותא לצלחא לקיסי סדורא וחנטיא למנחתא כולא יהבית:
13,1 Chronicles,21,24,1 Chronicles 21:24,ואמר מלכא דוד לארון לא ארום מזבן אזבון בכסף שלים ארום לא אסב מן דילך לשמא דיי לאסקא עלתא למגן:
13,1 Chronicles,21,25,1 Chronicles 21:25,ויהב דוד לארון דמין על אתרא סלעין דדהב מתקל שית מאה:
13,1 Chronicles,21,26,1 Chronicles 21:26,ובנא תמן דוד מדבחא לשמא דיי ואסיק עלון ונכסת קודשין וצלי קדם יי וקביל צלותיה באשא דנחתת מן שמיא על מדבחא עלתא:
13,1 Chronicles,21,27,1 Chronicles 21:27,ואמר יי למלאכא לחבלא מסתיך ואתיב סיפיה ללידנה לתיקה:
13,1 Chronicles,21,28,1 Chronicles 21:28,בעדנא ההיא כד חמא דוד ארום קביל יי צלותיה באדרי ארון יבוסאי ודבח תמן:
13,1 Chronicles,21,29,1 Chronicles 21:29,ומשכנא דיי דעבד משה במדברא ומדבחא דעלתא בעדנא ההיא במקדשא דבגבעון:
13,1 Chronicles,21,30,1 Chronicles 21:30,ולא ספיק דוד למיזל קדמוהי למתבע אולפן מן קדם יי ארום אתבהיל מן קדם סיפא דמלאך שליח מן קדם יי:
13,1 Chronicles,22,1,1 Chronicles 22:1,ואמר דוד דין הוא אתרא דכשר למתבנאה תמן בית מקדשא דיי ודין מדבחא דכשר לעלתא לדבית ישראל:
13,1 Chronicles,22,2,1 Chronicles 22:2,ואמר דוד למכנש ית גיוריא די בארעא דישראל ואקים פסלין למפסל אבנין פסילן למבני בית מקדשא דיי:
13,1 Chronicles,22,3,1 Chronicles 22:3,ופרזלא סגי למסמרין לדשי תרעיא ללפפא אתקן דוד ונחשא לסוגעא עד דלא אפשר למתקל:
13,1 Chronicles,22,4,1 Chronicles 22:4,וקיסי ארזיא עד דלית מנין ארום איתיאו ציודנאי וצוראי קיסי ארזיא לסוגעא לדוד:
13,1 Chronicles,22,5,1 Chronicles 22:5,ואמר דוד שלמה ברי רובי ורכיך ובית מקדשא למבני לשמא דיי חסין לאסגאה לעלא לשמא דיי ולתשבחא לכל ארעתא איתקן כדון ליה ותקין דוד לסוגעא קדם מותיה:
13,1 Chronicles,22,6,1 Chronicles 22:6,וקרא לשלמה בריה ופקדיה למבני בית מקדשא לשמא דיי אלהא דישראל:
13,1 Chronicles,22,7,1 Chronicles 22:7,ואמר דוד לשלמה ברי אנא הוה עם לבבי למבני בית מקדשא לשמא דיי אלהי:
13,1 Chronicles,22,8,1 Chronicles 22:8,והוה עלי פתגם נבואה מן קדם יי למימר אדמא לסוגעא אשדיתא וקרבין רברבן עבדתא לא אפשר לך למבני בית מקדשא לשמי ארום אדמין סגיעין אשדיתא על ארעא קדמי:
13,1 Chronicles,22,9,1 Chronicles 22:9,הא בר אתיליד לך הוא יהא גברא ניחא ואניח ליה מכל בעלי דבבוי מן חזור חזור ארום שלמה יהי שמיה ושלמא ושדוכא אתן על ישראל ביומוהי:
13,1 Chronicles,22,10,1 Chronicles 22:10,הוא יבני בית מקדשא לשמי והוא יהי חביב קדמי כברא ואנא ארחים ליה הי כאבא ואתקן כורסי מלכותיה על ישראל עד עלמא:
13,1 Chronicles,22,11,1 Chronicles 22:11,וכדון ברי יהי מימרא דיי בסעדך ותצלח ותבני בית מקדשא דיי אלהך היכמה די מלל עלך:
13,1 Chronicles,22,12,1 Chronicles 22:12,ברך יתן לך יי סכלתנא וביונתא וימנינך למלכא על ישראל ולמנטר ית אוריתא דיי אלהך:
13,1 Chronicles,22,13,1 Chronicles 22:13,הא בכין תצלח אין תינטר למעבד ית קימא דיי וית דיניא די פקיד יי ית משה על ישראל תקף ואלם לא תדחל ולא תתבר:
13,1 Chronicles,22,14,1 Chronicles 22:14,והא בסגופי ובצומי אתקנית לבית מקדשא דיי דהבא קנטרין מאה אלפין וכספא אלף אלפין קנטרין ולנחשא ולפרזלא לית מתקל ארום לסגעא הוה וקיסין ואבנין אתקנית ועלויהון תוסיף:
13,1 Chronicles,22,15,1 Chronicles 22:15,ועמך לסוגי עבדי עבידתא פסוליא ונגרי אבנא וקיסא וכל חכימא בכל עבידתא:
13,1 Chronicles,22,16,1 Chronicles 22:16,לדהבא לכספא לנחשא ולפרזלא לית סכום ומנין קום ועביד ויהא מימרא דיי בסעדך:
13,1 Chronicles,22,17,1 Chronicles 22:17,ופקיד דוד לכל סרכי ישראל לסיעא לשלמה בריה:
13,1 Chronicles,22,18,1 Chronicles 22:18,הלא מימרא דיי אלהכון בסעדכון ויניח לכון מן חזור חזור ארום מסר בידי ית כל יתבי ארעא ואתכבישת ארעא קדם יי וקדם עמיה:
13,1 Chronicles,22,19,1 Chronicles 22:19,כדון הבו לבכון ונפשכון למתבע מן קדם יי אלהכון וקומו ובנו ית בית מקדשא דיי אלהכון לאעלא ית ארון קימא דיי ומאני קודשא דיי לביתא דמתבני לשמא דיי:
13,1 Chronicles,23,1,1 Chronicles 23:1,ודוד סיב ושבע יומין ואמליך ית שלמה בריה על ישראל:
13,1 Chronicles,23,2,1 Chronicles 23:2,וכנש ית כל רברבי ישראל וכהנא וליואי:
13,1 Chronicles,23,3,1 Chronicles 23:3,ומנו ליואי מבר תלתין שנין ולעילא והוה מנינהון לגלגלתהון לגובריא תמני ותלתין אלפין:
13,1 Chronicles,23,4,1 Chronicles 23:4,מן אלין ממנן רבנין על עבידת בית מקדשא דיי ארבעה ועשרין אלפין וסרכיא ודיניא אשתה אלפין:
13,1 Chronicles,23,5,1 Chronicles 23:5,וארבעה אלפין תרעיא וארבעה אלפין משבחיא קדם יי בזיני זמר די עבדית לשבחא :
13,1 Chronicles,23,6,1 Chronicles 23:6,ופלגנון דוד פלגותא לבני לוי לגרשון קהת ומררי:
13,1 Chronicles,23,7,1 Chronicles 23:7,לגרשון לעדן ושמעי:
13,1 Chronicles,23,8,1 Chronicles 23:8,בני לעדן דמתמנא לרישא יחיאל זיתם ויואל תלתא:
13,1 Chronicles,23,9,1 Chronicles 23:9,בני שמעי שלומית וחזיאל והרן תלתא אלין רישי אבהתא לבית לעדן:
13,1 Chronicles,23,10,1 Chronicles 23:10,ובני שמעי יחת זינא ויעוש ובריעה אלין בני שמעי ארבעה:
13,1 Chronicles,23,11,1 Chronicles 23:11,והוה יחת ממנא לרישא וזיזא תנינא ויעוש ובריעה לא אסגיעו בנין והוו לבית אבא ממנן למטרתא חדא:
13,1 Chronicles,23,12,1 Chronicles 23:12,בני קהת עמרם ויצהר חברון ועזיאל ארבעה:
13,1 Chronicles,23,13,1 Chronicles 23:13,בני עמרם אהרן ומשה ואתפרש אהרן לקדשותיה קודש קודשין הוא ובנוהי עד עלמא לאסקא קטורת בוסמין קדם יי לשמשותיה ולברכא בשמיה עד עלמא:
13,1 Chronicles,23,14,1 Chronicles 23:14,ומשה נביא דיי ובנוהי אתקרון על שבטא דלוי:
13,1 Chronicles,23,15,1 Chronicles 23:15,בני משה גרשום ואליעזר:
13,1 Chronicles,23,16,1 Chronicles 23:16,בני גרשום שבואל ממנא לרישא הוא יהונתן דאתמנא נביא שקרא ובסיבותיה עבד תתובא ומני יתיה דוד לרישא על אוצריא:
13,1 Chronicles,23,17,1 Chronicles 23:17,והוו בני אליעזר רחביה ממנא לרישא ולא הוו לאליעזר בנין חורנין ובגין זכותיה דמשה רבו בני רחביה וסגיעו לעיל מן שיתין ריבבן:
13,1 Chronicles,23,18,1 Chronicles 23:18,בני יצהר שלומית ממנא לרישא:
13,1 Chronicles,23,19,1 Chronicles 23:19,בני חברון יריהו ממנא לרישא אמריה תנינא יחזיאל תליתאה ויקמעם רביעאה:
13,1 Chronicles,23,20,1 Chronicles 23:20,בני עזיאל מיכה ממנא לרישא וישיה תנינא:
13,1 Chronicles,23,21,1 Chronicles 23:21,בני מררי מחלי ומושי בני מחלי אלעזר וקיש:
13,1 Chronicles,23,22,1 Chronicles 23:22,ומית אלעזר ולא הוו ליה בנין אלהן בנן ונסיבנון בני קיש אחא דאבוהון:
13,1 Chronicles,23,23,1 Chronicles 23:23,בני מושי מחלי ועדר וירמות תלתא:
13,1 Chronicles,23,24,1 Chronicles 23:24,אלין בני לוי לבית אבהתהון רישי אבהן למנינהון במנין שמהן לגולגלתהון עבדי עבידתא לפלחן בית מקדשא דיי מבר עשרין שנין ולעלא:
13,1 Chronicles,23,25,1 Chronicles 23:25,ארום אמר דוד אניח מימרא דיי אלהא דישראל לעמיה ואשרי שכנתיה בירושלם עד לעלמא:
13,1 Chronicles,23,26,1 Chronicles 23:26,ולחוד אף לליואי לא כשר למיטל ית משכנא דיי וית כל מנוהי לפולחניה:
13,1 Chronicles,23,27,1 Chronicles 23:27,ארום בפתגמי דוד דאתנבי ואמר בחורניתא הנון מנין בני לוי מבר עשרין שנין ולעלא:
13,1 Chronicles,23,28,1 Chronicles 23:28,ארום אתר משרויהון בסטר בני אהרן לפולחן בית מקדשא דיי על דרתיא ועל לשכיא ועל דכותא לכל קודשא ועבידת פולחן בית מקדשא דיי:
13,1 Chronicles,23,29,1 Chronicles 23:29,וללחם סדורא ולסולתא ולמנחתא ולאספוגין פטירין ולמסריתא ולרביבא ולכל מכילתא ומשחתא:
13,1 Chronicles,23,30,1 Chronicles 23:30,ולמקם בצפר בצפר לאודויי ולשבחוי קדם יי וכדנן לרמשא:
13,1 Chronicles,23,31,1 Chronicles 23:31,ולכל עדן דמתסקן עלון קדם יי ליומי שביא ולרישי ירחיא ולמועדיא במניניא כד חמי להון תדירא קדם יי:
13,1 Chronicles,23,32,1 Chronicles 23:32,ויטרון ית מטרת משכן זמנא וית מטרת קודשא ומטרת בני אהרן אחוהון לעבידת בית מקדשא דיי:
13,1 Chronicles,24,1,1 Chronicles 24:1,ולבני אהרן פלגותהון בני אהרן נדב ואביהוא אלעזר ואיתמר:
13,1 Chronicles,24,2,1 Chronicles 24:2,ומית נדב ואביהוא על אפי אבוהון ובנין דכרין לא הוו להון ושמישו אלעזר ואיתמר:
13,1 Chronicles,24,3,1 Chronicles 24:3,ופליגנון דוד וצדוק מן בני אלעזר ואחימלך מן בני איתמר למנינהון בפולחנהון:
13,1 Chronicles,24,4,1 Chronicles 24:4,ואשתכחו בני אלעזר סגיעין לרישי גבריא מן בני איתמר ופלגנון לבני אלעזר רישין לבית אבהן אשתה עשרה ולבני איתמר תמניא :
13,1 Chronicles,24,5,1 Chronicles 24:5,ופלגנון בעדבין אלין עם אלין ארום הוו רבנין קדשין ורבנין משמשין קדם יי מבני אלעזר ומבני איתמר:
13,1 Chronicles,24,6,1 Chronicles 24:6,וכתבנון משה ספרא רבא דמתקרי שמעיה בר נתנאל מן שבטא לוי והוה מתקרי כתבא קדם מלכא ורברביא וצדוק כהנא ואחימלך בר אביתר ורישי אבהתא לכהניא בית אבא חד מתאחד אשתה עשרי למטרת אלעזר ודמתאחד מתאחד תמניא למטרת איתמר:
13,1 Chronicles,24,7,1 Chronicles 24:7,ונפק עדבא קדמאה ליהויריב לידעיה תנינא:
13,1 Chronicles,24,8,1 Chronicles 24:8,לחרים תליתאה לשעורים רביעאה:
13,1 Chronicles,24,9,1 Chronicles 24:9,למלכיה חמישאה למימין שתיתאה:
13,1 Chronicles,24,10,1 Chronicles 24:10,להקוץ שביעאה לאביה תמינאה:
13,1 Chronicles,24,11,1 Chronicles 24:11,לישוע תשיעאה לשכניהו עשיראה:
13,1 Chronicles,24,12,1 Chronicles 24:12,לאלישיב חד סראה ליקים תריסראה:
13,1 Chronicles,24,13,1 Chronicles 24:13,לחפה תליסראה לישבאב ארבסראה:
13,1 Chronicles,24,14,1 Chronicles 24:14,לבלגה חמיסראה לאמר שיסראה:
13,1 Chronicles,24,15,1 Chronicles 24:15,לחזיר שבסראה להפצץ תמנסראה:
13,1 Chronicles,24,16,1 Chronicles 24:16,לפתחיה תשיסראה ליחזקאל עשרין:
13,1 Chronicles,24,17,1 Chronicles 24:17,ליכין עשרין וחד לגמול עשרין ותרין:
13,1 Chronicles,24,18,1 Chronicles 24:18,לדליהו עשרין וארבעה:
13,1 Chronicles,24,19,1 Chronicles 24:19,אלין מניניהון לפולחנהון למיעל לבית מקדשא דיי כד חמי להון ביד אהרן אבוהון היכמה די פקדיה יי אלהא דישראל:
13,1 Chronicles,24,20,1 Chronicles 24:20,ולבני לוי דאשתירו לבני עמרם שובאל לבני שובאל יחדיה:
13,1 Chronicles,24,21,1 Chronicles 24:21,לרחביה לבני רחביה רישא ישיה:
13,1 Chronicles,24,22,1 Chronicles 24:22,ליצהר שלומית לבני שלומית יחת:
13,1 Chronicles,24,23,1 Chronicles 24:23,ובני יריהו אמריהו תנינא יחזיאל תליתאה יקמעם רביעאה:
13,1 Chronicles,24,24,1 Chronicles 24:24,בני עזיאל מיכה לבני מיכה שמיר:
13,1 Chronicles,24,25,1 Chronicles 24:25,אחוי דמיכה ישיה לבני ישיה זכריהו:
13,1 Chronicles,24,26,1 Chronicles 24:26,בני מררי מחלי ומושי בני יעזיהו בנו:
13,1 Chronicles,24,27,1 Chronicles 24:27,בני מררי ליעזיהו בנו ושוהם וזכור ועברי:
13,1 Chronicles,24,28,1 Chronicles 24:28,למחלי אלעזר ולא הוו ליה בנין:
13,1 Chronicles,24,29,1 Chronicles 24:29,לקיש בני קיש ירחמאל:
13,1 Chronicles,24,30,1 Chronicles 24:30,ובני מושי מחלי ועדר וירימות אלין בני ליואי לבית אבהתהון:
13,1 Chronicles,24,31,1 Chronicles 24:31,ורמו אוף הנון עדבין כל קבל אחוהון בני אהרן קדם דוד מלכא וצדוק ואחימלך ורישי אבהת לכהניא ולויואי אבהת רישא קבל אחוהי זעירא:
13,1 Chronicles,25,1,1 Chronicles 25:1,ואפריש דוד ורבני חילא לפולחנא לבני אסף והימן וידותון דמתנבאין בכנרין בנבלין ובצלצלין והוה מנינהון גברי עבדי פולחנא לפולחנהון:
13,1 Chronicles,25,2,1 Chronicles 25:2,לבני אסף זכור ויוסף ונתניה ואשראלה בני אסף על ידוי דאסף דאתנבי ברוח קודשא ומתמנא לרישא על ידא דמלכא:
13,1 Chronicles,25,3,1 Chronicles 25:3,לידותון בני ידותון גדליהו וצרי וישעיהו חשביא ומתתיהו אשתה על ידא דאבוהון ידותון בכנרא דאתנבי על אודאותא ותושבחתא קדם יי:
13,1 Chronicles,25,4,1 Chronicles 25:4,להימן בני הימן בקיהו מתניהו עזיאל שבואל וירימות חנניה חנני אליאתה גדלתי ורממתי עזר ישבקשה מלותי הותיר מחזיאת:
13,1 Chronicles,25,5,1 Chronicles 25:5,כל אלין בני להימן נביא דמלכא בפתגמי נבואה מן קדם יי למתקעבשופרא ויהב יי להימן בנין ארביסר ובנן תלתא:
13,1 Chronicles,25,6,1 Chronicles 25:6,כל אלין ממנן על ידא דאבוהון בשירין בבית מקדשא דיי בצלצלין ובנבלין ובכנרין לעבידת בית מקדשא דיי על ידוי דמלכא ואסף וידותון והימן:
13,1 Chronicles,25,7,1 Chronicles 25:7,והוה מניניהון עם אחוהון מאלפין לשבחא קדם יי כל סוכלתן מאתן ותמנן ותמניא:
13,1 Chronicles,25,8,1 Chronicles 25:8,ורמו עדבין מטרתא כל קבל מטרתא כזעירא כן רבא ספרא עם תלמידא:
13,1 Chronicles,25,9,1 Chronicles 25:9,ונפק עדבא קדמאה לאסף ליוסף גדליהו תנינא הוא ואחוהי ובנוהי תריסר:
13,1 Chronicles,25,10,1 Chronicles 25:10,תליתאה זכור בנוי ואחוהי תריסר:
13,1 Chronicles,25,11,1 Chronicles 25:11,רביעאה ליצר בנוי ואחוהי תריסר:
13,1 Chronicles,25,12,1 Chronicles 25:12,חמישאה נתניה בנוי ואחוהי תריסר:
13,1 Chronicles,25,13,1 Chronicles 25:13,שתיתאה בקיהו בנוי ואחוהי תריסר:
13,1 Chronicles,25,14,1 Chronicles 25:14,שביעאה ישראלה בנוי ואחוהי תריסר:
13,1 Chronicles,25,15,1 Chronicles 25:15,תמינאה ישעיהו בנוי ואחוהי תריסר:
13,1 Chronicles,25,16,1 Chronicles 25:16,תשיעאה מתניהו בנוי ואחוהי תריסר:
13,1 Chronicles,25,17,1 Chronicles 25:17,עשיראה שמעי בנוי ואחוהי תריסר:
13,1 Chronicles,25,18,1 Chronicles 25:18,חדסראה עזראל בנוי ואחוהי תריסר:
13,1 Chronicles,25,19,1 Chronicles 25:19,תריסראה לחשביה בנוי ואחוהי תריסר:
13,1 Chronicles,25,20,1 Chronicles 25:20,לתלתסר שובאל בנוי ואחוהי תריסר:
13,1 Chronicles,25,21,1 Chronicles 25:21,לארבסר מתתיהו בנוי ואחוהי תריסר:
13,1 Chronicles,25,22,1 Chronicles 25:22,לחמיסר לירימות בנוי ואחוהי תריסר:
13,1 Chronicles,25,23,1 Chronicles 25:23,לשתסר לחנניה בנוי ואחוהי תריסר:
13,1 Chronicles,25,24,1 Chronicles 25:24,לשבסר לישבקשה בנוי ואחוהי תריסר:
13,1 Chronicles,25,25,1 Chronicles 25:25,לתמניסר לחנני בנוי ואחוהי תריסר:
13,1 Chronicles,25,26,1 Chronicles 25:26,לתשיסרי למלותי בנוי ואחוהי תריסר:
13,1 Chronicles,25,27,1 Chronicles 25:27,לעשרין לאליתה בנוי ואחוהי תריסר:
13,1 Chronicles,25,28,1 Chronicles 25:28,לעשרין וחד להותיר בנוי ואחוהי תריסר:
13,1 Chronicles,25,29,1 Chronicles 25:29,לעשרין ותרין לגדלתי בנוי ואחוהי תריסר:
13,1 Chronicles,25,30,1 Chronicles 25:30,לעשרין ותלתא למחזיאות בנוי ואחוהי תריסר:
13,1 Chronicles,25,31,1 Chronicles 25:31,לעשרין וארבעה לרוממתי עזר בנוי ואחוהי תריסר:
13,1 Chronicles,26,1,1 Chronicles 26:1,לפלגותא לתרעיא לבני קרח משלמיהו בר קורא מן בני אסף:
13,1 Chronicles,26,2,1 Chronicles 26:2,ולמשלמיהו בנין זכריהו בוכרא ידיעאל תנינא זבדיהו תליתאה יתניאל רביעאה:
13,1 Chronicles,26,3,1 Chronicles 26:3,עילם חמישאה יהוחנן שתיתאה אליהועיני שביעאה:
13,1 Chronicles,26,4,1 Chronicles 26:4,ולעבד אדום בנין שמעיה בוכרא יהוזבד תנינא יואח תליתאה ושכר רביעאה ונתנאל חמישאה:
13,1 Chronicles,26,5,1 Chronicles 26:5,עמיאל שתיתאה יששכר שביעאה פעולתי תמינאה ארום בריך יתיה יי על עיסק ארונא דיי דהוה בביתיה כד איתיוהי ואעניעוהי בביתיה ופליג ליה איקרא וחמא מבנוי ומבני בנוי תמנין ותרין רבני ליואי:
13,1 Chronicles,26,6,1 Chronicles 26:6,ולשמעיה בריה אתילידו בנין שליטין לבית אבהתהון ארום רבנין גברי חילא אנון:
13,1 Chronicles,26,7,1 Chronicles 26:7,בני שמעיה עתני ורפאל ועובד אדום אלזבד אחוי רבני חילא אליהו וסמכיהו:
13,1 Chronicles,26,8,1 Chronicles 26:8,כל אלין מבני עובד אדום אנון ובניהון ואחיהון גברי חילא בחילא לפולחנא שתין ותרין לעובד אדום:
13,1 Chronicles,26,9,1 Chronicles 26:9,ולמשלמיהו בנין ואחין גברי חילא תמניסר:
13,1 Chronicles,26,10,1 Chronicles 26:10,ולחסה מן בני מררי בנין שמרי רישא ארום לא הוה בוכרא ומניה אבוי לרישא:
13,1 Chronicles,26,11,1 Chronicles 26:11,חלקיהו תנינא טבליהו תליתאה זכריהו רביעאה כל בנין ואחין די לחוסה תליתסר:
13,1 Chronicles,26,12,1 Chronicles 26:12,לאלין פלגות תרעיא לרישי גבריא מטרתא כל קבל אחוהון לשמשא בבית מקדשא דיי:
13,1 Chronicles,26,13,1 Chronicles 26:13,ורמו עדבין כזעירא כרבא לבית אבהתהון לתרעא ותרעא:
13,1 Chronicles,26,14,1 Chronicles 26:14,ונפל עדבא למדינחא לשלמיהו וזכריהו בריה יועץ מליך בסכלתנא רמו עדבין ונפק עדביה לצפונא:
13,1 Chronicles,26,15,1 Chronicles 26:15,לעובד אדום דרומא ולבנוי בית שקפיא:
13,1 Chronicles,26,16,1 Chronicles 26:16,לשפים ולחוסה למערבא עם תרעא דמתרמא בכיבשא דסלקא כל קבל בית מקדשא מטרא כל קבל מטרא:
13,1 Chronicles,26,17,1 Chronicles 26:17,למדינחא ליואי אשתה לצפונא ליומא ארבעה לדרומא ליומא ארבעה ולבית שקפיא תרין תרין:
13,1 Chronicles,26,18,1 Chronicles 26:18,כלפי ברא למערבא ארבעה לכיבשא תרין כלפי ברא:
13,1 Chronicles,26,19,1 Chronicles 26:19,אלין פלגות תרעיא לבני קרח ולבני מררי:
13,1 Chronicles,26,20,1 Chronicles 26:20,וליואי אחיה על תסברי בית מקדשא דיי ולתסברי קודשיא:
13,1 Chronicles,26,21,1 Chronicles 26:21,בני לעדן בני גרשון ללעדן רישי אבהתא ללעדן מבני גרשון יחיאל:
13,1 Chronicles,26,22,1 Chronicles 26:22,בני יחיאל זיתם ויואל אחוי על אורירי בית מקדשא דיי:
13,1 Chronicles,26,23,1 Chronicles 26:23,לעמרם ליצהר לחברון לעזיאל:
13,1 Chronicles,26,24,1 Chronicles 26:24,ושבואל הוא יונתן בר גרשום בר משה תב לדחלתא דיי וכד חמא דוד דהוה מתבהיל על ממונא מניה נגודא על תסבריא:
13,1 Chronicles,26,25,1 Chronicles 26:25,ואחוי לאליעזר רחביהו בריה ישעיהו בריה ויורם בריה וזכרי בריה ושלומית בריה:
13,1 Chronicles,26,26,1 Chronicles 26:26,הוא שלומית ואחוי ממנן על כל תסברי קודשיא דאקדיש דוד מלכא ורישי אבהתא לרבני אלפין ומאותא ורבני חילא:
13,1 Chronicles,26,27,1 Chronicles 26:27,מן קרביא ומן עדאה אקדישו לתקפא לבית מקדשא דיי:
13,1 Chronicles,26,28,1 Chronicles 26:28,וכל הקדישא דאקדיש שמואל סכואה ושאול בר קיש ואבנר בר נר ויואב בר צרויה כל הקדישא הוה על ידא דשלומית ואחוי:
13,1 Chronicles,26,29,1 Chronicles 26:29,לזרעית יצהר בריתא על ישראל לסרכיא ולדיניא:
13,1 Chronicles,26,30,1 Chronicles 26:30,לחברון חשביהו ואחוי גברי חילא אלפא ושבע מאה על אסערות ישראל מעיברא לירדנא מערבא לכל עבידתא דיי ולעבידת מלכא:
13,1 Chronicles,26,31,1 Chronicles 26:31,לזרעית חברון יריה מתמנא לרישא לזרעית חברון לגנסוי לאבהתא בשנת ארבעין למלכות דוד אתבעו ואשתכח בהון גברי חילא ביעזר גלעד:
13,1 Chronicles,26,32,1 Chronicles 26:32,ואחוי גברי חילא תרין אלפין ושבע מאה רישי אבהתא ומנינון דוד על שבט ראובן ושבט גד ופלגות שבטא דמנשה לכל פתגמא דיי ופתגם דמלכא:
13,1 Chronicles,27,1,1 Chronicles 27:1,ובני ישראל למנינהון רישי אבהן ורבני אלפין ומאותא וסרכיהון דמשמשין ית מלכא לכל עיסק פלגותא דעילא ודנפקא ירח בירח לכלהון ירחי שתא פלגותא חדא עשרין וארבעה אלפין:
13,1 Chronicles,27,2,1 Chronicles 27:2,על פלגותא קדמיתא לירחא דניסן ישבעם בר זבדיאל ועל פלוגתיה עשרין וארבעה אלפין:
13,1 Chronicles,27,3,1 Chronicles 27:3,מן בני פרץ ממנא לרישא לכל רבני חילותא לירחא קדמאה:
13,1 Chronicles,27,4,1 Chronicles 27:4,ועל פלגותא דירחא תנינא דאייר דודי מזרעית אחוח ופלוגתיה מקלות נגודא ועל פלוגתיה עשרין וארבעה אלפין:
13,1 Chronicles,27,5,1 Chronicles 27:5,רב חילא תליתאה לירחא דסיון בניהו בר יהוידע כהנא ממנא לרישא ועל פלוגתיה עשרין וארבעה אלפין:
13,1 Chronicles,27,6,1 Chronicles 27:6,הוא בניהו גברא כל קבל תלתין ולעיל מתלתין ופלוגתיה עמיזבד בריה:
13,1 Chronicles,27,7,1 Chronicles 27:7,רביעאה לירחא דתמוז עשהאל אחוי דיואב וזבדיה בריה אתמנא בתרוי ועל פלוגתיה עשרין וארבעה אלפין:
13,1 Chronicles,27,8,1 Chronicles 27:8,חמשאה לירחא דאב רבא שמהות דמן זרעית יזרח ועל פלוגתיה עשרין וארבעה אלפין:
13,1 Chronicles,27,9,1 Chronicles 27:9,אשתאה לירחא דאלול עירא בר עקש דמן תקוע ועל פלוגתיה עשרין וארבעה אלפין:
13,1 Chronicles,27,10,1 Chronicles 27:10,שביעאה לירחא דתשרי חלץ דמן זרעית פלן מן בני אפרים ועל פלוגתיה עשרין וארבעה אלפין:
13,1 Chronicles,27,11,1 Chronicles 27:11,תמינאה לירחא דמרחשון סבכי דמן זרעית חושי לבית זרח ועל פלוגתיה עשרין וארבעה אלפין:
13,1 Chronicles,27,12,1 Chronicles 27:12,תשיעאה לירחא דכסליו אביעזר דמן ענתות לשבט בנימן ועל פלוגתיה עשרין וארבעה אלפין:
13,1 Chronicles,27,13,1 Chronicles 27:13,עשיראה לירחא דטבת מהרי דמן נטופה לזרעית זרח ועל פלוגתיה עשרין וארבעה אלפין:
13,1 Chronicles,27,14,1 Chronicles 27:14,חדסיראה לחדסר ירחא דשבט בניה דמן פרעתון מן בני אפרים ועל פלוגתיה עשרין וארבעה אלפין:
13,1 Chronicles,27,15,1 Chronicles 27:15,תריסראה לתריסר ירחא דאדר חלדי דמן נטופה לזרעית עתניאל ועל פלוגתיה עשרין וארבעה אלפין:
13,1 Chronicles,27,16,1 Chronicles 27:16,ועל שבטיא דישראל לשבט דראובן נגודא אליעזר בר זכרי לשבט שמעון שפטיהו בר מעכה:
13,1 Chronicles,27,17,1 Chronicles 27:17,לשבט לוי חשביה בר קמואל לבית אהרן צדוק:
13,1 Chronicles,27,18,1 Chronicles 27:18,לשבט יהודה אליהו מאחי דוד לשבט יששכר עמרי בר מיכאל:
13,1 Chronicles,27,19,1 Chronicles 27:19,לשבט זבולן ישמעיהו בר עובדיהו לשבט נפתלי ירימות בר עזריאל:
13,1 Chronicles,27,20,1 Chronicles 27:20,לבני אפרים הושע בר עזזיהו לפלגות שבטא דמנשה יואל בר פדיהו:
13,1 Chronicles,27,21,1 Chronicles 27:21,לפלגות שבטא דמנשה דבגלעד ידו בר זכריהו לשבט בנימין יעשיאל בר אבנר:
13,1 Chronicles,27,22,1 Chronicles 27:22,לשבט דן עזראל בר ירוחם אלין רברביא שבטיא דישראל:
13,1 Chronicles,27,23,1 Chronicles 27:23,ולא קבל דוד חושבנהון למבר עשרין שנין ולרע ארום אמר יי לאסגאה ית ישראל הי ככוכבי שמיא:
13,1 Chronicles,27,24,1 Chronicles 27:24,יואב בר צרויה שרי לממני ית ישראל ולא ספק לממני עד דהוה על דא רוגזא על ישראל ומיתו במותנא ולא סליק ממנינא הי במנין פתגמי יומנא דלמלכא דוד:
13,1 Chronicles,27,25,1 Chronicles 27:25,ועל תסברי מלכא עזמות בר עדיאל ועל אוריריא דבחקלא בקריתא ובכופרניא ובמגדלית יהונתן בר עזיהו:
13,1 Chronicles,27,26,1 Chronicles 27:26,ועל עבדי עבידתא בחקלא לפולחנא דארעא עזרי בר כלוב:
13,1 Chronicles,27,27,1 Chronicles 27:27,ועל כרמיא שמעי דמן רמתא ועל עבידתא דבכרמיא למרתפיא דחמרא זבדי דמן שפם:
13,1 Chronicles,27,28,1 Chronicles 27:28,ועל זיתיא ושקמיא די בשפלתא בעל חנן דמן גדר ועל משחא יועש:
13,1 Chronicles,27,29,1 Chronicles 27:29,ועל תורי דרען במישרא שרטי דמן שרו ועל תורי דבעמקיא שפט בר עדלי:
13,1 Chronicles,27,30,1 Chronicles 27:30,ועל גמליא אוביל ערבאה ועל אתנן יחדיהו דמן מרון:
13,1 Chronicles,27,31,1 Chronicles 27:31,ועל ענא יזיז הגראה כל אלין רבני קנינא די למלכא דוד:
13,1 Chronicles,27,32,1 Chronicles 27:32,ויהונתן אחבוי דדוד מליך גבר סכלתן וספרא הוא ויחיאל בר חכמוני עם בני מלכא:
13,1 Chronicles,27,33,1 Chronicles 27:33,ואחיתופל מליך למלכא וחושי ארכאה שושבינא דמלכא:
13,1 Chronicles,27,34,1 Chronicles 27:34,וכד הוו צריכין למפק בקרבא מתמלכין באחיתופל הוו שאלין באוריא ותמיא מן יהוידע בר בניהו ריש סנהדרין אמרכלא דכהניא ומן אביתר כהנא רבא ומן דשאלין באוריא ותמיא נפקין לקרבא מזרזי חילא קשתיא וקלעיא וקלעיא ועליהון רב חילא די למלכא יואב:
13,1 Chronicles,28,1,1 Chronicles 28:1,וכנש דוד ית כל רבני ישראל רבני שבטיא ורבני פלוגותא די משמשין ית מלכא ורבני אלפין ורבני מאותא ורבני כל קנינא וגיתא די למלכא ולבנוהי עם רבניא וגבריא ולכל גברא בירושלם:
13,1 Chronicles,28,2,1 Chronicles 28:2,וקם דוד מלכא על רגלוי ואמר קבילו מני אחי ועמי אחי כל בית ישראל ועמי גיוריא די בקרויהון אנא הוה עם לבבי למבני בית משרי לארון קימא דיי ולכבש כרסי יקרא דיי ואתקנית למבני:
13,1 Chronicles,28,3,1 Chronicles 28:3,ומימרא דיי אמר לי לא תבנה בית מקדשא לשמי ארום גבר עבד קרביא את ואדמין שדיתא:
13,1 Chronicles,28,4,1 Chronicles 28:4,ואתרעי יי אלהא דישראל בי מכל בית אבא למהוי מלכא על ישראל לעלם ארום בשבט יהודה אתרעי לנגודא ובבית יהודה ביתיה דאבא ובבני אבא בי אתרעי למהוי מלכא על ישראל:
13,1 Chronicles,28,5,1 Chronicles 28:5,ומן כלהון בני ארום בנין סגיעין יהב לי יי ואתרעי בשלמה ברי למתב על כורסי מלכותא דיי לאתמנאה על ישראל:
13,1 Chronicles,28,6,1 Chronicles 28:6,ואמר לי שלמה ברך הוא יבני בית מקדשי ודרתי מטול דאתרעיתי ביה למרחם יתיה למהוי קדמי חביב הי כברא ואנא אהוי ליה הי כאבא:
13,1 Chronicles,28,7,1 Chronicles 28:7,ואתקן ית מלכותיה עד לעלם אין יתקף למעבד פקודי ודיני הי כיומא הדין:
13,1 Chronicles,28,8,1 Chronicles 28:8,וכדון קדם כל ישראל קהלא דיי וקדם מימרא דיי נטרו ותבעו כל פקודיא דיי אלהכון מן בגלל דתרתון ית ארעא טבתא ותחסנון לבניכון מן בתריכון עד עלמא:
13,1 Chronicles,28,9,1 Chronicles 28:9,ואנת שלמה ברי דע ית אלהא דאבוך ופלח קדמוי בלב שלים ובנפשא רעיתא ארום כלהון יצריא דלבא תבע יי וכלהון הרהורי מחשבתא מבין אין תתבעניה ישתכח לך בעדן דתתבע דחלתיה ותתבעניה ואין תשבקניה ירחקנך לעלמא:
13,1 Chronicles,28,10,1 Chronicles 28:10,חמי כדין ארום מימרא דיי אתרעי בך למבני ביתא למקדשא אתוקף ועבד:
13,1 Chronicles,28,11,1 Chronicles 28:11,ומסר דוד לשלמה בריה ית צורת אולמא וית בתוהי וקורטורוהי ומסקונוהי וקטונוהי גואין ובית כפורי:
13,1 Chronicles,28,12,1 Chronicles 28:12,וצורת כל די הוה צריך ברוח נבואה דעמיה לדרת בית מקדשא דיי ולכלהון לשכתא חזור חזור לתסברי בית מקדשא דיי ולתסברי קודשיא:
13,1 Chronicles,28,13,1 Chronicles 28:13,ולפלגות כהניא וליואי ולכל עבידת פולחנא לבית מקדשא דיי ולכל מאני עבידת בית מקדשא דיי:
13,1 Chronicles,28,14,1 Chronicles 28:14,לדהבא במתקלא לדהבא ולכל מאני פולחנא ופולחנא לכל מאני דכספא במתקלא לכל מאני פולחנא ופולחנא:
13,1 Chronicles,28,15,1 Chronicles 28:15,ומתקלא למנורת דהבא ובוציניהון דהבא במתקלא מנרתא ומנרתא ובוצינהא ולמנורת כספא במתקלא למנרתא ובוצינהא הי כעבידת מנרתא ומנרתא:
13,1 Chronicles,28,16,1 Chronicles 28:16,וית דהבא מתקל לפתוריא דסדוריא לפתורא ופתורא וכספא לפתוריא דכספא:
13,1 Chronicles,28,17,1 Chronicles 28:17,ומשליתא ומזרקיא וקסותא דדהב דכי ולכפורי דהבא במתקלא לכפורא וכפורא ולכפורי כספא במתקלא לכפורא וכפורא:
13,1 Chronicles,28,18,1 Chronicles 28:18,ולמדבח קטרת בוסמיא דדהבא סנינא במתקלא ולצורת רתיכא הי כצורת כפורתא דתמן צורת כרובין דדהב דפרשין גדפיהון ומטלן על ארון קימא דיי:
13,1 Chronicles,28,19,1 Chronicles 28:19,כולא בכתבא מידא דיי הוה עלי לאסתכלא בכל עבידת צורתא:
13,1 Chronicles,28,20,1 Chronicles 28:20,ואמר דוד לשלמה בריה תקף ועלם ועביד לא תדחל ולא תתבר ארום מימרא דיי אלהי בסעדך לא ישבקנך ולא ירחקנך עד זמן למשלם כל עבידת פולחן בית מקדשא דיי:
13,1 Chronicles,28,21,1 Chronicles 28:21,והא פלוגת כהניא וליואי לכל פולחן בית מקדשא דיי ועמך בכל עבידתא לכל דאתרעי בחכמתא לכל פולחנא ורברביא וכל עמא בסעדך לכלהון עסקך:
13,1 Chronicles,29,1,1 Chronicles 29:1,ואמר דוד מלכא לכל קהלא שלמה ברי חד ואתרעי ביה יי טלי רכיך ופלחנא סגיעא ארום לא לשום בר נשא פלטירא ארום לשום מימרא דיי אלהים:
13,1 Chronicles,29,2,1 Chronicles 29:2,ובכל חילי אתקנית לבית מקדשא אלהי דהבא לעובדא דדהבא וכספא לעובדא דכספא ונחשא לעובדא דנחשא ופרזלא לעובדא דפרזלא וקיסין לעובדא דקיסיא אבני בורלא ואשלמותא אזמרגזין וציורין וכל מרגליתא יקרתא ואבני מרמוריא לסוגי:
13,1 Chronicles,29,3,1 Chronicles 29:3,ותוב כד אתרעיתי בבית מקדשא אלהי אית לי אוצרי דהבא וכספא יהבית לבית מקדש אלהי על כל מה דאתקינית לבית קודשא:
13,1 Chronicles,29,4,1 Chronicles 29:4,תלתא אלפין קנטרין דדהב מן דהב אופיר ושבעא אלפין קנטרין כספא סנינא למשוע כותלי ביתיא:
13,1 Chronicles,29,5,1 Chronicles 29:5,לדהבא לדהבא וכספא לכספא ולכל עבידתא ביד נגריא ומאן די יצבי לקרבא קורבניה יומא דין יקריב קדם יי:
13,1 Chronicles,29,6,1 Chronicles 29:6,ואתרעיו רבני אבהתא ורישי שבטא דישראל ורבני אלפין ומאותא ולרבני עבידת מלכא:
13,1 Chronicles,29,7,1 Chronicles 29:7,ויהבו לעבידת בית מקדשא דיי דהבא קנטנרין חמשא אלפין וזוזין עשרא אלפין וכספא קנטנרין עשרא אלפין ונחשא רבבתא ותמניא אלפין קנטנרין ופרזלא מאה אלפין קנטנרין:
13,1 Chronicles,29,8,1 Chronicles 29:8,ודאשתכח גביה מרגליתא יהבו לקורטור בית מקדשא דיי על יד יחיאל מזרעית גרשון:
13,1 Chronicles,29,9,1 Chronicles 29:9,ושמחו עמא מטול דאתנדבו ארום בלב שלים אתנדבו קדם יי ואוף דוד מלכא חדה חדוה רבתא:
13,1 Chronicles,29,10,1 Chronicles 29:10,ובריך דוד ית יי למחמיהון דכל קהלא ואמר דוד בריך אנת יי אלהא דישראל אבונן מן עלמא הדין ועד עלמא דאתי:
13,1 Chronicles,29,11,1 Chronicles 29:11,דילך יי רבותא דברתא עלמא בגבורתא רבתא וגבורתא דאפקתא אבהתנא ממצרים בגבורן רברבן ואעברתנון ית ימא ואתגליתא על טורא דסיני בשבהורא עם כתי מלאכיא למיתן אוריתא לעמך ועבדתא נצחנין בעמלק ובסיחון ובעוג ובמלכי כנענאי ובזיו יקרך אקימתא שמשא בגבעון וסהרא במשר אילון עד דאתפרעו עמא בית ישראל מן סנאיהון ארום כלהון עובדי ידך בשמיא ובארעא ואת שליט עליהון וסביל כל מה די בשמיא וכל מה די בארעא דילך יי מלכותא ברקיעא ומתנטל על כלהון מלאכיא דבשמיא ועל כל דמתמנן לרישא בארעא:
13,1 Chronicles,29,12,1 Chronicles 29:12,ועתרא דעתיריא ויקרא דמלכיא ושליטיא מן קדמך מתיהב להון ואנת שליט בכולא ובידך אית יכלתא לרבאה ולתקפא לכלא:
13,1 Chronicles,29,13,1 Chronicles 29:13,וכדון אלהנא מודין אנן לך ומשבחין לשום תושבחתך:
13,1 Chronicles,29,14,1 Chronicles 29:14,וארום מא אנא ומה עמי דנסגי חילא לאתנדבא כדא ארום מן קדמך מתיהב כולא ומן ברכת ידך יהבנא לך:
13,1 Chronicles,29,15,1 Chronicles 29:15,ארום דירין אנן גבך ותותבין הי ככלהון אבהתנא הי כטולא דעופא דפרח באויר שמיא הכדין יומנא על ארעא ולית סיבור לבר נשא דיחי עד עלמא:
13,1 Chronicles,29,16,1 Chronicles 29:16,יי אלהנא בכל נכסין סגיאין האלין דאתקיננא למבני לשום יקרך בית מקדשא לשבחא ביה שום קודשך מן ידך היא ודילך כולא:
13,1 Chronicles,29,17,1 Chronicles 29:17,וידעית אלהי ארום בחין לבא את ועובדין כשרין את רעי אנא בקשיטות לבבי אתנדבית כל אלין וכדון עמך אנחנא דאשתכחו הכא חמית מטול בחדוה אתו לאתנדבא לך:
13,1 Chronicles,29,18,1 Chronicles 29:18,יי אלהא דאברהם יצחק וישראל אבהתנא נטר נדבתא דא לזכותא לעלם לקשטא יצר הרהורי לבבא דעמך ואתקין לבהון למדחל לותך:
13,1 Chronicles,29,19,1 Chronicles 29:19,ולשלמה ברי הב לבא שלים למנטר פקודיך סהדותך וקימך ולמעבד כולא ולמבני פלטירין דאתקנית:
13,1 Chronicles,29,20,1 Chronicles 29:20,ואמר דוד לכל קהלא בריכו כדון ית יי אלהכון ובריכו כל קהלא קדם יי אלהא דאבהתהון וגחינו וסגידו קדם יי וקדם מלכא:
13,1 Chronicles,29,21,1 Chronicles 29:21,ודבחו קדם יי נכסת קודשין ואסיקו עלון קדם יי לבתר יומא ההוא תורין אלפא דכרין אלפא אמרין אלפא ונסכיהון ונכסין לסגי לכל ישראל:
13,1 Chronicles,29,22,1 Chronicles 29:22,ואכלו ושתיאו קדם יי ביומא ההוא בחדוה רבתא ואמליכו תנינות ית שלמה בר דוד ומשחוהי קדם יי למלכא ולצדוק לכהנא רבא:
13,1 Chronicles,29,23,1 Chronicles 29:23,ויתב שלמה על כורסי מלכותא על פום מימרא דיי למלכא באתר דוד אבוהי ואצלח וקבילו מניה כל ישראל:
13,1 Chronicles,29,24,1 Chronicles 29:24,וכל רברביא וגבריא ואוף כל בני מלכא דוד יהבו ידא תחות שלמה מלכא לסיעא יתיה ולתקפותיה בכל מלכותיה:
13,1 Chronicles,29,25,1 Chronicles 29:25,ורבי יי ית שלמה לעילא קדם כל ישראל ויהב עלוי זיו מלכותא ושבהורא רבא דלא הוה דכמיה על כל מלכא קומוי על ישראל:
13,1 Chronicles,29,26,1 Chronicles 29:26,ודוד בר ישי מלך על כלהון בית ישראל:
13,1 Chronicles,29,27,1 Chronicles 29:27,ויומיא די מליך דוד על ישראל ארבעין שנין בחברון מלך שבע שנין ובירושלם מלך תלתין ותלת שנין:
13,1 Chronicles,29,28,1 Chronicles 29:28,ומית דוד בשיבו טבתא סבע יומין בעתרא דיקרא ואמליך שלמה בריה באתרוהי :
13,1 Chronicles,29,29,1 Chronicles 29:29,ופתגמי דוד מלכא קדמאי ובתראי הא אנון כתיבין על פתגמי שמואל חזונא ועל פתגמי נתן נביא ועל פתגמי גד סכואה:
13,1 Chronicles,29,30,1 Chronicles 29:30,עם כל מלכותיה וגבורתיה ועבידתיה ועדניא דעברו עלוהי ועל ישראל ועל כלהון מלכות ארעתא:
14,2 Chronicles,1,1,2 Chronicles 1:1,ואתקף שלמה בר דוד על מלכותיה ומימרא דיי הוה בסעדיה ורביה לעלא:
14,2 Chronicles,1,2,2 Chronicles 1:2,ואמר שלמה לכל ישראל לרבני אלפין ומאותא ולדיניא ולכל רבא לכל ישראל רישי אבהתא:
14,2 Chronicles,1,3,2 Chronicles 1:3,ואזלו שלמה וכל קהלא עמיה לרמתא דגבעון ארום תמן הוה משכן זמנא דיי דעבד משה עבדא דיי במדברא:
14,2 Chronicles,1,4,2 Chronicles 1:4,ברם ארונא דיי אסיק דוד מקרית יערים כד אתקין ליה דוד ארום פרש ליה משכנא בירושלם:
14,2 Chronicles,1,5,2 Chronicles 1:5,ומדבחא דנחשא דעבד בצלאל בר אורי בר חור שוי קדם משכנא דיי ותבעיה שלמה וקהלא:
14,2 Chronicles,1,6,2 Chronicles 1:6,ואסיק שלמה תמן על מדבחא דנחשא קדם יי די במשכן זמנא ואסיק עלויה עלון אלפא:
14,2 Chronicles,1,7,2 Chronicles 1:7,בליליא ההוא אתגלי יי לשלמה ואמר ליה תבעי מה אתן לך:
14,2 Chronicles,1,8,2 Chronicles 1:8,ואמר שלמה קדם יי את עבדתא עם דוד אבא טבתא רבתא ואמלכתא יתי באתרוהי:
14,2 Chronicles,1,9,2 Chronicles 1:9,כדון יי אלהים יהי מהימן פתגמך דמללתא עם דוד אבא ארום אנת אמלכתני על ישראל עם סגי הי כעפרא דארעא:
14,2 Chronicles,1,10,2 Chronicles 1:10,כדון חכמתא ומנדעא הב לי ואפוק קדם עמא הדין ואעול ארום מן יספיק למידן ית עמא רבא הדין:
14,2 Chronicles,1,11,2 Chronicles 1:11,ואמר יי לשלמה חלף דהות דא מחשבתא עם לבבך ולא תבעתא עותר נכסין ויקרא וית נפשאת סנאך ואוף יומין סגיעין לא שילתא ושילתא לך חכמתא ומנדעא די תספיק למדן ית עמי דאמלכתך עלוהי:
14,2 Chronicles,1,12,2 Chronicles 1:12,חכמתא ומנדעא יהיבין לך ועתרא ונכסין ויקר אתן לך דלא הוה היכנא למלכיא די קדמך ומן בתרך לא יהי כן:
14,2 Chronicles,1,13,2 Chronicles 1:13,ואתא שלמה לרמתא דבגבעון ומתמן לירושלם לקדם משכן זמנא ומלך על ישראל:
14,2 Chronicles,1,14,2 Chronicles 1:14,וכנש שלמה ארתכין ופרשין והוו ליה אלפא וארבע מאה ארתכין ותריסר אלפין פרשין ואשרינון בקרוי רתיכיא בר מן מה דהוו עם מלכא בירושלם:
14,2 Chronicles,1,15,2 Chronicles 1:15,ויהב מלכא שלמה ית כספא וית דהבא מזלזלין בירושלם הי כאבניא וית ארזיא יהב הי כשקמיא די בשפלתא לסוגי:
14,2 Chronicles,1,16,2 Chronicles 1:16,ומפקנות סוסיתא די לשלמה ממצרים ומזון דזבנין תגרי מלכא לית אפשר די יזבנון מזון אלהן מן מלכא בדמי:
14,2 Chronicles,1,17,2 Chronicles 1:17,ומסקין ומפקין ממצרים רתיכא בשית מאה סלעין דכסף וסוסא במאה וחמשין והכדין לכלהון מלכי חתאי ומלכי ארם על ידיהון מפקין:
14,2 Chronicles,1,18,2 Chronicles 1:18,ואמר שלמה למבני בית מקדשא לשמא דיי וביתא למלכותיה:
14,2 Chronicles,2,1,2 Chronicles 2:1,ומנא שלמה שבעין אלפין גוברין גברין נטלי טוענא ותמנין אלפין דפסלין בטורא ושליטין ממנן עליהון תלתא אלפין ושית מאה:
14,2 Chronicles,2,2,2 Chronicles 2:2,ושדר שלמה לות חורם מלכא דצור למימר היכמה דעבדתא עם אבא ושדרתא ליה ארזין למבני ליה ביתא למתב ביה:
14,2 Chronicles,2,3,2 Chronicles 2:3,הא אנא בני בית מקדשא לשמא דיי אלהי לאתקדשא ליה למהוי אתר מזמן לאסקא קדמוהי קטורת בוסמין וסדורא די לחם תדירא ועלון לצפרא ולרמשא וליומי שבתיא ולירחיא ולזמניא דיי אלהנא לעלמא תפקודתא הדא על ישראל:
14,2 Chronicles,2,4,2 Chronicles 2:4,ובית מקדשא די אנא בני רב ארום רבא אלהנא מכולהון דחליא דעממיא:
14,2 Chronicles,2,5,2 Chronicles 2:5,ומן יסובר חילא למבני ליה בית מקדשא ארום שמיא ארעיתא ושמיא מציעיתא ושמיא עלא לית אפשר די יסוברון יתיה מטול דהוא סביל כלא בדרע גבורתיה שמיא כרסי יקריה וארעא כבש קדמוי ותהומין וכל עלמא מסתוברין ברוח מימריה ומן אנא דאבני ליה ביתא אלהן לאסקא בוסמין קדמוהי:
14,2 Chronicles,2,6,2 Chronicles 2:6,וכדון שדר לי גבר חכים למעבד עבידתא בדהבא ובכספא ובנחשא ובפרזלא ובארגונא ובזהוריתא ותכלא וידע למגלף כתב מפרש גליפן עם חכימיא דעמי ביהודה ובירושלם דאתקין דוד אבא:
14,2 Chronicles,2,7,2 Chronicles 2:7,ושדר לי קיסי ארזין ברתין ואלגומיא מן לבנן ארום קדמי גלי דעבדך ידען למיקץ קיסין מן לבנן והא עבדי עם עבדך:
14,2 Chronicles,2,8,2 Chronicles 2:8,ולאתקנא לי קיסין לסוגי ארום ביתא די אנא בני רבא ופרישא:
14,2 Chronicles,2,9,2 Chronicles 2:9,והא לקטעיא ולמקטעי קיסין יהבית חטין פרנוס לעבדך כורין עשרין אלפא ושערין כורין עשרין אלפא וחמרא בתין עשרין אלפא:
14,2 Chronicles,2,10,2 Chronicles 2:10,ואמר חירם מלכא דצור בכתבא דשדר לשלמה בדרחים יי ית עמיה מניתך עליהון למלכא:
14,2 Chronicles,2,11,2 Chronicles 2:11,ואמר חירם בריך יי אלהא דישראל דעבד ית שמיא וית ארעא די יהב לדוד מלכא בר חכים ידע סוכלתנא וביונתא די יבנה בית מקדשא לשמא דיי וביתא למלכותיה:
14,2 Chronicles,2,12,2 Chronicles 2:12,וכדון שדרית גבר חכים ידע ביונתא לחירם אבא:
14,2 Chronicles,2,13,2 Chronicles 2:13,בר אתתא מבנת דן ואבוהא דאתתא משבט נפתלי ואתנסיבת לגבר דמן צור ואבוהי דחירם צוראה ידע למעבד עבידתא בדהבא ובכספא ובנחשא בפרזלא באבנא ובקיסיא בארגונא בתכלא ובבוצא ובזהוריתא ולמגלף כתב מפרש וגליף ולאלפא כל אומנון דיתיהב ליה עם חכימיך ועם חכימי רבוני דוד אבוך:
14,2 Chronicles,2,14,2 Chronicles 2:14,וכדון חטין וסערין ומשחא וחמרא דאמר רבוני ישדר לעבדוהי:
14,2 Chronicles,2,15,2 Chronicles 2:15,ואנחנא ניקוץ קיסין מן לבנן הי ככל צרכך וניתנון לך תורגמין לימא דיפו ואנת תסיק יתהון לירושלם:
14,2 Chronicles,2,16,2 Chronicles 2:16,ומני שלמה ית כל תותביא דדירין בארעא דישראל מן בתר מניניא דמנינון דוד אבוהי ואשתכחו מאה וחמשין ושית מאה:
14,2 Chronicles,2,17,2 Chronicles 2:17,ועבד מנהון חבורן שבעין אלפין דמסוברין בכתפא ותמנין אלפין דפסלין בטורא ותלתא אלפין ושית מאה דשליטין מטול לאפלחא ית עמא:
14,2 Chronicles,3,1,2 Chronicles 3:1,ושרי שלמה למבני ית בית מקדשא דיי בירושלם בטור מוריה באתר דפלח וצלי אברהם תמן בשמא דיי הוא אתר ארע פולחנא דתמן פלחין קדם יי כל דריא ותמן אסיק אברהם ית יצחק בריה לעלתא ושזביה מימרא דיי ואתמני דכרא חלופיה תמן צלי יעקב במערקיה מן קדם עשו אחוי תמן אתגלי מלאכא דיי לדוד בזמן דאתקין מדבחא באתרא דיזבן מן ארון בבית אדרי דארון יבוסאי:
14,2 Chronicles,3,2,2 Chronicles 3:2,ושרי למבני יתיה בירחא דאיר הוא ירחא תנינא בתרין יומין לירחא בשנת ארבע למלכותיה:
14,2 Chronicles,3,3,2 Chronicles 3:3,ואלין משחתא דבסים יתיה שלמה כד שרי למבני ית בית מקדשא דיי אורכא במשחתא קדמיתא עתיקתא אמין שתין ופותיא אמין עשרין:
14,2 Chronicles,3,4,2 Chronicles 3:4,ואולמא דעל אפי אורכא על אפי פותיא דביתא אמין עשרין ורומא מאה ועשרין וחפהי מן לגיו דהב דכי:
14,2 Chronicles,3,5,2 Chronicles 3:5,וית ביתא רבא חפא נסרין דברתין וחפהי דהב טב ואסיק עלוהי צורת דקלין ותכיא:
14,2 Chronicles,3,6,2 Chronicles 3:6,וחפא ית ביתא אבן טבא לתשבחתא מרמצא בדהבא דהב פרוים:
14,2 Chronicles,3,7,2 Chronicles 3:7,וחפא ית ביתא לרישיא וסקופיא וכותלוהי ודשוהי דהבא וגלף צורת כרובין על כותליא:
14,2 Chronicles,3,8,2 Chronicles 3:8,ועבד ית בית קודש קודשיא אורכיה על אפי פותיא דביתא אמין עשרין ופותיה אמין עשרין וחפהי דהב טב לקנטנרין שית מאה:
14,2 Chronicles,3,9,2 Chronicles 3:9,ומתקל למסמריא לתקלין חמשין דהבא ועליתא חפא דהבא:
14,2 Chronicles,3,10,2 Chronicles 3:10,ועבד בבית קודש קודשיא כרובין תרין עובד שושנין וחפו יתהון דהבא:
14,2 Chronicles,3,11,2 Chronicles 3:11,וגדפי כרוביא אורכהון אמין עשרין גדפא חד לאמין חמש מטיא לכותל ביתא וגדפא חורניתא אמין חמש מטי לגדפא דכרובא חד :
14,2 Chronicles,3,12,2 Chronicles 3:12,וגדפא דכרובא חד אמין חמש מטי לכותל ביתא וגדפא חורניתא אמין חמש מדבקא לגדפא די כרובא חד:
14,2 Chronicles,3,13,2 Chronicles 3:13,גדפי כרוביא האלין פרישן אמין עשרין והנון קימין על רגליהון ואפיהון לגיו:
14,2 Chronicles,3,14,2 Chronicles 3:14,ועבד ית פרגודא תכלא וארגונא וזהוריתא ובוצא ואסיק עלוהי צורת כרובין:
14,2 Chronicles,3,15,2 Chronicles 3:15,ועבד קדם ביתא עמודין תרין אמין תלתין וחמשא אורכא וקרונתא הי כדמות שרגא דעל רישיה אמין חמשא:
14,2 Chronicles,3,16,2 Chronicles 3:16,ועבד תכין בבית כפורי ויהב על ריש עמודיא ועבד רמונין מאה ויהב בתכיא:
14,2 Chronicles,3,17,2 Chronicles 3:17,ואקים ית עמודיא על אפי היכלא חד מן ימינא וחד מן שמאלא וקרא שום ימינאה יכין על שום דאתקנת מלכותא דבית דוד ושום סמאלא בועז על שום בועז רב בית אבא לבית יהודה דמניה נפקו כל מלכיא דבית יהודה:
14,2 Chronicles,4,1,2 Chronicles 4:1,ועבד ית מדבחא דנחשא עשרין אמין אורכיה ועשרין אמין פותיה ועשרא אמין רומיה:
14,2 Chronicles,4,2,2 Chronicles 4:2,ועבד ית ימא מתך עשר אמין מן שפתיה לשפתיה סגלגל חזור חזור וחמש אמין רומיה וחוט משח תלתין אמין מקף ליה חזור חזור:
14,2 Chronicles,4,3,2 Chronicles 4:3,וצורת תורין מלרע ליה חזור חזור מקפין יתיה עשר אמין מקפין ית ימא חזור חזור תרין סדרין דתורי מתכין באתכותיה:
14,2 Chronicles,4,4,2 Chronicles 4:4,קאם על תריסר תורין תלתא אפיהון לצפונא ותלתא אפיהון למערבא ותלתא אפיהון לדרומא ותלתא אפיהון למדינחא וימא מתקן עליהון מלעלא וכל אחוריהון לגיו:
14,2 Chronicles,4,5,2 Chronicles 4:5,וסומכיה פושכא וספתיה הי כעובד כליד סגלגל לקיט כשושנהא נקיט תלתא אלפין בתין ביובש תרין אלפין בתין ברוטבא מחסיל:
14,2 Chronicles,4,6,2 Chronicles 4:6,ועבד כיורין עשרא ויהב חמשא מן ימינא דכיורא די עבד בצלאל וחמשא מן שמאליה למחלל בהון ית עובד עלתא מריחין בהון וכירא דבצלאל לקדוש כהנא רבא וימא לקדוש כהנא ביה:
14,2 Chronicles,4,7,2 Chronicles 4:7,ועבד מנרתא דדהבא עשרתי כד חמי להון ויהב בהיכלא חמשא מן ימינא למנרתא דעבד בצלאל וחמשא מן שמאלא:
14,2 Chronicles,4,8,2 Chronicles 4:8,ועבד פתורין עשרא ואגח בהיכלא חמשא מן ימינא לפתורא דעבד בצלאל וחמשא מן שמאלא ועבד פילי דהב מאה:
14,2 Chronicles,4,9,2 Chronicles 4:9,ועבד דרתא דכהניא ודרתא רבתא ודשין לדרתא ודשיהון חפא נחשא:
14,2 Chronicles,4,10,2 Chronicles 4:10,וית ימא יהב מן עיבר ימינא לרוח קדומא מדינחא מקביל דרומא:
14,2 Chronicles,4,11,2 Chronicles 4:11,ועבד חירם ית כיוריא וית מגרופיתא וית פיליא וחסל חירם למעבד ית עבידתא די עבד למלכא שלמה בבית מקדשא דיי:
14,2 Chronicles,4,12,2 Chronicles 4:12,עמודיא תרין ואגנין וקרונתון על ריש עמודיא תרתין וסרגיא תרתין לכסאה ית תרתין אגני קרונתון די על ריש עמודיא:
14,2 Chronicles,4,13,2 Chronicles 4:13,וית רמוניא ארבע מאה לתרתין סרגית תרין סדרין דרמונין לסרגתא חדא לכסאה ית אגני קרונתון דעל אפי עמודיא:
14,2 Chronicles,4,14,2 Chronicles 4:14,וית בסיסיא עבד וית כיוריא עבד על בסיסיא:
14,2 Chronicles,4,15,2 Chronicles 4:15,וית ימא חד וית תורי תריסר תחותוהי:
14,2 Chronicles,4,16,2 Chronicles 4:16,וית דודיא וית מגרופיתא וית צנוריתא וית כל מניהון עבד חירם אביה למלכא שלמה לבית מקדשא נחש מצהב:
14,2 Chronicles,4,17,2 Chronicles 4:17,במשרי ירדנא אתיכנון מלכא בעובי גרגישתא בין סוכות ובין צרדת:
14,2 Chronicles,4,18,2 Chronicles 4:18,ועבד שלמה כל מניא האלין לסוגי לחדא ארום לית סוף למתקל נחשא:
14,2 Chronicles,4,19,2 Chronicles 4:19,ועבד שלמה ית כל מניא די בבית מקדשא דיי וית מדבחא דדהבא וית פתוריא דעליהון לחם אפיא:
14,2 Chronicles,4,20,2 Chronicles 4:20,וית מנרתא ובוציניהון לאדלקותהון כד חמי קדם בית כפורי דהב טב:
14,2 Chronicles,4,21,2 Chronicles 4:21,ושושנהא ובוציניא וצבתיא דהב דכי הוא גמיר כולא דדהב:
14,2 Chronicles,4,22,2 Chronicles 4:22,ומזמריא ומזרקיא ובזיכיא ומחתיתא דהב טב ותרע ביתא דשוהי גויתא לקודש קודשיא ודשי ביתא להיכלא דהבא:
14,2 Chronicles,5,1,2 Chronicles 5:1,ושלימת כל עבידתא דעבד שלמה לבית מקדשא דיי ואיתי שלמה ית קדשי דוד אבוהי וית כספא וית דהבא וית כל מניא יהב באוצרי בית מקדשא דיי:
14,2 Chronicles,5,2,2 Chronicles 5:2,הא בכין כנש שלמה ית סבי ישראל וית כל רישי שבטיא רברבי אבהתא לבני ישראל לירושלם לאסקא ית ארון קימא דיי מן קרתא דדוד היא ציון:
14,2 Chronicles,5,3,2 Chronicles 5:3,ואתכנשו לות מלכא שלמה כל אנש ישראל בחגא דמטליא דהוא בירחא שביעאה:
14,2 Chronicles,5,4,2 Chronicles 5:4,ואתו כל סבי ישראל ונטלו ליואי ית ארונא:
14,2 Chronicles,5,5,2 Chronicles 5:5,ואסיקו ית ארונא וית משכן זמנא וית כל מאני קודשא די במשכנא ואסיקו יתהון כהניא וליואי:
14,2 Chronicles,5,6,2 Chronicles 5:6,ומלכא שלמה וכל כנשתא דישראל דאזדמנו עלוהי קדם ארונא מנכסין ודבחין עאן ותורין דלית להון סכומא ולא יתמנון מן סוגעי:
14,2 Chronicles,5,7,2 Chronicles 5:7,ואעילו כהניא ית ארונא קימא דיי לאתריה לבית כפורי דמתקן ליה כמצע ביתא לקודש קודשיא לתחות גדפי כרוביא:
14,2 Chronicles,5,8,2 Chronicles 5:8,והוו כרוביא פרישן גדפיהון לעלא על אתר ארונא ומטללין כרוביא על ארונא ועל נגרוהי מלעילא:
14,2 Chronicles,5,9,2 Chronicles 5:9,ואריכו נגריא והוון בליטין ומתחזן רישי נגריא מן ארונא הי כתרתין תדין על אפי בית כפורי ולא מתחזן לברא מן פרגודא והואן תמן עד יומא הדין:
14,2 Chronicles,5,10,2 Chronicles 5:10,לית מדעם מיחת בארונא לחוד תרין לוחיא די יהב תמן משה כד אתברו על עיסר עגלא דעבדו בחורב ותרין לוחיא חורניתא שריריא דעליהון חקיק כתב מפרש עשרתי דבריא הנון לוחי קימא דגזר יי עם בני ישראל במפקהון ממצרים:
14,2 Chronicles,5,11,2 Chronicles 5:11,והוה כד נפקו כהניא מן קודשא ארום כל כהניא דישתכחו תמן בקודשא אתקדשו לית להון עסקא במטרת ביתא לפלוגת ליואי:
14,2 Chronicles,5,12,2 Chronicles 5:12,וליואי משבחיא לכלהון גניסיא לאסף להימן לידותון ולבניהון ולאחוהון לבשין לבושין דבוץ משבחין בצלצלין בנבלין ובכנרין קימין ממדנחא למדבחא ועמהון כהניא עד מאה ועשרין מחצצרין בחצוצרתא:
14,2 Chronicles,5,13,2 Chronicles 5:13,והוה כחדא מכונין למחצריא ולמשבחיא לאשמעא קל חד לשבוחוי ולאודוי לשמא דיי ובארמות קלא בחצוצרתא ובצלצלין ובזיני זמר ובתושבחא קדם יי ארום טב ארום לעלם טוביה ובית מקדשא אתמלי ענן אמיטתא בבית מקדשא דיי:
14,2 Chronicles,5,14,2 Chronicles 5:14,ולא יכילו כהניא למקם לשמשא מן קדם עננא יקרא ארום אתמלי יקרא דיי ית בית מקדשא דיי:
14,2 Chronicles,6,1,2 Chronicles 6:1,הא בכין אמר שלמה יי אתרעי לאשראה שכינתיה בקרתא דירושלם בבית מקדשא די בניתי לשום מימריה וענן אמיטתא כבש קדמוי:
14,2 Chronicles,6,2,2 Chronicles 6:2,ואנא בניתי בית מקדשא קדמך אתר מתקן לבית שכינתך ומכון כל קבל כורסי בית מותבך דבשמיא לעלמין :
14,2 Chronicles,6,3,2 Chronicles 6:3,ואחזר מלכא ית אפוהי ובריך ית כל קהלא דיי וכל קהלא דישראל קימין:
14,2 Chronicles,6,4,2 Chronicles 6:4,ואמר בריך שמא דיי אלהא דישראל די גזר במימריה עם דוד אבא וברעותיה קים למימר:
14,2 Chronicles,6,5,2 Chronicles 6:5,מן יומא די אפיקית ית עמי ישראל מארעא דמצרים לא אתרעיתי בקרתא מכל שבטיא דישראל לאשראה שכנתי תמן ולא אתרעיתי בגבר למהוי מלכא על עמי ישראל:
14,2 Chronicles,6,6,2 Chronicles 6:6,ואתרעיתי בירושלם לאשראה שכנתי תמן ואתרעיתי בדוד למהוי מלכא על עמי ישראל:
14,2 Chronicles,6,7,2 Chronicles 6:7,והוה בלבא דדוד אבא למבני ביתא לשמא דיי אלהא דישראל:
14,2 Chronicles,6,8,2 Chronicles 6:8,ואמר יי לדוד אבא חלף די הוה עם לבבך למבני ביתא לשמי אתקנתא ארום הוה עם לבבך:
14,2 Chronicles,6,9,2 Chronicles 6:9,לחוד את לא תבני ביתא ארום בר דתוליד הוא יבני ביתא לשמי:
14,2 Chronicles,6,10,2 Chronicles 6:10,וקים יי ית פתגמיה די מליל וקמית באתריה דדוד אבא ויתיבית על כורסי מלכותא דישראל היכמה די מלל יי ובניתי בית מקדשא לשום מימרא דיי אלהא דישראל:
14,2 Chronicles,6,11,2 Chronicles 6:11,ושויתי תמן ית ארונא דתמן לוחי קימא דיי די גזר עם בני ישראל:
14,2 Chronicles,6,12,2 Chronicles 6:12,וקם קדם מדבחא דיי כל קבל כל קהלא דישראל ופרש ידוי בצלו:
14,2 Chronicles,6,13,2 Chronicles 6:13,ארום עבד שלמה כיורא דנחשא ויהביה במצע דרתא בעזרת קודשא חמש אמין אורכיה וחמש אמין פותיה ותלת אמין רומיה וקם עלוי וכרע על ברכוי כל קבל כל קהלא דישראל ופרש ידוי בצלו לצית שמיא:
14,2 Chronicles,6,14,2 Chronicles 6:14,ואמר יי אלהא דישראל לא אית בר מנך את הוא אלהא די שכנתך שרא בשמיא מלעילא ושליט על ארעא מלרע נטיר קימא וטיבו לעבדך די מהלכין בארחתך ופלחין קדמך בכל רעות נפשהון ובכל יצרא דלבהון:
14,2 Chronicles,6,15,2 Chronicles 6:15,די נטרתא לעבדך דוד אבא ית דמללתא ליה וגזרתא במימרך וברעותך קימתא הי בזמן יומא הדין:
14,2 Chronicles,6,16,2 Chronicles 6:16,וכדון יי אלהא דישראל טר לעבדך דוד אבא ית די מללתא ליה למימר לא יפסק לך גבר מן קדמי יתיב על כורסי מלכותא דישראל לחוד אין ינטרון בנך ית ארחתהון להלכא באוריתא היכמה דהלכתא קדמי:
14,2 Chronicles,6,17,2 Chronicles 6:17,וכדון יי אלהא דישראל יתקימון פתגמיך די מללתא לעבדך לדוד:
14,2 Chronicles,6,18,2 Chronicles 6:18,ארום מן יסובר ומאן ידמי די בקושטא אתרעי יי לאשראה שכנתיה בגו בני נשא דדירין על ארעא הא שמיא עלאי ושמיא מצעאי ושמיא תתאי לית אפשר להון די יסוברון יקר שכנתך ארום את הוא אלהא סביל כולא שמיא וארעא ותהומיא וכל מה דאית בהון אף אלהן ביתא הדין די בניתי:
14,2 Chronicles,6,19,2 Chronicles 6:19,ותתפני לצלותא דעבדך ולבעותיה יי אלהי לקבלא בעותא וצלותא די עבדך מצלי קדמך:
14,2 Chronicles,6,20,2 Chronicles 6:20,למהוי רעוא קדמך לאגנא על ביתא הדין יימם ולילי לאתרא דאמרת לאשראה שכנתך תמן לקבלא צלותא די צלי עבדך על אתרא הדין:
14,2 Chronicles,6,21,2 Chronicles 6:21,ותקבל בעותא דעבדך ועמך ישראל די יצלון לאפי אתרא הדין ואת תקבל מאתר בית שכנתך מן שמיא ותקבל צלותהון ותשבק לחוביהון:
14,2 Chronicles,6,22,2 Chronicles 6:22,אין יסרח גבר על חבריה וירשי ביה מומי לאומיותיה ויתי ויומיניה קדם מדבחך בביתא הדין:
14,2 Chronicles,6,23,2 Chronicles 6:23,ואת תקבל מן שמיא ותעביד ותדין ית עבדך לאתבא גומלא לחיבא למתן ארחיה ברישיה ולזכאה זכאי למתן ליה הי כזכותיה:
14,2 Chronicles,6,24,2 Chronicles 6:24,ואין כד יתברון עמך ישראל קדם בעלי דבביהון ארום יחובון קדמך ויתובון לפולחנך ויודון ית שמך ויצלון ויבעון מנך בביתא הדין:
14,2 Chronicles,6,25,2 Chronicles 6:25,ואת תקבל מן שמיא ותשבוק לחובי עמך ישראל ותתבנון לארעא די יהבתא להון ולאבהתהון:
14,2 Chronicles,6,26,2 Chronicles 6:26,כד מתכלין שמיא מלאחתא מטרא ארום יחובון קדמך ויצלון לאפי אתרא הדין ויודון ית שמך ומחוביהון יתובון ארום תקבל צלותהון:
14,2 Chronicles,6,27,2 Chronicles 6:27,ואת תקבל מן שמיא ותשבוק לחובי דעבדך ועמך ישראל ארום תליפנון ית אורח תקנא דיהכון בה ותתן מטרא על ארעך די יהבתא לעמך לאחסנא:
14,2 Chronicles,6,28,2 Chronicles 6:28,אולצן כפנא כד יהא בארעא מותנא כד יהי שודפנא ויורקנא גובאי ושמוטא כד יהי ארום יעיקון להון בעלי דבביהון בארע קרויהון כל מכתש וכל מרע:
14,2 Chronicles,6,29,2 Chronicles 6:29,כל צלותא כל בעותא די תהא בפני כל אנש מכל עמך ישראל די ינדעון אנש מכתשיה וכיביה ויפרוש ידוי בצלו לאפי ביתא הדין:
14,2 Chronicles,6,30,2 Chronicles 6:30,ואת תקבל מן שמיא מאתר בית שכנתך ותשבוק לחוביהון ותתן לכל גבר ככל ארחתיה די יפרסם קדמך לביה ארום את הוא ולית בר מנך ולחוד קדמך גלין לבביא דבני נשא:
14,2 Chronicles,6,31,2 Chronicles 6:31,מן בגלל דידחלון מן קדמך למהך בארחן דתקנן קדמך כל יומיא דאנון קימין על אפי ארעא די יהבתא לאבהתנא:
14,2 Chronicles,6,32,2 Chronicles 6:32,ואוף מן בר עממין דלא מעמך ישראל הוא ויתי מארע רחיקא מטול שמך רבא ואידך תקיפא ואדרעך מרמם וייתון ויצלון לאפי ביתא הדין:
14,2 Chronicles,6,33,2 Chronicles 6:33,ואת תקבל מן שמיא מאתר בית שכנתך ותעביד הי ככל מה די יצלי קדמך בר עממין מן בגלל די ינדעון כל עממי ארעא ית שמך ולמדחל מן קדמך הי כעמך ישראל ולמדע ארום שמך אתקרי על ביתא הדין די בניתי:
14,2 Chronicles,6,34,2 Chronicles 6:34,כד יפקון עמך לאגחא קרבא על בעלי דבביהון בארחא די תשלחנון ומצלין קדמך כל קבל אורח אפי קרתא הדא דאתרעיתא בה ובית מקדשא די בניתי לשמך:
14,2 Chronicles,6,35,2 Chronicles 6:35,ותקבל מן שמיא ית צלותהון וית בעותהון ותתפרע עולבנהון:
14,2 Chronicles,6,36,2 Chronicles 6:36,כד יחובון קדמך ארום לית בר נש דלא חטי ויחול רגזך בהון ותמסרנון קדם בעלי דבביהון וישבונון שביהון ויגלנון לארעא רחיקא או קריבא:
14,2 Chronicles,6,37,2 Chronicles 6:37,ויתובון ללבהון דחלתך בארעא דאשתביו תמן ויתובון ויבעון מנך בארע שביהון למימר חבנא ואטפשנא וסרחנא:
14,2 Chronicles,6,38,2 Chronicles 6:38,ויתובון לפולחנך בכל לבהון ובכל נפשהון בארע שביהון דשבו יתהון ויצלון קדמך ויכונון לבהון לאפי אורח ארעהון די יהבתא לאבהתהון וקרתא דאתרעיתא ולבית מקדשא די בניתי לשמך:
14,2 Chronicles,6,39,2 Chronicles 6:39,ותקבל מן שמיא מן מדור בית שכנתך ית צלותהון וית בעותהון ותתפרע עולבנהון ותשבוק לעמך די חבו קדמך:
14,2 Chronicles,6,40,2 Chronicles 6:40,כדון אלהי יהי רעוא מן קדמך וציתי אדנך לקבלא צלותהון דאנון מכונין לבהון לצלאה כל קבל אתרא הדין:
14,2 Chronicles,6,41,2 Chronicles 6:41,וכדון קום יי אלהים אל שדי ביקרך את וארון יקר תוקפך כהניך יי אלהים ילבשון לבושין דיקר בפורקנך וחסידיך יחדון בטבתא:
14,2 Chronicles,6,42,2 Chronicles 6:42,יי אלהים לא תתיב אפי משיחך ריקנו אדכר לחסדי דוד עבדך:
14,2 Chronicles,7,1,2 Chronicles 7:1,וכד פסק שלמה מלצלאה ואשתא נחתת ואשתרבבת מן שמיא עלוי מדבחא וגמרת עלתא ונכסת קודשיא ואיקר שכנתיה דיי אתמלי ית ביתא:
14,2 Chronicles,7,2,2 Chronicles 7:2,ולא יכילו כהניא למיעל לבית מקדשא דיי ארום אתמלי איקר שכנתא דיי ית בית מקדשא דיי:
14,2 Chronicles,7,3,2 Chronicles 7:3,וכל בני ישראל חמין כד נחתת ואשתרבבת אשתא על ביתא ואיקר שכנתא דיי שרא על ביתא וגחנו על אפיהון על ארעא על רובדא וסגדן ומודן קדם יי ארום טב ארום לעלם טוביה:
14,2 Chronicles,7,4,2 Chronicles 7:4,ומלכא וכל עמא דבחין דבחא קדם יי:
14,2 Chronicles,7,5,2 Chronicles 7:5,ודבח שלמה מלכא ית דבחא תורין עשרין ותרין אלפין ועאן מאה ועשרין אלפין וחנכו ית בית מקדשא דיי מלכא וכל עמא:
14,2 Chronicles,7,6,2 Chronicles 7:6,וכהניא על מטרתהון קימין וליואי על דוכנהון בזיני זמר ומשבחין קדם יי דקריב ית דוד למנאה יתיה מלכא ואשרי עלוי רוח קודשא לאודאה קדם יי ארום לעלם טוביה וכהניא תקעין בחצוצריא לקבליהון וכל ישראל קימין:
14,2 Chronicles,7,7,2 Chronicles 7:7,וקדיש שלמה ית מציעות דרתא די קדם בית מקדשא דיי ארום עבד תמן ית עלותא וית תרבי נכסת קודשיא מטול דמדבחא דנחשא די עבד שלמה דחיק ולא יכיל לסוברא ית עלתא וית מנחתא וית תרביא:
14,2 Chronicles,7,8,2 Chronicles 7:8,ועבד שלמה ית חגא בעדנא שבעתי יומין מן בתר דעבד שבעתי יומין דחנכת ביתא וכלהון ישראל עמיה קהלא רבא לחדא מן מעלנא דאנטוכיא עד נילוס דמצרים:
14,2 Chronicles,7,9,2 Chronicles 7:9,ועבדו ביומא תמינאה כניש קדם יי ארום חנכת מדבחא עבדו שבעתי יומין וחגא דמטליא שבעתי יומין:
14,2 Chronicles,7,10,2 Chronicles 7:10,וביום עשרין ותלתא לירחא שביעאה פטר ית עמא למשכניהון ואזלו לקרויהון חדן ושפירי לבא על כל טבתא דעבד יי לדוד עבדיה דאתפתחן תרעי בית מקדשא מטול זכותיה ולשלמה בריה דקביל יי צלותיה ושרת שכנתא דיי בבית מקדשא ולישראל עמיה דאתקבלו ברעוא קרבניהון ונחתת אשתא מן שמיא ואשתרבבת על מדבחא וגמרת נכסיהון:
14,2 Chronicles,7,11,2 Chronicles 7:11,ופסק שלמה ית בית מקדשא דיי וית בית מלכותא וחסל ית כל מה דמסליק על לבא דשלמה למעבד בבית מקדשא דיי ובביתיה עבד ואצלח:
14,2 Chronicles,7,12,2 Chronicles 7:12,ואתגלי מימרא דיי לשלמה בליליא ואמר ליה שמיעא קדמי צלותך ואתרעיתי באתרא הדין למהוי לי לבית דבח קורבניא:
14,2 Chronicles,7,13,2 Chronicles 7:13,הא כד אכלי שמיא מלאחתא מטרא והא כד אפקד על גובאי לאכול פירי ארעא וכד אגרי מלאך דמותא על חוביהון דעמי:
14,2 Chronicles,7,14,2 Chronicles 7:14,ומתכנעין עמי דאתקרי שמי עליהון ויעבדון תתובתא ויצלון ויבעון מן קדמי ויתובון מן ארחתהון בישיא ואנא אקבל מן שמיא תתובתהון ואשרי ואשבוק לחוביהון ואעיל אסותא לארעהון:
14,2 Chronicles,7,15,2 Chronicles 7:15,כדון יהי רעוא מן קדם מימרי דאצלי אודני לקבלא צלותא דמצלין עמי באנפי אתרא הדין:
14,2 Chronicles,7,16,2 Chronicles 7:16,וכדון אתרעיתי במימרי וקדישית ית ביתא הדין לאשראה שכנתי תמן עד עלם ויהי רעותי לאוטבא תמן כל יומיא:
14,2 Chronicles,7,17,2 Chronicles 7:17,ואת אין תפלח קדמי ותהך בארחן דתקנן קדמי היכמה דהליך דוד אבוך ולמעבד היכמה די פקדתך וקימי ודיני תטר:
14,2 Chronicles,7,18,2 Chronicles 7:18,ואקים ית כורסי מלכותך היכמה דגזרית עם דוד אבוך למימר לא יפסוק לך גבר יתיב על כורסי מלכותי ושליט על ישראל:
14,2 Chronicles,7,19,2 Chronicles 7:19,ואין תיבין אתון ותשבקון קימי ופקודי די יהבית קדמיכון ותהכון ותפלחון לטעות עממין נכראין ותסגדון להון:
14,2 Chronicles,7,20,2 Chronicles 7:20,ואטלטלנון מעלוי ארעאי די יהבית להון וית ביתא הדין דקדישית לאשראה ביה שכינתי ארחק מן קדמי ואתנניה למתלין ולשועי בכל עממיא:
14,2 Chronicles,7,21,2 Chronicles 7:21,וביתא הדין די הוה עלאה יהי חרוב כל מאן די יעבר עלוי יכלי וימר מטול מה עבד יי הכדין לארעא הדא ולביתא הדין:
14,2 Chronicles,7,22,2 Chronicles 7:22,וימרון מן בגלל דשבקו ית פולחנא דיי אלהא דאבהתהון דאפקנון מארעא דמצרים ואתקיפו בטעות עממיא וסגידו להון ופלחונון מטול היכנא איתי עליהון ית כל בישתא הדא:
14,2 Chronicles,8,1,2 Chronicles 8:1,והוה מסוף עשרין שנין דבנא שלמה ית בית מקדשא דיי וית ביתיה:
14,2 Chronicles,8,2,2 Chronicles 8:2,וקרויא דיהב חירם לשלמה בנא יתהון ואותיב תמן ית בני ישראל:
14,2 Chronicles,8,3,2 Chronicles 8:3,ואזל שלמה לחמתא דצובה ואתקיף צירא עלה:
14,2 Chronicles,8,4,2 Chronicles 8:4,ובנא ית תדמור במדברא וית כל קרוי בית אוצריא דבנא שלמה בחמתא:
14,2 Chronicles,8,5,2 Chronicles 8:5,ובנא ית בית חורון עלאה וית בית חורון ארעאה קרוין כריכן מקפן שורן דשין ועברין:
14,2 Chronicles,8,6,2 Chronicles 8:6,וית בעלת וית כל קרוי בית אוצריא דהוו לשלמה וית כל קרוי פרשיא וית כל רעות לביה דשלמה די צבא למעבד ולמבני בירושלם ובלבני ובכל ארע שולטניה:
14,2 Chronicles,8,7,2 Chronicles 8:7,כל עמא דאשתיר מן חתאי ואמוראי ופרזאי וחואי ויבוסאי דלא מישראל אנון:
14,2 Chronicles,8,8,2 Chronicles 8:8,מן בניהון דאשתירו בתריהון בארעא די לא שיצנון בני ישראל ויהבנון שלמה למסקי מסין עד יומא הדין:
14,2 Chronicles,8,9,2 Chronicles 8:9,ומן בני ישראל די לא יהב שלמה למהוי פלחין לעבידתיה ארום אנון גברי מגיחי קרבא ורבני גברוי ורבני ארתכוהי ופרשוהי:
14,2 Chronicles,8,10,2 Chronicles 8:10,ואלין רבני אסטרטיגיא די למלכא שלמה מאתן וחמשין די מכבשין בעמא:
14,2 Chronicles,8,11,2 Chronicles 8:11,וית בתיה ברתיה דפרעה אסיק שלמה מקרתא דדוד לפלטירין דבנא לה ארום אמר לא אפשר דתשלט לי אתתא בבית דוד מלכא דישראל ארום קודשא אנון ולא כשר דתתיב תמן אתתא מן בתר דעל לותהון ארונא דיי:
14,2 Chronicles,8,12,2 Chronicles 8:12,הא בכין אסיק שלמה עלון קדם יי על מדבחא דיי דבנא קדם אולמא:
14,2 Chronicles,8,13,2 Chronicles 8:13,ובמסת יומא ביומיה לאסקא קרבן תדירא הי כתפקדתא דמשה לשבתיא ומוספיא לרישי ירחיא ולמועדיא תלת זמנין בשתא בחגא דפטיריא ובחגא דמטליא:
14,2 Chronicles,8,14,2 Chronicles 8:14,ואקים היכמה די פקיד דוד אבוי ית פלוגת כהניא על עבידתהון וליואי על מטרתהון לשבחא ולשמשא כל קבל כהניא כמסת יומא ביומיה ולתרעיא בפלוגתהון לכל תרעא ותרעא ארום היכנא תפקדתא דדוד נביא דיי:
14,2 Chronicles,8,15,2 Chronicles 8:15,ולא עדו תפקדתא דמלכא על כהניא וליואי לכל פתגמיא ולאוצריא:
14,2 Chronicles,8,16,2 Chronicles 8:16,ואתקנת כל עבידת שלמה מן יומא דאתיסד בית מקדשא דיי עד יומא דאשתיצי ושלים בית מקדשא דיי:
14,2 Chronicles,8,17,2 Chronicles 8:17,הא בכן הליך שלמה לכרך תרנגולא ולאילות דעל כיף ימא בארעא דאדום:
14,2 Chronicles,8,18,2 Chronicles 8:18,ושדר ליה חורם בידא דעבדוי אלפיא ועבדין חכימין בימא ואתו עם עבדי שלמה לאופיר ונסיבו מתמן ארבע מאה וחמשין קנטנרין דדהבא ואיתיו לות מלכא שלמה:
14,2 Chronicles,9,1,2 Chronicles 9:1,ומלכת זמרגד שמעת ית שמע שלמה ואתת לנסאה ית שלמה במתלון דחידין בירושלם בחיל תקיף לחדא והוגנין טעינין בוסמין ודהבא לסוגי ומרגלין בחירן ואתת לות שלמה ומללת עמיה ית כל מה דהוא עם לבה:
14,2 Chronicles,9,2,2 Chronicles 9:2,ותני לה שלמה ית כל פתגמהא ולא אתכסי מן שלמה מדעם דלא תני לה:
14,2 Chronicles,9,3,2 Chronicles 9:3,וחמת מלכא זמרגד ית חכמת שלמה ובית מקדשא די בנא:
14,2 Chronicles,9,4,2 Chronicles 9:4,ומיכלא דפתוריה ואסחרות עבדוי ומוקמנא דשמשוי ולבושיהון ושקותיה ולבושיהון ומסקתיה דסליק לבית מקדשא דיי ולא אשתירת בה תוב רוחא:
14,2 Chronicles,9,5,2 Chronicles 9:5,ואמרת למלכא קושטא פתגמא די שמעית בארעאי מטול דביריך ומטול חכמתך:
14,2 Chronicles,9,6,2 Chronicles 9:6,ולא המנית לפתגמיא עד דאתיתי וחמאה עיני והא לא אתחוא לי פלגות מן סוגעא דחכמתך אוספתא על שמועתא די שמעית:
14,2 Chronicles,9,7,2 Chronicles 9:7,טוביהון דגבריך וטוביהון דעבדך אלין דקימין קדמך תדירא ושמעין ית חכמתך:
14,2 Chronicles,9,8,2 Chronicles 9:8,יהי יי אלהך מברך דאתרעי בך למנאה יתך מלכא למתב על כורסי מלכותא למהוי מליך קדם יי אלהך בדרחים יי אלהך ית ישראל לקימותיה לעלם ומני יתך עלויהון למלכא למעבד דין דקשוט וזכו:
14,2 Chronicles,9,9,2 Chronicles 9:9,ויהבת למלכא מאה ועשרין קנטירין די דהב ובוסמיא לסוגי לחדא ומרגלין בחירן לא הוה הי כבוסמא ההוא די יהבת מלכת זמרגד לשלמה :
14,2 Chronicles,9,10,2 Chronicles 9:10,ואוף עבדי חירם ועבדי שלמה דאיתיאו דהבא מאופיר איתיאו קיסי אלגומיא ומרגליתא בחירן:
14,2 Chronicles,9,11,2 Chronicles 9:11,ועבד מלכא מן קיסי אלמוגיא כבשיא לסעיד לבית מקדשא דיי ולבית מלכא וכנריא ונבליא לבני לוי דמשבחין בהון ולא אתחמון דכמתהון מן קדמת דנא בארעא דבית יהודה:
14,2 Chronicles,9,12,2 Chronicles 9:12,ומלכא שלמה יהב למלכת זמרגד ית כל רעותה דבעת מניה לבר די יהב לה חלופי מה דאיתיאת לות מלכא ואתפניאת ואזלת לארעהא היא ועבדהא:
14,2 Chronicles,9,13,2 Chronicles 9:13,והוה מתקלא דדהבא די הוה אתי לשלמה בשתא חדא שית מאה ושתין ושית קנטרין דדהבא:
14,2 Chronicles,9,14,2 Chronicles 9:14,בר מאגר אומניא וסחורת תגריא וכל מלכי סיסטותא ושלטוני ארעא דמובלין כרגא דהבא וכספא לשלמה:
14,2 Chronicles,9,15,2 Chronicles 9:15,ועבד מלכא שלמה מאתן עגילין דדהבא סנינא ועזלין יתיה הי כחוטא שית מאה סלעין דדהבא סנינא סליק על עגולא חד:
14,2 Chronicles,9,16,2 Chronicles 9:16,ותלת מאה תריסין דדהבא סנינא תלת מאה סלעין דדהבא סליק על תריסא חדא ומנינון מלכא בביתא מקירת מלכיא:
14,2 Chronicles,9,17,2 Chronicles 9:17,ועבד מלכא כורסיא דשן דפיל רבא וחפהי דהב דכי:
14,2 Chronicles,9,18,2 Chronicles 9:18,ושיתא מסוקין לכורסיא וכיבש בדהבא סגלגלי כורסא מדבקין ביה ואשדיתא מכא ומכא על אתר בית מותבא ותרין אריון קימין כל קבל אשדיתא :
14,2 Chronicles,9,19,2 Chronicles 9:19,ותריסר אריון קימין תמן על שית מסוקין מכא ומכא לא אתעביד היכנא לכלהון מלכותא:
14,2 Chronicles,9,20,2 Chronicles 9:20,וכלהון מאני משתיא דמלכא שלמה ומאני בית מקירת מלכא דהב טב לית בהון כספא ארום לא אתחשיב סימא ביומי שלמה למדעם:
14,2 Chronicles,9,21,2 Chronicles 9:21,ארום אלפיא למלכא דאזלין לאפרקיא עם עבדיא דחירם זימנא חדא לתלת שנין אתין אלפיא דאפריקיא טעינן דהבא וסימא ושן דפיל וקופין וטוסין :
14,2 Chronicles,9,22,2 Chronicles 9:22,ורבא מלכא שלמה מן כלהון מלכי ארעא לעותר ולחכמתא:
14,2 Chronicles,9,23,2 Chronicles 9:23,וכלהון מלכי ארעא בען ית סבר אפי שלמה למשמע ית חכמתיה דיהב יי בלביה:
14,2 Chronicles,9,24,2 Chronicles 9:24,ואנון מיתין גבר דורוניה מאני דכספא ומאני דדהבא ופלדסין דבוץ זיני קרבא ובוסמנין סוסון וכודנין גזירת שנא בשנא:
14,2 Chronicles,9,25,2 Chronicles 9:25,והוה לשלמה ארבע אלפין אורין דסוסון וארתכין ותריסר אלפין פרשין ואשרינון בקרוי ארתכיא בר מן מה די הוי עם מלכא בירושלם:
14,2 Chronicles,9,26,2 Chronicles 9:26,והוה שליט בכלהון מלכיא מן פרת ועד ארעא דפלשתאי ועד תחום מצרים:
14,2 Chronicles,9,27,2 Chronicles 9:27,ויהב מלכא ית סימא בירושלם זליל הי כאבניא וית ארזיא יהב בזילותא הי כשקמניא דבשפלתא לסוגי:
14,2 Chronicles,9,28,2 Chronicles 9:28,ומפקין סוסון ממצרים לשלמה ומן כלהון ארעתא:
14,2 Chronicles,9,29,2 Chronicles 9:29,ומותר מלי שלמה קדמאי ובתראי הלא אנון כתיבין על פתגמי נתן נביא ועל נבואתיה דאחיה דמן שילה ובחזונא דעדו נביא דאתנבאו על ירבעם בר נבט:
14,2 Chronicles,9,30,2 Chronicles 9:30,ומליך שלמה בירושלם על כלהון ישראל ארבעין שנין:
14,2 Chronicles,9,31,2 Chronicles 9:31,ושכיב שלמה עם אבהתוי וקברו יתיה בקרתא דדויד אבוי ומליך רחבעם בריה באתרוי:
14,2 Chronicles,10,1,2 Chronicles 10:1,ואזל רחבעם לשכם ארום בשכם אתו כל ישראל לאמלכא יתיה:
14,2 Chronicles,10,2,2 Chronicles 10:2,והוה כד שמע ירבעם בר נבט והוא שרי במצרים די ערק מן קדם שלמה ותב ירבעם ממצרים:
14,2 Chronicles,10,3,2 Chronicles 10:3,ושדרו וקרו ליה ואתא ירבעם וכל ישראל ומלילו עם רחבעם למימר:
14,2 Chronicles,10,4,2 Chronicles 10:4,אבוך אקשי ית נירנא וכדון אקיל אנת מן פולחנא דאבוך קשין ומן ניריה תקיפא די יהב עלנא ונפלחנך:
14,2 Chronicles,10,5,2 Chronicles 10:5,ואמר להון עד זמן תלתא יומין אוריכו ותובו לותי ואזלו עמא:
14,2 Chronicles,10,6,2 Chronicles 10:6,ואתמליך מלכא רחבעם עם סביא דהוו קימין ומשמשין קדם שלמה אבוי במהויה קים למימר אכדין אתון מתמלכין לאתבא לעמא הדין פתגמא:
14,2 Chronicles,10,7,2 Chronicles 10:7,ומלילו עמיה למימר אין תהא לטב לעמא הדין ותתרעי בהון ויהון לך לעבדין כל יומיא:
14,2 Chronicles,10,8,2 Chronicles 10:8,ושבק ית מלכת סביא דמלכוהי ואתמליך בטליא די רביאו עמיה די קימין ומשמשין קדמוי:
14,2 Chronicles,10,9,2 Chronicles 10:9,ואמר להון מה אתון מתמלכין ונתיב פתגמא ית עמא הדין די מלילו לותי למימר אקיל מן נירא די יהב אבוך עלנא:
14,2 Chronicles,10,10,2 Chronicles 10:10,ומלילו עמיה טליא די רביאו עמיה למימר כדנן תימר לעמא דמלילו עמך למימר אבוך אתקיף ית נירנא ואנת אקיל מננא כדנן תימר להון חלשותי תקיפא מן גבורתי דאבא:
14,2 Chronicles,10,11,2 Chronicles 10:11,וכדון אבא רמא עלויכון ניר תקיף ואנא אוסיף על ניריכון אבא רדא יתכון בשרביטין ואנא ארדי יתכון במרגנין:
14,2 Chronicles,10,12,2 Chronicles 10:12,ואתא ירבעם וכל עמא לות רחבעם ביומא תליתאה היכמא די מליל מלכא למימר תובו לותי ביומא תליתאה:
14,2 Chronicles,10,13,2 Chronicles 10:13,ואתיבנון מלכא פתגמא קשין ושבק מלכא רחבעם ית מלכת סביא:
14,2 Chronicles,10,14,2 Chronicles 10:14,ומליל להון כמלכת טליא למימר אבא איקר ית ניריכון ואנא אוסיף עלוהי אבא רדא יתכון בשרביטין ואנא במרגנין:
14,2 Chronicles,10,15,2 Chronicles 10:15,ולא קביל מלכא מן עמא ארום הות תוסקפא מן קדם יי מן בגלל לאקמא יי ית פתגמיה די מליל ביד אחיה דמן שילו על ירבעם בר נבט:
14,2 Chronicles,10,16,2 Chronicles 10:16,וכלהון ישראל חמון ארום לא קביל מלכא מנהון ואתיבו עמא ית מלכא למימר מה אית לנא חולק בדוד ואחסנתא בבריה דישי גבר לקרויך ישראל כדון מלוך על אנשי ביתך דוד ואזלו כלהון ישראל לקרויהון:
14,2 Chronicles,10,17,2 Chronicles 10:17,ובני ישראל דיתבין בקרוי יהודה ואמליך עליהון רחבעם:
14,2 Chronicles,10,18,2 Chronicles 10:18,ושדר מלכא רחבעם ית הדורם דממני על מסקי מסין ופתקו ביה בני ישראל אבניא ומית ומלכא רחבעם אתקף למסק בארתכא למפך לירושלם:
14,2 Chronicles,10,19,2 Chronicles 10:19,ומרדו בית ישראל בבית דוד עד יומא הדין:
14,2 Chronicles,11,1,2 Chronicles 11:1,ואתא רחבעם לירושלם וכנש ית בית יהודה ובנימין מאה ותמנן אלפין גבר גבר אנשי עבדי קרבא למסדרא סדרי קרבא עם בית ישראל לאתבא ית מלכותא לרחבעם:
14,2 Chronicles,11,2,2 Chronicles 11:2,והוה פתגם נבואה מן קדם יי עם שמעיהו נביא דיי למימר:
14,2 Chronicles,11,3,2 Chronicles 11:3,אמר לרחבעם בר שלמה מליך שבטא דבית יהודה ועם כל בית ישראל דביהודה ובנימין למימר:
14,2 Chronicles,11,4,2 Chronicles 11:4,כדנן אמר יי לא תסקון ולא תגיחון קרבא עם אחוכון בני ישראל תובו גבר לביתיה ארום מן קדם יי הוה פתגמא הדין וקבילו ית פתגמי יי ותבו מלמיזל לות ירבעם:
14,2 Chronicles,11,5,2 Chronicles 11:5,ויתב רחבעם בירושלם ובנא קרוין כריכן בארעא שבטא דבית יהודה:
14,2 Chronicles,11,6,2 Chronicles 11:6,ובנא ית בית לחם וית עיטם וית תקוע:
14,2 Chronicles,11,7,2 Chronicles 11:7,וית בית צור וית שוכו וית עדלם:
14,2 Chronicles,11,8,2 Chronicles 11:8,וית גת וית מרשה וית זיף:
14,2 Chronicles,11,9,2 Chronicles 11:9,וית אדורים וית לכיש וית עזקה:
14,2 Chronicles,11,10,2 Chronicles 11:10,וית צרעה וית אילון וית חברון דבשבטא יהודה ובשבטא דבנימין קרוין כריכן:
14,2 Chronicles,11,11,2 Chronicles 11:11,ושפיץ ותקיף ית קרוין כרכתא ומני בהון ארכונין ותסברין מלין מכלא ומשחא וחמרא:
14,2 Chronicles,11,12,2 Chronicles 11:12,ובכל קריה וקריה יהב עגילין ומורנין ותקיפנון לסוגי לחדא והוון ליה שבטא דיהודה ובנימין:
14,2 Chronicles,11,13,2 Chronicles 11:13,וכהניא וליואי דבכל ישראל אתעתדו עלוהי מכל תחומיהון:
14,2 Chronicles,11,14,2 Chronicles 11:14,ארום שבקו ליואי ית פרוילהון ואחודתהון ואזלו לשבטא דיהודה ולירושלם ארום עכבנון ולא שבקנון ירבעם ובנוי מלשמש קדם יי:
14,2 Chronicles,11,15,2 Chronicles 11:15,ואקים ליה כומרין לבמתיא ולשדין ולעגלין די עבד:
14,2 Chronicles,11,16,2 Chronicles 11:16,ובתריהון מכל שבטיא דישראל דיהבין ית לבהון למתבע אולפן מן קדם יי אלהא דישראל אתו לירושלם לדבחא קדם יי אלהא דאבהתהון:
14,2 Chronicles,11,17,2 Chronicles 11:17,ותקיפו ית מלכותא דבית יהודה ואלימו ית רחבעם בר שלמה לשנין תלת ארום הליכו באורח דוד ושלמה לשנין תלת:
14,2 Chronicles,11,18,2 Chronicles 11:18,ונסיב ליה רחבעם אתתא ית מחלת בר ירימות בר דוד וית אביחיל בת אליאב בר ישי:
14,2 Chronicles,11,19,2 Chronicles 11:19,וילידת ליה בנין ית יעוש וית שמריה וית זהם :
14,2 Chronicles,11,20,2 Chronicles 11:20,ובתרהא נסיב ית מעכה בת אבשלום וילידת ליה ית אביה וית עתי וית זיזא וית שלמית:
14,2 Chronicles,11,21,2 Chronicles 11:21,ורחים רחבעם ית מעכה בת אבשלום מן כל נשוהי ופילקתוהי ארום נשין תמניסרי נסיב פילקתין שתין ואוליד עשרין ותמניא בנין ושתין בנן:
14,2 Chronicles,11,22,2 Chronicles 11:22,ומני לרישא ית אביה בר מעכה לארכון על אחוהי ארום אמר למתן ליה מלכותא:
14,2 Chronicles,11,23,2 Chronicles 11:23,ובנא ושפיץ קרוין ומני מכל בנוי על כל ארעתא דבית יהודה לכלהון קרויא כריכתא ויהב להון מזונא לסוגי ושאיל למסב רכפת נשיא:
14,2 Chronicles,12,1,2 Chronicles 12:1,והוה כד אתקנת מלכותיה דרחבעם וכד אתקף שבק ית אוריתא דיי וכל ישראל עמיה:
14,2 Chronicles,12,2,2 Chronicles 12:2,והוה בשתא חמישיתא למלכא רחבעם סליק שישק מלכא דמצרים על ירושלם מטול דשקרו במימרא דיי:
14,2 Chronicles,12,3,2 Chronicles 12:3,באלפא ומאתן ארתכין ובשתין אלפין פרשין ולית סכום לעמא די אתו עמיה ממצרים לובאי וסוכאי וכושאי:
14,2 Chronicles,12,4,2 Chronicles 12:4,וכבש ית קרויא כריכתא דהוו ליהודה ואתו לירושלם:
14,2 Chronicles,12,5,2 Chronicles 12:5,ושמעיה נביא אתא לות רחבעם ורבני יהודה דאתכנשו לירושלם מן קדם שישק ואמר להון כדנן אמר יי אתון שבקתון ית דחלתי וברם אנא אשבוק יתכון בידא דשישק:
14,2 Chronicles,12,6,2 Chronicles 12:6,ואתכנעו רבני ישראל ומלכא ואמרו זכאה הוא יי:
14,2 Chronicles,12,7,2 Chronicles 12:7,וכד גלי קדם יי ארום אתכנעו הוה פתגם נבואה עם שמעיה למימר אתכנעו עמי ולא אחבלנון ואתן להון כזעיר לשזבא ולא תחול רוגזי בירושלם בידא דשישק:
14,2 Chronicles,12,8,2 Chronicles 12:8,ארום יהוון ליה לעבדין וידעון פולחני ושעבוד מלכות ארעתא:
14,2 Chronicles,12,9,2 Chronicles 12:9,וסליק שישק מלכא דמצרים על ירושלם ושבא ית תסברי בית מקדשא דיי וית תסברי בית מלכא וית כל תשבחת רגונא נסיב ושבא ית תריסי דהבא דעבד שלמה:
14,2 Chronicles,12,10,2 Chronicles 12:10,ועבד מלכא רחבעם חלופיהון עגילין דנחשא ומני על יד רבני רהטוניא דנטרין תרע בית מלכא:
14,2 Chronicles,12,11,2 Chronicles 12:11,והוה כד עליל מלכא לבית מקדשא דיי עללין רהטוניא ונטלונון ומתיבין יתהון לדוכא דרהטוניא ונטלונון ומתיבין יתהון לדוכא דרהטוניא:
14,2 Chronicles,12,12,2 Chronicles 12:12,וכד תבר לביה תב מניה רוגזא דיי ולא אמר לחבלא ולשיצאה לכל עמא ואוף בדבית יהודה אמר לאיתאה פתגמין טבין:
14,2 Chronicles,12,13,2 Chronicles 12:13,ואתקף מלכא רחבעם בירושלם ומלך ארום בר ארבעין וחדא שנין הוה כד מלך ושבסרי שנין מלך בירושלם קרתא דאתרעי יי לאשראה שכנתיה תמן מכל שבטיא דישראל ושום אמיה נעמה עמוניתא :
14,2 Chronicles,12,14,2 Chronicles 12:14,ועבד דביש ארום לא כון לביה למתבע אולפן מן קדם יי:
14,2 Chronicles,12,15,2 Chronicles 12:15,ופתגמי רחבעם קדמאי ובתראי הלא אנון כתיבין בפתגמי שמעיה נביא ועדו נביא בספר יחוס בית דוד וסדרי קרביא דהוו בין רחבעם ובין ירבעם כל יומיא:
14,2 Chronicles,12,16,2 Chronicles 12:16,ושכב רחבעם עם אבהתוי ואתקבר בקרתא דדוד ומליך אביה בריה באתרוי:
14,2 Chronicles,13,1,2 Chronicles 13:1,בשנת תמנסרי למלכא ירבעם ומלך אביה על בית יהודה:
14,2 Chronicles,13,2,2 Chronicles 13:2,תלת שנין מלך בירושלם ושום אמיה מיכיהו ברת אוריאל מן גבעתא היא הות מיכה ברת אבשלום ואמטול דהות אתתא כשרתא אתהפכא למתקרי מיכיהו שמא דמעלי ושום אבוהא אתהפך למתקרי אוריאל דמן גבעתא דלא למדכר שמיה דאבשלום וקרבא הות ביני אביה וביני ירבעם:
14,2 Chronicles,13,3,2 Chronicles 13:3,וטקס אביה ארתכין וסדר קרבא בחיל גברי עבדי קרבא ארבע מאה אלפין גוברין עולימין וירבעם טקיס עמיה סדרי קרבא בתמני מאה אלפין גוברין גברי חילא:
14,2 Chronicles,13,4,2 Chronicles 13:4,וקם אביה מעלוי לטור צמרים די בטור שבטא דבית אפרים ואמר קבילו מני ירבעם וכלהון בית ישראל:
14,2 Chronicles,13,5,2 Chronicles 13:5,הלא לכון מדע ארום יי אלהא דישראל יהב מלכותא לדוד ואשלטיה על ישראל לעלם ליה ולבנוי קים מלח היכמא דמוי דימא לית אפשר דמתמתקן לעלם הי כדין לית אפשר דתעדי שלטנא מדבית דוד עד עלמא:
14,2 Chronicles,13,6,2 Chronicles 13:6,וקם ירבעם בר נבט עבדא דשלמה ברא דדוד ומרד על רבוניה:
14,2 Chronicles,13,7,2 Chronicles 13:7,ואתכנשו לותיה אנשי סריקין בני רשעא ואתאלמון על רחבעם בר שלמה ורחבעם הוה טלי ורכיך לבא ולא אתקף קדמיהון:
14,2 Chronicles,13,8,2 Chronicles 13:8,וכדון אתון אמרין לאתקפא קדם מלכותא דמן קדם יי אתיהיבת ביד בנוי דדוד ואתון רכפת עממין סגיעין ועמכון עגלין דדהבא די עבד לכון ירבעם בר נבט דחלן אלהא:
14,2 Chronicles,13,9,2 Chronicles 13:9,הלא תרכתון ית כהניא דיי בני אהרן וליואי ועבדתון לכון כומרין הי כעמי ארעתא כל דאתי לקרבא קרבניה בתור בר תורי ודכרין שבעא ויהי כהין בר מן מימרא דיי:
14,2 Chronicles,13,10,2 Chronicles 13:10,ואנחנא מימרא דיי בסעדנא והוא אלהנא ולא שבקנא דחלתיה וכהניא דמשמשין קדם יי בני אהרן וליואי בעיבידתא:
14,2 Chronicles,13,11,2 Chronicles 13:11,ומסקין קטורת בוסמין קדם יי בצפר בצפר וברמש ברמש וקטורת בוסמיא וסדור לחמא על פתורא דכי ומנורתא דדהבא ובוצינהא לאדלקא ברמש ברמש ארום נטרין אנחנא ית מטרת מימרא דיי אלהנא ואתון שבקתון ית דחלתיה:
14,2 Chronicles,13,12,2 Chronicles 13:12,והא עמנא ברישא יי וכהנוהי וחצצרות יבבא ליבבא עליכון בני ישראל לא תניחון קדם יי אלהא דאבהתכון ארום לא תצלחון:
14,2 Chronicles,13,13,2 Chronicles 13:13,וירבעם אסחר ית כמנא למיתי מן בתריהון והוו לאפי דבית יהודה וכמנא מן בתריהון:
14,2 Chronicles,13,14,2 Chronicles 13:14,ואסתכיו דבית יהודה והא להון קרבא מן קדמיהון ומן בתריהון וקבילו קדם יי וכהניא מחצרין בחצצרתא:
14,2 Chronicles,13,15,2 Chronicles 13:15,ויביבו אנש יהודה והוה כד יביבו אנש יהודה ומימרא דיי תבר ית ירבעם וכלהון ישראל קדם אביה ובית יהודה:
14,2 Chronicles,13,16,2 Chronicles 13:16,ואפכו בני ישראל מן קדם דבית יהודה ומסרנון יי בידיהון:
14,2 Chronicles,13,17,2 Chronicles 13:17,ומחו בהון אביה ועמיה מחתא רבתא ונפלו קטילין בחרבא מדבית ישראל חמש מאה אלפין גבר עולים:
14,2 Chronicles,13,18,2 Chronicles 13:18,ואתברו בני ישראל בעדנא ההיא ואתקפו בני יהודה ארום אסתמיכו על מימרא דיי אלהא דאבהתהון:
14,2 Chronicles,13,19,2 Chronicles 13:19,ורדף אביה בתר ירבעם וכבש מניה קרוין בית אל וית כפרנהא וית ישנה וית כפרנהא וית עפרון וכפרנהא:
14,2 Chronicles,13,20,2 Chronicles 13:20,ולא הוה חילא בירבעם תוב ביומי אביהו ותבריה יי ומית:
14,2 Chronicles,13,21,2 Chronicles 13:21,ואתקף אביהו ונסיב ליה נשין ארביסרי ואוליד עשרין ותרין בנין ושתסרי בנן:
14,2 Chronicles,13,22,2 Chronicles 13:22,ושאר פתגמי אביה וארחתיה ופתגמוי כתיבין במדרשיה דנביא עדו:
14,2 Chronicles,13,23,2 Chronicles 13:23,ושכיב אביה עם אבהתוי וקברו יתיה בקרתא דדוד ומלך אסא בריה באתרוי ביומוי שדוכת ארעא דישראל עשרתי שנין:
14,2 Chronicles,14,1,2 Chronicles 14:1,ועבד אסא דתקן ודכשר קדם יי אלהים :
14,2 Chronicles,14,2,2 Chronicles 14:2,ועטר ית אגורי עממין נכראין ובמתיא ותבר ית קמתא וקציץ ית אשירתא:
14,2 Chronicles,14,3,2 Chronicles 14:3,ואמר לדבית יהודה למתבע ית דחלתא דיי אלהא דאבהתהון ולמעבד ית אוריתא ותפקדתא:
14,2 Chronicles,14,4,2 Chronicles 14:4,ועטר מכל קרוי יהודה ית בסמיא וית חנסנסיא ושדוכת מלכותא קדמוי:
14,2 Chronicles,14,5,2 Chronicles 14:5,ובנא קרוין כריכן ביהודה ארום שדוכת ארעא דישראל ולית עמיה קרבא בשניא האלין כי אגח יי ליה:
14,2 Chronicles,14,6,2 Chronicles 14:6,ואמר ליהודה נבני קרויא אלין ונפף שוריא ומגדליא דשין ועברין עד כדי אתכבישו דירי ארעא קדמנא ארום תבענא ית דחלתא דיי אלהנא תבענא אולפן מן קדמוי ואנח לנא מחזור חזור ובנו ואצלחו:
14,2 Chronicles,14,7,2 Chronicles 14:7,והוה לאסא חילא נטלי עגילין ומורני מדבית יהודה תלת מאה אלפין ומדבית בנימין נטלי תריסין ונגדי קשתין מאתן ותמניא אלפין כל אלין גברי חילא:
14,2 Chronicles,14,8,2 Chronicles 14:8,ונפק לותהון זרח כושאה בחילא אלף אלפין וארתכין תלת מאה ואתא עד מרשה:
14,2 Chronicles,14,9,2 Chronicles 14:9,ונפק אסא קדמוי וסדרו קרבא בחילת צפת דלמרשה:
14,2 Chronicles,14,10,2 Chronicles 14:10,וצלי אסא קדם יי אלהיה ואמר יי אלהים לית בר מנך למסעד ביני גברא לבין חלשא סעוד יתנא יי אלהנא ארום על מימרך אסתמכנא ובשום מימרך אתינא על רכפת עמא הדין יי אלהנא אנת לא ישלוט עמך בר נש:
14,2 Chronicles,14,11,2 Chronicles 14:11,ותבר יי ית כושאי קדם אסא וקדם בית יהודה ואפכו כושאי:
14,2 Chronicles,14,12,2 Chronicles 14:12,ורדפנון אסא ועמא די עמיה עד גרר ונפלו מן כושאי ולא הות להון שיזבותא לאתקימא ארום אתברו קדם יי וקדם משריתיה ונטלו עדאה סגיעא לחדא:
14,2 Chronicles,14,13,2 Chronicles 14:13,וקטלו ית כל יתבי קרויא דחזור חזור גרר ארום הות פחדא דיי עליהון ובזתו ית כל קרויא ארום בזתא סגיעא הות בהון:
14,2 Chronicles,14,14,2 Chronicles 14:14,ואוף משכני גיתיהון מחו ושבו אען לסוגי וגמלין ותבו לירושלם:
14,2 Chronicles,15,1,2 Chronicles 15:1,ועזריה בר עודד שרת עלוי רוח נבואה מן קדם יי:
14,2 Chronicles,15,2,2 Chronicles 15:2,ונפק קדם אסא ואמר קבילו מני אסא וכל יהודה ובנימין מימרא דיי בסעדכון במהויכון אזלין בארחתיה ואין תובעין אתון אולפן מן קדמוי ישתכח לכון בעדן עקתכון ואין תשבקון דחלתיה ישבוק יתכון:
14,2 Chronicles,15,3,2 Chronicles 15:3,ויומין סגיאין לדבית ישראל לא יתפלגון על דבית יהודה ומטי בתר ירבעם ולא פלחו לאלהא קשוט והוון סגדין לעגלין דדהב ולא הוה להון כהין מליף זכו אלהן כומריא דמסקין קטורתא לפולחנא נכריתא ולא אתעסקו באוריתא:
14,2 Chronicles,15,4,2 Chronicles 15:4,ותבו כד עיק להון לפולחנא דיי אלהא דישראל ותבעו אולפן מן קדם יי וישתכח להון:
14,2 Chronicles,15,5,2 Chronicles 15:5,מטול דבעדניא האנון לא הוה שלמא לדנפיק לחקלא ולעליל לקרתא ארום שגושתא סגיאין על כל יתבי ארעתא:
14,2 Chronicles,15,6,2 Chronicles 15:6,ועבדו סיעתא עמא בעמא קרי בקרי ארום מימרא דיי שגשנון בכל עקתא:
14,2 Chronicles,15,7,2 Chronicles 15:7,ואתון דבית יהודה אתקפו ולא יתרשלן ידיכון ארום אית לכון אגר טב לעיבדתכון:
14,2 Chronicles,15,8,2 Chronicles 15:8,וכד שמע אסא ית פתגמיא האלין ופתגמי נבואתא דעודד נביא אתקף ואעדי שקוציא מכל ארעא דבית יהודה ובנימין ומן קרויא דכבש מן טורא דבית אפרים וחדת ית מדבחא דיי די קדם אולמא דיי:
14,2 Chronicles,15,9,2 Chronicles 15:9,וכנש ית כל אנש יהודה ובנימין ודדירין עמהון מדבית אפרים ומדבית מנשה ומדבית שמעון ארום שרי עמיה מדבית ישראל לסוגי במחמיהון ארום מימרא דיי אלהיה בסעדיה:
14,2 Chronicles,15,10,2 Chronicles 15:10,ואתכנשו לירושלם בירחא תליתאה לשתא חמסרי למלכות אסא:
14,2 Chronicles,15,11,2 Chronicles 15:11,ודבחו קדם יי ביומא ההוא בחגא דשבועיא מן עדאה דאיתיאו תורא שבע מאה ואען שבעא אלפין:
14,2 Chronicles,15,12,2 Chronicles 15:12,ועלו בקימא למתבע ית דחלתא דיי אלהא דאבהתהון בכל רעותהון ובכל נפשהון:
14,2 Chronicles,15,13,2 Chronicles 15:13,וכל די לא יתבע מן קדם יי אלהא דישראל יתקטל למן זעירא ועד רבא למן גברא ועד אתתא:
14,2 Chronicles,15,14,2 Chronicles 15:14,וקימו קדם יי בקל רב וביבבא ובחצוצרתא ובשופריא:
14,2 Chronicles,15,15,2 Chronicles 15:15,וחדו כל אנש יהודה מטול קונמא ארום בכל לבהון קימו ובכל רעותהון תבעו דחלתיה ואשתכח להון ואניח יי להון מן חזור חזור:
14,2 Chronicles,15,16,2 Chronicles 15:16,ואוף מעכה אמיה דאסא אעדיה מלמהוי מלכתא מטול דעבדת טעותא למגחך קדם אשרתא וקציץ אסא ית טעות גיחוכה ואדיק ואוקיד וטליק בנחלא דקדרון ומן בתר דתבת מעכה אמיה דאסא למהוי כשירתא אהדר ית שמה מיכיהו בת אוריאל דמן גבעתא מן בגלל דלא למדכר ית שמהא קדמאי דלא למתגניא ביה:
14,2 Chronicles,15,17,2 Chronicles 15:17,ובמתיא לא עטרא מדבית ישראל לחוד לבא דאסא הוה שלים כל יומוי:
14,2 Chronicles,15,18,2 Chronicles 15:18,ואיתי ית קדשי אבוי וקודשוי לבית מקדשא דיי סימא ודהבא ומניא:
14,2 Chronicles,15,19,2 Chronicles 15:19,וסדרי קרבא לא הות עד שנת תלתין וחמש למלכותא דאסא:
14,2 Chronicles,16,1,2 Chronicles 16:1,בשנת תלתין ושית למלכות אסא סליק בעשא מלכא דישראל על דבית יהודה ובנא ית רמתא מן בגלל דלא למשבק נפיק ועליל לאסא מליך שבטא דבית יהודה:
14,2 Chronicles,16,2,2 Chronicles 16:2,ואפיק אסא סימא ודהבא מן תסברי בית מקדשא דיי ומבית מלכא ושדר לבר הדד מלכא דארם דיתיב בדרמשק למימר:
14,2 Chronicles,16,3,2 Chronicles 16:3,קימא בין מימרי ובין מימרך בין אבא ובין אבוך הא שדרית לותך סימא ודהבא אזל אשני קימך דעם בעשא מלכא דישראל ויסתלק מעלוי:
14,2 Chronicles,16,4,2 Chronicles 16:4,וקביל בר הדד מן מלכא אסא ושדר ית רבני חילותא די ליה לקרוי ישראל ומחו ית עיון וית דן וית אבל ממערבא וית כל בית אוצרין די בקרוי נפתלי:
14,2 Chronicles,16,5,2 Chronicles 16:5,והוה כד שמע בעשא ופסק מלמבני ית רמתא ובטיל ית עבידתיה:
14,2 Chronicles,16,6,2 Chronicles 16:6,ואסא מלכא דבר ית כל אנש יהודה ונטלו ית אבני רמתא וית קסיהא די בנא בעשא ובנא בהון ית גבעתא וית סכותא:
14,2 Chronicles,16,7,2 Chronicles 16:7,ובעדנא ההיא אתא חנני נביא לות אסא מליך שבטא דבית יהודה ואמר ליה כד אסתמכתא על מלכא דארם ולא אסתמכתא על מימרא דיי אלהים מטול היכנא אשתיזיב חיל מלכא דארם מן ידך:
14,2 Chronicles,16,8,2 Chronicles 16:8,הלא כושאי ולובאי הוו לחיל סגיא לארתכין ולפרשין לחדא ובאסתמכותך על מימרא דיי מסרנון בידך:
14,2 Chronicles,16,9,2 Chronicles 16:9,ארום יי עינוהי מסתכלין בכל ארעא לאתקפא עם צדיקיא דלבהון שלים לותיה אטפשתא על דא ארום מבכן אית עמך סדרי קרביא:
14,2 Chronicles,16,10,2 Chronicles 16:10,ורגז אסא על נביא ומניה בבית אסריא ארום אתנסיס עמיה על דא ושעביד אסא מן עמא בעדנא ההיא:
14,2 Chronicles,16,11,2 Chronicles 16:11,והא פתגמי אסא קדמאי ובתראי הא אנון כתיבין על ספר מלכיא דבית יהודה ודבית ישראל:
14,2 Chronicles,16,12,2 Chronicles 16:12,ומרע אסא בשנת תלתין ותשע למלכותיה ואתחגר ברגלוי עד לעילא אתגבר מרעיה ואוף כד מרע לא תבע אולפן מן קדם יי אלהן באסותא:
14,2 Chronicles,16,13,2 Chronicles 16:13,ושכיב אסא עם אבהתוי ומית בשנת חדא וארבעין כד מלך:
14,2 Chronicles,16,14,2 Chronicles 16:14,וקברו יתיה בבית קבורתיה דתקין ליה בקרתא דדוד ואשכבוהי במשכבא די מלי בוסמין וזיני וריחנין מבסמין בוסמנין עובד אסיא ואוקידו ליה יקידת קיסי בוסמיא עד לחדא:
14,2 Chronicles,17,1,2 Chronicles 17:1,ומלך יהושפט בריה בתריה ואתקף על דבית ישראל:
14,2 Chronicles,17,2,2 Chronicles 17:2,ומני חילון בכל קרוי יהודה כריכן ומני אסטרטיגין בארעא שבטא דבית יהודה ובקרוי אפרים די כבש אסא אבוהי:
14,2 Chronicles,17,3,2 Chronicles 17:3,והוה מימרא דיי בסעדיה דיהושפט ארום הליך בארחתיה דדוד אבוי קדמאי ולא תבע אולפן מן טעותא:
14,2 Chronicles,17,4,2 Chronicles 17:4,מטול די לאלהא דאבוהי תבע ובפקודוי הליך ולא כעובדין בישין דבית ישראל:
14,2 Chronicles,17,5,2 Chronicles 17:5,ואתקין יי ית מלכותא בידיה ויהבו כל דבית יהודה דורון ליהושפט והוה ליה עותרא ונכסין ויקר לסוגי:
14,2 Chronicles,17,6,2 Chronicles 17:6,וראים לביה להלכא בארחן דתקנן קדם יי ותוב עטר ית במתיא וית אשריא מדבית יהודה:
14,2 Chronicles,17,7,2 Chronicles 17:7,ובשתא תליתאה למלכותיה שדר לרברבנוי לבן חיל ולעובדיה ולזכריה ולנתנאל ולמיכיהו לאלפא דחלתא דיי בקרוי יהודה:
14,2 Chronicles,17,8,2 Chronicles 17:8,ועמהון ליואי שמעיה ונתניה וזכריה ועשהאל ושמירמות ויהונתן ואדוניהו וטוביה וטוב אדוניה ליואי ועמהון אלישמע ויהורם כהניא:
14,2 Chronicles,17,9,2 Chronicles 17:9,ואליפו בדבית יהודה ועמהון ספר אוריתא דיי ואסחרו בכל קרוי יהודה ואליפו בעמא:
14,2 Chronicles,17,10,2 Chronicles 17:10,והוה דחילא דיי על כלהון מלכות ארעתא דחזרנות יהודה ולא אגיחו קרבא עם יהושפט:
14,2 Chronicles,17,11,2 Chronicles 17:11,ומן פלשתאי מיתין דורון ליהושפט וסימא ודהבא תקרובתא אוף ערבאי מיתין ליה עאן דכרין שבעת אלפין ושבע מאה ותישיא שבעת אלפין ושבע מאה:
14,2 Chronicles,17,12,2 Chronicles 17:12,והוה יהושפט אזיל ורבי עד לעלא ובנא ביהודה ברניתא וקרוי בית אוצרין:
14,2 Chronicles,17,13,2 Chronicles 17:13,ופולחנא סגיעא הות ליה בקרוי יהודה וגברי עבדי קרבא בירושלם :
14,2 Chronicles,17,14,2 Chronicles 17:14,ואלין מניניהון לבית אבהתהון לשבטא דיהודה רבני אלפין עדנא רבא ועמיה גברי חילא תלת מאה אלפין:
14,2 Chronicles,17,15,2 Chronicles 17:15,ודשרי סמיך עלוי יהוחנן רבא ועמיה מאתן ותמניא אלפין:
14,2 Chronicles,17,16,2 Chronicles 17:16,ודשרי סמיך עלוי עמסיה בר זכרי דמתנדב ליי ועמיה מאתן אלפין גברי חילא:
14,2 Chronicles,17,17,2 Chronicles 17:17,ומן שבטא דבנימין גברי חילא אלידע ועמיה נגדי קשתא ואחדי תריסין מאתן אלפין:
14,2 Chronicles,17,18,2 Chronicles 17:18,ודשרי סמיך עלוי יהוזבד ועמיה מאה ותמנין אלפין מזרזי חילא:
14,2 Chronicles,17,19,2 Chronicles 17:19,אלין דמשמשין ית מלכא בר מן די מני מלכא בקרוי כריכן בכל קרוי יהודה:
14,2 Chronicles,18,1,2 Chronicles 18:1,והוה ליהושפט עותר ויקר לסוגי ואתחתין עם אחאב:
14,2 Chronicles,18,2,2 Chronicles 18:2,ונחת לסוף שנין לות אחאב לשמרון ונכס ליה אחאב עאן ותורי לסוגי ולעמא דעמיה ושדליה למסק לרמות גלעד:
14,2 Chronicles,18,3,2 Chronicles 18:3,ואמר אחאב מלכא דישראל ליהושפט מליך שבטא דבית יהודה התיזיל עמי לרמות גלעד ואמר ליה אנא דכותך ודכות עמך עמי מה דימטי לך ימטי לי בקרבא:
14,2 Chronicles,18,4,2 Chronicles 18:4,ואמר יהושפט למלכא דישראל תבע כדון יומא הדין ית פתגמא דיי:
14,2 Chronicles,18,5,2 Chronicles 18:5,וכנש מלכא דישראל ית נביאיא ארבע מאה גוברין ואמר להון הכשר לנא דנסק לרמות גלעד לקרבא אין אתמנע ואמרו סק וימסור יי בידא דמלכא:
14,2 Chronicles,18,6,2 Chronicles 18:6,ואמר יהושפט האפשר דלית כא נביא דכשר קדם יי תוב ונתבע מניה:
14,2 Chronicles,18,7,2 Chronicles 18:7,ואמר מלכא דישראל ליהושפט תוב אית גברא חד למתבע פתגמא דיי מניה ואנא רחקתיה מטול דליתוי מתנבי עלי לטבתא ארום כל יומוי לבישתא הוא מיכיהו בר ימלא ואמר יהושפט לא ימר מלכא היכנא:
14,2 Chronicles,18,8,2 Chronicles 18:8,וקרא מלכא דישראל לגואה חד ואמר סרהיב למיתי למיכיהו בר ימלא:
14,2 Chronicles,18,9,2 Chronicles 18:9,ומלכא דישראל ויהושפט מליך שבטא דבית יהודה לבושין לביש מלכותא ויתבין מסחרין הי כפלגות אדרא דא תבע מן נביי שקרא ודין תבע אולפן מן קדם יי ומצלי במעלנא דשמרון וכלהון נביי שקרא מתנבן בשקר קדמיהון:
14,2 Chronicles,18,10,2 Chronicles 18:10,ועבד צדקיהו בר כנענא נביא שקרא דמות צורתא דקרנין דפרזל ואמר כדנן אמר יי באלין תקטול ית אנש ארם עד די תשיצנון:
14,2 Chronicles,18,11,2 Chronicles 18:11,וכלהון נביי שקרא מתנבן בשקר היכנא למימר סק לרמות גלעד ואצלח וימסור יי בידא דמלכא:
14,2 Chronicles,18,12,2 Chronicles 18:12,ואזגדא דאזל למקרי למיכה מלל לותיה למימר הא פתגמי נביי שקרא ממלל חד טבא ותקין קדם מלכא ויהי כדון פתגמך כחדא מנהון ותמליל פתגמין תקנין:
14,2 Chronicles,18,13,2 Chronicles 18:13,ואמר מיכה קים הוא יי ית דיימר אלהי יתיה אמלל:
14,2 Chronicles,18,14,2 Chronicles 18:14,ואתא לות מלכא ואמר מלכא לותיה מיכה הכשר דנסק לרמות גלעד לאגחא קרבא אין אתמנע ואמר סקו ואצלחו ויתמסרו בידיכון:
14,2 Chronicles,18,15,2 Chronicles 18:15,ואמר ליה מלכא עד כמה זמנין אנא מקים עלך דלא תתנבי עלי לחוד קושטא דיי:
14,2 Chronicles,18,16,2 Chronicles 18:16,ואמר חמית ית ישראל מבדרין עלוי טוריא הי כענא דלית להון רעי ואמר יי לית רבונין לאלין יתובון אנש לביתה בשלם:
14,2 Chronicles,18,17,2 Chronicles 18:17,ואמר מלכא דישראל ליהושפט הלא אמרית לותך דלא יתנבי עלי טב ארום אלהן לביש:
14,2 Chronicles,18,18,2 Chronicles 18:18,ואמר הא בכין קביל פתגמא נבואתא דיי חמית ית איקר שכנתא דיי יתיב על כורסי יקריה וכלהון חילי שמיא קימין ומשמשין מן ימיניה ומן שמאליה:
14,2 Chronicles,18,19,2 Chronicles 18:19,ואמר יי מן ישרגג ית אחאב מלכא דישראל ויסק ויתרמי קטיל ברמת גלעד ואמר דין יימר ככדין ודין יימר ככדין:
14,2 Chronicles,18,20,2 Chronicles 18:20,ונפק רוחא דנבות דמן יזרעאל ממחיצת צדיקיא וקם קדם יי ואמר אנא אטעניה ואמר ליה יי במה:
14,2 Chronicles,18,21,2 Chronicles 18:21,ואמר אפוק ואהא לרוח נבואת שקר בפומהון דכלהון נביאוהי ואמר תטעי ואוף אית לך יוכלא למטעי יתהון ברם לית לך רשו למתב ביני צדיקיא מטול דכל מאן דממלל שקר לית אפשר ליה דיהוי מדוריה ביני צדיקיא מבכין פוק מן לותי ועביד כן:
14,2 Chronicles,18,22,2 Chronicles 18:22,וכדון הא מני יי רוח נבואת שקר בפומהון די נביאן אלין ומן קדם יי אתגזר לאיתאה עלך בישתא:
14,2 Chronicles,18,23,2 Chronicles 18:23,וקרב צדקיהו בר כנענה ואלקי ית מיכה עלוי לסתיה ואמר אי דא שעתא אסתלקא רוח נבואה מן קדם יי מני למללא עמך:
14,2 Chronicles,18,24,2 Chronicles 18:24,ואמר מיכה הא את חמי ביומא ההוא דתיעול תון בגוא תון לאטמרא:
14,2 Chronicles,18,25,2 Chronicles 18:25,ואמר מלכא דישראל דברו ית מיכה ואותבוהי גבי אמון רב דבקרתא וגבי יואש בריה דמלכא:
14,2 Chronicles,18,26,2 Chronicles 18:26,ותימרון כדנן אמר מלכא מני ית דין בבית אסירי ואוכלוהי לחם בדחוק ומיא בדחוק עד זמן דאתוב בשלם:
14,2 Chronicles,18,27,2 Chronicles 18:27,ואמר מיכה אין מיתב תתוב בשלם לית רעוא דיי בי ולא אתמלל ברוח נבואתא עמי ואמר שמעו עממיא כלהון:
14,2 Chronicles,18,28,2 Chronicles 18:28,וסליק מלכא דישראל ויהושפט מלכא שבטא דבית יהודה לרמות גלעד:
14,2 Chronicles,18,29,2 Chronicles 18:29,ואמר מלכא דישראל ליהושפט אנא אשתני ואעול בקרבא ואנת לבוש לבושך ואשתני מלכא דישראל ועל בקרבא:
14,2 Chronicles,18,30,2 Chronicles 18:30,ומלכא דארם פקיד ית רבני ארתכא די ליה למימר לא תגיחון קרבא עם זעירא ועם רבא ארום אלהן עם מלכא דישראל בלחודוי:
14,2 Chronicles,18,31,2 Chronicles 18:31,והוה כד חמון רבני ארתכא ית יהושפט ואנון אמרו ברם מלכא דישראל הוא ואסחרו עלוי לאגחא קרבא וצוח יהושפט ומימרא דיי סיע ליה ודחקנון יי מניה:
14,2 Chronicles,18,32,2 Chronicles 18:32,והוה כד חמון רבני ארתכא ארום לא הוה מלכא דישראל ותבו מאחורוהי:
14,2 Chronicles,18,33,2 Chronicles 18:33,ונעמן רב חילא דרב מלכא דארם נגד בקשתא לקבליה לאשלמה נבואת אליהו דמן תשוב ונבואת מיכה בר ימלא ומחא ית מלכא דישראל ביני לבא וביני חצר כבדא מאתר מדבקיא דשרינא ואמר למאן דמרכיב ליה חזור לאחורך ואפקני מן משרית עבדי קרבא ארום אתמרעית:
14,2 Chronicles,18,34,2 Chronicles 18:34,וסליקו עבדי קרבא ביומא ההוא ומלכא דישראל הוה מתקף וקאים בארתכא כל קבל אנש ארם עד רמשא ומית לעדן מטמע שמשא:
14,2 Chronicles,19,1,2 Chronicles 19:1,ותב יהושפט מליך שבטא דבית יהודה לביתיה בשלם לירושלם:
14,2 Chronicles,19,2,2 Chronicles 19:2,ונפק לקדמוי יהוא בר חנני סכואה ואמר למלכא יהושפט הכשר לך דעם חיבא הליכתא לסיעא ולשנאי יי תרחם ובדא אית עלך רוגזא מן קדם יי:
14,2 Chronicles,19,3,2 Chronicles 19:3,ברם פתגמין טבין אשתכחו עמך ארום פליתא אשירתא מן ארעא ואתקנתא לבך למתבע דחלתיה דיהוה:
14,2 Chronicles,19,4,2 Chronicles 19:4,ויתב יהושפט בירושלם ותב ונפק לאלפא בעמא מבארא דשבע עד טורא דבית אפרים ואתיבנון לדחלתא דיי אלהא דאבהתהון:
14,2 Chronicles,19,5,2 Chronicles 19:5,ואקים דינין בארעא בכל קרוי יהודה כריכן לקרי וקרי:
14,2 Chronicles,19,6,2 Chronicles 19:6,ואמר לדיניא חמון מה אתון עבדין ארום לא קדם בני נשא אתון דינין ארום קדם מימרא דיי ושכנתיה שריא עמכון בעיסק דינא:
14,2 Chronicles,19,7,2 Chronicles 19:7,וכדון יהי דחלתא דיי עליכון אסתמרו ועבידו ארום לית קדם יי אלהנא שקר ומסב אפין וקבלות שחדא:
14,2 Chronicles,19,8,2 Chronicles 19:8,ואוף בירושלם אקים יהושפט בין ליואי וכהניא ומרישי אבהתא דבית ישראל לדינא קדם יי ולמלי מצותא ותבו לירושלם:
14,2 Chronicles,19,9,2 Chronicles 19:9,ופקיד עליהון למימר הכדין תעבדון בדחלתא דיי בהימנותא וקושטא ובלב שלים:
14,2 Chronicles,19,10,2 Chronicles 19:10,וכל מצי דיעול לותכון מאחוכון דיתבין בקרויהון בין גברא דחיב דין קטול לגברא דזכאי מן דין קטול ביני אוריתא לתפקדתא לקימיא ודיניא ותזהרון יתהון ולא יתחיבון קדם יי ויהי רוגזא עליכון ועל אחוכון הכדין תעבדון ולא תתחיבון:
14,2 Chronicles,19,11,2 Chronicles 19:11,והא אמריהו כהנא רבא דממנא לריש עליכון ולכל פתגמא דיי וזכריהו בר ישמעאל ארכונא לבית יהודה לכל פתגמא דמלכא וסרכיא ליואי קדמיכון תקופו ועבידו ויהי מימרא דיי בסעדכון לטבא :
14,2 Chronicles,20,1,2 Chronicles 20:1,והוה מן בתר כדין אתו בני מואב ובני עמון ועמהון מן אדומאי דאתחברו עם עמונאי על יהושפט לאגחא קרבא:
14,2 Chronicles,20,2,2 Chronicles 20:2,ואתו ואתחויאו ליהושפט למימר אתא עלך רכפת עם סגי מסטר למערבא לארם והא אנון בסביך דקליא היא עין גדי:
14,2 Chronicles,20,3,2 Chronicles 20:3,ודחיל לחדא ויהב יהושפט ית אפוי למתבע אולפן מן קדם יי וגזר תעניתא על כל אנש יהודה:
14,2 Chronicles,20,4,2 Chronicles 20:4,ואתכנשו אנש יהודה למבעי רחמין מן קדם יי אוף מכל קרוי יהודה אתו למתבע אולפן מן קדם יי:
14,2 Chronicles,20,5,2 Chronicles 20:5,וקם יהושפט בקהלא דבית יהודה בירושלם בבית מקדשא דיי קדם דרתא חדתא:
14,2 Chronicles,20,6,2 Chronicles 20:6,ואמר יי אלהא דאבהתנא הלא את הוא יי דשכנתך בשמיא ואת שליט בכל מלכותא דארעא דעממיא ובידך חילא וגבורתא ולית בר מנך ולית יכולתא לכל מלכיא למקום לקבלך:
14,2 Chronicles,20,7,2 Chronicles 20:7,הלא את במימרך אלהנא תריכתא ית יתבי ארעא הדא מן קדם עמך ישראל ויהבתה לבני אברהם רחמך לעלם:
14,2 Chronicles,20,8,2 Chronicles 20:8,ויתיבו בה ובנו לך בה בית מקדשא לשום מימרך למימר:
14,2 Chronicles,20,9,2 Chronicles 20:9,כד תיתי עלנא בישתא קטלין דחרבא ומותנא ואולצנא נצלי קדם בית מקדשא הדין קדמך ארום שכינתך בביתא הדין ונצוח לותך מעוקתנא ותקבל צלותנא ותפרקננא:
14,2 Chronicles,20,10,2 Chronicles 20:10,וכדון הא בני עמון ומואב וטורא דגבלא דלא ארשיתא לבית ישראל למיתי לאגחא קרבא בהון במיתיהון מארעא דמצרים ארום סטו מלותהון ולא שיציאנון:
14,2 Chronicles,20,11,2 Chronicles 20:11,והא אנון פרעין לנא בישתא למיתי לתרכותנא מאחסנתך דאחסנתא לנא :
14,2 Chronicles,20,12,2 Chronicles 20:12,אלהנא הלא תתפרע מנהון ארום לית בנא חילא למקום קדם רכפת עמא סגי הדין דאתא עלנא ואנחנא לית אנחנא ידעין מה נעביד ארום לותך תלינן עינינן:
14,2 Chronicles,20,13,2 Chronicles 20:13,וכלהון דבית יהודה קימין קדם יי אוף טפלהון אוף נשיהון ובניהון:
14,2 Chronicles,20,14,2 Chronicles 20:14,ויחזיאל בר זכריה בר בניה בר יעיאל בר מתניה ליואה מן בני אסף שרת עלוי רוח נבואה מן קדם יי במצע קהלא:
14,2 Chronicles,20,15,2 Chronicles 20:15,ואמר אציתו כל אנש יהודה ויתבי ירושלם ומלכא יהושפט כדנן אמר יי לכון אתון לא תדחלון ולא תתברון מן קדם רכפת עמא סגי הדין ארום לא לכון סדרי קרבא אלהן קדם יי:
14,2 Chronicles,20,16,2 Chronicles 20:16,יומא חרא חותו עליהון האנון סלקין במסקנא דאודיקות כלילא ותשכחון יתהון בשלהי נחלא באפי מדברא דירואל:
14,2 Chronicles,20,17,2 Chronicles 20:17,לא דלכון לאגחא קרבא בדא אתעתדו קומו וחמון ית פורקנא דיי עמכון אנש יהודה וירושלם לא תדחלון ולא תתברון למחר פוקו קדמיהון ומימרא יי בסעדכון:
14,2 Chronicles,20,18,2 Chronicles 20:18,וכרע יהושפט על אפוי על ארעא וכל אנש יהודה ויתבי ירושלם כרעו קדם יי למסגוד קדם יי:
14,2 Chronicles,20,19,2 Chronicles 20:19,וקמו ליואי מן בני קהת ומן בני קרח לשבחא קדם יי אלהא דישראל בקלא רמא לעלא:
14,2 Chronicles,20,20,2 Chronicles 20:20,ואקדימו בצפרא ונפקו למדברא דתקוע ובמפקהון קם יהושפט ואמר קבילו מני אנש יהודה ויתבי ירושלם המינו במימרא דיי אלהכון והמינו באוריתיה והמינו בנביאוהי ותצלחון:
14,2 Chronicles,20,21,2 Chronicles 20:21,ומליך לעמא ואקים משבחיא קדם יי ומשבחיא בשבהורא דקודשא במפקיה קמי מזרזין ואמרין שבחו קדם יי ארום לעלם טוביה:
14,2 Chronicles,20,22,2 Chronicles 20:22,ובעדן דשריאו בתושבחתא ומשבחין מני מימרא דיי כמניא על בני עמון ומואב וטורא דגבלא דאתון לאגחא קרבא עם יהודה ואתברו:
14,2 Chronicles,20,23,2 Chronicles 20:23,וקמו בני עמון ומואב על יתבי טורא דגבלא לגמרא ולשיצאה וכד שציאו ביתבי גבלא מתגריא אנש בחבריה לחבלא:
14,2 Chronicles,20,24,2 Chronicles 20:24,ואנש יהודה עלו על סכותא למדברא ואתפניאו לרכפת חילותא והא אנון גושמין רמין קטילין על ארעא ולית שיזבותא:
14,2 Chronicles,20,25,2 Chronicles 20:25,ואתא יהושפט ועמיה וקם למבוז עדאיהון ואשכחו בהון נכסין סגיעין וקנינין וגושמין קטילין ומאני רגוגין ורוקנו להון עד דלא יכלין לסוברא והוון יומין תלתא בזזין ית עדאיהון ארום סגיא הוא:
14,2 Chronicles,20,26,2 Chronicles 20:26,וביומא רביעאה אתכנשו למישר ברכתא ארום תמן בריכו ית מטול היכנא קרו ית שמא דאתרא ההוא מישר ברכתא עד יומא הדין:
14,2 Chronicles,20,27,2 Chronicles 20:27,ותבו כל אנש יהודה וירושלם ויהושפט ממנא ברישיהון למתב לירושלם בחדוה ארום אחדיאונון מימרא דיי מן בעלי דבביהון:
14,2 Chronicles,20,28,2 Chronicles 20:28,ואתו לירושלם בנבלין ובכנרין ובחצוצרתא לבית מקדשא דיי:
14,2 Chronicles,20,29,2 Chronicles 20:29,והוה דחלתא דיי על כל מלכות ארעא כד שמעו ארום אגיח קרבא מימרא דיי עם בעלי דבביהון דישראל:
14,2 Chronicles,20,30,2 Chronicles 20:30,ושדוכת מלכות יהושפט ואניח ליה מימרא דיי מן חזור חזור:
14,2 Chronicles,20,31,2 Chronicles 20:31,ומליך יהושפט על אנש יהודה בר תלתין וחמש ועשרין וחמש שנין מלך בירושלם ושום אמיה עזובה בת שלחי:
14,2 Chronicles,20,32,2 Chronicles 20:32,והליך באורח אבוהי אסא ולא עדא מנה למעבד דכשר קדם יי:
14,2 Chronicles,20,33,2 Chronicles 20:33,לחוד ית בסמיא לא עטרו ועד כדון עמא לא אתקינו לבהון לדחלתא דיי אלהא דאבהתהון:
14,2 Chronicles,20,34,2 Chronicles 20:34,ושאר פתגמי יהושפט קדמאי ובתראי הא אנון כתיבין בפתגמי יהוא בר חנני דאתמנא לבלר על ספר דוכרניא למלכיא דבית ישראל:
14,2 Chronicles,20,35,2 Chronicles 20:35,ומן בתר כדין אתחבר יהושפט מליך שבטא דבית יהודה עם אחזיהו מלכא דישראל דהוא אתחיב למהוי רשעא:
14,2 Chronicles,20,36,2 Chronicles 20:36,וחבריה עמיה למעבד אלפיא למיזל לטורסוס לימא רבא ועבדו אלפיא בכרך תרנגולא:
14,2 Chronicles,20,37,2 Chronicles 20:37,ואתנבי אלעזר בר דודוהו דמן מרשאה על יהושפט למימר כד אתחברתא עם אחזיהו קלקל מימרא דיי ית עובדיך ואתברו אלפיא ולא יכילו למיזל לטורסוס:
14,2 Chronicles,21,1,2 Chronicles 21:1,ושכיב יהושפט עם אבהתוי ואתקבר בקרתא דדוד ומליך יהורם בריה באתרוהי:
14,2 Chronicles,21,2,2 Chronicles 21:2,וליה אחין בני יהושפט עזריה ויחיאל וזכריהו ועזריהו ומיכאל ושפטיהו כל אלין בני יהושפט מלכא דישראל:
14,2 Chronicles,21,3,2 Chronicles 21:3,ויהב להון אבוהון מתנן סגיעין לכספא ולדהבא וללבושין דיקר ואקניאונון על גב קרקעא בהדי קרוין כריכן בארעא דבית יהודה וית מלכותא יהב ליהורם בריה ארום הוא בוכרא:
14,2 Chronicles,21,4,2 Chronicles 21:4,וקם יהורם על מלכותא דאבוהי ואתקף וקטל ית כל אחוהי בחרבא ואוף מרברבי ישראל:
14,2 Chronicles,21,5,2 Chronicles 21:5,בר תלתין ותרתין שנין הוה כד מלך ותמני שנין מלך בירושלם:
14,2 Chronicles,21,6,2 Chronicles 21:6,והליך באורח מלכיא דבית ישראל היכמה דעבדו בית אחאב ארום בת אחאב הות ליה לאנתו ועבד דביש קדם יי:
14,2 Chronicles,21,7,2 Chronicles 21:7,ולא הות רעותא מן קדם יי לחבלא ית בית דוד מן בגלל קימא דגזר עם דוד והיכמה דאמר למתן ליה מלכו ולבנוי כל יומיא:
14,2 Chronicles,21,8,2 Chronicles 21:8,ביומוי מרדו אדומאי ואשתמיטו מתחות ידא דבית יהודה ואמליכו עליהון מלכא:
14,2 Chronicles,21,9,2 Chronicles 21:9,ועבר יהורם עם רברבנוי וכל ארתכיא דעמיה והוה כד קם בליליא וקטל ית אדומאי דקימין חזור חזור ליה וית רברבי ארתכין:
14,2 Chronicles,21,10,2 Chronicles 21:10,ומרדו אדומאי ואשתמיטו מתחות ידא דבית יהודה עד יומא הדין הא בכין מרדת לבנה בעדנא ההיא ואשתמיטת מתחות ידיה ארום מטול דשבק ית דחלתא דיי אלהא דאבהתוי:
14,2 Chronicles,21,11,2 Chronicles 21:11,אוף הוא עבד במסיא בטורי יהודה ואטעות יתבי ירושלם ואטעי ית דבית יהודה:
14,2 Chronicles,21,12,2 Chronicles 21:12,ואתא לותיה פטקא מן אליהו נביא למימר כדנן אמר יי אלהא דדויד אבוך חולף דלא הליכתא בארחתא דיהושפט אבוך ובארחתא דאסא מליך שבטא דבית יהודה:
14,2 Chronicles,21,13,2 Chronicles 21:13,והליכתא בארחת מלכיא דבית ישראל ואטעיתא ית דבית יהודה ויתבי ירושלם היכמה דאטעא יתהון דבית אחאב ואוף ית אחך ובית אבוך דטבין מנך קטילתא:
14,2 Chronicles,21,14,2 Chronicles 21:14,והא מימרא דיי מגרי מותנא רבתא בעמך ובבניך ובנשיך ובכל קנינך:
14,2 Chronicles,21,15,2 Chronicles 21:15,ואנת במרעין סגיעין במרעית מעיך עד זמן דיפקון מעיך מן גושמך מן מרעית דיוריך עלך יומיא על שניא:
14,2 Chronicles,21,16,2 Chronicles 21:16,ותרי מימרא דיי על יהורם ית רוחא דפלשתאי וערבאי די על תחומי אפריקאי:
14,2 Chronicles,21,17,2 Chronicles 21:17,וסליקו בארעא דבית יהודה וכבשוהא ושבו ית כל קנינא דאשתכח לבית מלכא אוף ית בנוי ונשוי ולא אשתיר ליה בר אלהן אחזיהו דזוטר בבנוי:
14,2 Chronicles,21,18,2 Chronicles 21:18,ומן בתר כל דנא תברי מימרא דיי במעונוי במרעין דלית אסא:
14,2 Chronicles,21,19,2 Chronicles 21:19,והוה לזמן יומין ושנין ובעדן דעבד צרכיה יתיר מן קציה ליומין תרין נפקו מעינוי עם מרעיה ומית במרעין בישין ולא עבדו ליה עמיה יקידת קיסי בוסמנין היך יקידת אבהתוי:
14,2 Chronicles,21,20,2 Chronicles 21:20,בר תלתין ותרתין שנין הוה כד מלך ותמני שנין מלך בירושלם ואזל לבית קבורתא בלא רגוגתא וקברו יתיה בקרתא דדוד ולא בקברי מלכיא:
14,2 Chronicles,22,1,2 Chronicles 22:1,ואמליכו יתבי ירושלם ית אחזיהו בריה זעירא באתרוהי ארום כלהון קדמאי קטלו משריתא דאתא עם ערבאי למשרית פלשתאי ואפריקאי ומלך אחזיה בר יהורם מליך שבטא דבית יהודה:
14,2 Chronicles,22,2,2 Chronicles 22:2,בר ארבעין ותרין שנין אחזיהו כד מלך ושתא חדא מלך בירושלם ושום אמיה עתליהו בת עמרי:
14,2 Chronicles,22,3,2 Chronicles 22:3,אוף הוא אזל בארחתיה אנשי בית אחאב ארום אמיה הות ממלכא יתיה לאתחיבא:
14,2 Chronicles,22,4,2 Chronicles 22:4,ועבד דביש קדם יי היכמה דעבדו אנשי בית אחאב מטול דאנון הוון ליה ממלכין בתר דמית אבוי לחבל ליה:
14,2 Chronicles,22,5,2 Chronicles 22:5,אוף במלכתהון אזל והליך עם יהורם בר אחאב מלכא דישראל לקרבא על חזאל מלכא דארם ברמות גלעד וקטלו ארמאי ית יורם:
14,2 Chronicles,22,6,2 Chronicles 22:6,ותב לאתסאה ביזרעאל ארום מחיא דמחוהי ברמתא באגחותיה עם חזאל מלכא דארם ועזריהו בר יהורם מליך שבטא דבית יהודה נחת למחמי ית יהורם בר אחאב ביזרעאל ארום מרע הוא:
14,2 Chronicles,22,7,2 Chronicles 22:7,ומן קדם יי הות תוסקפת אחזיהו למיתי לות יהורם וכד אתא נפק עם יהורם לות יהוא בר נמשי דרביה אליהו על פום מימרא דיי לשיצאה ית בית אחאב:
14,2 Chronicles,22,8,2 Chronicles 22:8,והוה כד אדין יהוא עם בית אחאב ואשכח ית רברבי יהודה ובני אחי אחזיהו משמשין לאחזיהו וקטלנון:
14,2 Chronicles,22,9,2 Chronicles 22:9,ותבע ית אחזיהו ואחדוהי והוא מטמר בשמרון ואתיוהי לות יהוא וקטלוהי וקברוהי ארום אמרו בריה דיהושפט הוא די תבע ית דחלתא דיי בכל לביה ולא אית לבית אחזיהו גבר די ליה חילא למיחד מלכותא:
14,2 Chronicles,22,10,2 Chronicles 22:10,ועתליהו אמיה דאחזיהו חמת ארום מית ברה וקמת וקטלת ית כל זרעא דמלכותא דלאנש בית יהודה:
14,2 Chronicles,22,11,2 Chronicles 22:11,ונסיבת יהושבעת ברת מלכא ית יואש בר אחזיהו די ילידת ליה צביה מן בארה דשבע וגניבת יתיה ממצע בני מלכא דאתקטילו ויהבת יתיה וית תורבנתיה בקודש קודשיא וטמרתיה יהושבעת ברת מלכא יהורם אתת יהוידע כהנא ארום היא הות אחתיה דאחזיהו מן קדם עתליהו ולא קטלתיה:
14,2 Chronicles,22,12,2 Chronicles 22:12,והוה עמהון בבית מקדשא דיי מטמר שית שנין ועתליה מלכת על ארעא:
14,2 Chronicles,23,1,2 Chronicles 23:1,ובשתא שביעתא אתקף יהוידע ודבר ית רבני מאותא לעזריה בר ירוחם ולישמעאל בר יהוחנן ולעזריהו בר עובד וית מעשיהו בר עדיהו וית אלישפט בר זכרי ואעילנון עמיה בקיומא :
14,2 Chronicles,23,2,2 Chronicles 23:2,ואחזרו ביהודה וכנשו ית ליואי מכל קרוי יהודה ורישי אבהתא די לישראל ואתו לירושלם:
14,2 Chronicles,23,3,2 Chronicles 23:3,וגזרו כל קהלא קים ברית במקדשא דיי עם מלכא ואמר להון הא בריה דמלכא ימלוך היכמה די מליל יי על בנוהי דדוד:
14,2 Chronicles,23,4,2 Chronicles 23:4,דין פתגמא די תעבדון תילתא מנכון עללי מטרת שבתא לכהניא ולליואי למעלני תרע פלטיריא:
14,2 Chronicles,23,5,2 Chronicles 23:5,ותילתא בבית מלכא ותילתא בתרע גבריא הוא תרע בית אולפן סנהדרין וכל עמא בדרת בית מקדשא דיי:
14,2 Chronicles,23,6,2 Chronicles 23:6,ולא יעול לבית מקדשא דיי אלהין כהניא ושמשיא לליואי אנון יעלון ארום קודשא אנון וכל עמא ינטרון מטרת בית מקדשא דיי:
14,2 Chronicles,23,7,2 Chronicles 23:7,ויקפון ליואי ית מלכא חזור חזור גבר וזיניה בידיה ודיעול לבית מקדשא דיי יתקטל ויהון עם מלכא במעליה ובמפקיה:
14,2 Chronicles,23,8,2 Chronicles 23:8,ועבדו ליואי וכל אנש יהודה ככל מה די פקיד יהוידע כהנא ודברו אנש ית גברוהי עללי מטרת שבתא עם נפקי מטרת שבתא ארום לא ארשי יהוידע כהנא ית פלוגותוהי :
14,2 Chronicles,23,9,2 Chronicles 23:9,ויהב יהוידע כהנא לרבני מאותא ית מורניתא וית תריסיא וית עגלתא די למלכא דוד ודבבית מקדשא דיי:
14,2 Chronicles,23,10,2 Chronicles 23:10,ואקים ית כל עמא וגבר זיניה בידיה מן עיבר ביתא מן ימינא עד עיבר ביתא מן שמאלא למדבחא ולבית מקדשא על מלכא חזור חזור:
14,2 Chronicles,23,11,2 Chronicles 23:11,ואפיקו ית ברא דמלכא ויהבו עלוי ית כלילא דמלכותא די דבר דוד מעל רישא דמלכא דבני עמון ובה אבן טבא ושיבה די הוה חקיק ומפרש עלה שמא רבא ויקרא דקבעה תמן דוד ברוח קודשא והוה טימין דידה מתקל קנטינר דדהבא וסהדותא היא לבית דוד לכל מלכא די לא הוה מזרעיה דדוד לא הות מתקבלא על רישיה ולית אפשר די סובר יתה וכד חמון עמא דאתקבלת על רישיה דיהואש וסובר ית כלילא הימנו דמזרעיה דדוד הוא ומן יד אמליכו יתיה ורביאו יתיה יהוידע ובנוהי ואמרו יצלח מלכא במלכותיה:
14,2 Chronicles,23,12,2 Chronicles 23:12,ושמעת עתליהו ית קל עמא דמרבנין ומשבחין ית מלכא ואתת לות עמא לבית מקדשא דיי:
14,2 Chronicles,23,13,2 Chronicles 23:13,וחמת והא מלכא קאם על אסטוניה במעלנא ורברביא וחצוצרתא קדם מלכא וכל עמא דארעא חדאין ותקעין בחצוצרתא ומשבחין בזיני תושבחתא ומלפין לשבחא ובזעת עתליהו ית לבושהא ואמרת מרדא מרדא:
14,2 Chronicles,23,14,2 Chronicles 23:14,ואפיק יהוידע כהנא ית רבני מאותא די ממנן על חילא ואמר להון אפקוהא לגיו מן סדרי מעלניא ודיעול בתרהא יתקטל בחרבא ארום אמר כהנא לא תקטלנה הכא דלא תסאב ית בית מקדשא דיי:
14,2 Chronicles,23,15,2 Chronicles 23:15,ושויאו לה אתר ועלת באורח מעלנא דתרע סוסותא לבית מלכא וקטלוהא תמן:
14,2 Chronicles,23,16,2 Chronicles 23:16,וגזר יהוידע קים בין מימריה ובין כל עמא ובין מימרא דמלכא למהוי לעם משמש קדם יי:
14,2 Chronicles,23,17,2 Chronicles 23:17,ואתו כל עמא לבית בעלא ותרעי יתיה וית אגורוהי וית צלמוהי תברו וית מתן כומרא דבעלא קטלו קדם אגוריא:
14,2 Chronicles,23,18,2 Chronicles 23:18,ומני יהוידע ממנן בבית מקדשא דיי ביד כהניא וליואי די פליג דוד על בית מקדשא דיי לאסקא עלון קדם יי היכמה דכתיב באוריתא דמשה בחדוא ובתושבחא על ידא דדוד:
14,2 Chronicles,23,19,2 Chronicles 23:19,ואקים תרעיא על תרעי בית מקדשא דיי דלא ייעול מסאב לכל מדעם:
14,2 Chronicles,23,20,2 Chronicles 23:20,ודבר ית רבני מאותא וית גבריא וית שליטיא בעמא וית כל עמא דארעא ואחית ית מלכא מבית מקדשא דיי ואתו במצע תרעא עלאה לבית מלכא ואותיבו יתיה על כורסי מלכותא:
14,2 Chronicles,23,21,2 Chronicles 23:21,וחדו כל עמא דארעא וקרתא שדוכת וית עתליהו קטלו בחרבא:
14,2 Chronicles,24,1,2 Chronicles 24:1,בר שבע שנין יואש כד מלך וארבעין שנין מלך בירושלם ושום אמיה צביה מבאר שבע:
14,2 Chronicles,24,2,2 Chronicles 24:2,ועבד יואש דכשר בעיני יי כל יומיא דיהוידע כהנא:
14,2 Chronicles,24,3,2 Chronicles 24:3,ונסיב ליה יהוידע נשין תרתין ואוליד בנין ובנן:
14,2 Chronicles,24,4,2 Chronicles 24:4,והוה מן בתר כדין הוה עם לביה דיואש לחדתא ית בית מקדשא דיי:
14,2 Chronicles,24,5,2 Chronicles 24:5,וכנש ית כהניא וליואי ואמר להון פוקו לקרוי יהודה וכנושו מן כל ישראל כספא לתקפא ית בית מקדשא דיי אלהכון מסת שנה בשנה ואתון תסרהבון למללא ולא סרהיבו ליואי:
14,2 Chronicles,24,6,2 Chronicles 24:6,וקרא מלכא ליהוידע אמרכלא די ממנא על רישא ואמר ליה מא דין לא תבעתא על ליואי לאיתאה מיהודה ומירושלם ית משכן זמנא דמשה עבדא דיי וקהלא דישראל עם משכנא דסהדותא:
14,2 Chronicles,24,7,2 Chronicles 24:7,ארום עתליהו חיבתא ובנהא תרעו ית בית מקדשא דיי ואוף ית קדשי בית מקדשא דיי עבדו לטעותא:
14,2 Chronicles,24,8,2 Chronicles 24:8,ואמר מלכא ועבדו ארונא חד ושויוהי בתרע בית מקדשא מן לבר:
14,2 Chronicles,24,9,2 Chronicles 24:9,ואעברו כרוז ביהודה ובירושלם לאיתאה קדם יי משכן זמנא דמשה עבדא דיי די עבד לכפרא על בני ישראל במדברא:
14,2 Chronicles,24,10,2 Chronicles 24:10,וחדו כל רברביא וכל עמא ואיתיאו נדבתא ורמו בארונא עד לית סוף:
14,2 Chronicles,24,11,2 Chronicles 24:11,והוה בעדן דאיתיאו ית ארונא למנון מלכא בידא דליואי וכד חמון ארום סגא כספא בארונא אתא לבלרא דמלכא וסגן כהנא די ממנא לרישא ורוקנון ית ארונא ונטלוהי ואתיבו יתיה לאתריה הכדין עבדו יומא ביומא וכנשו כספא לסוגי:
14,2 Chronicles,24,12,2 Chronicles 24:12,ויהב יתיה מלכא ויהוידע לעבדי עבידת פולחן בית מקדשא דיי והוון אגרין מפסלין ונגרין לחדתא בית מקדשא דיי ואוף לנגרי פרזלא ונחשא לתקפא ית בית מקדשא דיי:
14,2 Chronicles,24,13,2 Chronicles 24:13,ועבדו עבדי עבידתא וסליקת ארכא לעבידתא בידיהון ואקימו ית בית מקדשא דיי על תקוניה ותקפוהי:
14,2 Chronicles,24,14,2 Chronicles 24:14,וכד שציאו איתיאו קדם מלכא ויהוידע ית שאר כספא ועבדו מניא לבית מקדשא דיי מאני שמושא ומגסיא ובזכיא ומאני דהבא וכספא והוו מסקין עלותא בבית מקדשא דיי תדירא כל יומי יהוידע:
14,2 Chronicles,24,15,2 Chronicles 24:15,וסיב יהוידע ושבע יומין ומית בר מאה ותלתין שנין הוה כד מית:
14,2 Chronicles,24,16,2 Chronicles 24:16,וקברו יתיה בקרתיה דדוד עם מלכיא ארום עבד מצותא בישראל ועם מימרא דיי ובית מקדשא:
14,2 Chronicles,24,17,2 Chronicles 24:17,ובתר דמית יהוידע אתו רברבי יהודה וסגידו למלכא יואש ואטעיאהי בכין קביל מלכא מנהון טעותהון:
14,2 Chronicles,24,18,2 Chronicles 24:18,ושבקו ית בית מקדשא דיי אלהא דאבהתהון ופלחו ית אשרתא וית טעותא והוה רגז על אנש יהודה וירושלם מטול סרחנותהון דא:
14,2 Chronicles,24,19,2 Chronicles 24:19,ושדר בהון נביאיא לאתבותהון לפולחנא דיי ואסהידו בהון ולא אצתו:
14,2 Chronicles,24,20,2 Chronicles 24:20,ורוח נבואה מן קדם יי שרת על זכריה בר יהוידע כהנא כד חמא ית סרחנות מלכא ועמא דמסקין קטורת לפסלא בבית מקדשא דיי על מדבחא ביומא דכפוריא ומבטלין כהניא דיי מלמעבד עלותא ונכסתא וקרבן יומא ומוספיא היכמה דכתיב בספר אוריתא דמשה וקם מעל לעמא ואמר להון כדנן אמר יי למה אתון עברין פקודיא דיי ולא תצלחון ארום שבקתון ית פולחנא דיי וישבוק יתכון:
14,2 Chronicles,24,21,2 Chronicles 24:21,ומרדו עלוהי ואטליותיה באבנין הי כתפקידתא דמלכא בדרת בית מקדשא דיי:
14,2 Chronicles,24,22,2 Chronicles 24:22,ולא זכר יואש מלכא ית חסדא די עבד יהוידע אבוי עמיה וקטל ית בריה וכד מטא לממת אמר יתגלי קדם יי ויתפרע ויתבע:
14,2 Chronicles,24,23,2 Chronicles 24:23,והוה לסופא דשתא סליקו עלוהי חילותא ארמאי ואתו ליהודה ולירושלם וקטלו ית כל רבני עמא מן עמא וכל עדאיהון שדרו למלכא דרמשק:
14,2 Chronicles,24,24,2 Chronicles 24:24,ארום בצבחר גוברין אתו חילות ארמאי ויי מסר בידיהון חילא לסוגי לחדא ארום שבקו ית דחלתא דיי אלהא דאבהתהון ועם יואש עבדו דינין:
14,2 Chronicles,24,25,2 Chronicles 24:25,ובמיזלהון מן לותיה ארום שבקו יתיה במרעין בישין סגיאין מרדו עלוהי עבדוהי מן בגלל לאתפרעא דמי בני יהוידע כהנא וקטלוהי על ערסיה ומית וקברוהי בקרתא דדוד ולא קברוהי בקברי מלכיא:
14,2 Chronicles,24,26,2 Chronicles 24:26,ואלין די מרדו עלוהי זבד בר שמעת עמוניתא ויהוזבד בר שמרית מואביתא:
14,2 Chronicles,24,27,2 Chronicles 24:27,ובנוי דמן רמו מסקין מסק על דבית יהודה כד הוה מסד בית מקדשא דיי בר ממימר מלכא וכהניא ואתקטלו בקרבא מטול חובי אבוהון והאנון כתיבין על פתשגן ספר מלכיא ומליך אמציהו בריה באתרוהי:
14,2 Chronicles,25,1,2 Chronicles 25:1,בר עשרין וחמש שנין מלך אמציהו ועשרין ותשע שנין מלך בירושלם ושום אמיה יהועדן מירושלם:
14,2 Chronicles,25,2,2 Chronicles 25:2,ועבד דכשר קדם יי לחוד לא בלבב שלים:
14,2 Chronicles,25,3,2 Chronicles 25:3,והוה כד תקיפת מלכותא עלוהי וקטל ית עבדוהי די קטלו ית מלכא אבוהי:
14,2 Chronicles,25,4,2 Chronicles 25:4,וית בניהון לא קטל מן בגלל דכתיב בספרא דמשה די פקיד יי למימר לא ימותון אבהן מטול חובי בנין ובנין לא ימותון מטול חובי אבהן ארום אנש מטול חוביה ימותון:
14,2 Chronicles,25,5,2 Chronicles 25:5,וכנש אמציהו ית אנש יהודה ואקימנון לבית אבהתא לרבני אלפין ולרבני מאותא לכל אנש יהודה ובנימין וממנין למבר עשרין שנין ולעלא ואשכחנון תלת מאה אלפין עולין נפק חילא אחד מורניתא ועגילא:
14,2 Chronicles,25,6,2 Chronicles 25:6,ואגר מישראל מאה אלפין גברי חילא במאה קנטרין דכסף:
14,2 Chronicles,25,7,2 Chronicles 25:7,ונביא דיי אתא לותיה למימר לא ייתי עמך חילא דישראל ארום לית מימרא דיי בסעדהון דישראל כל מלכות שבטא דבית אפרים:
14,2 Chronicles,25,8,2 Chronicles 25:8,ארום אין עליל את עם שבטא דבית אפרים יתקלנך יי קדם בעלי דבבא ארום אית חילא בידא דיי למסעד ולתקלא:
14,2 Chronicles,25,9,2 Chronicles 25:9,ואמר אמציהו לנביא דיי ומה אית למעבד למאה קנטרין די יהבית אגר למשרית ישראל ואמר נביא דיי אית חילא קדם יי למתן לך סגי מן דין:
14,2 Chronicles,25,10,2 Chronicles 25:10,ואפרישנון אמציהו למשריתא די אתא לותיה מאפרים וארשיאונון למיזל לאתרהון ותקף רגזהון לחדא ביהודה ותבו לאתרהון בתקוף רגז:
14,2 Chronicles,25,11,2 Chronicles 25:11,ואמציהו אתקף ודבר ית עמיה ואזל לחילת מלחא ומחא ית בני שעיר עשרתי אלפין:
14,2 Chronicles,25,12,2 Chronicles 25:12,ועשרתי אלפין כד חיין שבו בני יהודה ואיתיאונון לריש טנרא וטלקונון מריש טנרא וכלהון אתבזעו:
14,2 Chronicles,25,13,2 Chronicles 25:13,ובני משריא דאתיב אמציהו מלמיזל עמיה לקרבא ואתנגידו בקרוי יהודה משומרון ועד בית חורון וקטלו מנהון תלתא אלפין ובזו ביזתא רבתא:
14,2 Chronicles,25,14,2 Chronicles 25:14,והוה בתר די אתא אמציהו מן למקטל ית אדומאי ואיתי ית טעות בני גבל ואקימנון ליה לדחלן וקדמיהון יסגוד וקדמיהון יסיק בוסמין:
14,2 Chronicles,25,15,2 Chronicles 25:15,ותקף רוגזא דיי באמציהו ושדר לותיה נביא ואמר ליה למה תבעתא ית טעות עממיא די לא שיזיבו ית עמהון מן ידך:
14,2 Chronicles,25,16,2 Chronicles 25:16,והוה במללותיה עמיה ואמר ליה אפשר לממלך למלכא מניאו יתך פסוק לך למה יקטלונך ופסק נביא מלאתנבאה ואמר ידעית ארום מליך יי לחבלותך מטול די עבדתא דא ולא קבלתא למלכתי:
14,2 Chronicles,25,17,2 Chronicles 25:17,ואתמלך אמציהו מליך שבטא דבית יהודה ושדר לות יואש בר יהואחז בר יהוא מלכא דישראל למימר איתא ומתחמי אפין באפין בקרבא:
14,2 Chronicles,25,18,2 Chronicles 25:18,ושדר יואש מלכא דישראל לות אמציהו מלכא דבית יהודה למימר סילוא די בלבנן שדר לות ארזא די בלבנן למימר הב ית ברתך לברי לאנתו ועדת חיזת ברא די בלבנן ודושישת ית סילוא הכדין עבדתהא בעדן דשדרתא לותי ואגרתא מדבית ישראל מאה אלפין גברי חילא במאה קנטירין דכסף ומן בתר כדין פטרתנון מן למיזל עמך בקרבא ושדרתנון בתקוף רגזהון ואתנגידו בארע מלכותך וקטלו מנהון תלתא אלפין ובזו ביזתא רבתא:
14,2 Chronicles,25,19,2 Chronicles 25:19,אמרתא במימרך הא קטלתא ית אדומאי ואתרם עלך לבך לאתיקרא כדון תיב בביתך למא את מתגרי בבישתא ותפל אנת ואנש יהודה עמך:
14,2 Chronicles,25,20,2 Chronicles 25:20,ולא קביל אמציהו ארום מן קדם יי הוא מן בגלל לממסרהון בידיהון ארום תבעו ית פולחן דחלן דאדום:
14,2 Chronicles,25,21,2 Chronicles 25:21,וסליק יואש מלכא דבית ישראל ואתחמיאו אפין באפין בקרבא הוא ואמציהו מליך שבטא דבית יהודה בבית שמש די לשבטא יהודה:
14,2 Chronicles,25,22,2 Chronicles 25:22,ואתברו אנש יהודה קדם אנש ישראל ואפכו גבר לקרווהי:
14,2 Chronicles,25,23,2 Chronicles 25:23,וית אמציהו מליך שבטא דבית יהודה בר יואש בר יהואחז אחד יואש מלכא דבית ישראל בבית שמש ואיתיה לירושלם ותרע בשורא דירושלם מתרעא דאפרים עד תרע זויתא ארבע מאה אמין:
14,2 Chronicles,25,24,2 Chronicles 25:24,וכל דהבא וכספא וכל מניא דאשתכחו בבית מקדשא דיי דאקדיש עובד אדום בעדן דנסיב דוד מן ביתיה ית ארונא דיי כד אתיבו יתיב פלשתאי וברכיה יי וית תסברי בית מלכא וית בני רברבניא דמתמשכנין גביה ותב לשומרון:
14,2 Chronicles,25,25,2 Chronicles 25:25,וחיא אמציהו בר יואש מלכא דבית יהודה בתר דמית יואש בר יהואחז מלכא דבית ישראל חמסרי שנין:
14,2 Chronicles,25,26,2 Chronicles 25:26,ושאר פתגמי אמציהו קדמאי דהליך בדחלתא דיי ובתראי די סטא מן ארחן דתקנן קדם יי הלא אנון כתיבין על ספר מלכיא דבית יהודה ודבית ישראל:
14,2 Chronicles,25,27,2 Chronicles 25:27,ומן עדן די סטא אמציהו מבתר פולחנא דיי ומרדו עלוי מרדא בירושלם ואפיך ללכיש ושדרו בתרוי ללכיש וקטלוהי תמן:
14,2 Chronicles,25,28,2 Chronicles 25:28,ונטלוהי על סוסותא וקברו יתיה עם אבהתוי בקרתא דיהודה:
14,2 Chronicles,26,1,2 Chronicles 26:1,ודברו כל עמא דבית יהודה ית עזיהו והוא בר שתסרי שנין ואמליכו יתיה תחות אבוי אמציהו:
14,2 Chronicles,26,2,2 Chronicles 26:2,הוא בנה ית אלות ואתיבה לדבית יהודה בתר דשכיב מלכא עם אבהתוי:
14,2 Chronicles,26,3,2 Chronicles 26:3,בר שתסרי שנין עזיהו כד מלך וחמשין ותרתין שנין מלך בירושלם ושום אמיה יכליה מן ירושלם:
14,2 Chronicles,26,4,2 Chronicles 26:4,ועבד דכשר קדם יי הי ככל מה די עבד אמציה אבוי:
14,2 Chronicles,26,5,2 Chronicles 26:5,והוה למתבע אולפן מן קדם יי ביומי זכריהו דמליף בדחלתא דיי וביומיא דתבע אולפן מן קדם יי אצלחיה יי:
14,2 Chronicles,26,6,2 Chronicles 26:6,ונפק ואגיח קרבא בפלשתאי ותרע ית שורא דגת וית שורא דאשדוד ובנא קרויא באשדוד ובפלשתאי:
14,2 Chronicles,26,7,2 Chronicles 26:7,וסעדיה מימרא דיי על פלשתאי ועל ערבאי דיתבין בגרר ובמישר מעון :
14,2 Chronicles,26,8,2 Chronicles 26:8,ויהבו עמונאי תקרובתא לעזיהו ואזל שמיה עד מטי מצרים עד ארי תקיף לעלא:
14,2 Chronicles,26,9,2 Chronicles 26:9,ובנא עזיהו מגדלין בירושלם על תרע זויתא ועל תרע חילתא ועל באומניא ותקיפנון:
14,2 Chronicles,26,10,2 Chronicles 26:10,ובנא מגדליא במדברא ופסל גובין סגיעין ארום עותר סגיא הוה ליה ובשפלתא ובמישרא פלחי חקלין בתוריא וענבי כרמין בטורא ובכרמלא ארום רחים פולחנא דארעא הוה:
14,2 Chronicles,26,11,2 Chronicles 26:11,והוה לעזיהו משרין עבדי קרבא ונפקי חילא למשריא בסכום מניניהון בידא דיעיאל לבלרא ומעשיהו סרכא על ידא דחנניהו מן רבני מלכא:
14,2 Chronicles,26,12,2 Chronicles 26:12,כל מנין רישי אבהתא לגברי חילא תרין אלפין ושית מאה:
14,2 Chronicles,26,13,2 Chronicles 26:13,ועל ידיהון משרית חילא תלת מאה אלפין ושבע אלפין וחמש מאה עבדי קרבא בגבורת חילא למסעד למלכא על בעיל דבבא:
14,2 Chronicles,26,14,2 Chronicles 26:14,ואתקן להון עזיהו לכל חילא תרסין ומורנין וקולסין ושרינין וקשתין ולאבני קלעיא:
14,2 Chronicles,26,15,2 Chronicles 26:15,ועבד בירושלם אומנותא במחשבתא קושקי חליליא בעובד אומנות אומנא למהוי על מגדליא ועל זויתא למפתק בגיררין ולמשדי באבנין רברבין ונפק שמיה עד למרחיק ארום אפריש לאסתיעא עד כדי אתקף:
14,2 Chronicles,26,16,2 Chronicles 26:16,וכדי אתקף אתגס לביה עד דאתחבל ושקר במימרא דיי אלהיה ועל להיכלא דיי לאסקא על מדבחא דקטורת בוסמין:
14,2 Chronicles,26,17,2 Chronicles 26:17,ועל בתרוי עזריהו כהנא ועמיה כהניא דיי תמנן בני חילא:
14,2 Chronicles,26,18,2 Chronicles 26:18,וקמו על עזיהו מלכא ואמרו ליה לית לך רשו עזיהו לאסקא קטורת בוסמין קדם יי ארום לכהניא בני אהרן דמתקדשין לאסקא קטורת בוסמין פוק מן מקדשא ארום שקרתא ולא דילך ליקרא בקטרתא קדם יי:
14,2 Chronicles,26,19,2 Chronicles 26:19,ואתנסיס עזיהו ובידיה מחתיתא לאסקא וכד אתנסיס עם כהניא וסגירותא סגית בבית אפוהי קדם כהניא בבית מקדשא דיי מעלוי מדבחא דקטרתא:
14,2 Chronicles,26,20,2 Chronicles 26:20,ואתפני לותיה עזריהו כהנא דיי ממנא לרישא וכל כהניא והא הוא סגיר בבית אפוהי וסרהבוהי למפק ואוף הוא סרהיב למפק ארום איתי עלוהי מימרא דיי מכתשא:
14,2 Chronicles,26,21,2 Chronicles 26:21,והוה מלכא עזיהו סגיר עד יום מותיה ויתב בבית סגירותא בר מירושלם כד סגיר ארום אתפרש מאנש ביתיה על מה דאתגזר עלוי בבית מקדשא דיי ויותם בריה ממנא על בית מלכא דאין ית עמא דארעא:
14,2 Chronicles,26,22,2 Chronicles 26:22,ושאר פתגמי עזיהו קדמאי עד לא סרח ואסתגיר ובתראי מן בתר דאסתגיר כתב ישעיהו בר אמוץ נביא:
14,2 Chronicles,26,23,2 Chronicles 26:23,ושכב עזיהו עם אבהתוי וקברו יתיה עם אבהתוי בחקל קבורתא די הות למלכיא ארום אמרו סגיר הוא ומלך יותם בריה תחותוי:
14,2 Chronicles,27,1,2 Chronicles 27:1,בר עשרין וחמש שנין יותם כד מלך ושתסרי שנין מלך בירושלם ושום אמיה ירושה ברת צדוק:
14,2 Chronicles,27,2,2 Chronicles 27:2,ועבד דכשר קדם יי הי ככל מה די עבד עזיהו אבוי לחוד לא על להיכלא דיי ועד כדון עמא מקלקלין:
14,2 Chronicles,27,3,2 Chronicles 27:3,הוא בנא ית תרע בית מקדשא דיי עלאה ובשור פלטירין גואה בנא לסוגי:
14,2 Chronicles,27,4,2 Chronicles 27:4,וקרוין בנא בטורא דבית יהודה ובתקוף כרכין בנא בירניתא ומגדליא:
14,2 Chronicles,27,5,2 Chronicles 27:5,והוא אגיח קרבא עם מלכא דבני עמון ואתקף עלויהון ויהבו ליה בני עמון בשתא ההיא מאה קנטינרין דכסף ועשרא אלפין כורין דחנטין ושערין עשרא אלפין דא אתיבו ליה בני עמון ובשתא תניתא ותליתאה:
14,2 Chronicles,27,6,2 Chronicles 27:6,ואתקף יותם ארום תקין יי מלכותיה מן בגלל דתקין אורחתיה קדם יי אלהיה:
14,2 Chronicles,27,7,2 Chronicles 27:7,ושאר פתגמי יותם וכל סדרי קרביה ואורחתיה הא אנון כתיבין על ספר מלכיא דבית ישראל ויהודה:
14,2 Chronicles,27,8,2 Chronicles 27:8,בר עשרין וחמש שנין הוה כד מלך ושתסרי שנין מלך בירושלם:
14,2 Chronicles,27,9,2 Chronicles 27:9,ושכיב יותם עם אבהתוי וקברו יתיה בקרתא דדויד ומלך אחז בריה תחותוי:
14,2 Chronicles,28,1,2 Chronicles 28:1,בר עשרין שנין אחז כד מלך ושתסרי שנין מלך בירושלם ולא עבד דכשר קדם יי הי כדוד אבוי:
14,2 Chronicles,28,2,2 Chronicles 28:2,ואזל בארחתהון דמלכיא דבית ישראל ואוף מתכן עבד לבעליא:
14,2 Chronicles,28,3,2 Chronicles 28:3,והוא אסיק קטורתא בחילת בר הנום ואבער ית בנוהי באשתא ושזיב מימרא דיי מנהון ית חזקיה מן בגלל דגלי קדם יי דמניה אטמוסין דיפקון תלתא צדיקיא חנניה מישאל ועזריה דאטימוסין די מסרון גרמיהון דיתרמון לגו אתון נורא יקידתא מן בגלל שמא רבא ויקירא ואשתזבו מן יקידתא בקדמיתא אשתיזב אברהם מן יקידת אתון נורא דכשדאי דטלקיה תמן נמרוד מן בגלל דלא פלח לטעותיה ובתניתא אשתיזבת תמר מן יקידת נורא דבית דיניה דיהודה כד אמר אפקוהא ותתוקד בתליתאה אשתיזב מן יקידת נורא חזקיה בר אחז בזמן דטלקיה אבוי בחילת בר הנום בבמסיא דתופת ברביעתא אשתזבו חנניה מישאל ועזריה מן אתון נורא יקידתא דנבוכדנאצר מלכא דבבל בחמישיתא אשתיזב יהושע בר יהוצדק כהנא רבא כד טלקיה נבוכד נאצר רשיעא באתון נורא יקידתא עם אחאב בר קוליה וצדקיהו בר מעשיהו נביאי שקרא והנון אתוקדו בנורא ויהושע בר יהוצדק אשתיזב מטול זכותיה ברם אחז ארשע למעבד הי כתועבת עממין דתריך יי מן קדם בני ישראל:
14,2 Chronicles,28,4,2 Chronicles 28:4,ודבח ואסיק בוסמין בבמסיא ועל גלימתא ותחות כל אלן עבוף:
14,2 Chronicles,28,5,2 Chronicles 28:5,ומסריה יי אלהא בידא דמלכא דארם וקטלו במשריתיה ושבו מניה שביתא רבתא ואיתיאו לדרמשק ולחוד ביד מלכא דישראל אתמסר וקטל במשריתיה קטלא רבתא:
14,2 Chronicles,28,6,2 Chronicles 28:6,וקטל פקח בר רמליהו באנש יהודה מאה ועשרין אלפין ביומא חד כלהון בני חילא מן בגלל דשבקו ית דחלתא דיי אלהא דאבהתהון:
14,2 Chronicles,28,7,2 Chronicles 28:7,וקטל זכרי גברא דבית אפרים ית מעשיהו בר מלכא וית עזריקם ארכון די ממנא על פלטרין וית אלקנה ארקבטא דמלכא:
14,2 Chronicles,28,8,2 Chronicles 28:8,ושבו בני ישראל מאחוהון מאתן אלפין נשין בנין ובנן ואוף עדי סגיא בזו מנהון ואיתיאו ית עדאה לשמרון:
14,2 Chronicles,28,9,2 Chronicles 28:9,ותמן הוה נביא דיי עודד שמיה ונפק קדם חילא די אתא לשומרון ואמר להון הא ברוגזא דיי אלהא דאבהתכון על אנש יהודה מסרנון בידיכון וקטלתון בהון ברוגזא עד צית שמיא מטא:
14,2 Chronicles,28,10,2 Chronicles 28:10,וכדון בני יהודה וירושלם אתון אמרין למכבש לעבדין ולאמהן לכון הלא לחוד אתון עמכון קרבא אשמין אתחיבתון לקרבא קדם יי אלהכון:
14,2 Chronicles,28,11,2 Chronicles 28:11,וכדון קבילו מני ואתיבו שביתא די שביתון מאחוכון ארום תקוף רוגזא דיי עליכון:
14,2 Chronicles,28,12,2 Chronicles 28:12,וקמו גוברין מרישי בני אפרים עזריהו בר יהוחנן ברכיהו בר משלמות ויחזקיהו בר שלם ועמשא בר חדלי על דאתין מן חילא:
14,2 Chronicles,28,13,2 Chronicles 28:13,ואמרו להון לא תיתון ית שביתא הכא ארום לחיבא קדם יי יתנא לאיתאה רגוז עלנא אתון אמרין לאוספא על סורחננא ועל חובתנא ארום סגיעת חובתנא לנא ותקוף רוגזא על ישראל:
14,2 Chronicles,28,14,2 Chronicles 28:14,ושבקו מזרזי חילא ית שביתא וית בזתא קדם רבניא וכל קהלא:
14,2 Chronicles,28,15,2 Chronicles 28:15,וקמו גבריא דאתפרשו בשמהן ואתקיפו בשביתא וכל ערטליהון אלבישו מן עדאה ואלבשונון ואנעלונון ואוכלונון ואשקיאונון ואסחיאונון ודברונון בחמרין לכל דאתקל ואיתיאונון ליריחו קרתא דדקליא קבל אחוהון ותבו לשמרון:
14,2 Chronicles,28,16,2 Chronicles 28:16,בעדנא ההיא שדר מלכא אחז למלכא דאתור למסעד ליה:
14,2 Chronicles,28,17,2 Chronicles 28:17,ותוב אדומאי אתו וקטלו מן יהודה ושבו שביתא:
14,2 Chronicles,28,18,2 Chronicles 28:18,ופלשתאי אתנגידו בקרוי שפלתא ודרומא די לשבטא יהודה וכבשו ית בית שמש וית אילון וית גדרות וית שוכו ופרוילהא וית תמנס ופרוילהא וית גמזו וית פרוילהא ויתיבו תמן:
14,2 Chronicles,28,19,2 Chronicles 28:19,ארום אמאיך יי ית יהודה מן בגלל אחז מלכא דישראל ארום אתבטילו דבית יהודה מפולחנא דיי ושקרו שקר במימרא דיי:
14,2 Chronicles,28,20,2 Chronicles 28:20,ואתא עלוי תלגת פלנאסר מלכא דאתור ואתא ואעיק עלוי ולא תקפיה:
14,2 Chronicles,28,21,2 Chronicles 28:21,מטול דפליג אחז ית בית מקדשא דיי וית בית מלכא ורברביא ויהב למלכא דאתור ולא למסעד ליה:
14,2 Chronicles,28,22,2 Chronicles 28:22,ובעדן דעקא ליה ואוסיף לשקרא במימרא דיי הוא מלכא אחז:
14,2 Chronicles,28,23,2 Chronicles 28:23,ודבח לטעות דרמשק דקטילו בחלותיה ואמר ארום טעות ארם אנון מסעדין יתהון להון אדבח ויסעדונני ואנון הוו ליה לתקלותיה ולכל בני ישראל:
14,2 Chronicles,28,24,2 Chronicles 28:24,וכנש אחז ית כל מאני בית מקדשא דיי וקטע ית מאני בית מקדשא דיי ואחד ית דשי בית מקדשא דיי ועבד ליה אגורין בכל זוית בירושלם:
14,2 Chronicles,28,25,2 Chronicles 28:25,ובכל קרי וקרי לשבטא דיהודה עבד במתין לאסקא בוסמין לטעות עממין נכראין וארגז קדם יי אלהא דאבהתהון :
14,2 Chronicles,28,26,2 Chronicles 28:26,ושאר פתגמוי וכל ארחתיה קדמאי ובתראי הא אנון כתיבין על ספר מלכיא דבית יהודה וישראל:
14,2 Chronicles,28,27,2 Chronicles 28:27,ושכיב אחז עם אבהתוי וקברוהי בקרתא דירושלם ארום לא איתוהי לקברי מלכיא דבית ישראל ומלך חזקיהו בריה תחותוי:
14,2 Chronicles,29,1,2 Chronicles 29:1,יחזקיהו מלך בר עשרין וחמש שנין ועשרין ותשע שנין מלך בירושלם ושום אמיה אביה ברת זכריהו:
14,2 Chronicles,29,2,2 Chronicles 29:2,ועבד דכשר קדם יי הי ככל מה די עבד דוד אבוי:
14,2 Chronicles,29,3,2 Chronicles 29:3,הוא בשתא קדמיתא כד מלך פתח ית דשי בית מקדשא דיי ותקיפינון:
14,2 Chronicles,29,4,2 Chronicles 29:4,ואיתי ית כהניא וית ליואי וכנשינון לפתאות מדינחא:
14,2 Chronicles,29,5,2 Chronicles 29:5,ואמר להון קבילו מני ליואי כדון הוו זמינין ותתקדשון וקדישו ית בית מקדשא דיי אלהא דאבהתכון ואפיקו ית ריחוקא מן קודשא:
14,2 Chronicles,29,6,2 Chronicles 29:6,ארום שקרו אבהתנא ועבדו דביש קדם יי אלהנא ושבקוהי ואחזרו אפיהון ממשכנא דיי והפכו ליה קדל:
14,2 Chronicles,29,7,2 Chronicles 29:7,אוף אחרו דשי אולמא ואטיפו ית בוצניא וקטורת בוסמין לא אסיקו ועלתא לא אסיקו בקודשא לאלהא דישראל:
14,2 Chronicles,29,8,2 Chronicles 29:8,והוה רוגזא דיי על אנש יהודה וירושלם ויהבנון לזיע ולצדו ולאשתעממו היכמה די אתון חמן בעיניכון:
14,2 Chronicles,29,9,2 Chronicles 29:9,והא נפלו אבהתנא קטילין בחרבא ובננא ובנתנא ונשנא בשביתא מן בגלל דא:
14,2 Chronicles,29,10,2 Chronicles 29:10,כדון עם לבבי למגזר קים קדם יי אלהא דישראל ויתוב מננא תקוף רוגזיה:
14,2 Chronicles,29,11,2 Chronicles 29:11,בני כדון לא תתרשלון ארום בכון אתרעי יי למקם קדמוי לשמשותיה ולמהוי קדמוי משמשין ומסקין קטורת בוסמין:
14,2 Chronicles,29,12,2 Chronicles 29:12,וקמו לואי מחת בר עמשי ויואל בר עזריהו מן בני קהת ומבני מררי קיש בר עבדי ועזריהו בר יהללאל ומן בני גרשון יואח בר זמה ועדן בר יואח:
14,2 Chronicles,29,13,2 Chronicles 29:13,ומן בני אליצפן שמרי ויעיאל ומן בני אסף זכריהו ומתניהו:
14,2 Chronicles,29,14,2 Chronicles 29:14,ומן בני הימן יחיאל ושמעי ומן בני ידותון שמעיה ועזיאל:
14,2 Chronicles,29,15,2 Chronicles 29:15,וכנשו ית אחוהון ואתקדשו ואתו בתפקדתא דמלכא בפתגמיא דיי לדכאה בית מקדשא דיי:
14,2 Chronicles,29,16,2 Chronicles 29:16,ואתו כהניא מן לגיו לבית מקדשא דיי ואפיקו כל סואבתא דאשכחו בהיכלא דיי לדרת בית מקדשא דיי וקבילו ליואי לאפקא לנחלא דקדרון לברא:
14,2 Chronicles,29,17,2 Chronicles 29:17,ושריאו בחדא לירחא קדמאה בניסן לקדשא וביומא תמניא לירחא אתו לאולמא דיי וקדישו בית מקדשא דיי לזמן יומין תמניא וביום שתסרי לירחא דניסן שציאו:
14,2 Chronicles,29,18,2 Chronicles 29:18,ואתו לגיו לות חזקיהו מלכא ואמרו דכינא ית כל בית מקדשא דיי וית מדבחא לעלתא וית כל מנוי וית פתורא דסדורא וית כל מנוי:
14,2 Chronicles,29,19,2 Chronicles 29:19,וית כל מניא דסאיב מלכא אחז ושקיצנון קדם טעות נכראין כד מלך בשקרותיה במימרא דיי תקננא יתהון וטמרנא יתהון וזמננא חורנין חלופיהון והא אנון קדם מדבחא דיי:
14,2 Chronicles,29,20,2 Chronicles 29:20,ואקדם יחזקיהו מלכא וכנש ית רבני קרתא וסליק לבית מקדשא דיי:
14,2 Chronicles,29,21,2 Chronicles 29:21,ואיתיאו תורין שבעא ודכרין שבעא ואמרין שבעא וצפירי בני עזין שבעא לחטאתא לכפרא על מלכותא ועל מקדשא ועל אנש יהודה ואמר לבני אהרן כהניא לאסקא על מדבחא דיי:
14,2 Chronicles,29,22,2 Chronicles 29:22,ונכיסו תוריא וקבילו כהניא ית אדמא ודריקו למדבחא ונכיסו דכריא ודריקו אדמא למדבחא ונכיסו אמריא ודריקו אדמא למדבחא:
14,2 Chronicles,29,23,2 Chronicles 29:23,וקריבו ית צפירי חטאתא קדם מלכא וקהלא וסמכו ידיהון עליהון:
14,2 Chronicles,29,24,2 Chronicles 29:24,ונכסנון כהניא ודכיאו מן אדמהון מדבחא לכפרא על כל ישראל אמר מלכא לאתעובדא עלתא וחטאתא:
14,2 Chronicles,29,25,2 Chronicles 29:25,ואקים ית ליואי בבית מקדשא דיי בצלצלין ובנבלין ובכנרין הי כתפקדתא דדוד וגד נביא דמלכא ונתן נביא ארום על מימרא דיי תפקדתא ביד נביאוהי:
14,2 Chronicles,29,26,2 Chronicles 29:26,וקמו ליואי בזיני תושבחתא דדוד וכהניא בחצוצרתא:
14,2 Chronicles,29,27,2 Chronicles 29:27,ואמר חזקיהו מלכא לאסקא עלתא על מדבחא וכד שריאת עלתא שרי תושבחתא דיי בחצוצרתא ועל ידי זיני זמר דדוד מלכא דישראל:
14,2 Chronicles,29,28,2 Chronicles 29:28,וכל קהלא משבחין ודאמר שירה משבח וחצוצרתא מחצרין כלהון כחדא עד דשציאת עלתא:
14,2 Chronicles,29,29,2 Chronicles 29:29,וכד שציאת עלתא לאסקא כרעו מלכא וכל דמשבחין תמן וסגידו:
14,2 Chronicles,29,30,2 Chronicles 29:30,ואמר יחזקיהו מלכא ורברבניא לליואי לשבחא קדם יי כפתגמא דדוד ואסף סכואה ושבחו עד די חדו חדוא רבתא וכרעו וסגידו:
14,2 Chronicles,29,31,2 Chronicles 29:31,ואתיב יחזקיהו ואמר כדון קרבתון קרבנכון קדם יי קריבו ואיתו נכסין ותודאתא לבית מקדשא דיי וכל דיתרעי לביה ייתי עלון:
14,2 Chronicles,29,32,2 Chronicles 29:32,והוה סכום מנין עלותא די איתיאו קהלא תורין שבעין דכרין מאה אמרין מאתן לעלתא קדם יי כל אלין:
14,2 Chronicles,29,33,2 Chronicles 29:33,ונכסת קודשיא תורין שית מאה וענא תלת אלפין:
14,2 Chronicles,29,34,2 Chronicles 29:34,לחוד כהניא הוו קלילין ולא יכילו למשלח ית עלותא וסיעונון אחוהון ליואי עד זמן דשיציאו עבדתא ועד זמן דאתקדשו כהניא ארום ליואי תריצו לאתקדשא יתיר מכהניא:
14,2 Chronicles,29,35,2 Chronicles 29:35,ואוף עלותא לסוגעי בתרבי נכסת קודשיא ובנסוכין לעלתא ואתקנת פולחן בית מקדשא דיי:
14,2 Chronicles,29,36,2 Chronicles 29:36,וחדא יחזקיהו וכל עמא מן בגלל דאתקן יי לעמא יצרא דלבהון ארום בתכף הוה פתגמא:
14,2 Chronicles,30,1,2 Chronicles 30:1,ושדר יחזקיהו על כל ישראל ויהודה ואוף פטקין כתב על דבית אפרים ומנשה למיתי לבית מקדשא דיי בירושלם למעבד פסחא קדם יי אלהא דישראל:
14,2 Chronicles,30,2,2 Chronicles 30:2,ואתמליך מלכא ורברבנוי וכלהון ישראל וכל קהלא בירושלם לעבריא ירחא דניסן ולמעבד פסחא בירחא דאיר הוא ירחא תנינא:
14,2 Chronicles,30,3,2 Chronicles 30:3,ארום לא יכילו למעבד פסחא בניסן מטול דכהניא לא אתקדשו לאדכאה כמסת עבידת קורבניא ועמא לא ספיקו לאתכנשא לירושלם:
14,2 Chronicles,30,4,2 Chronicles 30:4,וכשר פתגמא קדם מלכא קדם כל קהלא:
14,2 Chronicles,30,5,2 Chronicles 30:5,וקימו פתגמא לאעברא כרוזא בכל ישראל מדן ועד בארא דשבע ועד פמיאס למיתי למעבד פסחא קדם יי אלהא דישראל בירושלם מטול דלא סגיאות קהלא עבדו פסחא בניסן בזמניה היכמה דכתיב:
14,2 Chronicles,30,6,2 Chronicles 30:6,ואזלו ריהטוניא בפטקיא מן ידא דמלכא ורברבנוי בכל בית ישראל ויהודה ובתפקדתא דמלכא למימר בני ישראל תובו לדחלתא דיי אלהא דאברהם יצחק וישראל ויתובית לשזבתא דאשתירת לכון מן ידיהון דמלכיא דאתור:
14,2 Chronicles,30,7,2 Chronicles 30:7,ולא תהון הי כאבהתכון והי כאחוכון די שקרו במימרא דיי אלהא דאבהתהון ומסר יתהון לשנאיהון ויהבנון לצדו היכמה די אתון חמאין :
14,2 Chronicles,30,8,2 Chronicles 30:8,כדון לא תקשון קדלכון כאבהתכון אושיטו ידא ותובו לדחלתא דיי ואתו לבית מקדשיה דאקדיש לעלם ופלחו קדם יי ויתוב מנכון תקוף רוגזיה:
14,2 Chronicles,30,9,2 Chronicles 30:9,ארום כד תתובון לדחלתא דיי אחיכון ובניכון יהב לרחמין קדם די שבו יתהון ויתיב במימריה לאתבותהון לארעא הדא ארום חננא ורחמנא יי אלהכון לא יסלק שכנתיה מביניכון אין תתובון עד דחלתיה:
14,2 Chronicles,30,10,2 Chronicles 30:10,והוו ריהטוניא עברין מן קרי לקרי בארעא דבית אפרים ודבית מנשה ועד זבולן והוו מגחכין עליהון ומתעלבין בהון:
14,2 Chronicles,30,11,2 Chronicles 30:11,לחוד גוברין משבטא דאשר ומשבטא דמנשה ומשבטא דזבולן אתכנעו ואתו לירושלם:
14,2 Chronicles,30,12,2 Chronicles 30:12,אוף בדבית יהודה הות רעוא מן קדם יי למתן להון לבא חד למעבד תפקדתא דמלכא ורבניא הי כפתגמיא דיי:
14,2 Chronicles,30,13,2 Chronicles 30:13,ואתכנישו לירושלם עם סגיא למעבד ית חגא דפטיריא בירחא תנינא קהלא סגיא לחדא:
14,2 Chronicles,30,14,2 Chronicles 30:14,וקמו ועטרו ית אגוריא די בירושלם וית כל בתי אסקות בוסמין לטעותא עטרו וטלקו לנחלא דקדרון:
14,2 Chronicles,30,15,2 Chronicles 30:15,ונכיסו ית פסחא בארביסר לירחא תנינא וכהניא אתכנעו ואתקדשו ואיתיאו עלון בבית מקדשא דיי:
14,2 Chronicles,30,16,2 Chronicles 30:16,וקמו על דוכנהון כד חזי להון הי כאוריתא דמשה נביא דיי כהניא זרקין ית אדמא מן ידיהון דליואי:
14,2 Chronicles,30,17,2 Chronicles 30:17,ארום סוגי קהלא לא אתקדשו וליואי הוו ממנן על נכסת אמריא דפסחא לכל גבר דילא אדכי לאתקדשא קדם יי:
14,2 Chronicles,30,18,2 Chronicles 30:18,ארום סוגי עמא ומדבית אפרים ומדבית מנשה ומדבית יששכר ומדבית זבולן לא אדכיו ארום אכלו ית פסחא קדמאה בדלא כתיב ותבו למעבד פסחא תנינא כדכתיב ארום צלי חזקיהו אמטולהון למימר יי דהוא טב יכפר על עמא דאשתליו:
14,2 Chronicles,30,19,2 Chronicles 30:19,ארום לבביה אתקין למתבע דחלתא דיי אלהיה אלהא דאבהתוי ולא יתבע חוביהון דעמא דלא עבדו ית פסחא כדחזי למיכל בדכותא בשר קודשא:
14,2 Chronicles,30,20,2 Chronicles 30:20,וקביל יי צלותיה דחזקיהו ואסי ית עמא:
14,2 Chronicles,30,21,2 Chronicles 30:21,ועבדו בני ישראל דאשתכחו בירושלם ית חגא דפטריא שבעא יומין בחדוא רבתא ומשבחין קדם יי יומא ביומא ליואי וכהניא בזיני תושבחתא קדם יי:
14,2 Chronicles,30,22,2 Chronicles 30:22,ומלל יחזקיהו על לב ליואי דאית בהון שכלא טבא קדם יי ואכלו ית נכסי קודשיא דמועדיא שבעא יומין דבחין דבחי נכסת קודשיא ומהודן קדם יי אלהא דאבהתהון:
14,2 Chronicles,30,23,2 Chronicles 30:23,ואתמליכו כל קהלא למעבד בתר פסחא שירותא שבעא יומין חורנין ועבדו שירותא שבעא יומין בחדוא:
14,2 Chronicles,30,24,2 Chronicles 30:24,ארום חזקיהו מליך שבטא דבית יהודה אפריש לקהלא אלפא תורין ושבעת אלפין עאן ורברביא אפרישו לקהלא תורין אלפא ועאן עשרתי אלפין ואתקדשו כהניא לסוגעא:
14,2 Chronicles,30,25,2 Chronicles 30:25,וחדיאו כל קהלא דיהודה וכהניא וליואי וכלהון קהלא דאתו מדבית ישראל וגיוריא דאתין מארעא דישראל ודיתבין ביהודה:
14,2 Chronicles,30,26,2 Chronicles 30:26,והות חדוא רבתא בירושלם ארום מן יומי שלמה בר דוד מלכא דישראל לא הות כדא בירושלם:
14,2 Chronicles,30,27,2 Chronicles 30:27,וקמו כהניא וליואי ובריכו ית עמא ואתקבלת צלותהון ועלת צלותהון למדור בית שכינת קודשיה לשמיא:
14,2 Chronicles,31,1,2 Chronicles 31:1,וכד פסקו כל דא נפקו כל אנש ישראל דאשתכחו לקרוי יהודה ותברו קמתא וקטעו אשירתא ותרעו ית בסמיא וית אגוריא מן כל בית יהודה ומן בנימין ומן אפרים ומנשה עד דשציאנון ותבו כל בני ישראל גבר לאחסנתיה לקרויהון:
14,2 Chronicles,31,2,2 Chronicles 31:2,ואקים יחזקיהו ית פלוגות כהניא וליואי על פולחנהון כפלוגותהון גבר הי כפום פולחניה לכהניא ולליואי לעלתא ולנכסת קודשיא לשמשא ולאודויי ולשבחא בתרעי משריתא דיי:
14,2 Chronicles,31,3,2 Chronicles 31:3,וחולק מלכא דיהב מן קניניה לעלון לעלות צפרא ורמשא למוספי שביא ולרישי ירחיא ולמועדיא היכמה דכתיב באוריתא דיי:
14,2 Chronicles,31,4,2 Chronicles 31:4,ואמר לעמא ליתבי ירושלם למתן חולק כהניא וליואי מן בגלל דיתקפון באוריתא דיי:
14,2 Chronicles,31,5,2 Chronicles 31:5,וכד אתקף פתגמא אסגיעו בני ישראל שירו עבור חמר ומשח ודובשא דתמריא וכל עללת חקלא ומעשר כלא לסוגעא איתיאו:
14,2 Chronicles,31,6,2 Chronicles 31:6,ובני ישראל ויהודה דיתבין בקרוי יהודה אוף הנון מעשר תורי ועאן ומעשר קודשיא דמקדשין קדם יי אלההון איתיאו ויהבו כירון כירון:
14,2 Chronicles,31,7,2 Chronicles 31:7,בירחא דסיון שריאו כירון לאתוסדא ובירחא דתשרי פסקו:
14,2 Chronicles,31,8,2 Chronicles 31:8,ואתו יחזקיהו ורברבניא וחמו ית כירותא ובריכו ית יי וית עמיה בית ישראל:
14,2 Chronicles,31,9,2 Chronicles 31:9,ותבע יחזקיהו על כהניא וליואי על עסק כירותא:
14,2 Chronicles,31,10,2 Chronicles 31:10,ואמר ליה עזריהו דממנא לרישא על דבית צדוק ואמר מעדן דשריאו לאפרשא אפרשותא לאיתאה לבית מקדשא דיי אכלין ושבעין ומשירין עד סוגי ארום מימרא דיי בריך ית עמיה ומה דאשתיר הא אית רכפת טובא הדין:
14,2 Chronicles,31,11,2 Chronicles 31:11,ואמר יחזקיהו לאתקנא לשכתא בבית מקדשא דיי ואתקינו:
14,2 Chronicles,31,12,2 Chronicles 31:12,ואיתיאו ית אפרשותא ומעשרא דקודשיא בהימנותא ועליהון ממנא סרכן כנניהו ליואה ושמעי אחוהי תנין ליה:
14,2 Chronicles,31,13,2 Chronicles 31:13,ויחיאל ועזזיהו ונחת ועשהאל וירמות ויוזבד ואליאל ויסמכיהו ומחת ובניהו ממנן מן יד כנניהו ושמעי אחוהי במנוי יחזקיהו מלכא ועזריהו סרכא בבית מקדשא דיי:
14,2 Chronicles,31,14,2 Chronicles 31:14,וקורא בר ימנה ליואה ממנא תרעא למדנחא על נדבתא דמתיא קדם יי למתן אפרשותא קדם יי וקדשי קודשיא:
14,2 Chronicles,31,15,2 Chronicles 31:15,ועל צטריה עדן ומנימין וישוע ושמעיהו אמריהו ושכניהו בקרוי כהניא בהימנותא למתן לאחוהון בפלוגותא הי כרבא הי כזעירא:
14,2 Chronicles,31,16,2 Chronicles 31:16,בר ממה דאתיחסו לדכרין מבר תלת שנין ולעלא כל דעליל לבית מקדשא דיי לפתגם יום ביומיה לפולחנהון במטרתהון לפלוגותהון :
14,2 Chronicles,31,17,2 Chronicles 31:17,וית דאתיחסו כהניא לבית אבהתהון וליואי מבר עשרין שנין ולעלא במטרתהון בפלוגותהון :
14,2 Chronicles,31,18,2 Chronicles 31:18,ולאתיחסא בכל טפלהון נשיהון ובניהון ובנתיהון לכל קהלא מטול די בהמנותהון אתקדשו לקודשא:
14,2 Chronicles,31,19,2 Chronicles 31:19,ולבני אהרן כהניא בחקל פרוילי קרויהון בכל קרי וקרי גוברין דאתפרשו בשמהן למתן חולקין לכל דכורא בכהניא ולכל דאתיחסו בליואי:
14,2 Chronicles,31,20,2 Chronicles 31:20,ועבד כדא יחזקיהו בכל יהודה ועבד דתקין ודכשר ודקשטא קדם יי אלהיה:
14,2 Chronicles,31,21,2 Chronicles 31:21,ובכל עובדא דשרי בפלחן בית מקדשא דיי ובאוריתא ובתפקדתא למתבע מן קדם יי אלהיה בכל לבביה עבד ואצלח:
14,2 Chronicles,32,1,2 Chronicles 32:1,בתר פתגמיא וקושטא האלין דעבד יחזקיהו כד קים יי במימריה לאיתאה ית סנחריב מלכא דאתור וית חילותיה על ארעא דישראל מן בגלל לתברא ית אתוראי בארעא דבית יהודה ולאששא ית אוכלוסיהון על טורי דירושלם ולממסר ית כל עדאה ובזתא בידא דחזקיהו ועמיה דבירושלם הא בכין אתא סנחריב מלכא דאתור במשרין סגיעין דלית להון מנין ושרא בארעא שבט יהודה ואשרי אוכלוסוהי על קרוי כריכתא ואמר במימריה לשויותהון עמיה:
14,2 Chronicles,32,2,2 Chronicles 32:2,וחמא יחזקיהו ארום אתא סנחריב ורעותיה לאגחא קרבא על ירושלם:
14,2 Chronicles,32,3,2 Chronicles 32:3,ואתמליך עם רברבנוהי וגברוהי למסתם ית מימי עינה דמן ברא לקרתא וסעדוהי:
14,2 Chronicles,32,4,2 Chronicles 32:4,ואתכנשו עם סגיא וסתימו ית כל עינותא וית נחלא דנגיד במציעות ארעא דישראל למימר למה יהוון אתין מלכיא דאתור הכא וישכחון מיא סגיעין:
14,2 Chronicles,32,5,2 Chronicles 32:5,ואתקף ובנא ית כל שורא דמתרעא ואסיק עלוהי מגדליא ומן לברא דשורא חורניתא ותקיף ית מלותא קרתא דדוד ועבד זיני קרבא לסוגי ותרסין:
14,2 Chronicles,32,6,2 Chronicles 32:6,ומני רבני מסדרי קרבא על עמא וכנישנון לותיה לפתיותא דתרע קרתא ומליל תנחומין על לבהון למימר:
14,2 Chronicles,32,7,2 Chronicles 32:7,אתקפו ואלמו ולא תדחלון ולא תתברון מן קדם מלכא דאתור ומן קדם כל רכפת גיסא די עמיה ארום בסעדנא סגיעין יתיר מן עמא די עמיה:
14,2 Chronicles,32,8,2 Chronicles 32:8,בסעדיה תקוף בשרא ובסעדנא מימרא דיי אלהנא למסעד יתנא ולאגחא סדרי קרבא ואסתמיכו כל עמא על פתגמי יחזקיהו מליך שבטא דבית יהודה:
14,2 Chronicles,32,9,2 Chronicles 32:9,מן בתר כדין שדר סנחריב מלכא דאתור ית עבדוהי ירושלם והוא מעיק על לכיש וכל שלטונוהי עמיה לות יחזקיהו מליך שבטא דבית יהודה ולות כל אנש יהודה דבירושלם למימר:
14,2 Chronicles,32,10,2 Chronicles 32:10,כדנן אמר סנחריב מלכא דאתור על מאן אתון רחיצין ויתבין בצירא בירושלם:
14,2 Chronicles,32,11,2 Chronicles 32:11,הלא יחזקיהו מטעי יתכון למתן יתכון לממת באולצנא ובצחותא למימר יי אלהנא ישיזבננא מן יד מלכא דאתור:
14,2 Chronicles,32,12,2 Chronicles 32:12,הלא הוא יחזקיהו דעטר במתוהי וית אגורוהי ואמר לדבית יהודה ולאנש ירושלם למימר קדם מדבח חד תסגדון ועלוהי תכסון ועלוהי תסקון בוסמנין:
14,2 Chronicles,32,13,2 Chronicles 32:13,הלא תדעון מה דעבדית אנא ואבהתי לכל עמי ארעתא אפשר דמכל הוא יכלין טעות עמי ארעתא לשיזבא ית ארעהון מן ידי:
14,2 Chronicles,32,14,2 Chronicles 32:14,מאן בכל טעות עממיא דגמרו אבהתי דהוה יכיל לשיזבא ית עמיה מן ידי ארום יכול אלהכון לשיזבא יתכון מן ידי:
14,2 Chronicles,32,15,2 Chronicles 32:15,וכדון לא יטעי יתכון יחזקיהו ולא ימליך יתכון כהדא ולא תהימנון במימריה ארום לא יכיל כל טעי וכל עם ומלכו לשיזבא ית עמיה מן ידי ומן ידי אבהתי ארום אלהכון לא ישיזיב יתכון מן ידי:
14,2 Chronicles,32,16,2 Chronicles 32:16,ותוב מלילו עבדוי סטיא על מימרא דיי אלהא ועל יחזקיהו עבדיה:
14,2 Chronicles,32,17,2 Chronicles 32:17,ופטקין כתב לחסדא קדם יי אלהא דישראל ולמימר סטיא עלוהי למימר הי כטעות עממי ארעתא דלא שזבי עמהון מן ידי הכדין לא ישיזב אלהא דיחזקיהו עמיה מן ידי:
14,2 Chronicles,32,18,2 Chronicles 32:18,וקרו בקל רם בלישן בית קודשא לות עמא דבירושלם דעל שורא מטול למדחלהון ולזעזעותהון מן בגלל די כבשון ית קרתא:
14,2 Chronicles,32,19,2 Chronicles 32:19,ומלילו על יי אלהא דשכנתיה שריא בירושלם היכמה די מלילו על טעות עממי ארעא עובדי ידי בר נשא:
14,2 Chronicles,32,20,2 Chronicles 32:20,וצלי יחזקיהו מלכא וישעיהו בר אמוץ נביא על דא וזעיקו לקבל שמיא:
14,2 Chronicles,32,21,2 Chronicles 32:21,ושדר מימרא דיי מיכאל וגבריאל מלאכא ושיצי בלילוא דפסחא באשא מנתכא ואוקיד נשמתהון בגותהון ושיצי כל גבר חילא וסרכן ורבן במשרית מלכא דאתור ותב בביהות אפיא לארעיה ועל לבית טעותיה ובנוהי דאוליד תמן רמוהי קטיל בחרבא:
14,2 Chronicles,32,22,2 Chronicles 32:22,ופרק יי ית יחזקיהו וית יתבי ירושלם מן ידא דסנחריב מלכא דאתור ומן יד כולא ואשרנון לרוחצן חזור חזור:
14,2 Chronicles,32,23,2 Chronicles 32:23,וסגיעין מיתין דורונא לבית מקדשא דיי לירושלם ותפנוקין לחזקיהו מלך שבטא דבית יהודה ואתנטל קדם כל עממיא מן בתר כדין:
14,2 Chronicles,32,24,2 Chronicles 32:24,ביומיא האנון מרע יחזקיהו עד דמטא לממת וצלי קדם יי ואמר במימריה לאסאה יתיה ולאוספא חמיסרי שנין על יומי חיוהי דאתגזר מן שמיא לאזערא מן יומי חיוהי ותמהא יהב ליה:
14,2 Chronicles,32,25,2 Chronicles 32:25,ולא כתושלמת עובדוהי אתיב יי על יחזקיהו ארום גבה לביה והות עלוהי רוגזא ועל כל אנש יהודה ויתבי ירושלם:
14,2 Chronicles,32,26,2 Chronicles 32:26,ואתכנע יחזקיהו מגבהותא דלביה הוא ויתבי ירושלם ולא אתא עליהון רוגזא דיי ביומי יחזקיהו:
14,2 Chronicles,32,27,2 Chronicles 32:27,והוה ליחזקיהו עותר ויקר סגיא לחדא ותסברין עבד ליה לסימא ולדהבא ולמרגלין יקרתא ולבוסמנין ולתריסין ולכל מאני רגוג:
14,2 Chronicles,32,28,2 Chronicles 32:28,ובית אוצרין ואוריאות לעללת עבור חמר ומשח ואסתלון לכל בעירא ובעירא ועדרין ואצטבלין :
14,2 Chronicles,32,29,2 Chronicles 32:29,וקרוין עבד ליה וגיתי אעאן ותורין לסוגי ארום יהב ליה יי קנינא סגיא לחדא:
14,2 Chronicles,32,30,2 Chronicles 32:30,והוא יחזקיהו פקק ית מפקנות מוי גיחון עלאה ותקננון ואוביל יתהון במרזבין מלרע למשרי קרתא דדוד ואצלח יחזקיהו בכל עובדוהי:
14,2 Chronicles,32,31,2 Chronicles 32:31,והיכנא במתורגמני רבני מלכא דבבל דאשתלחין לותיה למתבע תמהא דהוה בארעא למחמי ית תרין לוחי אבניא דהוון בארון קימיה דיי דאצנע תמן משה עם תרין לוחי אבניא דאתברו על חובא דעגלא די עבדו בחורב ארשיה מימרא דיי לאחמיותהון ולא אתנזק מטול לנסיותיה למרע כל מה די הוה בלבביה:
14,2 Chronicles,32,32,2 Chronicles 32:32,ושאר פתגמי יחזקיהו וחסדוהי הא אנון כתיבין בנבואת ישעיהו בר אמוץ נביא ועל ספר מלכיא דבית יהודה וישראל:
14,2 Chronicles,32,33,2 Chronicles 32:33,ושכיב יחזקיהו עם אבהתוהי וקברוהי במסוקית קברי בני דוד ויקר עבדו ליה במותיה כל אנש יהודה ויתבי ירושלם ומליך מנשה בריה תחותוהי:
14,2 Chronicles,33,1,2 Chronicles 33:1,בר תרתסרי שנין מנשה כד מלך וחמשין וחמש שנין מלך בירושלם:
14,2 Chronicles,33,2,2 Chronicles 33:2,ועבד דביש קדם יי הי כתועבת עממיא די תריך יי מן קדם בני ישראל:
14,2 Chronicles,33,3,2 Chronicles 33:3,ותב ובנא ית כל במסיא דתרע יחזקיהו אבוהי ואקים אגוריא לבעליא ועבד אשירתא וסגיד לכל חילי שמיא ועבד יתהון:
14,2 Chronicles,33,4,2 Chronicles 33:4,ובנא אגוריא ואקים פסלא בבית מקדשא דיי דאמר יי בירושלם אשרי שכנתי לעלם:
14,2 Chronicles,33,5,2 Chronicles 33:5,ובנא אגוריא לכל חילי שמיא בתרתין דירת בית מקדשא דיי:
14,2 Chronicles,33,6,2 Chronicles 33:6,והוא אעבד ית בנוהי בנורא בחילת בר הנום ותבע מן מענניא ומן קוסמיא ומן חרשיא ועבד בדין ודכורו אסגי למעבד דביש לארגזא קדמוהי:
14,2 Chronicles,33,7,2 Chronicles 33:7,ואקים ית פסל צורתא די עבד בדיוקניה בבית מקדשא דיי די אמר יי לדוד ולשלמה בריה בביתא הדין ובירושלם דאתרעיתי מכל שבטיא דישראל אשרי ית שכנתי לעלמי עלמיא:
14,2 Chronicles,33,8,2 Chronicles 33:8,ולא אוסיף לאגלאה ית עמא בית ישראל מעלוי ארעא די אקמית ביד אבהתהון לחוד אין ינטרון למעבד ית כל מה די פקדתנון לכל אוריתא וקימיא ודיניא בידא דמשה:
14,2 Chronicles,33,9,2 Chronicles 33:9,ואטעי מנשה ית אנש יהודה ויתבי ירושלם ועבד דביש יתיר מן עממיא די שיצי יי מן קדם בני ישראל:
14,2 Chronicles,33,10,2 Chronicles 33:10,ומליל יי לות מנשה ולות עמיה ואסהדנון בידא דנביא ולא אציתו:
14,2 Chronicles,33,11,2 Chronicles 33:11,ואיתי יי עליהון ית רבני חילא די למלכא דאתור ואחדו ית מנשה בכירומנקיא ואסרוהי בשושלון דנחשא ואובלוהי לבבל ועבדו כשדאי מולות נחשא ונקבוהי נקבין נקבין דקיקין וסגרו יתיה בגוה ואציתו נורא חזור חזור ליה:
14,2 Chronicles,33,12,2 Chronicles 33:12,וכדעיק ליה תבע מן כלהון טעותא די עבד ולא אסתיע ארום לית בהון צרוך והדר וצלי קדם יי אלהיה ואתכנע לחדא מן קדם יי אלהא דאבהתוי:
14,2 Chronicles,33,13,2 Chronicles 33:13,וצלי קדמוהי מן יד אזלו כל מלאכיא די ממנן על מעלני תרעי צלותא דבשמיא ואחדו אמטולתיה כל מעלני תרעי צלותא וכלהון כוי וחרכי שמיא מן בגלל דלא תתקבל צלותיה ומן יד אתגוללו רחמי מברי עלמא דימיניה מתיחא לקבלא חיביא דתיבין לדחלתיה ותברין יצרא דלבהון בתשובה ועבד חרכא ומחתרתא בשמיא תחות כורסי יקריה ושמע צלותיה וקביל בעותיה ואזיע עלמא במימריה ואתכפעת מולתא ונפק מתמן ונפקת רוחא מביני כנפי כרוביא ונתביה בגזירת מימרא דיי וחזר למלכותיה לירושלם וידע מנשה ארום יי הוא אלהא די עבד עמיה אתיא ותמהיא האנון ותב בכל לבביה קדם יי ושבק כל טעותא ולא אשתעבד להון:
14,2 Chronicles,33,14,2 Chronicles 33:14,ומן בתר כדין בנא שורא בריתא לקרתא דדויד ממישרא דגיחון בנחלא למיעל בתרע מזבני כוריה ואחזר לפלטרין ואגבה יתה עד לחדא ומני רבני חילא בכל קרויא כריכתא די בבית יהודה:
14,2 Chronicles,33,15,2 Chronicles 33:15,ועטר ית טעות עממיא וית צורתא מבית מקדשא דיי וית אגוריא דבנא בטור בית מקדשא דיי ובירושלם וטליק לברא לקרתא:
14,2 Chronicles,33,16,2 Chronicles 33:16,ובנא ית מדבחא דיי ודבח עלוהי נכסי נכסת קודשין ותודתא ואמר לדבית יהודה למפלח ית יי אלהא דישראל:
14,2 Chronicles,33,17,2 Chronicles 33:17,ברם עד כדון עמא דבחין בבמתיא לחוד לשום מימרא דיי אלההון:
14,2 Chronicles,33,18,2 Chronicles 33:18,ושאר פתגמי מנשה וצלותיה די צלי קדם יי אלהיה ופתגמי נביאי דממללן עמיה בשום מימרא דיי אלהא דישראל הא אנון כתיבין על פתגמי מלכיא דבית ישראל:
14,2 Chronicles,33,19,2 Chronicles 33:19,וצלותיה די צלי קדם יי והיך קביל יי צלותיה וכל סרחניה ושקריה ואתריא דבנא בהון במתיא ואקים אשרתא וצלמיא ואתכנעותיה הא אנון כתיבין על פתגמי חוזי:
14,2 Chronicles,33,20,2 Chronicles 33:20,ושכיב מנשה עם אבהתוי וקברוהי בביתיה ומליך אמון בריה תחותוהי:
14,2 Chronicles,33,21,2 Chronicles 33:21,בר עשרין ותרתין שנין אמון כד מלך ותרתין שנין מלך בירושלם:
14,2 Chronicles,33,22,2 Chronicles 33:22,ועבד דביש קדם יי היכמא די עבד מנשה אבוהי ולכל צלמניא די עבד מנשה אבוהי דבח אמון ופלחנון:
14,2 Chronicles,33,23,2 Chronicles 33:23,ולא אתכנע מן קדם יי היכמא דאתכנע מנשה אבוהי ארום הוא אמון אסגי חובא:
14,2 Chronicles,33,24,2 Chronicles 33:24,ומרדו על-והי עבדוהי וקטלוהי בביתיה:
14,2 Chronicles,33,25,2 Chronicles 33:25,וקטלו עמא דארעא ית כל דמרדו על מלכא אמון ואמליכו עמא דארעא ית יאשיהו בריה תחותוהי:
14,2 Chronicles,34,1,2 Chronicles 34:1,בר תמניא שנין יאשיהו כד מלך ותלתין וחדא שנין מלך בירושלם:
14,2 Chronicles,34,2,2 Chronicles 34:2,ועבד דכשר קדם יי ואזל באורחא דדוד אבוהי ולא סטא לימינא ולשמאלא:
14,2 Chronicles,34,3,2 Chronicles 34:3,ובתמניא שנין כד מלך והוא עד כדון טלי שרי למתבע אולפן מן קדם יי אלהא דדויד אבוהי ומתריסר שנין שרי לדכאה ית יהודה וירושלם מן במתיא ואשירתא וצלמניא ומתכיא :
14,2 Chronicles,34,4,2 Chronicles 34:4,ותרעו קדמוי ית אגורי טעותא וחמסנסיא די לעיל מעלויהון קטע ואשיריא וצלמניא ומתכתא תבר ואודיק וזרק על אפי קבריא דדבחין להון:
14,2 Chronicles,34,5,2 Chronicles 34:5,וגרמי כומריא אוקיד על אגוריהון ודכי ית יהודה וית ירושלם:
14,2 Chronicles,34,6,2 Chronicles 34:6,ובקרוי דבית מנשה ודבית אפרים ודבית שמעון ועד דבית נפתלי בבית צדיותהון חזור חזור:
14,2 Chronicles,34,7,2 Chronicles 34:7,ותרע ית אגוריא וית אשיריא וצלמניא דאדק לאדקא וכל חמסנסיא קטע בכל ארעא דישראל ויתב בירושלם:
14,2 Chronicles,34,8,2 Chronicles 34:8,ובשתא תמניסרי כד מלך בדכאותיה ית ארעא ובית מקדשא שדר ית שפן בר אצליהו וית מעשיהו ארכון קרתא וית יואח בר יואחז די ממנא על ספר דוכרניא לתקפא ית בית מקדשא דיי אלהיה:
14,2 Chronicles,34,9,2 Chronicles 34:9,ואתו לות חלקיהו כהנא רבא ויהבו ית סימא דמתעל לבית מקדשא דיי דכנשו ליואי נטרי פלטין מן ידיהון דבית מנשה ואפרים ומן שארא דבית ישראל ומן כל אנש יהודה ובנימין ויתבי ירושלם:
14,2 Chronicles,34,10,2 Chronicles 34:10,ויהבו על יד עבד עבידתא וממנן בבית מקדשא דיי ויהבו יתיה עבדי עבדתא דאנון עבדין בבית מקדשא דיי לצרכיה לתקפא ביתא:
14,2 Chronicles,34,11,2 Chronicles 34:11,ויהבו לנגריא ולארדכליא למזבן אבנין פסילן וקסין למעבד כשורין ללפא ולטללא ית ביתא דחבילו מלכיא דבית יהודה:
14,2 Chronicles,34,12,2 Chronicles 34:12,וגובריא עבדין בהימנותא בעבידתא ועליהון ממנן יחת ועובדיהו ליואי מן בני מררי וזכריה ומשלם מן בני קהת לשבחא וליואי בכל דמליף בזיני תושבחתא:
14,2 Chronicles,34,13,2 Chronicles 34:13,ועל נטלי טוענא ומתגברין על כל עבדי עבוד רבא ולמפלח פולחנא ומן ליואי לבלרין ופורענין ותרעיא:
14,2 Chronicles,34,14,2 Chronicles 34:14,וכד אפיקו ית סימא דמתעל בבית מקדשא דיי אפיק חלקיהו כהנא ית ספר אוריתא דיי דאתיהיבת בידא דמשה:
14,2 Chronicles,34,15,2 Chronicles 34:15,ואתיב חלקיהו ואמר לשפן ספרא ספר אוריתא אשכחית בבית מקדשא דיי גנון ומלפף ויהב חלקיהו ית ספרא לות שפן:
14,2 Chronicles,34,16,2 Chronicles 34:16,ואיתי שפן ית ספרא לות מלכא ואחזר תוב ית מלכא פתגמא למימר כל מא דאתיהב בידיהון דעבדך אינון עבדין:
14,2 Chronicles,34,17,2 Chronicles 34:17,טקיסו ית סימא דאשתכח בבית מקדשא דיי ויהבוהי על ידיהון דלבלריא דעבדין בעבדתא:
14,2 Chronicles,34,18,2 Chronicles 34:18,וחוי שפן לבלרא למלכא למימר ספרא יהב לי חלקיהו כהנא וקרא ביה שפן קדם מלכא:
14,2 Chronicles,34,19,2 Chronicles 34:19,והוה כד שמע מלכא ית פתגמי ספר אוריתא ובזע ית לבושוי:
14,2 Chronicles,34,20,2 Chronicles 34:20,ופקיד מלכא ית חלקיהו וית אחיקם בר שפן וית עבדון בר מיכה וית שפן לבלרא וית עשיה עבדא דמלכא למימר:
14,2 Chronicles,34,21,2 Chronicles 34:21,אזילו תבעו אולפן מן קדם יי אמטולתי ואמטול כל מלכותי ואמטול כל דאשתיר בישראל וביהודה מטול פתגמי ספרא דאשתכח ארום סגיעת רוגזא דיי די מטת בנא מן בגלל דלא נטרו אבהתנא ית פתגמא דיי למעבד הי ככל מה דכתיב על ספרא הדין:
14,2 Chronicles,34,22,2 Chronicles 34:22,ואזל חלקיהו ודהוו עם מלכא לות חולדה נביאתא אתת שלום בר תקהת בר חסרה נטר לבושי מלכא והיא יתבה בירושלם בבית אולפנא ומלילו לותה כהדא:
14,2 Chronicles,34,23,2 Chronicles 34:23,ואמרת להון כדנן אמר יי אלהא דישראל אזילו אמרו לגברא דשדר יתכון לותי:
14,2 Chronicles,34,24,2 Chronicles 34:24,כדנן אמר יי הא אנא מיתי בשתא על אתרא הדין ועל יתבוהי ית כל קינומי לוטיא דכתיבין על ספרא די קרו קדם מליך שבטא דבית יהודה:
14,2 Chronicles,34,25,2 Chronicles 34:25,חלף די שבקו דחלתי ואסיקו בוסמין לטעות עממיא מן בגלל לארגזא קדמוי בכל עובדי ידיהון ומטת רוגזי באתרא הדין ולא עדת:
14,2 Chronicles,34,26,2 Chronicles 34:26,ולות מליך שבטא דבית יהודה דשדר יתכון למתבע אולפן מן קדם יי כדנן תימרון ליה כדנן אמר יי אלהא דישראל פתגמיא די שמעתא:
14,2 Chronicles,34,27,2 Chronicles 34:27,בגלל דאתמסי לבבך ואתכנעתא מן קדם מימרא דיי כד שמעתא ית פתגמוי על אתרא הדין ועל יתבוהי ואתכנעתא מן קדמוי ובזעתא לבושך ובכיתא קדמי ואוף קדמי שמיע אמר יי:
14,2 Chronicles,34,28,2 Chronicles 34:28,הא אנא מכנש יתך לות אבהתך ותתכנש לבית קבורתך בשלם ולא תחמין עינך בכל בשתא די אנא מיתי על אתרא הדין ועל יתבוהי ואתיבו ית מלכא פתגמא:
14,2 Chronicles,34,29,2 Chronicles 34:29,ושדר מלכא וכנש ית כל סבי יהודה וירושלם:
14,2 Chronicles,34,30,2 Chronicles 34:30,וסליק מלכא לבית מקדשא דיי וכל אנש יהודה ויתבי ירושלם וכהניא וליואי וכל עמא למן רבא ועד זעירא וקרא קדמיהון ית כל פתגמי ספרא דקימא דאשתכח בבית מקדשא דיי:
14,2 Chronicles,34,31,2 Chronicles 34:31,וקם מלכא על אסטוניה וגזר ית קימא קדם יי למהך בתר דחלתא דיי ולמטר ית פקודוי וסהדותיה וקימוי בכל לבביה ובכל נפשיה למעבד ית פתגמי קימא די כתיבין על ספרא הדין:
14,2 Chronicles,34,32,2 Chronicles 34:32,ואקים ית כל דאשתכח בירושלם ובנימן ועבדו יתבי ירושלם הי כקימא דיי אלהא דאבהתהון:
14,2 Chronicles,34,33,2 Chronicles 34:33,ועטר יאשיהו ית כל תועבתא מכל ארעתא דלבני ישראל ושעביד ית כל דאשתכח בישראל למפלח ית יי אלההון כל יומוי לא עדו מבתר פולחנא דיי אלהא דאבהתהון:
14,2 Chronicles,35,1,2 Chronicles 35:1,ועבד יאשיהו בירושלם ית פסחא קדם יי ונכסו פסחא בארבסר לירחא דניסן:
14,2 Chronicles,35,2,2 Chronicles 35:2,ואקים כהניא על מטרתהון ותקפנון לפולחנא דבית מקדשא דיי:
14,2 Chronicles,35,3,2 Chronicles 35:3,ואמר לליואי דמלפין ית עמא לכל בית ישראל דאתקדשו לשמא דיי הבו ית ארונא דקודשא בביתא די בנא שלמה בר דוד מלכא דישראל לית לכון רשותא למטל בכתף כדון פלחו ית יי אלהכון וית עמיה בית ישראל:
14,2 Chronicles,35,4,2 Chronicles 35:4,ואתקינו לבית אבהתכון הי בפלוגותכון היכמא די פקיד משה והיכמא דכתב דוד מלכא דישראל והיכמא די כתבא דשלמה בריה:
14,2 Chronicles,35,5,2 Chronicles 35:5,וקומו בבית מקדשא לפלוגות בית אבהתא לאחוכו בני עמא ופלוגות בית אבא ללואי:
14,2 Chronicles,35,6,2 Chronicles 35:6,וכוסו פסחא ואתקדשו ואתקינו לאחוכון למעבד היכמא די מליל יי בידא דמשה:
14,2 Chronicles,35,7,2 Chronicles 35:7,ואפריש יאשיהו לבני עמא אען אמריא ובני עזיא כלא לפסחיא לכל מאן דאשתכח למנינא תלתין אלפין ותורין תלתא אלפין לנכסת קודשיא דחגא אלין מקנינא דמלכא:
14,2 Chronicles,35,8,2 Chronicles 35:8,ורברבנוי לנדבתא לעמא לכהניא ולליואי אפרישו חלקיהו וזכריהו ויחיאל סרכי בית מקדשא דיי לכהניא יהבו לפסחיא תרין אלפין ושית מאה ותורין תלת מאה:
14,2 Chronicles,35,9,2 Chronicles 35:9,וכנניהו ושמעיהו ונתנאל אחוהי וחשביהו ויעיאל ויוזבד רברבי ליואי אפרישו לליואי לפסחיא אען חמשא אלפין ותורין חמש מאה:
14,2 Chronicles,35,10,2 Chronicles 35:10,ואתקנת עבדתא וקמו כהניא על דוכנהון וליואי על פלוגותהון הי כתפקדתא דמלכא:
14,2 Chronicles,35,11,2 Chronicles 35:11,ונכיסו פסחא וזריקו כהניא ית דמא מידיהון וליואי משלחין:
14,2 Chronicles,35,12,2 Chronicles 35:12,ואעדיאו עלתא במהבותהון לבית אבהתהון לבני עמא לקרבא קדם יי כמא דכתיב בספרא דמשה והיכדין בצפרא:
14,2 Chronicles,35,13,2 Chronicles 35:13,וטוו ית פסחא בנורא כדחזי וית נכסת קודשיא בשילו בקדריא ובדודיא ובמלוסיא ואושיטו לכל בני עמא:
14,2 Chronicles,35,14,2 Chronicles 35:14,ומן בתר כדון אתקינו להון ולכהניא ארום כהניא בני אהרן מתעסקין באסקות עלתא ותרביא עד ליליא וליואי תקינו להון ולכהניא בני אהרן:
14,2 Chronicles,35,15,2 Chronicles 35:15,ומשבחיא בני אסף על אתר מוקמתהון הי כתפקידתא דדוד ואסף והימן וידותון נביא דמלכא ותרעיא לתרע ותרע לית להון למעדי מעל פולחנהון ארום אחוהון ליואי אתקינו להון:
14,2 Chronicles,35,16,2 Chronicles 35:16,ואתקנת כל עבדת פולחנא דיי ביומא ההוא למעבד פסחא ואסקות עלתא על מדבחא דיי הי כתפקדתא דמלכא יאשיהו:
14,2 Chronicles,35,17,2 Chronicles 35:17,ועבדו בני ישראל דאשתכחו מהימנין קדם יי ית פסחא בעדנא ההיא ברמשא וית חגא דפטיריא שבעא יומין:
14,2 Chronicles,35,18,2 Chronicles 35:18,ולא אתעביד פסחא די כמתיה בישראל מן יומי שמואל נביא וכל מלכיא דבית ישראל לא עבדו הי כפסחא די עבד יאשיהו וכהניא וליואי וכל אנש יהודה ובית ישראל דאשתכחו בהימנותא ויתבי ירושלם:
14,2 Chronicles,35,19,2 Chronicles 35:19,בתמניסרי שנין למלכותא דיאשיהו אתעבד פסחא הדין:
14,2 Chronicles,35,20,2 Chronicles 35:20,בתר כל דנא דאתקין יאשיהו ית בית מקדשא דיי סליק פרעה חגירא מלכא דמצרים לאגחא קרבא בכרכמיש דעל פרת ונפק לקדמותיה יאשיהו:
14,2 Chronicles,35,21,2 Chronicles 35:21,ושדר לותיה אזגדין למימר מה אית לי עמך מלך שבטא דבית יהודה לא עלך סלקית לאגחא קרבא ארום אנת מתגרי יומא דין עמי ארום אלהין לבית קרבא די לי וטעותי אמר לסרהבותי כדון פסוק לך מני ומן טעותא דעמי ולא תחבליתך:
14,2 Chronicles,35,22,2 Chronicles 35:22,וכד שמע ית מא דאדכר ית טעותיה לא אסתחר לאחורא ולא אחזיר יאשיהו ית אפוהי מניה ארום לאגחא קרבא ביה אשתני ואטקס בזיני קרבא ולא קביל לפתגמי חגירא די מליל על עיסק טעותיה ואתא לאגחא קרבא במישר מגדו:
14,2 Chronicles,35,23,2 Chronicles 35:23,ומן בגלל דלא תבע יאשיהו אולפן מן קדם יי ואזל לאגחא קרבא במישר מגדו אתפרע מניה מרי עלמא ופתקו ושדו קשתאי גררין למלכא יאשיהו ואמר מלכא לעבדוי אעברו יתי ארום מרעיתי לחדא:
14,2 Chronicles,35,24,2 Chronicles 35:24,ואעברו יתיה עבדוי מן רתיכא וארכבוהי על רתיכא תניתא די ליה ואובלוהי לירושלם ומית תמן ואתקבר בקברי אבהתוי וכל אנש יהודה וירושלם מתאבלין על יאשיהו:
14,2 Chronicles,35,25,2 Chronicles 35:25,ואלא ירמיהו על יאשיהו אליא רבתא ואמרין עמיה כל רברביא ומטרוניתא והוון מתיבין באליהון על יאשיהו עד יומא הדין ויהבנון לגזירה שנה על ישראל דיהון ספדין על יאשיהו באליהון והאנון כתיבין בספרא דכתב ברוך מן פום ירמיהו על אליתא:
14,2 Chronicles,35,26,2 Chronicles 35:26,ושאר פתגמי יאשיהו וכל חסדוהי די עבד היכמא די כתיב באוריתא דיי:
14,2 Chronicles,35,27,2 Chronicles 35:27,ופתגמוהי קדמאי מה די עבד בינקותיה ובתראי מה די עבד בעולמותיה וכל דיניא דדאין מן יומא די מלך בר תמניא שנין דהוה טלי עד שנת תמנסרי דהוה עולם כד שארי לתקפא ית בית מקדשא דיי כולהון אתיב למארי דינא מן ממוניה והיך דכי ית בית ישראל ויהודה מן כל סאבותא האנון כתיבין על ספר מלכיא דבית ישראל ודבית יהודה:
14,2 Chronicles,36,1,2 Chronicles 36:1,ונסיבו עמא דארעא ית יהואחז בר יאשיהו ואמליכו יתיה תחות אבוהי בירושלם:
14,2 Chronicles,36,2,2 Chronicles 36:2,בר עשרין ותלת שנין יואחז כד מלך ותלתא ירחין מלך בירושלם:
14,2 Chronicles,36,3,2 Chronicles 36:3,ואעדי יתיה מלכא דמצרים מלממלך בירושלם וגבא מן יתבי ארעא דישראל מאה קנטנרין דסימא וקנטינר דדהב:
14,2 Chronicles,36,4,2 Chronicles 36:4,ואמליך מלכא דמצרים ית אליקים אחוהי על יהודה וירושלם ואחזר ית שמיה יהויקים וית יהואחז אחוהי דבר חגירא ואיתי יתיה למצרים:
14,2 Chronicles,36,5,2 Chronicles 36:5,בר עשרין וחמש שנין יהויקים כד מלך וחד סרי שנין מלך בירושלם ועבד דביש קדם יי אלהיה:
14,2 Chronicles,36,6,2 Chronicles 36:6,עלוהי סליק נבוכדנאצר מלכא דבבל ואסרוהי בכירומנקיהו בשושלון דנחשא לאובלא יתיה לבבל:
14,2 Chronicles,36,7,2 Chronicles 36:7,ומן מאני בית מקדשא דיי איתי נבוכדנאצר לבבל ויהבינון בפלטיריה בבבל:
14,2 Chronicles,36,8,2 Chronicles 36:8,ושאר פתגמי יהויקים וריחוקיה ומה די עבד וסורחנא דאשתכח עלוהי הא אנון כתיבין על ספר מלכיא דבית ישראל ודבית יהודה ומליך יהויכין בריה תחותוהי:
14,2 Chronicles,36,9,2 Chronicles 36:9,בר תמני שנין יהויכין כד מלך ותלתא ירחין ועשרתי יומין מלך בירושלם ועבד דביש קדם יי:
14,2 Chronicles,36,10,2 Chronicles 36:10,ולסוף דשתא שדר מלכא נבוכדנצר ואיתיה לבבל עם כלי רגגת בית מקדשא דיי ואמלך ית צדקיהו אחוהי על דבית יהודה וירושלם:
14,2 Chronicles,36,11,2 Chronicles 36:11,בר עשרין וחדא שתא צדקיהו כד מלך וחד סרי שנין מלך בירושלם:
14,2 Chronicles,36,12,2 Chronicles 36:12,ועבד דביש קדם יי אלהיה ולא אתכנע מן קדם ירמיהו נביא דאתנבי ליה מן פום מימרא דיי:
14,2 Chronicles,36,13,2 Chronicles 36:13,ואוף במלכא נבוכדנאצר מרד דאימי יתיה במימרא דיי ואקשי ית קדליה ותקיף ית יצרא דלביה מן בגלל דלא למתוב לדחלתא דיי אלהא דישראל:
14,2 Chronicles,36,14,2 Chronicles 36:14,ולחוד כל רברבי כהניא ועמא אסגיעו לשקרא שקר הי ככל תועבתא ריחוק עממיא וסאיבו ית בית מקדשא דיי דאקדיש בירושלם:
14,2 Chronicles,36,15,2 Chronicles 36:15,ושדר יי אלהא דאבהתהון עליהון דיתובון ביד אזגדוהי אקדים ושלחא מטול דחיס על עמיה ועל מדור בית שכינת קודשיה:
14,2 Chronicles,36,16,2 Chronicles 36:16,והוו מגחכין באזגדיא דיי ומבסרין בפתגמוהי ומתלעיבין בנביאוהי עד די סליקת רוגזא דיי בעמיה עד דלית אסו:
14,2 Chronicles,36,17,2 Chronicles 36:17,ואסיק עליהון ית מלכא דכשדאי וקטל ית עולימהון בחרבא בבית מקדשיהון ולא חס על עולם ובתולתא וסבא וארכונא כלא מסר בידיה:
14,2 Chronicles,36,18,2 Chronicles 36:18,ואוף מאני בית מקדשא דיי מסר בידי רברביא וזעיריא ותסברי בית מקדשא דיי ותסברי מלכא ורברבנוהי כלא איתי לבבל:
14,2 Chronicles,36,19,2 Chronicles 36:19,ואוקידו ית בית מקדשא דיי ותרעו ית שורא דירושלם וית כל פלטירהא אוקידו בנורא וכל מאני רגונהא לחבלא:
14,2 Chronicles,36,20,2 Chronicles 36:20,ואגלי שארא דאשתירת מן קטלא דחרבא לבבל והוו ליה ולבנוהי לעבדין עד זמן דמליך מלכותא דפרס:
14,2 Chronicles,36,21,2 Chronicles 36:21,לאשלמא פתגם נבואה מן קדם יי מפום ירמיהו עד זמן דאתרעיאת ארעא שמיטתא הא כל יומא דאיצדיאת ארעא דישראל שמיטת שבעין שנין:
14,2 Chronicles,36,22,2 Chronicles 36:22,ובשתא חדא לכורש מלכא דפרס כד שלים פתגם נבואה דיי מפומא דירמיה אתיהו רוח גבורתא דיי בכורש מלכא דפרס ואעבר כרוזא בכל מלכותיה ואוף באגרתא שדר למימר:
14,2 Chronicles,36,23,2 Chronicles 36:23,כדנן אמר כורש מלכא דפרס כל מלכותא דארעא מסר לי מימרא דיי אלהא דשמיא והוא פקיד עלי למבני ליה בית מקדשא בירושלם די בשבט יהודה מאן בכון דאית ביניה מכל עמיה יהא מימרא דיי בסעדיה ויסק:
17,Esther,1,1,Esther 1:1,והוה ביומי אחשורוש הוא אחשורוש דביומוהי בטילת עבידת בית אלהנא רבא והוה בטילא עד שנת תרתין לדריוש בגין עטיתא דושתי חיבתא ברתיה דאויל מרודך בר נבוכדנצר ועל דלא שבקת למבני ית בית מוקדשא אתגזר עלה לאתקטלא ואוף איהו על דצית לעטא אתקצרו יומוהי ואיתפליג מלכותיה דמן קדמת דנא הון כל עממיא אומיא ולשניא ואפרכיא כבישן תחות ידוי וכען לא אשתעבדו ליה מן בגלל הכי ובתר כדון אתגלי קדם יי דעתידא ושתי לאתקטלא ועתיד הוא למסב ית אסתר דהיא מבנת שרה דחית מאה ועשרין ושבע שנין אתיהבת ליה ארכא ומלך מן הנדיא רבא ועד כוש מן מדינחא דהנדיא רבא ועד מערבא דכוש מאה ועשרין ושבע פילחין: תוספתא חמשה כתיב בהון ויהי לישנא דוי ואלו אינון ויהי בימי אמרפל דאתכנשו מלכין ולא הוה ריבא וחרבא בעלמא עד דאתא אמרפל ויהי בימי שפוט השופטים וכל וי הוה ביומיהון ומן וי הוה מטול דהוה כפנה בארעא דכתיב ויהי רעב בארץ ויהי בימי אחז וי הוה ביומוי ומן וי הוה דכתיב עלה רצין מלך ארם ומה כתיב בתריה נעלה ביהודה ונקיצנה מכאן אתה למד כולהון דכתיב ויהי בימי לישנא דוי והוה מן יומי עלמא מן שנין קדמיתא כד הוו עקן אתיין על בית ישראל הון מצלן קדם אבוהון דבשמיא ועני יתהון דכתיב ויהי עד לא יקרון אנא עני עד לא ימללון אנא אשמע:
17,Esther,1,2,Esther 1:2,ביומיא האנון כד בעא מלכא אחשורוש למיתב על כורסי מלכותא דשלמה דאשתבא מן ירושלם על ידוי דשישק מלכא דמצרים וממצרים אשתבא על ידוי דסנחריב ומן ידוי דסנחריב אשתבא על ידוי דחזקיה ותב לירושלם ותוב מן ירושלם אשתבא על ידוי דפרעה חגירא מלכא דמצרים וממצרים אשתבא על ידוי דנבוכדנצר ונחת לבבל וכד צדא כורש מדאה ית בבל אחתיה לעילם ובתר כן מלך אחשורוש ובעא למיתב עלוהי ולא הוה יכיל ושדר ואייתי ארדיכלין מן אלכסנדריא למעבד כותיה ולא יכילו ועבדו אוחרן ארע מיניה ואתעסקו ביה תרין שנין ובשתא תליתאה דמלכותיה יתיב עלוי ההוא כורסי מלכותיה דעבדו ליה ארדיכלין בשושן בירנתא:
17,Esther,1,3,Esther 1:3,בשתא דתלת למלכותיה דאחשורוש עבד משקיא ומטול מה עבד משקיא אית דאמרין דמרדין עלוהי אפרכיא ואזל וכבשנון ובתר דאכבשינון אתא ועבד משקיא ואית דאמר יומא דאידא הוה ליה ושדר אגרתא לכולהן מדינתא למיתי למעבד קדמוי חדותא שלח וזמן כל רברבני מדינתא דייתון ויחדון עמיה ואתו קדמוי מאה ועסרין ושבע מלכין מן מאה ועסרין ושבע מדינן וכולהון קטירי תגי ברישיהון והון סמיכין ליה על גנזי מילתא ואכלין וחדיין קדם מלכא והון פרתונאי ורברבני מדינתא קדמוי ומן רברבני ישראל הוו תמן מטול דחזו תמן מאני בית מקדשא הון בכין ומספדן תמן:
17,Esther,1,4,Esther 1:4,ובתר דאכלו ושתו ואתפנקו אחזי להון ית עתריה די ישתאר בידיה מן כורש מדאה ואוף כורש אשכח ההוא עתרא בצדאותיה דבבל חפר בספר פרת ואשכח תמן שית מאה ותמנן אחמיתין דנחשא מליין דהב טב יוהרין ובורלין וסנדלכין ובההוא עתרא תקף יקריה יומין סגיאין ומשתיא לרברבנוי מאה ותמנין יומין:
17,Esther,1,5,Esther 1:5,ובאשלמות יומי משתיא האלין עבד מלכא לכל עמא בית ישראל דאשתכחו חיביא בשושן בירנתא דאתמניאו עם ערלאין דירי ארעא למן רבא ועד זעירא משתיא שבעא יומין בדרת גנתא גואה דמלכא דהות נציבא אילנין עבדין פירין ובוסמנין כבישן עד פלגותהון דהב טב ושלימו באשלמות אבן טבא ומטללין עלויהון ברם מרדכי צדיקא וסיעתיה לא הוו תמן:
17,Esther,1,6,Esther 1:6,ומן אילנא לאילנא הוו פריסן יריען דבוץ גון חיור בספירין וכרתנין ותיכלא אחידן באשלי מטכסין צביען בארגונא דלין עלוי אונקלון דכסף ודשרין סגלגלין דכסף כפיסן עלוי עמודי מרמרין סמקין ירקין וברקין ומרוקין וחורין אותיב יתהון עלוי ערסן דמילתין דמתחן על דרגשין דנקלטיהון דדהב טב וכרעיהון דכסף שרין על סטיו כביש קרוסטליגין ומרמרין ודורא דכרכי ימא רבא ואטונין מצירין מקפין להון חזור חזור:
17,Esther,1,7,Esther 1:7,ופקיד לאשקאה יתהון במני דהבא דבית מקדשא דאייתי נבוכדנצר רשיעא מן ירושלם ומניא אוחרניתא דהוו ליה למלכא אחשורוש תמן הוו מחלפין דמותיהון היכאבר ומן קדם מני בית מקדשא אישתניאו והוו שתן חמר עסיס דיאי למשתי מלכא דסגי ריחיה ובסיס טעמיה ולא בחסרנא אלהן כמיסת ידא דמלכא:
17,Esther,1,8,Esther 1:8,ושקותא כהלכתא מנהג גופא ולית דאניס ארום כן שם טעם מלכא על כל דאתמנא אפיטרופוס על ביתיה למעבד כרעות גברא בר ישראל וכרעות גבר מן כל אומא ולישן:
17,Esther,1,9,Esther 1:9,אוף ושתי מלכתא רשיעתא עבדא משתא נשיא בבית מלכותא אתר קיטון בית דמוך די למלכא אחשורוש:
17,Esther,1,10,Esther 1:10,ומרדכי צדיקא צלי קדם יי מן יומא קדמאה דמשתיא עד יומא שביעאה די הוא שבתא לחמא לא אכל ומוי לא שתא וביומא שביעאה דהוה שבתא עלת קבלתיה וקבלת סנהדרין קדם יי וכד שפר לבא דמלכא בחמרא גרי ביה יי מלאכא דשגישתא משתהון בכן אמר למהומן בזתא חרבונא בגתא ואבגתא זתר וכרכס מהומן דמתמני על מהומתא בזתא בוז ביתא חרבונא אחר ביה בגתא ואבגתא עתיד מרי עלמא לעסאה יתהון כגבר דעצר ענבוי בעצרתא תרין זימנין ועתיד לצדאותהון ולשפאותהון להני שבעא רבניא דשמשין באלין שבעא יומין קדם אפי מלכא אחשורוש:
17,Esther,1,11,Esther 1:11,וגזר מלכא על אלין שבעא רבניא לאיתאה ית ושתי מלכתא ערטילתא על עיסק דהות מפלחא ית בנתא דישראל ערטילן ומנפסן עמר וכתן ביומא דשבתא ובגין כן אתגזר עלה לאיתי ערטילתא ברם כלילא דמלכותא על רישה בגין זכותא דאלביש נבוכדנצר אבוי דאבא ית דניאל ארגונא ובגין כן גזר למהוי אתיא קדמוי בכלילא דמלכותא לאחזאה לעממיא ורברבניא ארום שפירת חיזו היא:
17,Esther,1,12,Esther 1:12,וסריבת מלכתא ושתי למיעל בגזרת מימר מלכא דאתפקדת ביד רברבניא ורגיז מלכא לחדא וחמתיה רתחת ביה:
17,Esther,1,13,Esther 1:13,ואמר מלכא לחכימיא בנוי דיששכר דחכימין מנדעא בעידניא וזמניא בספר אורייתא וחושבן עלמא ארום היכדין יאה למהוי מתמלל פתגם מלכא קדם כל חכים וידעי אורייתא ודינא:
17,Esther,1,14,Esther 1:14,וסריבו בנוי דיששכר למידן ית דינא ההוא ברם צלו קדם יי וכן אמרו רבון דעלמא ערבל ית משתהון והוי דכיר ית צדיקיא דקריבו קדמך בבית מקדשך אמרין בני שנא ותרין בני יונה שפנינן על מדבחא אדמתא עד ידא דכהנא רבה דהוה לביש חושנא די ביה כרום ימא ורובי כהנא הוו מרסן ובחשן ית דמא ומסדרין קדמך לחם אפיא וכן אסתחר מלכא ותב ושאל עטיתא לרברבנוי דקריבין לותיה ואלין שמהתהון כרשנא שתר אדמתא תרשיש מרס מרסנא ממוכן שבעא רברבני פרסאי ומדאי חזי אפי מלכא דיתבין בדרגא קדמאה דבכורסי מלכותא:
17,Esther,1,15,Esther 1:15,כאוריתא מה לאתעבדא ממלכתא ושתי בגין די לא עבדת ית מימר מלכא אחשורוש דגזר עלה ביד רברבניא:
17,Esther,1,16,Esther 1:16,ואמר ממוכן הוא המן בר בריה דאגג רשיעא קדם מלכא ורברבניא לא על עלוי דמלכא בלחודוי סרחת ושתי מלכתא ארום עלוי כל רבברניא ועלוי כל עממיא די בכל פלכיא די שליט בהון מלכא אחשורוש:
17,Esther,1,17,Esther 1:17,ארום יפוק פתגם גזרת מלכתא על כל נשיא לאתלגלגא מריהון קדמיהון במללותהון חדא עם חברתא ברם בקושטא מלכא אחשורוש אמר לאיתאה ית ושתי מלכתא קדמוי ולא עלת:
17,Esther,1,18,Esther 1:18,ויומא הדין תהוין אמרן רבנתא דפרסאי ומדאי למעבד לגובריהון היכמא די קבילו ית פתגם דעבדת ושתי מלכתא ומתמלכין למעבד כדין לכל רברבני מלכא ומן יכול לסוברא כמיסת חוך דין ורגיז:
17,Esther,1,19,Esther 1:19,אין קדם מלכא שפיר יפוק פתגם גזירת מלכותא מן קדמוי ויתכתב בגזרין דפרסאי ומדאי ולא יתבטל הדא גזירתא די לא תעול ושתי קדם מלכא ומן בתר דתיתי קדם מלכא יגזור מלכא ויעדי ית רישה ומלכותה יתן מלכא לחברתה דשפירא מנה:
17,Esther,1,20,Esther 1:20,וישתמע פתגם גזירת מלכא די יעביד מלכותיה ארום גזרתא רבא היא ומן בתר כן כל נשיא יתנון רבו ויקר למריהון למן רבא ועד זעירא:
17,Esther,1,21,Esther 1:21,ושפר פתגמא קדם מלכא ורברבניא ועבד מלכא כפתגם ממוכן:
17,Esther,1,22,Esther 1:22,ושלח פיטקין כתיבן וחתימן בעזקתיה לכל פלכי מלכא לפלך ופלך כמכתב רושמיה ולות עמא ועמא כממלל לישניה קרי וכן אמר אתון עמיא אומיא ולישניא די דירין בכל ממשלתי אזדהרו למהוי כל גבר מסרבן על אתתיה וכפי לה למהוי ממללא בלישן גברא וכממלל עמיה:
17,Esther,2,1,Esther 2:1,בתר פתגמיא האלין כד פח ואשתדך מרוית חמריה וכד נח תקוף רוגזיה דמלכא אחשורוש למדכר ית ושתי מתיבן רברבנוי וכן אמרין הלא את הוא דחיבת עלה דין דקטול על מה דעבדת אמר להון מלכא אנא לא גזרית למקטלה אלהן די תעול קדמי ולא עלת ופקדית למעדי מנה מלכותא אמרו ליה לא הכי אלהן דין דקטול גזרת עלה בעטת שבע רברבניא מן יד תקוף רוגזיה וגזרי למהוי צליבן שבעא רברבניא על צליבא:
17,Esther,2,2,Esther 2:2,ואמרו עולמי דמלכא משומשנוי יבעון לצרוך מלכא עלמן בתולתן שפירן דחיזו:
17,Esther,2,3,Esther 2:3,וימני מלכא אפיטרופין בכל פלכי מלכותיה ויכנשון ית כל עולימתא בתולתא שפירת חזו לשושן בירנתא לבית נשיא די תמן דימוסן ובנאין די תמן מתמני הגא רב סריס דמלכא נטר נשיא ויתגזר למהוי יהב סמתר משחהון:
17,Esther,2,4,Esther 2:4,ועולמתא די תשפר קדם מלכא תעול למחסן מלכותא חלף ושתי ושפר פתגמא קדם מלכא ועבד הכי:
17,Esther,2,5,Esther 2:5,גבר חסידא ומודה ומצלי קדם אלהא על עמיה הוה בשושן בירנתא ושמיה מרדכי אתקרי על דהוה מתיל למירא דכיא בר יאיר בר שמעי בר גרא בר קיש גברא דמן שבט בנימין הוא שמעי דאקל ית דוד ובעא יואב למקטליה ולא שבקיה על דאסתכל ביה ברוח נבואה וחמא דאטמוסי מרדכי ואסתר למיפק מניה וכדו פסק שמעי מלמילד פקד דוד לשלמה בריה למקטל יתיה:
17,Esther,2,6,Esther 2:6,די אזל בגלותא מן ירושלם עם גלוותא די אגליאת עם יכניה מלכא דיהודה די אגלי נבוכדנצר מלכא דבבל וכד צרא כורש ודריוש ית בבל נפק מרדכי מן בבל עם דניאל וכל כנישתא דישראל די הוו תמן בבבל נפקו מן תמן ועלו עם כורש מלכא למידר בשושן בירנתא:
17,Esther,2,7,Esther 2:7,והוה מרבי ית הדסה היא אסתר ברת אחבוי ואמאי הוו קרין לה הדסה על די הות צדקתא וצדיקיא דמתילו לאסא אסתר הוו קרין לה על די הות צניעא בביתא דמרדכי שבעין וחמיש שנין ולא חזת אפי גבר אלהן אפי מרדכי דאתעבידת לה לתורבינא ארום לית לה אבא ואמא עולמתא שפירת ריוו ושפירת חיזו ובעידן דמית אבוהא אשתארת במעין דאמה וכד ילידת יתה מיתת אמה ונסבה מרדכי ליה בביתיה והוה קרי לה ברת:
17,Esther,2,8,Esther 2:8,והוה כד אשתמע פתגם כרוז מלכא וגזרתיה ובאיתכנשות עולימן סגיאן לשושן בירנתא ליד הגי ואדברת אסתר באונסא ואיתעלת לבית מלכא לידא דהגי נטיר נשיא:
17,Esther,2,9,Esther 2:9,ושפרת עולמתא בעינוי ואטענת חסדא קדמוי ופקיד לאתבהלא ית סמתר רבותהא וית מתנתהא המניכין ולבושי מלכותא למהוי יהיבין לה וית שבע עולימתא לשמשותא שבע יומא דשבתא חולתא הות משמשא קדמאה בחד בשבתא רוקעיתא בתרין בשבתא גנוניתא בתלת בשבתא נהוריתא בארבע בשבתא רוחשיתא בחמש בשבתא חורפיתא בשתא בשבתא רגועיתא ביומא דשבתא כולהן צדיקתא וחזין למתן לה מיכלא ומשתיא על ידיהן מן ביתא דמלכותא ושני יתה וית עולמתהא לאוטבא להון ולפנקותהון בבית נשיא:
17,Esther,2,10,Esther 2:10,לא חותא אסתר ית עמה ותלדותה מטול דמרדכי פקדה דלא תחוי ומטול מה פקדה דלא תחוי מטול דחשב בלביה מרדכי ושתי דעבדת יקרא לנפשה ולא צבית דייתי למחמי שופרא למלכא ולשליטיא דן יתה דינין בישין וקטיל יתה ולמה לא חויאת אסתר עמה דתלדותה דלמא רגיז עלה מלכא וקטיל לה ומשיצי עמא די היא מניה לכן פקיד יתה דלא תחוי עמה ותלדותה:
17,Esther,2,11,Esther 2:11,ובכל יומא ויומא מרדכי הוה מצלי ואזל קדם דרתא די בבית נשיא למידע ית שלמא דאסתר ומה אתעבד בה:
17,Esther,2,12,Esther 2:12,וכד מטא סדור עולמתא ועולמתא למיעל קדם מלכא אחשורוש מסוף דיהוי לה כהלכת נשיא דמתינן בתפנוקיהון תרי עשר ירחי שתא ארום כדין שלמין יומי סמתוריהון שתא ירחין בטכסת ואנפקינון דמנתר ית סערא ומפנק ית בסרא ושתא ירחין בבוסמיא ובסמתורי נשיא:
17,Esther,2,13,Esther 2:13,ובהדין זמן בתר דשלמין תרי עסר ירחי שתא עולמתא עילא לות מלכא ית כל רב וסרכן די צביא למימר מן יד יתיהב לה למיעל עמה מבית נשיא עד בית מלכא:
17,Esther,2,14,Esther 2:14,בעדן רמשא הות עילא לשמושיה ית מלכא ובעדן צפרא הות תיבא לבית נשיא תניין לידא דשעשגז רבא דמלכא נטיר מטרוניתא ומכאן ואילך לא תיעול תוב לות מלכא ארום אלהן ההיא דיתרעי בה מלכא וקרי לה בשמא מפרש וכתיב:
17,Esther,2,15,Esther 2:15,וכד מטא סידור אסתר ברת אביחיל אחבוי דמרדכי די נסבה ליה לברת למיעל לות מלכא לא תבעת צרוך לכל מדעם ארום אלהן ית מן דיימר הגי רבא די למלכא נטר נשיא והות אסתר טעינת טיבו ומשכחא רחמין בעיני כל חזהא:
17,Esther,2,16,Esther 2:16,ואדברת אסתר לות מלכא אחשורוש לאתתא ואעל יתה לבית אדרון בית מלכותיה בירחא עשיראה הוא ירחא דטבת בשתא שביעתא למלכותיה:
17,Esther,2,17,Esther 2:17,ורחם מלכא ית אסתר מכל נשיא דהוו מתנסבן ואטענת רחמין וטיבו קדמוי מכל בתולתא ושוי מניכא דדהבא על רישה וטרד מן קיטון בית דמכיה ית איקונין דושתי ואוקים תמן ית איקונין דאסתר ואותיב יתה על כורסי תנין ואמליך יתה חלף ושתי:
17,Esther,2,18,Esther 2:18,ועבד מלכא משתיא רבא לכל רברבנוי ועבדוי והוה קרי ליה משתיא דאסתר והנית שבוק כרגא לפלכיא עבד ויהב ליה מתנן וחולק כמסת ידא דמלכא:
17,Esther,2,19,Esther 2:19,ובאתכנשות בתולתא זמנא תנינא ומרדכי מצלי ואזל ויתיב בתרע מלכא:
17,Esther,2,20,Esther 2:20,בזמנא הדא הוה שאל לה מלכא מאידן אומא את ולא הות אסתר מחויא ילדותה וית עמה כמא דפקיד עלה מרדכי וית מאמר מרדכי הות אסתר עבדת שביא ומועדיא הות נטרת ביומי ריחוקה הות מזדהרא תבשילין וחמרא דעממין נוכראין לא הות טעמא וכל פקודיא דאתחייבן בהון נשיא דבית ישראל הות נטרא על פום מרדכי היכמא דהות נטרת כד הות מתרביא עמיה:
17,Esther,2,21,Esther 2:21,ביומיא האנון ומרדכי יתיב בסנהדרין דתקינת ליה אסתר בתרע מלכא וכד חזו תרין רברבניא כדין כנסו וקצפו ואמרו דין לדין הלא מלכתא בפתגם מלכא בעיא לסלקא יתן ולאוקמא ית מרדכי לית רבותא לסלקא תרין קלוסנתרין ולאוקמא חד בכן אתיעטו בלישנהון בגתן ותרש טרסאי תרין רברבני מלכא מנטרי פלטירא ואמרו לאשקאה סמא דמותא דמטול לאסתר מלכתא ולאושיטא ידא במלכא אחשורוש למקטליה בסיפא בבית דמוכיה:
17,Esther,2,22,Esther 2:22,ואשתמודע פתגמא למרדכי על דהוה חכים למללא בשבעין לישנין וחוי לאסתר מלכתא ואמרת אסתר למלכא ואתכתיב על שום מרדכי:
17,Esther,2,23,Esther 2:23,ואתבע פתגמא ואשתכח קשוט ואצטליבו תרויהון על קיסא ואתכתיב בספרא דכרניא דמתקרי תדירא קדם מלכא:
17,Esther,3,1,Esther 3:1,בתר פתגמיא האלין עלת מדת דינא קדם רבון כל עלמא וכן אמרת הלא המן רשיעא נחת מן שושן לירושלם לבטלא בנין בית מוקדשך והא כען רבי מלכא אחשורוש ית המן בר המדתא די מזרעית אגג בר עמלק רשיעא ומניה רב על כולא ותקנין ית כורסיה מעלוי כל רברבניא די עמיה עני מרי עלמא עד כדו לא אשתמודע בעלמא פסיקו מני עד די יתרברב וישתמודע לכל עממיא ומן בתר כן אתפרע מניה על כל עקתין די יעביד איהו ואבהתוי לעמא בית ישראל:
17,Esther,3,2,Esther 3:2,וכל עבדי מלכא די בתרע בית מלכא גחנין לאנדרטא די הקים בהדיה וסגדין ליה להמן ארום כן פקיד עלוהי מלכא ומרדכי לא הוה גחין לאנדרטא ולא הוה סגיד להמן על די הוה ליה עבד פלח ואזדבן ליה בטולמא דלחם:
17,Esther,3,3,Esther 3:3,ואמרו עבדי מלכא די בתרע פלטרין דמלכא למרדכי מה דין את עבר ית תפקדתא דמלכא:
17,Esther,3,4,Esther 3:4,והוה במללותהון לותיה יומא ויומא ולא קבל מנהון וחויאו להמן למחזי היתקימון פתגמי מרדכי כל קביל פתגמי דהמן ארום חוי להון די להמן לא הוה סגיד על דהוה עבדיה דאזדבן ליה בטולמת לחם ולאנדרטא די הקים בהדיה לא הוה גחין על דהוה יהודי ויהודאי לא פלחין ולא גחנין ליה:
17,Esther,3,5,Esther 3:5,וחזא המן ארום לית מרדכי גחין לאנדרטא ולא הוה סגיד ליה ואתמלי המן עלוי דמרדכי רתחא:
17,Esther,3,6,Esther 3:6,והוה חוך קדמוי לאושטא ידוי למקטול ית מרדכי בלחודוהי ארום חויאו ליה דמרדכי אתי מן יעקב דשקל מן עשו אבא דאבוי דהמן ית בכורתא וית ברכתא ויהודאי אינון עמא דמרדכי ובעא המן לשיצאה ית כל יהודאי די בכל מלכות אחשורוש עמא דמרדכי:
17,Esther,3,7,Esther 3:7,בירחא קדמאה דהוא ירח ניסן בשתא תרתי עשרי למלכא אחשורוש אפל פורא הוא עדבא קדם המן מן יומא ליומא ומן ירחא לירחא תרי עסר דהוא ירח אדר:
17,Esther,3,8,Esther 3:8,ואמר המן למלכא אחשורוש איתי עמא חדא מבדר ומתפרש ביני עממיא ואומיא ולישניא ומקצת מנהון דירין בכל פלכי מלכותא וגזרת אוריתהון שנין מכל עמא לחמנא ותבשילנא ליתהון טעמין חמרנא ליתהון שתן יומי גנוסיא די לנא ליתיהון נטרין ונימוסנא לא מקיימין וית גזירת דיני מלכא ליתיהון עבדין ולמלכא לית ליה טימי מנהון ומה הנאה אית ליה בהון אין ישבקינון על אפי ארעא:
17,Esther,3,9,Esther 3:9,אין על מלכא שפר יכתב כתבא לאובדא יתהון ועשרת אלפין ככרין דכסף אתקול על ידוי עבדי עבידתא למיתי לבית גנזוי דמלכא ומן יכיל מני שתין רבבן דסלקן אבהתהון מן שעבודהון דמצראי:
17,Esther,3,10,Esther 3:10,ואעדי מלכא ית גושפנקיה מעלוי ידיה ויהבא להמן בר המדתא דמזרעית אגג מעיקא דיהודאי:
17,Esther,3,11,Esther 3:11,ואמר מלכא להמן כספא יהא מתיהב לך ועמא יהוין מסירין בידך למעבד מה דיוטיב קדמך:
17,Esther,3,12,Esther 3:12,ואתקריאו לבלרין דמלכא בירחא קדמאה בתלת עסר יומין ביה ואתכתיב ככל די פקד המן לות אסטרטילוסי מלכא ולות הפרכין דמתמנן ארכונין על כל פלכיא ופלכיא ולות רברבני עמא ועמא פלכיא ופלכיא כרושם כתבהון ועמא ועמא כממלל לישניה בשום מלכא אחשורוש כתיב ומפרש ומתחתם בגושפנקא דמלכא:
17,Esther,3,13,Esther 3:13,ולשדרא פטקין בידא דריהטונין לכל פלכי מלכא לשיצאה ולקטלא ולהובדא ית כל יהודאי מן עולימא ועד סבא טפליא ונשיא ביומא חדא בתלת עסר יומין לירח תרי עסר הוא ירחא דאדר ושלליהון לעדאה:
17,Esther,3,14,Esther 3:14,דיטגמא דכתבא למהוי מתיהיבא בכל גזרתיה בכל פלכא ופלכא מפרסם לכל עממיא למהויהון זמינין ליומא הדין:
17,Esther,3,15,Esther 3:15,ריהוטנין נפקו זריזין בפתגמא דמלכא וגזרתא אתיהיבת בשושן בירנתא ומלכא והמן הוו יתבין למשתי חמרא וקרתא דשושן מתערבלא בחדות עממין נוכראין ובקל בכיתא דעמא בית ישראל:
17,Esther,4,1,Esther 4:1,ומרדכי ידע על ידא דאליהו כהנא רבא ית כל מה דאתעבד בשמי מרומא ומה דאתחיבו עמא בית ישראל לשתיצאה מגו עלמא והיכמא דאתכתיב ואתחתים להובדותהון מן עלוי ארעא היכדין אתכתיב ואתחתים בשמי מרומא על עיסק דאתהניאו מן סעודתיה דאחשורוש רשיעא ברם חותמא הוה חתין מן טינא ושדר מרי עלמא ית אליהו כהנא רבא לחואה למרדכי דיקום ויצלי קדם מרי עלמא על עמיה וכד ידע מרדכי בזע ית לבושוי ואלבש לבושא דשק על בסריה ושוי קיטמא על רישיה וקבל קבלתא רבתא ובכא במרירות נפשא בקל עצב:
17,Esther,4,2,Esther 4:2,ואתא עד קדם תרע פלטירא דמלכא ארום לית רשו לגבר למיעל לתרע פלטירא דמלכא כד לביש לבושא דשק:
17,Esther,4,3,Esther 4:3,ובכל פלכא ופלכא ובכל קריא וקריא אתר דפתגם מלכא וגזירת דיניה מטי אבלא רבא ליהודאי וצומא ובכותא ומספדא ולבוש שק וקטמא הוה מתשם עלוי צדיקיא סגיאין:
17,Esther,4,4,Esther 4:4,ועלן עולימן דאסתר ורבנהא וחויאו לה ואזדעזעת מלכתא לחדא ושדרת לבושי מלכותא למלבש ית מרדכי ולמעדי ית שקיה מעלויה ולא קבל:
17,Esther,4,5,Esther 4:5,וקראת אסתר לדניאל דמתקרי התך די על מימר פומיה מתחתכן פתגמי מלכותא ופקדת ליה על מרדכי למדע מה דין קל בכותא די הוא בכי ועל מה דין לא קבל לבושי מלכותא דשדרת ליה:
17,Esther,4,6,Esther 4:6,ונפק התך למללא לות מרדכי לפתאה דקרתא די לקדם תרע פלטרין דמלכא:
17,Esther,4,7,Esther 4:7,וחוי ליה מרדכי ית כל די ערעיה על עיסק דלא סגיד להמן ולא גחן לאנדרטיה וית דררא דממון כסף עסר אלפין ככרין די אמר המן למתקל על ידיהון דגבאין דממנן על בית גנזי מלכא בגין יהודאי להובדותהון:
17,Esther,4,8,Esther 4:8,וית דיטגמא כתב גזירתא דאתיהיב בשושן לשציותהון יהב ליה לאחזאה ית אסתר ולחואה לה מה דחשב המן רשיעא על עמא דיהודאי ולפקדא עלה למיעל לות מלכא לפייסא ליה ולמבעי רחמין על עמה:
17,Esther,4,9,Esther 4:9,ועל התך וחוי לאסתר ית פתגמי מרדכי:
17,Esther,4,10,Esther 4:10,ואמרת אסתר להתך למיזל ולמללא למרדכי ופקידת ליה על עיסק מרדכי דלא יגרי עם המן מצותא ארום דבבו דביני יעקב ועשו הוה נטר ליה:
17,Esther,4,11,Esther 4:11,ושויאת אסתר מלין בפום התך ואמרת ליה כדנא תימר למרדכי הלא המן רשיעא גזר על מימר אחשורוש דלא למיעל לות מלכא לדרתא גואה בלא רשו וכען כל עבדי מלכא ועמין דדירין בפלכי מלכא ידעין די כל גבר ואנתתא די יעול לות מלכא לדרתא גואה די לא מתקרי על פומיה דהמן חדא היא גזירת דיניה לממת לבר ממן די יושיט ליה מלכא ית תגדא דדהבא ויחי ואנא לא אתקריתי למיעל לות מלכא דין זמן תלתין יומין:
17,Esther,4,12,Esther 4:12,וכד חזא המן רשיעא ית התך דשמיה דניאל אעיל ונפק לות אסתר ותקיף רוגזיה ביה וקטליה ואזדמנו תמן מיכאל וגבריאל מלאכיא וחויאו למרדכי ית פתגמי אסתר:
17,Esther,4,13,Esther 4:13,ואמר מרדכי למיכאל ולגבריאל לאתבא לות אסתר כדנא תמרון לה לא תחשבי בנפשייכי למהך לאשתיזבא בבית מלכא מן כל יהודאי:
17,Esther,4,14,Esther 4:14,ארום אם משתק שתוקי בעידנא הדא ולא תפגיעי על יהודאי רוחא ושזבותא יקום ליהודאי מן אתר אוחרן בגין זכות אבהת עלמא וישזיב יתהון מרי עלמא מן יד בעלי דבביהון ואנת וגניסת בית אבהתך תובדין על ההיא חובתא ומן הוא חכימא די ינדע אין לשתא דאתיא בעידנא הדא את מטיא למחסן מלכותא:
17,Esther,4,15,Esther 4:15,ואמרת אסתר למיכאל וגבריאל לאתבא לות מרדכי:
17,Esther,4,16,Esther 4:16,אזיל כנוס ית כל יהודאי די אשתכחון בשושן וצומו עלי לא תיכלון ולא תשתון תלתא יומין וצלו קדם מרי עלמא בליליא וביממא ואוף אנא ועולמתי נצום היכדין ובתר כן איעול לות מלכא דלא כדינא והיכמא דהובדית מן בית נשי ואידברית מנך באונסא כדין אובד מן חיי עלמא הדין בגין פורקן עמא בית ישראל:
17,Esther,4,17,Esther 4:17,ונסס וכנס מרדכי ועבר על חדות חגא דפסחא וצומא גזר ויתב על קטמא ועבד ככל די פקדת עלוי אסתר:
17,Esther,5,1,Esther 5:1,והוה ביומא תליתהא דפסחא ולבשת אסתר לבושי מלכותא ושרת עלה רוח קודשא וקמת וצליאת בדרת דבית מלכא גואה דמתבני לקבל בית מלכא די בירושלם ומלכא הוה יתיב על כורסי מלכותיה בבית מלכותא ומסתכל כל קבל תרע ביתיא ענת אסתר וכן אמרת רבון דעלמא לא תמסרנני ביד ערלא הדין ולא תעבד רעות המן רשיעא מני היכמא די עבד מן ושתי דשם טעם על מלכא ופקיד למקטלה בגין דהוה צבי למסב ית ברתיה וכד אתכנשו עולמתא לידוי דהגי הות תמן ברתיה דהמן והות צבית מן שמיא דכל יומא ויומא הות מקלקלא בריעא עצוצא ובמוי דרגלן ופומה הוה סרי לחדא ואפיקו יתה בבהילו ומינה אסתקף עלי הדא לאתנסבא ליה וכען שוי יתי לרחמין בעינוי דלא יקטלינני דיעביד צבותי ובעותי די אנא בעיא מניה ואוף אנת ברחמך סגיאין חוס על עמך ולא תמסר בנוי דיעקב בידוי דהמן בר המדתא בר עדא בר בזנאי בר אפליטוס בר דיוסוס בר פרוס בר חמדן בר תליון בר אתניסומוס בר חרום בר חרסום בר שגר בר גנר בר פרמשתא בר ויזתא בר אגג בר סומקר בר עמלק בר אליפז בר עשו רשיעיא:
17,Esther,5,2,Esther 5:2,והוה כד חזא מלכא ית אסתר מלכתא קימא כד נסיסא בדרתא ותרתין עינהא זלגן דמעין ומסתכלא כלפי שמיא מן יד אטעינת רחמין בעינוי ואושיט מלכא לאסתר ית תגדא דדהבא דהוה נקט בידיה וקריבת אסתר ומטת לידא ואחידת ברישא דתגדא:
17,Esther,5,3,Esther 5:3,ואמר לה מלכא מה צרוך אית ליך אסתר מלכתא ומה בעותיך אפילו אם אנת בעיא לפלגות מלכותי אתנינה ליך לחוד למבני בית מוקדשא דאיהו קאם בתחום פלגות מלכותי לא אתן ליך דהכדין קימית בשבועה לגשם ערבאה וסנבלט חורונאה וטוביה עבדא עמונאה דלא למשבק למבני יתיה דדחל אנא מן יהודאי דלמא ימרדון בי הדא בעותא לא אעבד ליך מלתא אחריתי די אנת בעיא מני אגזור ותתעבד בבהילו ורעותיך אתיהב ליך:
17,Esther,5,4,Esther 5:4,ואמרת אסתר אין על מלכא שפיר ייתי מלכא והמן יומא דין לשירותא דעבדת לכון:
17,Esther,5,5,Esther 5:5,ואמר מלכא אוחיאו ית המן למעבד ית פתגם גזירת אסתר ועל מלכא והמן למשתיא די עבדת אסתר:
17,Esther,5,6,Esther 5:6,ואמר מלכא לאסתר במשתיא דחמרא מה שאלתיך אסתר מלכתא ומה בעותיך אפילו אין אנת בעיא עד פלגות מלכותי תתעבד בעותיך לחוד למבני בית מוקדשא דאיהו קאים בתחום פלגות מלכותי לא אתן ליך דהכדין קימית בשבועה לגשם ערבאה וסנבלט חורנאה וטוביה עבדא עמונאה דלא למשבק למבני יתיה דלמא ימרדון בי יהודאי:
17,Esther,5,7,Esther 5:7,ואתיבת אסתר ואמרית לית אנא בעיא פלגות מלכותא בשאלתי ולא בנין בית מוקדשא בבעותי:
17,Esther,5,8,Esther 5:8,אין אשכחית רחמין בעיני מלכא ואין על מלכא ישפר ית למתן ית שאלתי ולמעבד ית בעותי ייעול מלכא והמן למשתיא די אעבד להון ברמשא ולמחר אנא עבדא כפתגם גזירת מלכא:
17,Esther,5,9,Esther 5:9,ונפק המן מלות מלכא ביומא ההוא חדי ובדח לבא וכד חזא המן ית מרדכי וית טפליא דעסיקין בפתגמי אוריתא בסנהדרין דעבדת להון אסתר בתרע מלכא ומרדכי לא קם מן קדם אנדרטיה ולא רתת מניה אלהן פשט ית רגליה ימיניה ואחוי ליה שטר זבינתא דאזדבן ליה בטולמא דלחם דמכתבא באסטרקליליה כל קבל ארכובתיה מן יד תקיף רוגזיה ואתמלי המן עלוי מרדכי רותחא:
17,Esther,5,10,Esther 5:10,ואזדריז המן ועל לביתיה ושדר וקרא ית רחימוי וית זרש רשיעתא אנתתיה ברת תתני פחת עבר נהרא:
17,Esther,5,11,Esther 5:11,ואשתעי להון המן ית יקר עתריה והיך אתמני עם דוכסי מלכא והיך רהטין קדמוי סגיאות בנוי דסכומהון מאתן ותמניא בר מן עסרתי אוחרנין דאנון פולמרכין על פלכיא ובר מן שמשי דהוא ספרנא דמלכא וית מה די רבי יתיה מלכא וית דזקפיה עלוי כל רברבנוי ועבדוי דמלכא:
17,Esther,5,12,Esther 5:12,ואמר המן ברם לא הנעלת אסתר מלכתא עם מלכא למשתיא די עבדת אלהן יתי ואוף עדן מחר אנא מזומן לותה למסעוד עם מלכא:
17,Esther,5,13,Esther 5:13,וכל דא ליתיה טימי לותי בכל עדן די אנא חזי ית מרדכי יהודאה דיתיב בסנהדרין עם עולימיא בתרע פלטרין דמלכא:
17,Esther,5,14,Esther 5:14,ואמרת ליה זרש אנתתיה וכל רחימוי אין שפיר בעינך נימר קדמך מלתא חדא מה דנעביד ליה למרדכי יהודאה אם הוא חד מן צדיקיא דאתבריאו בעלמא אין בחרבא נקטול יתיה כבר אתהפך חרבא ותתרמי עלנא ניהב יתיה לרגומא כבר רנס דוד גלית פלשתאה ואם בתרא דנחשא נרמי יתיה כבר בזעיה מנשה ונפק מניה נזרוק יתיה לימא רבא כבר בזעוניה בני ישראל ועברו בגוה נרמי יתיה לגו אתון נורא יקידתא כבר דעקרוהי חנניה מישאל ועזריה ונפקו מן גויה נתרמי יתיה לגוב אריותא כבר לא חבילו אריותא בדניאל כד חי נתרמי יתיה קדם כלבין כבר אסתתם פום כלבין בארעא דמצרים על בני ישראל למדברא נגלי יתיה כבר במדברא נפישו וסגיאו מה עוד קטלא נקטול יתיה והידא מיתא תתעבד ליה נרמי יתיה לבית אסירי כבר מן בית אסירי אמליכו ליוסף סכינא נתרמי על צואריה כבר הוה אתהפכת סכינא מעלוי דיצחק עיניה נעור ונשבוק יתיה יקטל בנא כמא דקטל שמשון פורענותיה דגברא הדין לא ידעינן מה נעביד אלא צליבא רבא אתעבד ליה ועל בבא דבייתיה דמיה ישתפך קומתיה תתרמי על צליבא ויחזון יתיה כל יהודאי וכל חברוי ורחימוי שמיא וארעא כחדא ציתין על צליבא דאתקין המן למרדכי תוה לצפרא ועל קדם מלכא ושאל מניה על צליבא הדין בשעתא ההיא לא שלח מנוי ולא שכב המן בר המדתא עד דאזל ואיתי ית נגריא ית קיצאי נגריא דעבדין צליבא וקיצאי דמתקנן סכין דפרזל ובנוי דהמן דיצין וחדין וזרש אתתה מנגנא בכנרין עם המן רשיעא ואמר אגרא לנגרי אנא יהב ולקיצאי אנא מתקן שירותא על צליבא הדין בשעתא קם המן רשיעא למנסיא צליבא בקומתיה נפקת בת קל משמי מרומא ואמרת ליה יאי המן רשיעא ולך שפר בר המדתא ושפר פתגמא קדם המן ועבד צליבא לגרמיה דהוה מן יומא דזמנת אסתר ית המן לשירותא אתעקו בני ישראל ואמרין דין לדין הדין מסנינן בכל יומא ויומא דתבעי אסתר מן מלכא דנקטליה והיא מזמנא ליה לשירותא בהא שעתא שפכו דבית יעקב כולהון לבהון ואתרחיצו על אבוהון די בשמיא וכן אמרין קדמוי עני יתן עני כל מעיקיא היך דתלין עיני עבדוי למריהון והיך עיני אמתא לרבונתה כדין תלין עיננא עלך עד עדן דתתגלי ותפרוק יתנא דהא סנאה ובעל דבבא מגדף ואמר מן אינון יהודאי בכן שמע בקל צלותהון ועבד בעותהון ביה בליליא מטול די בכל זמנא די פרק יתהון מן בעלי דבביהון בליליא פריק יתהון מפרעה ומסנחריב מן כל דקמו עליהון:
17,Esther,6,1,Esther 6:1,ביה בליליא ההוא נדת שינתא דמלכא ביה בליליא ההוא נפק פורקנא ליהודאי. ביה בליליא אדברת שרה לביתיה דאבימלך. ביה בליליא אתקטלו כל בוכרי דמצראי. ביה בליליא ההוא אתגליין נבואן לנביאן וחלמין לחלמי חזויא ביה בליליא ההוא אתרגיש עלמא כוליה מדינן וכל דירהון אבלא רבא בכל כרכיא מספדא ויללא בכל מדינתא עולמין אסירין בסקין סבין וסבן שקפין על לבהון וכולון צוחין במרר ובקל רב מיללין ואמרין וי דחזינן עקא על עקא ותבירא על תבירא ומתברנא קדמאה לא אתסינן ומחתנא לא אתיהיבת אסו וממדונא לא אתנחמנא וכיבי לבנא לא עברו מננא דקרית אבהתנא רטישא על ארעא ומקדשא סגר סנאה ועזרתנא דשישו בעלי דבבנא ופרעה ומצראי לא עצו עלנא כהדא עצתא ומלכי עממיא לא חשיבו עלנא כמחשבתא הדא למהוי עתידין ליומא הדין לשציותנא מעל אפי ארעא גלי רזין גלא ליה רזא דנא למרדכי די גזרת מותנא אתגזרת על דבית ישראל ואוף לעבדין ולאמהן לא זבינו יתנא. ביה בליליא ההוא נדת שנתיה דקודשא בריך הוא ממרומא ואין לא כתיב הדין קרא לא הות אפשר למימריה דכתיב עורה למה תישן יי חס ושלום לית קדמוי שנה אלא כד חטין בית ישראל עבד גרמיה דכות דמיך ברם כד עבדין רעותיה לא נאם ולא דמיך נטר ישראל. ביה בליליא ההוא נדת שנתיה דמרדכי צדיקא דהוה שהיד ולא שכיב והוה שכיב ולא דמיך דהון בית ישראל מתכנשין ויתבין קדמוי ואמרין ליה את גרמת לנא ית כל בישתא הדא ואין את קמתא מן קדם המן רשיעא וכרעת וסגדתא ליה לא אתת עלנא כל עקתא הדא מתיב מרדכי ואמר לון לבושא דיהוה לבש המן רשיעא ציירין עלוי תרין צלמין חד מן קדמוי וחד מן בתרוי ואין קמית וסגידית ליה אשתכחית דאפלח לטעותא ואתון ידעין מן דפלח לטעותא יאבד מן עלמא הדין ומטרד מן עלמא דאתי ושתקון מניה כולון. ביה בליליא נדת שינתא דהמן רשיעא דהוה שהיד ולא שכיב והוה שכיב ולא דמיך מחימת דהוה מתקן ית צליבא למצלב ית מרדכי עלוי ולא הוה ידע די לנפשיה הוה מתקן יתיה. ביה בליליא ההוא נדת שינתא דאסתר צדקתא דהות עבדת לחמא לאעלא ית המן בשירותא עם מלכא אחשורוש. ביה בליליא ההוא נדת שנתיה דמלכא אחשורוש טפשא דהוה שהיד ולא שכיב והוה שכיב ולא דמיך די נקט יתיה רוחא דנקטא למלכי וחבטת יתיה כולי ליליא עני וכן אמר לכל רברבנוי מה דאכלית לא הנאה לי ומה דשתית לא אתקבל עלי שמיא רעמין עלי ושמי שמיא מרימין בקליהון הידא מתנן אמרית למשבק למדינתא ולא שבקית לון או אסתר והמן מכונין למקטל יתי דלא אעלת אסתר לשירותא עמי אלא המן בלחודוי. ביה בליליא ההוא על דכרן אברהם יצחק ויעקב קדם אבוהון די בשמיא דאשתלח מן מרומא מלאכא הוא מיכאל רב חילא דישראל ויתיב ברישיה דמלכא ונדד ית שנתא מניה כולי ליליא עד די אמר לאעלא קדמוי ית ספר דכרניא מלי דיומא והון קרין ביה קדם מלכא עבדי דיניהון דמלכי קדמאי דהון מן קדמוי ויתיב לעיל מן עינוי דמלכא והוה מסתכל מלכא וחזי כדמות גבר עני ואמר ליה למלכא המן בעי דנקטלך ונמליך יתיה חלופך והא מקדים בצפרא ובעי למשאל מנך גברא דפרקך מן מותא ובעי למקטליה אלא אמר ליה להמן מה למעבד לגברא דמלכא צבי ביקריה ותחזי דלא שאל מנך אלא לבושין דמלכא וכתרא דמלכותא וסוסיא די רכיב עלוי מלכא:
17,Esther,6,2,Esther 6:2,ואשתכח כתוב בספרא די חוי מרדכי על בגתנא ותרש תרין רבני מלכא די נטרי פלטרין די בעו לאושטא ידא לקטלא ית מלכא אחשורוש בבית דמכיה:
17,Esther,6,3,Esther 6:3,ואמר מלכא מה אתעביד יקרא ורבותא למרדכי על דין ואמרו עולימי מלכא משומשנוי לא אתעביד עד כדון עמיה שום מדעם:
17,Esther,6,4,Esther 6:4,ואמר מלכא מן גברא דקאם בדרתא והמן על לדרתא די בבית מלכא בריתא למימר למלכא למצלב ית מרדכי על קיסא דזמין ליה:
17,Esther,6,5,Esther 6:5,ואמרו עולימי מלכא לותיה הא המן קאם בדרתא ואמר מלכא יעול:
17,Esther,6,6,Esther 6:6,ועל המן ואמר ליה מלכא מה חזי לאתעבדא לגבר די מלכא צבי ביקריה וחשיב המן בלביה ואמר מן יצבי מלכא למעבד יקרא יתיר מני:
17,Esther,6,7,Esther 6:7,ואמר המן לות מלכא גבר די מלכא צבי ביקריה:
17,Esther,6,8,Esther 6:8,ישים מלכא טעם ייתון לבוש ארגונא די לבישו ביה ית מלכא ביומא די על למלכותא וסוסא די רכב עלוי מלכא ביומא דעל למלכותא ודי אתיהב כלילא דמלכותא ברישיה:
17,Esther,6,9,Esther 6:9,ויהי מתיהב לבוש ארגונא וסוסא על ידא דגברא רבא מרברבי דמלכא אסטרטיגין וילבשון תורביני מלכא ית גברא דמלכא צבי ביקריה וירכיבינוהי עלוי סוסא בפתאה דקרתא ויקלסון קדמוי כדנא יתעביד לגברא דמלכא צבי ביקריה:
17,Esther,6,10,Esther 6:10,ואמר מלכא להמן אוחי סב ית לבוש ארגונא וית סוסיא כמא די מלילתא ועבד כן למרדכי יהודאה אמר ליה המן לאידין מרדכי אתיב ליה מלכא למרדכי יהודאה אמר ליה המן סגיאין מרדכי יהודאי אית בשושן אתיב ליה מלכא לההוא דסדרת אסתר ליה סנהדרין בתרע פלטרין דמלכא אמר ליה המן בבעו מנך קטול יתי ולא תגזור עלי כפתגמא הדין אמר ליה מלכא אוחי ולא תמנע מדעם מן כל מה דמלילתא:
17,Esther,6,11,Esther 6:11,ודבר המן ית לבוש ארגונא וית סוסא ואלביש ית מרדכי וארכיביניה בפתאה דקרתא וקלס קדמוי כדין יתעבד לגברא די מלכא צבי ביקריה:
17,Esther,6,12,Esther 6:12,ותב מרדכי לסנהדרין די בתרע פלטרין דמלכא ואשלח ית לבוש ארגונא מעלוהי ולבש סקא ויתיב על קטמא והוה מודה ומצלי עד רמשא והמן אתבהל ואזל לביתיה אבל על ברתיה ומתעטף על רישיה כאבלא על ברתיה וכסופיה:
17,Esther,6,13,Esther 6:13,ואשתעי המן לזרש אנתתיה ולכל רחימוי ית כל די ערעיה ואמרו ליה חכימו וזרש אנתתיה אין מזרעא דצדיקיא מרדכי דשריתא למפל קדמוי היכמא די נפלו מלכיא קדם אברהם במישר חקליא אבימלך קדם יצחק ויעקב נצח מלאכא ועל ידוי דמשה ואהרן טבעו פרעה וכל משריתיה בימא דסוף וכל מלכיא ושלטוניא דאבאישו להון מסר יתהון אלההון בידיהון ואף אנת לא תיכול לאבאשא ליה ארום מפל תפול קדמוי:
17,Esther,6,14,Esther 6:14,עוד כען אינון ממללין עמיה ורבני מלכא מטו ואוחו להנעלא ית המן למשתיא דעבדת אסתר:
17,Esther,7,1,Esther 7:1,ועל מלכא והמן למשתי עם אסתר מלכתא:
17,Esther,7,2,Esther 7:2,ואמר מלכא לאסתר אוף ביומא תנינא במשתיא דחמרא מה שאלתך אסתר מלכתא ויתיהב ליך ומה בעותיך אפילו עד פלגות מלכותא אתננה ליך לחוד למבני בית מוקדשא דקאים בפלגות תחום מלכותי לא אתן ליך דהיכדין קימית בשבועה לגשם ולטוביה ולסנבלט ברם אוריכי עד דירבי דריוש בריך ויחסן מלכותא ותתעבד:
17,Esther,7,3,Esther 7:3,וזקפת אסתר ית עינהא כלפי שמיא ואתיבת אסתר מלכתא ואמרת אין אשכחית רחמין קדמך מלכא רמא ואין קדם מלכא דארעא שפיר תתיהב לי שזיב נפשי מן ידוי דסנאה בשאלתי ופורקן עמי מן ידוי דבעל דבביה בבעותי:
17,Esther,7,4,Esther 7:4,ארום אזדבננא מגן אנא ועמי בית ישראל לאשתצאה לאתקטלא ולהובדא ואלולי לעבדין ולאמהן אזדבננא שתקית ארום לית מעיקא טימין ורוחא באנזיקא דמלכא:
17,Esther,7,5,Esther 7:5,ואמר מלכא אחשורוש ואמר לאסתר מלכתא מן הוא דין ובאידין אתר הוא גברא חציפא וחיבא ומרודא די אמלכיניה לבביה למעבד כדין:
17,Esther,7,6,Esther 7:6,ואמרת גברא מעיקא ובעל דבבא דבעא למקטלך ברמשא בבית דמכך ויומא דין בעא למלבש אסטלא דמלכותא ולמרכב על סוסא די לך ולאחתא מניכא דדהבא על רישיה ולמרדא בך ולמסב מנך מלכותא ואתתקפת מלתא מן שמיא ואתעביד ההוא יקרא למרדכי צדיקא אחוי דאבא בר יאיר בר שמעי בר שמידע בר בענה בר אלה בר מיכה בר מפיבושת בר יהונתן בר שאול מלכא בר קיש בר אביאל בר צרור בר בכורת בר אפיה בר שחרים בר עזיה בר ששון בר מיכאל בר אליאל בר עמיהוד בר שפטיה בר פנואל בר פיתח בר מלוך בר ירובעל בר ירוחם בר חנניא בר זבדי בר אלפעל בר שמרי בר זבדיה בר רמות בר חשום בר שחורא בר עזא בר גוזא בר גרא בר בנימין בר יעקב בר יצחק בר אברהם גברא מעיקא ובעל דבבא המן ביש הדין בעא למצלביה והמן אשתעמים מן קדם מלכא ומלכתא:
17,Esther,7,7,Esther 7:7,ומלכא זקף ית עינוי וחזא והא עסרתי מלאכין דמין לעסרתי בנוי דהמן קטיעין אלניא די בגנתא גואה בכן קם ברתחיה ממשתיה דחמרא ואזל לגנתא גואה למחמי מה הוא דין והמן קם למתבע חיסא על נפשיה מאסתר מלכתא ארום חזא ארום אסתקפת עלוהי בישתא מלות מלכא:
17,Esther,7,8,Esther 7:8,ומלכא תב ברתחיה מגנתא גואה לבית משתיא דחמרא והא גבריאל מלאכא דחף ית המן רשיעא וחמא מלכא והמן גחין עלי דרגשא די אסתר עלה ותוה מלכא ואמר הא ברם בקושטא לא אתא המן אלהן למשכוב עם מלכתא כד אנא שרי בביתא כען כל עממיא ואומיא ולישניא דנו מה אית למעבד ביה פתגמא נפק מפומיה דמלכא ואפוי דהמן אתחפיאו בהתא:
17,Esther,7,9,Esther 7:9,ואמר חרבונא חד מן רבניא קדם מלכא ברם הא קיסא די זמן המן למצלב ית מרדכי דמלל טבא בגין מלכא ועל ידוי אשתזיב מקטול והא קיסא קאם בבית המן כען אין על מלכא שפיר יתנסח אע מן ביתיה וזקיף יתמחי עלוהי רומיה חמשין אמין ואמר מלכא אזילו צליבו יתיה עלוהי:
17,Esther,7,10,Esther 7:10,וצליבו ית המן על קיסא די זמן למרדכי ורתחא דמלכא אשתדיכת:
17,Esther,8,1,Esther 8:1,ביומא ההוא מסר מלכא אחשורוש לאסתר מלכתא ית ביתא דהמן מעיק יהודאי וית אנשי ביתיה וית כל עתריה ומרדכי על קדם מלכא ארום חויאת ליה אסתר מן הוא לה:
17,Esther,8,2,Esther 8:2,ואעדי מלכא ית סטומתא דעזקתא די אעביר מהמן ויהבה למרדכי ושויאת אסתר ית מרדכי רב וסרכן על גניסיה דהמן:
17,Esther,8,3,Esther 8:3,ואוסיפת אסתר ומללת קדם מלכא ונפלת קדם רגלוי ובכיאת ופייסת ליה לבטלא ית בישת המן דמן יחוס דאגג וית זמיוניה די חשיב על יהודאין:
17,Esther,8,4,Esther 8:4,ואושיט מלכא לאסתר ית תיגדא דדהבא ואזדקפת אסתר וקמת קדם מלכא:
17,Esther,8,5,Esther 8:5,ואמרת אין על מלכא שפיר ואין אשכחית רחמין קדמוהי ותקין פתגמא קדם מלכא וטבתא אנא קדמוי בעינוי יפקד מלכא וישים טעם למכתב למהוי תיבין פטקיא זמיוני דהמן בר המדתא דמן יחוס אגג די כתב להובדא ית כל יהודאין די בכל פלכי מלכא:
17,Esther,8,6,Esther 8:6,ארום איכדין אכול לסוברא ולמחמי בבישתא די תתדן ית עמי והיכדין אכול למתעתדא ולמחמי בעידן דיובדון גניסת ילדותי:
17,Esther,8,7,Esther 8:7,ואמר מלכא אחשורוש לאסתר מלכתא ולמרדכי יהודאי הא בית המן יהבית לאסתר ויתיה צליבו על קיסא בגין די אושיט ידיה ביהודאי:
17,Esther,8,8,Esther 8:8,ואתון סרהיבו כתובו בגין יהודאין כד שפיר בעיניכון בשום מימרא דמלכא וסטימו בעזקתא דסיטומתא דמלכא ארום פטקא דמתכתיב בשום מימרא דמלכא ומסתתם בעזקתא דסטומתא דמלכא לא יתוב ריקנו:
17,Esther,8,9,Esther 8:9,ואתקריאו לבלרין דמלכא בעידנא ההוא בירחי תליתי הוא ירח סיון בעסרין ותלתא יומין ביה ואכתיב ככל די פקיד מרדכי לות יהודאין ולות אסטרטילוסין והפרכין ורברבנין דמתמנן ארכונין על פלכיא דמן הנדיא רבא ועד כוש למאה ועסרין ושבע פלכין פלכא ופלכא כרושם כתבהא ועמא ועמא כממלל לישניה ולות יהודאין כרושם כתביהון וכממלל לישנהון:
17,Esther,8,10,Esther 8:10,ואכתב בשום מימרא דמלכא אחשורוש ואסתתם בעזקת סטומתא דמלכא ושלח פטקין בידא דרהטנין רהטי סוסון ורכבי רכסא ערטוליני רמכין דאתנטילו טחוליהון ואתקדרו פסת כף רגליהון:
17,Esther,8,11,Esther 8:11,דיהב מלכא ליהודאי לסיעא די בכל קרוא וקרוא לאתכנשא ולקימא ית נפשיהון לשיצאה ולקטלא ולהובדא ית כל חילות עמא ופלכא דמעיקין יתהון טפלין ונשין ושלליהון לעדאה:
17,Esther,8,12,Esther 8:12,ביומא חד בכל פלכא דמלכא אחשורוש בתלת עסר יומין לירח תרי עסר הוא ירחא דאדר:
17,Esther,8,13,Esther 8:13,דיטגמא דכתבא לאתיהבא גזרת דינא בכל פלכא ופלכא בריר לכל עממיא דיהון יהודאי אטמוסין ליומא הדין לאתפרע מבעלי דבביהון:
17,Esther,8,14,Esther 8:14,רהטנין דרכיבין על רכסא ערטוליני נפקו זריזין וסחיפין בפתגמא דמלכא וגזירת דינא אתיהיבת בשושן בירנתא:
17,Esther,8,15,Esther 8:15,ומרדכי נפק מן קדם מלכא בלבושא דמלכותא דתכלא כד חדי ושפיר לביה ביקרא סגי וברבו יתירא לביש לבושא דמלכותא מילא כרפסא ותכלתא שיר בדהב טב דאופיר ומקבעין ביה מרגלין ואבנין טבן לגו מן סרבלא לביש מינקא דכרום ימא מערבא לגו מניה לבושא כתונא דארגון דצירין עלה כל צפר גדפא ועופי שמיא והון דמיה דכתונא ארבע מאה ועסרין ככרי דדהבא והמינא מחית בחרציה די מקבעין בארכוהי אבני בורלא מוקי פרתיאין רמי ברגליה מחתין במוקדונין דדהבא ומתחתמין בזמרגדין וספסרא מדאה תלי בחרציה מחית בחולת חולית דדהבא וציר עלה קרתא דירושלם ועל ידיה דספסרא ציר עלה גדא דמחוזא חידא מדאה מחית ברישיה דציר בצבעונין ועביד לעילא מניה כלילא רבא דדהבא מוקדונא ולעילא מן כלילא טוטפן דמקבעין בדהבא דידעין כל עממיא אומיא ולישניא די הוא מרדכי יהודי למקימא קריא דכתיב ויחזון כל עמא דארעא ארום שמא דיי אתקרי עלך ובמפקיה מרדכי מן תרעא דמלכא שוקיא באסיא מכיבין ודרתא בארגונא נגיד טולא בחבלי בוצא עולמן מחתן ברישיהון כלילן וכהניא נקטין בידיהון חצוצרתא ומכריזין ואמרין כל דלא יתון לשלמא למרדכי ולשלמא ליהודאי הדמין יתעבד וביתיה נולי ישתוה ועסרא בני המן פכירין ידיהון ואזלין וזמרין קדם מרדכי צדיקא ואמרין ומשבחין למן דיהב אגרא ליהודאי ומשלם אגרהון דרשיעיא ברישיהון והדין המן אבונא טפשא דאתרחיץ בעתריה ועל יקריה. מרדכי ענותנא תברה בצומיה ובצלותה ואסתר צדיקתא מדיקא מן חרכא דלית אפשר למלכתא למהלכא עם בני נשא בשוקא חזר מרדכי עינוהי וחזא יתה ואמר לה ברוך יי שלא נתננו טרף לשניהם מתיבא אסתר ואמרת ליה עזרי מעם יי עושה שמים וארץ סגיאין מבני נשא הוו חדין על מפלתיה דהמן רשיעא ומודין ומשבחין על פורקנא דהוה לון ליהודאי ומשבחין על פורקנא ויקרא דהוה ליה למרדכי צדיקא בזמנא ההיא דהכן כתיב ומרדכי צדיקא נפק מן קדם מלכא בלבושא דמלכותא תכלא ומילא וכליל דדהבא רבא מכריך בוצא וארגונא וקרתא דשושן צהלה וחדיא:
17,Esther,8,16,Esther 8:16,ליהודאי הות רשותא למעסק באוריתא ולמיטר שביא ומועדיא ולמגזר עורלת בניהון ולאחתא תפילין על ידיהון ועל רישיהון:
17,Esther,8,17,Esther 8:17,ובכל פילכא ופילכא ובכל קרוא וקרוא אתר די פתגם מלכא וגזירת דיניה מטי חדות ובדיחת לבא ליהודאין ומשתיא ויומא טבא וסגיאין מעמא דארעא מתגיירין ארום נפל פחדא דיהודאי עלויהון:
17,Esther,9,1,Esther 9:1,ובתרי עסר ירחין הוא ירח אדר בתלת עסר יומין ביה דמטא פתגם מלכא וגזירת דיניה לאתעבדא ביומא דחשיבו בעלי דבבין דיהודאין למשלוט בהון ואתהפיך מן שמיא בגין זכותא דאבהתא די ישלטון יהודאין אינון בסנאיהון:
17,Esther,9,2,Esther 9:2,אתכנשו יהודאין בקירויהון בכל פלכי דמלכא אחשורוש לאושטא ידא בכל דתבעין בישתהון וגבר לא קם באפיהון ארום נפל פחדיהון על כל עממיא:
17,Esther,9,3,Esther 9:3,וכל רבני פלכיא ואסטרטילוסין והיפרכין ועבדי עבידתא די למלכא ממנן עלויהון ית יהודאין ארום נפל פחדא דמרדכי עלויהון:
17,Esther,9,4,Esther 9:4,ארום אפוטרופוס ורב וסרכן מרדכי בבית מלכא ומטבעיה נפק בכל פלכיא ארום גברא מרדכי רב בית אבא למלכא ואזיל ומתרברב:
17,Esther,9,5,Esther 9:5,ומחו יהודאין בכל בעלי דבביהון מחת קטילת סיפא וקטילת גולמין גלפין והובד נפשתא ועבדו בסנאיהון כרעותהון:
17,Esther,9,6,Esther 9:6,ובשושן בירנתא קטלו יהודאין והובידו חמש מאה גוברין כולהון רופילין מדבית עמלק:
17,Esther,9,7,Esther 9:7,וית פרשנדתא וית דלפון וית אספתא:
17,Esther,9,8,Esther 9:8,וית פורתא וית אדליא וית ארידתא:
17,Esther,9,9,Esther 9:9,וית פרמשתא וית אריסי וית ארידי וית ויזתא:
17,Esther,9,10,Esther 9:10,עשרתי בנוי דהמן בר המדתא מעיקא דיהודאין קטלו ובעדאה לא אושיטו ית ידיהון:
17,Esther,9,11,Esther 9:11,ביומא ההוא עלא מנין קטילין בשושן ברנתא קדם מלכא:
17,Esther,9,12,Esther 9:12,ואמר מלכא לאסתר מלכתא בשושן בירנתא קטילו יהודאין והובדו חמש מאה גובריא רופילין דמזרעית עמלק וית עשרתי בנוי דהמן במשאר פלכי מלכא מה עבדו ומה שאלתך ותתיהב לך ומה בעותיך עוד ותתעבד: :
17,Esther,9,13,Esther 9:13,ואמרת אסתר אין על מלכא שפיר יתיהב רשו אוף מחר ליהודאין די בשושן למעבד יומא טבא וחדיא כד חזי למעבד על יומא דניסא וית עסרתי בנוי דהמן יזדפקון על קיסא: :
17,Esther,9,14,Esther 9:14,ואמר מלכא לאתעבדא כדין ואתיהיבת גזירת דינא בשושן וית עשרתי בנוי דהמן צליבו: ודין סדור צליבתהון דאצטליבו עם המן אבוהון על קיסא דזמן למרדכי רומיה חמשין אמין תלת אמין הוה נעיץ בארעא וארבע אמין ופלגא הוה רחיק פרשנדתא מן ארעא ופרשנדתא הוה צליב בתלת אמין והוה רחיק מן דלפון פלגות אמתא. דלפון הוה צליב בתלת אמין והוה רחיק מן אספתא פלגות אמתא. אספתא הוה צליב בתלת אמין והוה רחיק מן פורתא פלגות אמתא. פורתא הוה צליב בתלת אמין והוה רחיק מן אדליא פלגות אמתא. אדליא הוה צליב בתלת אמין והוה רחיק מן ארידתא פלגות אמתא. ארידתא הוה צליב בתלת אמין והוה רחיק מן פרמשתא פלגות אמתא. פרמשתא הוה צליב בתלת אמין והוה רחיק מן אריסי פלגות אמתא. אריסי הוה צליב בתלת אמין והוה רחיק מן ארידי פלגות אמתא. ארידי הוה צליב בתלת אמין והוה רחיק מן ויזתא פלגות אמתא. ויזתא הוה צליב בתלת אמין והוה רחיק מן המן פלגות אמתא. המן הוה צליב בתלת אמין והוה רחיק על רישיה תלת אמין בגין דלא ייכול מניה עופא וזרש ערקת עם שבעין בנין דאישתארו להמן דהוו הדרין על תרעיא ומתפרנסין ושמשי ספרא אתקטיל בסייפא ומאה ותמניא מיתו עם חמש מאה גוברין דאיתקטילו בשושן דהוו איתמנן על אשקקי מלכא:
17,Esther,9,15,Esther 9:15,ואיתכנשו יהודאין די בשושן אוף ביומא ארבע עסר לירח אדר וקטלו בשושן תלת מאה גוברין מדבית עמלק ובעדאה לא אושיטו ית ידיהון:
17,Esther,9,16,Esther 9:16,ושאר יהודאין די בפלכי דמלכא אתכנשו וקימו ית נפשיהון ואשכחו ניחא מבעלי דבביהון וקטלו בסנאיהון שבעין וחמשא אלפין מדבית עמלק ובעדאה לא אושיטו ית ידיהון:
17,Esther,9,17,Esther 9:17,ביום תלת עסרי לירח אדר הוה קטול בזרעית דעמלק ונייחא הוה לישראל בארבע עשר ביה ומעבד יתיה יום משתיא וחדוא:
17,Esther,9,18,Esther 9:18,ויהודאין די בשושן אתכנשו לשיצאה ית בנוי דעמלק בתלת עשר ביה ובארבע עשר ביה ונחו בחמשא עשר ביה ומעבד יתיה יום משתיא וחדוא:
17,Esther,9,19,Esther 9:19,בגין כן יהודאין פציחאי דיתבין בקרוי פציחיא עבדין ית יום ארבע עשר לירח אדר חדותא ומשקיא ויומא טבא ומשדרין דורון גבר לחבריה:
17,Esther,9,20,Esther 9:20,וכתב מרדכי ית פתגמיא האלין ושדר פטקין לות כל יהודאין די בכל פילכי דמלכא אחשורוש דקריבין ודרחיקין:
17,Esther,9,21,Esther 9:21,לקיימא גזירת דינא עילויהון למהוי עבדין ית יום ארבע עשר לירח אדר וית חמשא עשר ביה בכל שתא ושתא:
17,Esther,9,22,Esther 9:22,כזמן יומיא די נחו בהון יהודאין מבעלי דבביהון ובירחא די אתהפך להון מדונא לחדוא ומאבלא ליומא טבא למעבד יתהון יום משתיא וחדוא ולשדרא דורון אנש לחבריה ומעהא דצדקתא מתנן דחשיכי:
17,Esther,9,23,Esther 9:23,וקבילו עלויהון כולהון יהודאין כחדא ית די שריאו למעבד וית די גזר כתב מרדכי בגינהון:
17,Esther,9,24,Esther 9:24,ארום המן בר המדתא דמן יחוס דאגג מעיק כל יהודאין חשיב על יהודאין להובדותהון צבע פיסא איהו הוא עדבא לשגושיהון ולהובדיהון:
17,Esther,9,25,Esther 9:25,וכד עלת אסתר קדם מלכא אמר לה מלכא יתוב זמיוניה בישא דחשיב למעבד למרדכי וליהודאין על רישיה ויצלבון יתיה וית בנוי על קיסא:
17,Esther,9,26,Esther 9:26,בגין כן קרו ליומיא האלין פוריא על שום פיסא בגין כן נטרין ליה זמן שתא בשתא בגין כן דיפרסמון יומי נסיא ופתגמי מגלתא הדא לאשתמעא לכל עמא בית ישראל למהויהון ידעין מה חזו למקבע יומי פוריא האלין בגין כן דאתעביד בהון נסא למרדכי ואסתר וידעון פורקנא דמטת להון:
17,Esther,9,27,Esther 9:27,קימו וקבילו יהודאין קימא עלויהון ועלוי בניהון ועלוי כל דירי דמתוספין עליהון ולא יעבר קימא די יהון עבדין ית תרין יומיא האלין למקרי ית מגלתא במכתב רושם עבראי בבית כנישתהון בחד עסר ותרי עסר ותלת עסר וארבע עסר ובחמשא עסר בגו פציחיא ולחיתא דפלכיא בקרויא כפום זמניהון:
17,Esther,9,28,Esther 9:28,ויומיא האלין אתחיבו למהוי להון דכרנא ולאתעבדא בהון משתיא בכל דרא ודרא יחוסא דכהני וליואי ויחוסא דכל בית ישראל דשרין בכל פלכא ופלכא ודירין בכל קרתא וקרתא ויומי פוריא האלין לא יעברון מגו יהודאין ודכרנהון לא ישתיצי מבניהון:
17,Esther,9,29,Esther 9:29,וכתבת אסתר מלכתא בת אביחיל ומרדכי היהודי ית כל מגלתא הדא ית תקפא דנסא לקימא ית אגרתא דפוריא הדא תניינותא:
17,Esther,9,30,Esther 9:30,ושדר פטקין לות כל יהודאין למאה ועסרין ושבע פילכין מלכות אחשורוש פתגמי שלמא והימנותא:
17,Esther,9,31,Esther 9:31,לקימא ית יומי פוריא האלין באדר בתראה בזמן עבורא היכמא דקים עליהון מרדכי יהודאי ואסתר מלכתא והיכמא דקימו יהודאי על נפשהון ועל בניהון למהויהון דכירין פתגמי צומיא וצלותהון:
17,Esther,9,32,Esther 9:32,ועל מימר אסתר אתקימו פתגמי פוריא האלין ועל ידוי דמרדכי אתכתבת מגלתא בפטקא:
17,Esther,10,1,Esther 10:1,ושוי מלכא אחשורוש כרגא על ארעא והפרכי ימא:
17,Esther,10,2,Esther 10:2,וכל עובדא דתוקפיה וגבורתיה ופירוש רבות מרדכי די רבייה מלכא הלא אנון כתיבין על ספר פתגמי יומיא למלכי מדאי ופרסאי:
17,Esther,10,3,Esther 10:3,מטול מרדכי יהודאה פתשגר דמלכא אחשורוש גזברא וסבא דיהודאי רב על כל עממיא ומסוף עלמא ועד סופיה אשתמע ליה שמעיה וכל מלכיא דחילו מקמיה וכד מדכרין ליה מזדעזעין מניה הוא מרדכי דמי לכוכב נוגהא דמזהר ביני כוכביא ודמי לשפרפרא די נפק בעדן צפרא והוא רבהון דיהודאי ורעי בסגיאותהון דאחוי ותבע טבתא לעמיה וממלל שלמא לכל זרעיתיה:
18,Job,1,1,Job 1:1,גבר הוה בארעא דעוץ איוב שמיה והוה גברא ההוא שלים ותריץ דחל מן קדם יי ועדי מן ביש:
18,Job,1,2,Job 1:2,ואתילידו ליה שבע בנין ותלת בנן:
18,Job,1,3,Job 1:3,והוה גיתי שבעא אלפין דען מן אלפא לכל ברא ותלתא אלפין דגמליא מן אלפא לכל ברתא וחמש מאה פדנין דתורין לגרמיה וחמש מאה אתנן לגרם אתתיה ופולחנא סגיאה לחדא והוה גברא ההוא רב בנכסין מכל בני מדנחא:
18,Job,1,4,Job 1:4,ואזלין בנוי ועבדין שירותא בית גבר יומיה עד משלם יומי שבעא ומשדרין ומזמנין לתלת אחיתהון למיכל ולמשתי עמהון:
18,Job,1,5,Job 1:5,והוה כד שלימו יומי שירותא ושדר איוב וזמננון ומקדים בצפרא ומסק עלון סכומי כולהון ארום אמר איוב דלמא חבון בני וארגיזו קדם יי ברעינהון הכדין יעבד איוב כל יומיא:
18,Job,1,6,Job 1:6,והוה ביומא דדינא בריש שתא ואתו כתי מלאכיא למקום בדינא קדם יי ואתי לחוד סטנא במציעהון:
18,Job,1,7,Job 1:7,ואמר יי לסטנא מנן את אתי ואתיב סטנא קדם יי ואמר מן שוט בארעא למבדק בעובדי בני אנשא ומן מהלכא בה:
18,Job,1,8,Job 1:8,ואמר יי לסטנא אפשר דשויתא לבך בעבדי איוב ארום לית דכמיה בארעא דעממי גבר שלים ותריץ דחל מן קדם יי ועדי מן ביש:
18,Job,1,9,Job 1:9,ואתיב סטנא קדם יי ואמר האפשר די למגן איוב דחל קדם יי:
18,Job,1,10,Job 1:10,הלא מימרך טללתא אמטולתיה ואמטול ביתיה ואמטול כל די ליה מן חזור חזור עובדי ידוי ברכתא וגיתוי תקיפו בארעא:
18,Job,1,11,Job 1:11,וברם אושיט כדון מחת ידך וקריב בכל די ליה אין לא באנפי מימרך ירגזנך:
18,Job,1,12,Job 1:12,ואמר יי לסיטנא הא כל דאית ליה מסיר בידך לחוד לותיה לא תושיט ידך ונפק סטנא בהרמנא מן קדם יי:
18,Job,1,13,Job 1:13,והוה אתחולי יומא שבועתא ובנוי ובנתיה אכלין ושתין חמרא בבית אחוהון בוכרא:
18,Job,1,14,Job 1:14,ואזגד אתא לות איוב ואמר תוריא הואה רדין ואתנן רען על סטריהון:
18,Job,1,15,Job 1:15,ונפלת בתכיף לילית מלכת זמרגד ודברתנון וית עולמיא קטלו אוכלוסהא לפתגם דחרב ואשתיזבית לחוד אנא לבלחודי לחואה לך:
18,Job,1,16,Job 1:16,עד כדון דין ממליל ודין אתא ואמר אשתא מן קדם יי נפלת מן שמיא ואוקידת בענא ובעולמיא וגמרתינון ואשתזבית לחוד אנא לבלחודי לחואה לך:
18,Job,1,17,Job 1:17,עד כדון דין ממלל ודין אתא ואמר כסדאי מניאו תלתא רישי אוכלוסין ואתפשטו על גמליא ודברנון וית עולמיא קטלו לפתגם דחרב ואשתזבית לחוד אנא לבלחודי לחואה לך:
18,Job,1,18,Job 1:18,עד כדון דין ממלל ודין אתא ואמר בנך ובנתך אכלין ושתין חמר בבית אחוהון בוכרא:
18,Job,1,19,Job 1:19,והא זעפא רבתא אתיא מסטרי מדברא וקריב בארבע זוין דביתא ונפל על עולמיא ומיתו ואשתזבית לחוד אנא לבלחודי לחואה לך:
18,Job,1,20,Job 1:20,וקם איוב ובזע ית מעיליה וספר ית רישיה ונפל על ארעא וסגיד:
18,Job,1,21,Job 1:21,ואמר ערטילי נפקית מן כרסא דאמי וערטילי אתוב לבית קבורתא מימרא דיי יהב ומימרא דיי ובית דיניה נסיב יהי שמא דיי מברך:
18,Job,1,22,Job 1:22,בכל דא לא חב איוב ולא מסדר מלי מחטי קדם יי:
18,Job,2,1,Job 2:1,והוה יום דינא רבא יום שבוק סרחניא ואתו כתי מלאכיא למקום בדינא קדם יי ואתא לחוד סטנא במציעיהון למקום בדינא קדם יי:
18,Job,2,2,Job 2:2,ואמר יי לסטנא מנן את אתי ואתיב סטנא קדם יי ואמר מן למשוט בארעא למבדק בעובדי בני נשא ומן מהלכא בה:
18,Job,2,3,Job 2:3,ואמר יי לסטנא אפשר דשויתא לבך בעבדי איוב ארום לית דכמוהי בארעא דעממי גבר שלים ותריץ דחיל מן קדם יי ועדי מן ביש ועוד כדון הוא מתקף בשלימותיה וגריתא מימרי ביה לסלעמותיה מגן:
18,Job,2,4,Job 2:4,ואתיב סטנא קדם יי ואמר אברא אמטול אברא וכל די לבר נש ימסור אמטול נפשיה:
18,Job,2,5,Job 2:5,ברם אושיט כדון מחת ידך וקריב לגרמיה ולבסריה אין לא באנפי מימרך ירגזינך:
18,Job,2,6,Job 2:6,ואמר יי לסטנא הא מסיר בידך לחוד ית נפשיה נטר:
18,Job,2,7,Job 2:7,ונפק סטנא בהרמנא מן קדם יי ומחא ית איוב בשיחנא בישא מפרסת רגליה ועד מוקדיה:
18,Job,2,8,Job 2:8,ונסיב ליה פחד לאתקרצפא ביה והוא יתיב באמצע קטמא:
18,Job,2,9,Job 2:9,ואמרת ליה דינה אתתיה עד כדון את מתקף בשלימותך בריך מימרא דיי ומית:
18,Job,2,10,Job 2:10,ואמר לה היכמא די ממללן חדא מן נשיא דעבדין קלנא בבית אבהתהון הכדין את ממללא לחוד ית טבא נקבל מן קדם יי וית בישא לא נקבל בכל דא לא חב איוב בספותוהי ברם ברעיניה הרהר במלין:
18,Job,2,11,Job 2:11,ושמעו תלתא חברי איוב ית כל בישתא הדא דאתת עלוהי ואתו גבר מאתריה אליפז די מן תימן ובלדד די מן שוח וצופר די מן נעמה ואתחברו כחדא למיתי למגד ליה ולנחמותיה:
18,Job,2,12,Job 2:12,וזקפו ית עיניהון מן רחיק ולא אשתמודעוהי וארימו קלהון ובכו ובזעו גבר מעיליה ודרקון עפרא על רישיהון לצית שמיא:
18,Job,2,13,Job 2:13,ויתיבו עמיה לארעא שבעא יומין ושבעא לילון ולית די ממלל עמיה פתגם ארום דחמון ארום סגא כיבא לחדא:
18,Job,3,1,Job 3:1,מן בתר כדין פתח איוב ית פומיה ולטט ית יומיה:
18,Job,3,2,Job 3:2,ואתיב איוב ואמר:
18,Job,3,3,Job 3:3,יהובד יומא דאתילידית ביה וליליא די אמר אתברא גבר:
18,Job,3,4,Job 3:4,יומא ההוא יהי קבלא לא יתבעיניה אלהא מן לעלא ולא תפע עלוי שפרפרא:
18,Job,3,5,Job 3:5,יטננון יתיה חשוכא וטולי מותא תשרי עלוי עננא יבעתון יתיה היך מרירי יומא :
18,Job,3,6,Job 3:6,ליליא ההוא ידברניה קבלא לא יתיחד עם יומין טבין דשתא במנין רישי ירחיא לא יעול:
18,Job,3,7,Job 3:7,הא ליליא ההוא יהי צערא לא תעול רננא דתרנגול ברא למקלסא ביה:
18,Job,3,8,Job 3:8,ילטטוניה נבייא די לטטין יומא דפורענותא דאיטימוסא לאדכר באתערותהון אליותהון:
18,Job,3,9,Job 3:9,יתחשכון כוכבי נשף שיריה יסתכי לאנהרא ולא יחמי בתימורי קרצתא:
18,Job,3,10,Job 3:10,ארום לא אחד פאתי דלתתי דהנון דשי כרסי וטמר עמלא מן עיני:
18,Job,3,11,Job 3:11,למא לא מן רחמא אמות מכרסא כד נפקית ואתנגד:
18,Job,3,12,Job 3:12,מה דין אקדימו יתי רכוביא ומה חדיא ארום איניק:
18,Job,3,13,Job 3:13,ארום השתא שכיבית ואשדוך דמכית בכן ינוח לי:
18,Job,3,14,Job 3:14,עם מלכיא ויעטי ארעא דמשכללין צדין להון:
18,Job,3,15,Job 3:15,או עם רברביא דדהב להון דממלין קורטוריהון סימא:
18,Job,3,16,Job 3:16,או היך נפלא דטמיע במעינא לית אפשר דאהי היך טליא דלא חמון נהור אוריתא:
18,Job,3,17,Job 3:17,תמן רשיעיא דעבדו תתובא פסקו רוגז גהנם ותמן ינוחון תלמידיא דאשתלהי חילהון באוריתא:
18,Job,3,18,Job 3:18,כחדא אסירי מדרשיא שליאו לא שמעו ינקי בית רבא קל אמוראה:
18,Job,3,19,Job 3:19,יעקב דאתקרי דרדק ואברהם דאתקרי קשיש תמן הוא ויצחק עבדא דיי דנפק בר חורין מן כופתא מן קיריס דידיה:
18,Job,3,20,Job 3:20,למא יהיב ללעי נהורא וחיי למרירי נפש:
18,Job,3,21,Job 3:21,דאורכין למותא וליתוי וחפסין ליה מן טומעיא:
18,Job,3,22,Job 3:22,דהוו חדין לדיצא השתא יחדון ארום ישכחון בית קבורתא:
18,Job,3,23,Job 3:23,כל אלין מרירתא לגבר די אורחיה מטמרא וטלל אלהא אמטולתיה:
18,Job,3,24,Job 3:24,ארום קדם סעודתי תנחתי תעול ונתזן היך מוי אכליותי:
18,Job,3,25,Job 3:25,ארום דחולא דחלית ואתת לותי ומה דדלחית ייתי לי:
18,Job,3,26,Job 3:26,לא שליית מבסורתא דתורי ואתנן ולא שדוכית מן בסורתא דיקדתא ולא ניחית מבסורתא דגמליא ואתא רוגזא על בסורתא די בניא:
18,Job,4,1,Job 4:1,ואתיב אליפז דמן תימן ואמר:
18,Job,4,2,Job 4:2,העל נסיון פתגמא דמטא לותך תשתלהי ולמעכבא במליא מן יכול:
18,Job,4,3,Job 4:3,הא כסנתא סגיעין וידיא חלשיא תקפתא:
18,Job,4,4,Job 4:4,דתקל בחובא יקימון מליך וארכוביא דחמטן בעבירא תחיל:
18,Job,4,5,Job 4:5,ארום כדון תיתי לותך ותשתלהי תמטי גבך ואתבהלתא:
18,Job,4,6,Job 4:6,הלא דחלתך סכויך סברך ושלמות אורחתך:
18,Job,4,7,Job 4:7,אדכר כדון מן דזכי כאברהם הובד והאן תריצין כיצחק ויעקב אתכחדו:
18,Job,4,8,Job 4:8,היכמה די חמיתי דרא דטובענא עבדי שקרא ופלחי לעות ישתלמין כמניה:
18,Job,4,9,Job 4:9,מן מימר אלהא יהובדון ומן זעפא דנחיריה ישתיצון:
18,Job,4,10,Job 4:10,אכליות דשעיר דמתיל לאריא טרפא וקלא דליה דמתיל לשחלא מרתיחין כדביא בחטופיהון ורברבנוי דמתילין לליתא מתפרשין למבז בזתא:
18,Job,4,11,Job 4:11,היכמה דאריא יהובד מדלית עדאה היכדין יהובד ישמעאל מדלית זכותא ובנוי לסטיא אתפרשו מן אורחין תריצין: ת״א ישמעאל דמתיל לאריון יהובד מדלית זכותא ובגוי דלוט דמתיל לליתא יתפרשון מקהלא:
18,Job,4,12,Job 4:12,לותי פתגם אתאמר בנטיר ואליפת אודני קצת דאתמצי מניה:
18,Job,4,13,Job 4:13,במחשבתא דמן חזותא בליליא כד נפלת שנתא על בני נשא:
18,Job,4,14,Job 4:14,דחולא ערעני ורתיתא וסוגעי אברי דחיל:
18,Job,4,15,Job 4:15,וזיקא על אפי יעבר מצלהבא עלעולא בסרי:
18,Job,4,16,Job 4:16,יקום ולא אשתמודע חזויה דמו לקבל עיני חשש וקל סוגעין אשמע:
18,Job,4,17,Job 4:17,אכרז ואמר אפשר דבר נש מאלהא יזכי אם מן דעבדיה ידכי גבר:
18,Job,4,18,Job 4:18,הא בעבדוי נבייא לא יימין ובאזגדוי ישוי עילא:
18,Job,4,19,Job 4:19,כל דכין רשיעיא דשרין בקבורת טנא די בעפרא שיתאסיהון ידככנון קדם זחלא:
18,Job,4,20,Job 4:20,מצפר לרמש משתפפין מן דלית משוי להון ארכא לעלמא יהובדון:
18,Job,4,21,Job 4:21,הלא מדלית זכותא להון אנטל סעיד מנהון ימותון ולא בחכמתא:
18,Job,5,1,Job 5:1,קרי כדון האית עני לך ולמן מן קדישיא תתפני:
18,Job,5,2,Job 5:2,ארום לשטיא יקטול רוגזיה דקיריס ושבירא תמית טננא דבריתא:
18,Job,5,3,Job 5:3,אנא חמית שטיא דמתנציב ולטטית מדוריה בתכיף:
18,Job,5,4,Job 5:4,מתרחקין בנוי מפורקנא לעלמא דאתי וישתפפון במעלנא דגהנם ביום דינא רבא ולית דפצי:
18,Job,5,5,Job 5:5,די חצדיה כפיני ייכלון ופולמוסין במני זינא ידברוניה ויבזון לסטיסין נכסיהון:
18,Job,5,6,Job 5:6,ארום לא נפיק מעפרא שקר ומן אדמתא לא ירבי לעות:
18,Job,5,7,Job 5:7,ארום בר נש למלעי באוריתא אתברי ובני מזיקי בגובהא יטוסון: ת״א ארום בר נש לליעות אתיליד וסופוהי היך נצין דנתרין מן גומריא ומתגבהין היכדין יעוף:
18,Job,5,8,Job 5:8,ברם אנא אתבע אולפן מן תקיפא ולאלהא אשוי מלתי:
18,Job,5,9,Job 5:9,עבד רברבן ולית סכום פרישן עד דלית מנין:
18,Job,5,10,Job 5:10,דיהב מטרא על אפי ארעא דישראל ומשדר מיא על אפי מחוזי עממיא:
18,Job,5,11,Job 5:11,מטול לשואה מכיכי אולצנא לרומא ואוכמי מסכינותא תקפו פורקנא:
18,Job,5,12,Job 5:12,דבטל מחשבתהון דמצראי דחכימו לאבאשא לישראל ולא עבדא אידיהון מלכת חכמתהון:
18,Job,5,13,Job 5:13,מאחד חכימי פרעה בחכימותהון ומלכת אסטגנינוהי עוקמניא אוחית עליהון:
18,Job,5,14,Job 5:14,בימם יערעון חשוך והיך ליליא ימשמשון בטיהרא:
18,Job,5,15,Job 5:15,ופרק עמיה מן קטילא דפומהון ומן יד מלך תקיף עמא חשיכא:
18,Job,5,16,Job 5:16,והות למסכנא סברא ונכלתא דרשיעי טפית פומה:
18,Job,5,17,Job 5:17,הא טוביה דאברהם גברא חסידא דיכסנניה אלהא ואנת ישראל מרדותא דשדי לא תרחיק:
18,Job,5,18,Job 5:18,ארום הוא מיתי כיבא ומעל סמתירא ימחי וידוי מסין:
18,Job,5,19,Job 5:19,בשית עקתין יפצנך ובשביעתא לא יקריב ביך ביש:
18,Job,5,20,Job 5:20,בכפן דמצרים פרקך ממותא ובקרבא דעמלק מקטול סיפא:
18,Job,5,21,Job 5:21,בנזקא דלישן דבלעם תטמר ביני ענניא ולא תדחל מן חבל מדינאי כד ייתי:
18,Job,5,22,Job 5:22,לחבל סיחון ולאולצן מדברא תגחך ומן משרית עוג דמתיל לחיות ברא דארעא לא תדחל:
18,Job,5,23,Job 5:23,ארום עם לוחי אבנא דאתיהיבו בפומבי בחקלא קימך וכנענאי דמתילין לחיות ברא אשלימו עמך:
18,Job,5,24,Job 5:24,ותנדע ארום שלם בית אולפנך תזמין מדור בית משכנך ולא תנזיק:
18,Job,5,25,Job 5:25,ותנדע ארום סגיעין בנך ובני בנך היך עסבא דחקלא:
18,Job,5,26,Job 5:26,תעול בשלימות שניך בכוכא לקבורתא היך מסק גדישא בעדניה:
18,Job,5,27,Job 5:27,הא דא פשפשנא יתה הכדין היא קבלנה ואנת דע לך:
18,Job,6,1,Job 6:1,ואתיב איוב ואמר:
18,Job,6,2,Job 6:2,מאים מתקל יתקל רוגזי ואתרגושתי במסחתא יטלון כחדא:
18,Job,6,3,Job 6:3,ארום כדון יתיר מחלא דימא יתיקר בגין כן מלי משתלהין:
18,Job,6,4,Job 6:4,ארום גירי שדי בהדי די ארסהון שתית רוחי ביעותא דמן קדם אלהא יסדרון לקבלי:
18,Job,6,5,Job 6:5,האפשר דמבריס מרודא עלוי דתאה היך יגעי תורא על אספסתיה:
18,Job,6,6,Job 6:6,האפשר דמתאכל תבשילא מדלית מלחא אין אית טעם בחלבון בעתא וחלמונא: ת״א כמה דלא מתאכל מידי בשש בלא מלחא הכדין לית טעמא ברירא דחלמונא:
18,Job,6,7,Job 6:7,סריבת למקרב נפשי הנון מתחשבין היך דוותא לסעודתי: ת״א סריבת למקרב נפשי הנון עבדין יתי אסתניס והות מסתיא לסעודתי:
18,Job,6,8,Job 6:8,מן יהיב ותיתי שילתי וסברי יתן אלהא:
18,Job,6,9,Job 6:9,ושרי אלהא לממסכן יתי יתיר ידיה ויעתיר יתי:
18,Job,6,10,Job 6:10,ותהי דא תנחומתי ואבוע ברתיתא ולא יחוס על רשיעיא ארום לא כסיתי מלי קדישא:
18,Job,6,11,Job 6:11,מה חילי ארום אוריך ומה סופי ארום נגדנא נפשי:
18,Job,6,12,Job 6:12,אין חילא היך אבניא חילי אין בסרי קרים כנחשא:
18,Job,6,13,Job 6:13,המדלית סיועי בי וחוכמתא אתברחת מני:
18,Job,6,14,Job 6:14,לגברא דמנע מן חבריה חסדא ודחלת שדי ישבוק:
18,Job,6,15,Job 6:15,אחי בזזו היך נגוד נחלא היך מפקנות פצדי נחליא עברין:
18,Job,6,16,Job 6:16,דשחימין מן צנתא עליהון יתחיל תלגא:
18,Job,6,17,Job 6:17,בעדן דחבו דר טובענא אשתרבבו אתמגרו ברתחיה אתמחיאו מן אתריהון:
18,Job,6,18,Job 6:18,מטול דמקלקלין אסרטי אורחיהון סלקין ללמא ויהובדון:
18,Job,6,19,Job 6:19,אסתכו אסרטי תימא הליכתא דזמרגד סברו להון:
18,Job,6,20,Job 6:20,בהיתו ארום אתרחיצו בטעותהון אתו לגבה ואתכסיפו:
18,Job,6,21,Job 6:21,ארום כדון הויתון כלא הויתון חמיתון תברא ואתבהלתון:
18,Job,6,22,Job 6:22,הבקושטא אמרית הבו לי ומן נכסיכון שחדו אמטולתי:
18,Job,6,23,Job 6:23,ושזבוני מן יד מעיקא ומן ידיהון דתקיפי פרוקו יתי:
18,Job,6,24,Job 6:24,אליפו יתי ואנא אשתוק ומה דשליתי אסכילו לי:
18,Job,6,25,Job 6:25,מה בסימין הנון מלין תריצין ומן דכשר לכסנא יכסן מנכון:
18,Job,6,26,Job 6:26,אפשר דלכסנא במיליא אתון חשבין ולקבלא אמתילו מלי יאושא:
18,Job,6,27,Job 6:27,רגיז על יתם תשדון ותחשלון על חבריכון:
18,Job,6,28,Job 6:28,וכדון שרו אסתכלו בי וקדמיכון אם אכזב:
18,Job,6,29,Job 6:29,תובו כדון לא תהי רשיעא ותובו תוב לזכאותי בה:
18,Job,6,30,Job 6:30,האית בלישני רשעא אין מוריגי לא יתבין רגושתא:
18,Job,7,1,Job 7:1,הלא חילא לבר נש עלוי ארעא והיך יומי אגירא יומוי:
18,Job,7,2,Job 7:2,היך עבדא דשאף טולא והיך אגירא דמודיק סטריה:
18,Job,7,3,Job 7:3,היכדין אתחסנית לי ירחין דמגן ולילון דלעות חשיבו לי:
18,Job,7,4,Job 7:4,אין שכיבית ואמרית אימתי אקום ונדדית ברמשא ושבעית נדדת ברמשא ושבעית נדדת שנתא עד עדן שפרפרא:
18,Job,7,5,Job 7:5,לבש בסרי מורגי וגרגשתא דעפרא משכי רטט ואתמסי:
18,Job,7,6,Job 7:6,יומי קלילו מן גרדית מחי ופסקו מדלית סברא:
18,Job,7,7,Job 7:7,אדכר ארום היך רוחא חיי לא תתוב עיני למחמי טב:
18,Job,7,8,Job 7:8,לא תסכי יתי עינא דחמיא יתי עינך במימרי ולא איתי:
18,Job,7,9,Job 7:9,הכמא דפסק תננא ואזל הכדין דנחית לבי קבורתא לא יסק:
18,Job,7,10,Job 7:10,לא יתוב תוב לביתיה ולא אשתמודעיה תוב אתריה:
18,Job,7,11,Job 7:11,לחוד אנא לא אמנע פומי אמלל בעקת רוחי אשיח במריר נפשי:
18,Job,7,12,Job 7:12,הכמצראי דאתחיבו למטבע בימא דסוף אתחיבית אנא אין כפרעה דאשתניק במצועיה בחוביה ארום תמני עלי מטרא: ת״א הכימא רבא אנא דמתרגף לקציא אין לויתן דאטימוס לאתחדא ארום תשוי עלי נטירא:
18,Job,7,13,Job 7:13,ארום אמרית תנחמנני דרגשי יסובר במלי בית משכבי:
18,Job,7,14,Job 7:14,ותברתני בחלמיא ומחזוניא תבעת יתי:
18,Job,7,15,Job 7:15,ובחרת שרנוקא נפשי מותא מן קיום גרמי:
18,Job,7,16,Job 7:16,רחיקית דלא לעלם אחי פסק מני ארום למא יומי:
18,Job,7,17,Job 7:17,מה בר נש ארום תרבניה וארום תשוי לותיה לבך:
18,Job,7,18,Job 7:18,ותסערניה לצפריא לשעתא תבחנניה:
18,Job,7,19,Job 7:19,כמא לא תשבוק מני לא תשלנני עד דאבלע רקי:
18,Job,7,20,Job 7:20,חבית מה אעבד לך נטריה דבר נשא למא שויתני למארע לך והויתי עלי למטול:
18,Job,7,21,Job 7:21,ומא דין לא תשבוק מרודי ותעבר ית עויתי ארום כדון לעפרא אשכוב ותתבענני ולא איתי:
18,Job,8,1,Job 8:1,ואתיב בלדר דמן שוח ואמר:
18,Job,8,2,Job 8:2,עד אימתי תמלל כאלין וזעפא רבא מימרי פומך:
18,Job,8,3,Job 8:3,אפשר דאלהא יעקם דינא ואם שדי יקלקל צדקא:
18,Job,8,4,Job 8:4,אין בניך חבו קדמוי ושדרינון באתר מרדיהון:
18,Job,8,5,Job 8:5,אין את תקדם בצלו קדם אלהא ולות שדי תצלי:
18,Job,8,6,Job 8:6,אין בריר ותריץ את ארום כדון יתגבר עלך וישלם יאית צדקך:
18,Job,8,7,Job 8:7,והוה שירותך זער וסופך יסגא לחדא:
18,Job,8,8,Job 8:8,ארום שאל כדון לדר קדמי וכוין לפשפוש אבהתהון:
18,Job,8,9,Job 8:9,ארום מאתמלי אנחנא ולא נדע ארום היך טולא יומנא עלוי ארעא:
18,Job,8,10,Job 8:10,הלא אנון ילפונך וימרון לך ומרעותהון ומרעיונהון יפקון מילין:
18,Job,8,11,Job 8:11,האפשר דאתגאי גומא בלא בצא יסגא ערקא בלא מיא:
18,Job,8,12,Job 8:12,עד די הוא בגיותיה לא אתליש וקדם כל עסבא ייבש:
18,Job,8,13,Job 8:13,היכדין אסרט כל דשלין אלהא וסבר מדילטור תהובד:
18,Job,8,14,Job 8:14,די תזוח סבריה והיך בי מטויאתא רוחצניה:
18,Job,8,15,Job 8:15,מסתמיך על ביתיה ולא יקום ותתקף ביה ולא יתקיים:
18,Job,8,16,Job 8:16,רטיב הוא קדם מדנח שמשא ועל פריוניה ינקותיה תפוק:
18,Job,8,17,Job 8:17,די על איגר שרשוי חרשין בית אבניא יעוין:
18,Job,8,18,Job 8:18,אם יסלעמניה מן אתריה ומכדב ביה לא חמית יתך:
18,Job,8,19,Job 8:19,הא הוא חדות אורחיה ומן עפרא אוחרן ילבלבון:
18,Job,8,20,Job 8:20,הא אלהא לא ירחיק שלים ולא יתקיף ביד מבאשין:
18,Job,8,21,Job 8:21,עד די מלא חובא פומך וספותך היך יבבא:
18,Job,8,22,Job 8:22,סנאך ילבשון בהתא ומשכנא דרשיעי ליתוהי:
18,Job,9,1,Job 9:1,ואתיב איוב ואמר:
18,Job,9,2,Job 9:2,ברם בקושטא ידעית ארום היכנא ומה ידכי בר נש עם אלהא:
18,Job,9,3,Job 9:3,אם יצבי למנצי עמיה לא יתיביניה חדא מן אלף:
18,Job,9,4,Job 9:4,חכימא לבא ואלים חילא מן אקשי לותיה ואשלם:
18,Job,9,5,Job 9:5,דמסלק תקיפין היך טוריא ולא ידעו ארום הפיכנון ברוגזיה:
18,Job,9,6,Job 9:6,דמרגיז ארעא מאתרה ועמודהא מתרפפין:
18,Job,9,7,Job 9:7,דאמר לשמשא ולא ידנח ואמטול כוכביא יחתום בענני:
18,Job,9,8,Job 9:8,דמתח שמיא לבלחודיה ומטיל על רום תקוף ימא:
18,Job,9,9,Job 9:9,דעבד עש נפלא וכימא ואדרוני שטרי מזליא בסטר דרומא:
18,Job,9,10,Job 9:10,דעבד רברבן עד דלית סוף ופרישן עד דלית מנין:
18,Job,9,11,Job 9:11,הא יעבר עלי בשמי מרומא ולא אחמי ויחלוף ולא אתבין ליה:
18,Job,9,12,Job 9:12,הא יחטוף אנש בעלמא ומן יתיבניה מן יימר ליה מה את עביד:
18,Job,9,13,Job 9:13,אלהא לא יתיב רוגזיה תחותוי שיחן רשיעיא יתברון גיותניא דמסיעין בסוגעא:
18,Job,9,14,Job 9:14,אף כל דכן ארום אנא אתיבניה אבחר פתגמי עמיה:
18,Job,9,15,Job 9:15,דאין זכית לא אתיב למן דדין יתי אצלי:
18,Job,9,16,Job 9:16,אין קרית ואתיב יתי לא אימין ארום יצית לקלי:
18,Job,9,17,Job 9:17,דעד חוטי בינתא מדקדק עמי ואסגי הלבשושי מגן:
18,Job,9,18,Job 9:18,לא ישבקנני לאתבא רוחי ארום ישבענני מריריא:
18,Job,9,19,Job 9:19,אם לחילא אלים הא הוא ואין לדינא מן יסהיד עלי:
18,Job,9,20,Job 9:20,אין זכי אנא פומי יחיבינני שלים אנא ומקלקל יתי:
18,Job,9,21,Job 9:21,שלים אנא לא אנדע נפשי ארחיק חיי:
18,Job,9,22,Job 9:22,חדא מכילא היא בגין כן אמרית שלים וחיב הוא משיצי:
18,Job,9,23,Job 9:23,אין ברוגז ימות בתקיף כד מתמסמסין זכאין ידחך:
18,Job,9,24,Job 9:24,ארעא אתמסרת ביד חיבא מן קדם יי דינהא יחפי זכותא אין לא דיכי מן הוא:
18,Job,9,25,Job 9:25,יומי קלילו יתיר מן טול עופא דרהט ערקו לא חמון טבתא:
18,Job,9,26,Job 9:26,חלפין עם אלפיא דטעינין מגדיא היך נשרא דטיס על מיכלא:
18,Job,9,27,Job 9:27,אין אימר אתנשי מלי אשבק רוגזי ואתגבד:
18,Job,9,28,Job 9:28,כנשית כולהון צערי ידעת ארום לא תזכי יתי:
18,Job,9,29,Job 9:29,אנא אתחיב למא דין ללמא אלעי:
18,Job,9,30,Job 9:30,אין אסחיית במי תלגא ודכאית באהלא ידי:
18,Job,9,31,Job 9:31,היכדין בשחותא תטמשנני ומרחקין יתי כסותי:
18,Job,9,32,Job 9:32,ארום לא בר נש דכמי אתיבניה נעול כחדא בדינא:
18,Job,9,33,Job 9:33,לא אית ביננא מכסין ישוי ידיה על תרויננא:
18,Job,9,34,Job 9:34,יעדי מעלי מחתיה ודחלתיה לא תבעית יתי:
18,Job,9,35,Job 9:35,אמלל ולא אדחל מניה ארום לא הכנא אנא בהדי:
18,Job,10,1,Job 10:1,אתגזרת נפשי בחיי אשבוק עלי מלי אמלל במרירות נפשי:
18,Job,10,2,Job 10:2,אימר לאלהא לא תחיבנני אודע יתי מטול מה תנצי עמי:
18,Job,10,3,Job 10:3,התקין קדמך ארום תטלום ארום תרחק לעות ידך ועל מלכת דרשיעי אופעת:
18,Job,10,4,Job 10:4,העינין כבר בשרא לך אין כמחמי בר נש תחמי:
18,Job,10,5,Job 10:5,הכיומי בר נש יומיך אין שניך היך יומי גברא:
18,Job,10,6,Job 10:6,ארום תבעי לעויתי ולחובי תתבע:
18,Job,10,7,Job 10:7,על מנדעך ארום לא אתחיב ולית מן ידך פצי:
18,Job,10,8,Job 10:8,ידך צירוני ועבדו יתי כחדא חזור חזור וסלעמתא יתי:
18,Job,10,9,Job 10:9,אדכר כדון ארום איך טנא עבדתני ולעפרא תתיבנני:
18,Job,10,10,Job 10:10,הלא היך חלבא סננתא יתי והיך גובנין קדשתא יתי:
18,Job,10,11,Job 10:11,משכא ובסרא אלבשתני ובגרמיא וגדיא אשתיתני:
18,Job,10,12,Job 10:12,חיי וחסדא עבדתא עמי ודכרנך נטרת רוחי:
18,Job,10,13,Job 10:13,ואלין אטישתא בלבך ידעית ארום דא גבך:
18,Job,10,14,Job 10:14,אין חבית ונטרתני ומן חובי לא תזכנני:
18,Job,10,15,Job 10:15,אין חבית חבל עלי מן דינא רבא וזכיתי לא אזקוף רישי מן קדם חיביא דאסבע חסודא ואחמי סגופי:
18,Job,10,16,Job 10:16,וארים ידיה היך אריא תצור יתי ותתוב תדין בי:
18,Job,10,17,Job 10:17,תחדת סהדיך לקבלי ותסגי רוגזך בהדי מתחלפן מחותא מתחילין גבי:
18,Job,10,18,Job 10:18,ולמא מן רחמא אפקתני אתנגיד ועינא לא תסכנני:
18,Job,10,19,Job 10:19,היכמה דלא הויתי אהי מן כריסא לבי קבורתא אתעל:
18,Job,10,20,Job 10:20,הלא קלילין יומי ופסקן ושוי עלי ואנוח זעיר:
18,Job,10,21,Job 10:21,עד דלא איזל ולא אתוב לארעא חשוכא וטולא דמותא:
18,Job,10,22,Job 10:22,ארעא דתימורהא היך קבל טולי מותא ולא סדרי יתוב בני נשא ומפעפעא היך קבל:
18,Job,11,1,Job 11:1,ואתיב צופר דמן נעמה ואמר:
18,Job,11,2,Job 11:2,אפשר דמסגי מליא לא יתותב ואין בר נש מרי שפון יזכי:
18,Job,11,3,Job 11:3,כדבוביך גובריא משתקין ודחבתא ולית דמכסף:
18,Job,11,4,Job 11:4,ותימר דכי אולפני ובריר הויתי בעינך:
18,Job,11,5,Job 11:5,וברם מן יתן אלהא ממלל ויפתח שפותוהי עמך:
18,Job,11,6,Job 11:6,ויחוי לך כסוין דחוכמתא ארום כופלא לחוכמתא ודע ארום אנשי לך אלהא מעוינך:
18,Job,11,7,Job 11:7,אפשר דפשפוש אלהא תשכח אין עד סיפי שדי תשכח:
18,Job,11,8,Job 11:8,בגבהי שמיא מה את עבד באוריתא דעמיקא מן שיול מה את ידע:
18,Job,11,9,Job 11:9,דנגידא יתיר מן ארעא משחתה ופתיה יתיר מן ימא:
18,Job,11,10,Job 11:10,אין יחלוף וייחוד שמיא בענני ויכנוש משרין מן יתיבניה:
18,Job,11,11,Job 11:11,ארום הוא חכים גברי שקרא ואפשר דחמי שקר ולא אתבין:
18,Job,11,12,Job 11:12,וגבר חריף יתחכם לביה ועילא דמרודא היך בר נש אתיליד: ת״א ובר נש מפלפל ידיק ועולם מסרבן דאתבן גברא רבא מתעבד:
18,Job,11,13,Job 11:13,אין את כונתא לבך ותפרוס לותיה בצלו ידיך:
18,Job,11,14,Job 11:14,אין שקר בידך רחק יתיה ולא תשרי במשכנך עולא:
18,Job,11,15,Job 11:15,ארום הידין תזקוף אפיך דלא מום ותהוי סנין מחבולא ולא תדחל:
18,Job,11,16,Job 11:16,ארום את לעות תתנשי היך מוי דעברו תדכר:
18,Job,11,17,Job 11:17,ומטהר יומיך יקום גושמך דהלך בגרגושתא דפעפועא דקבלא היך צפרא תהוי:
18,Job,11,18,Job 11:18,ותתרחיץ ארום אית סבר ותתקין בי קבורתא לרוחצן תשכוב:
18,Job,11,19,Job 11:19,ותרבע ולא דמניד וישחרון אפך סגיעין:
18,Job,11,20,Job 11:20,ועינין דרשיעיא תשתיצון ושזבותא הובד מנהון וסברתהון מפח נפש:
18,Job,12,1,Job 12:1,ואתיב איוב ואמר:
18,Job,12,2,Job 12:2,בקושטא ארום אתון חבריא ועמכון תסוף חוכמתא:
18,Job,12,3,Job 12:3,לחוד לי לבא דכמתכון לא פריש אנא מנכון ועם מן לית דכמת אילין:
18,Job,12,4,Job 12:4,חוכא לחבריה אהי דקרי לאלהא ועני יתיה חיך לזכאה שלימא:
18,Job,12,5,Job 12:5,אודא דבסיר לרשיעא מן מחשכא שלו מכון להרפתקי זמנא: ת״א בוערא בסיר לעשו דמן מחשבתא רחיץ שלו ברם הוא מעתד לאזדעזעת רגלא:
18,Job,12,6,Job 12:6,ובני עשו דשלוין במשכניהון יתמסרון לבזוזין ובני ישמעאל דרחיצין יתמסרין לשאר אומיא דמרגיזין אלהא דכמתהון דזמן אלהא בידיה: ת״א ובני ישמעאל דשלוין במשכניהון יתמסרון לבזוזין ועמונאי ומואבאי דשרין לרחצן יתמסרון ביד רשיעיא דמרגזין אלוה היך פרעה דאיתיה אלוה עלוהי מחתא בידיה:
18,Job,12,7,Job 12:7,וברם שיל כדון בעירי וילפונך ועופא דשמיא ויחוי לך:
18,Job,12,8,Job 12:8,או מלל לארעא ותלפנך וישתעון לך נוני ימא:
18,Job,12,9,Job 12:9,מן לא ידע בכל אלין ארום מחת ידא דיי עבדת דא:
18,Job,12,10,Job 12:10,די בידיה נפשתא דכל חי ורוחא דכל בסר גבר:
18,Job,12,11,Job 12:11,הלא אודנא מלין תבחן ומוריגא מיכלא יטעם ליה:
18,Job,12,12,Job 12:12,בקשישיא חכמתא ונוגדי יומין בינתא:
18,Job,12,13,Job 12:13,עמיה חוכמתא וגבורתא דיליה מלכא ובינתא:
18,Job,12,14,Job 12:14,הא יצדי ולא יתבני יסגור על גבר בקבורתא ולא יתפתח:
18,Job,12,15,Job 12:15,הא אחד במיא ומתיבשין וכד ישלחנון מתהפכין בארעא:
18,Job,12,16,Job 12:16,גביה עושנא וחוכמתא די ליה שלי ומשלי:
18,Job,12,17,Job 12:17,דמוביל מרי מלכיא כד משתלשלין ונגודיא יתעלב:
18,Job,12,18,Job 12:18,שושילתא דמלכיא משרי ואסר קמור בחרציהון:
18,Job,12,19,Job 12:19,דמוליך רברבניא בבזתא ותקיפיא מקלקל:
18,Job,12,20,Job 12:20,מעדי קשוט ספותא ממהימנין וטעם סביא יסלק:
18,Job,12,21,Job 12:21,שדי בסרנותא על סרכיא ותקוף תקיפיא מחלש:
18,Job,12,22,Job 12:22,מגלי עמיקתא מן חשוכא ומפק לנהורא טולי מותא:
18,Job,12,23,Job 12:23,מפיש לעממיא ומאבדנון משטח מצודתא לאומיא ודברנון:
18,Job,12,24,Job 12:24,מעדי חכמת לבא דרישי עמא דארעא ומתענון בלמא דלית אורחא:
18,Job,12,25,Job 12:25,ימשמשון חשוך ולא נהורא ומתענון היך רוי:
18,Job,13,1,Job 13:1,הא כולא חמת עיני שמעת אודני ואתבינת לה:
18,Job,13,2,Job 13:2,היך מנדעכון ידעית אוף אנא לית פריש אנא מנכון:
18,Job,13,3,Job 13:3,ברם אנא לות שדי אמלל ומכסנא עם אלוה אצבי:
18,Job,13,4,Job 13:4,וברם אתון מחברי שקר כמאסי אליל ומודרקא דפלטיה סכינא הכדין כולכון:
18,Job,13,5,Job 13:5,לוי דמשתק תשתקון ותהי לכון לחוכמתא:
18,Job,13,6,Job 13:6,שמעו כדון מכסנותי ומצות ספותי אציתו:
18,Job,13,7,Job 13:7,הלאלהא אתון ממללין שקר ולותיה תמללון נכלתא:
18,Job,13,8,Job 13:8,האפוי תסבון אין לאלהא תנצון:
18,Job,13,9,Job 13:9,התקין ארום יפשפש יתבון אין היך דמתלעבא בבר נש תתלעבון ביה:
18,Job,13,10,Job 13:10,מכסנא יכסן יתכון אין בטומרא אפוי תסבון:
18,Job,13,11,Job 13:11,הלא באזדקפותיה על כורסי דינא רתיתיה תבעת יתכון ורתיתיה יפול עליכון:
18,Job,13,12,Job 13:12,דכרנכון מתיל לקטמא לגב טנא גביכון:
18,Job,13,13,Job 13:13,שתקו מני ואמלל אנא ויעבר עלי מדעם:
18,Job,13,14,Job 13:14,מטול מה אטול בסרי בככי ונפשי אשוי כד על גב ידוי:
18,Job,13,15,Job 13:15,הא אין יקטלנני קדמוי אצלי ברם אורחתי קדמוי אכסן:
18,Job,13,16,Job 13:16,לחוד הוא לי לפורקנא ארום לא קדמוי דילטור יעול:
18,Job,13,17,Job 13:17,שמעו וקבילו מלתי ותנויי באודניכון:
18,Job,13,18,Job 13:18,הא כדון סדרית דינא ידעית ארום אנא אזכי:
18,Job,13,19,Job 13:19,מן הוא דינצי בהדי ארום השתא אשתוקו ואתנגיד:
18,Job,13,20,Job 13:20,לחוד תרתין לא תעבד עמי הידין מן קדמך לא אטמר:
18,Job,13,21,Job 13:21,ידך מעלוי ארחק ודחלתך לא תבעית יתי:
18,Job,13,22,Job 13:22,ותקרי ואנא אתיב או אמלל ותתיבנני:
18,Job,13,23,Job 13:23,כמה לי עוין וחובין מרודי וסורחני אודע יתי:
18,Job,13,24,Job 13:24,למה שכנתך תסלק ותחשבנני לבעל דבבא לך:
18,Job,13,25,Job 13:25,הטרפא דשקיף תתבר וית גלא יבש תרדוף:
18,Job,13,26,Job 13:26,ארום תכתוב עלי מרירתא ותרתנני עוית טליותי:
18,Job,13,27,Job 13:27,ותשוי כד בשיע רגלי ותנטור כולהון אסרטי על סמיוני רגלי תרשום:
18,Job,13,28,Job 13:28,והוא היך רקבובית יתבלי היך לבוש דגמריה זחיל:
18,Job,14,1,Job 14:1,בר נש דאתיליד מן אתתא גוץ יומין ושבע רוגזא:
18,Job,14,2,Job 14:2,היך ניצא נפק ואתמולל וערק היך טולא ולא יקום:
18,Job,14,3,Job 14:3,לחוד על דין פקחתא עינך ויתי תעל לדינא עמך:
18,Job,14,4,Job 14:4,מה יתן דכי מן גבר דאסתאב בחובין אלולפן אלהא די הוא חד די ישבוק ליה:
18,Job,14,5,Job 14:5,אין לא יתוב סרינין יומוי מנין ירחוי גבך גזרתו עבדת ולא יעבר:
18,Job,14,6,Job 14:6,פסיק מינה ויפסוק מחתיה עד דיקבל סוטריה היך כאגירא ביומיה:
18,Job,14,7,Job 14:7,ארום אית לאילנא סבר אין יתקץ תוב ישבשב וינקותיה לא תפסוק:
18,Job,14,8,Job 14:8,אין מתסב בארעא שורשיה ובעפרא יסוף נצביה:
18,Job,14,9,Job 14:9,מן הנית מוי ילבלב ויעבד זאזא היך נצבא:
18,Job,14,10,Job 14:10,וגברא ימות ויתמקמק אתנגיד בר נש ואן הוא:
18,Job,14,11,Job 14:11,אזלו מוי מן ימא דסוף והדרו לבית כנשתהון ויורדנא אתנגיב ויתיבש קדם ארונא דיי והדרו על בית פרצידיהון:
18,Job,14,12,Job 14:12,ובר נש שכיב ולא יקום עד דלית שמיא לא יתערון רשיעיא ולא מתערין מבית דמכהון:
18,Job,14,13,Job 14:13,לוי בבית קבורתא תטשנני תטמרנני עד דיתוב רוגזך תשוי לי גזירא ותדכרנני:
18,Job,14,14,Job 14:14,אין ימות גברא רשיעא אפשר דיחי מטול היכנא כל יומי חילי אוריך עד דיתי חלופי חיי:
18,Job,14,15,Job 14:15,תהי קרי ואנא אתיב לך לעובדי אידך תרגרג:
18,Job,14,16,Job 14:16,ארום כדון פסיעתי תמני לא תנטור על סורחני:
18,Job,14,17,Job 14:17,חתים בספר דכרניא מרודי ותחבר על עויתי:
18,Job,14,18,Job 14:18,וברם טור נפל יתר וטינר מסתלק מן אתריה: ת״א וברם לוט דאתפרש מאברהם דמתיל לטור רם נתר ותקיפא סליק איקר שכנתיה מסדום דהוא אתריה:
18,Job,14,19,Job 14:19,אבניא שיפא מיא שטפא כתהא עפרא דארעא וסבר בר נש הובדתא:
18,Job,14,20,Job 14:20,תשלמיניה לעלמא ויזיל מתני קלסתריה ותשדרניה:
18,Job,14,21,Job 14:21,שרין ביקר בנוי ולא יידע ומצטערי ולא יתבין להון:
18,Job,14,22,Job 14:22,ברם בסריה מן רחשא עלוי כאב ונפשיה בבית דינא עלוי מתאבלא: ת״א ברם בסריה עד לא יסתתם גוללא עלוהי כאב ונפשא שבעתא יומי אבלא עלוי מתאבלא בבית קבורתא:
18,Job,15,1,Job 15:1,ואתיב אליפז דמן תימן ואמר:
18,Job,15,2,Job 15:2,האפשר דחכימא יתיב דעתא דדמי לזעפא וימלי היך רוח קדומא כריסיה:
18,Job,15,3,Job 15:3,דמכסן במלין ולא יליף ומליא דלית מששא בהון:
18,Job,15,4,Job 15:4,לחוד את אין תפש דחלתא ותבצור מלתא קדם אלהא:
18,Job,15,5,Job 15:5,ארום יאלף סורחנך פומך ותהי בחר לישנא דחכימיא:
18,Job,15,6,Job 15:6,יחיבנך פומך ולא אנא וספותך יסהדון בך:
18,Job,15,7,Job 15:7,הא כקדמאי אדם בלא אבא ואמא אתילדת וקדם גלמתא אתבריתא:
18,Job,15,8,Job 15:8,אפשר דברז אלהא תשמע ואטפת לותך חוכמתא:
18,Job,15,9,Job 15:9,מה ידעת ולא נדע תתבין ולא גבנא הוא:
18,Job,15,10,Job 15:10,לחוד סיב וקשיש בנא ודרב מאבוך יומיא: ת״א לחוד אליפז דסיב ובלדר דקשיש בהדנא וצופר דרב מאבוך יומין:
18,Job,15,11,Job 15:11,הזעיר מנך נחמתא דאלהא ומללא בניח חזי למללא גבך:
18,Job,15,12,Job 15:12,מה ילפנך רעיונך ומה מרמזין עינך:
18,Job,15,13,Job 15:13,ארום תתיב לאלהא רוחך ותהנפק מפומך מליא:
18,Job,15,14,Job 15:14,מה בר נש ארום יזכי וארום יזדכי ילוד אתתא:
18,Job,15,15,Job 15:15,הא בקדישי עלאי לא יהמין ואנגלי מרומא לא זכאין קדמוי:
18,Job,15,16,Job 15:16,כל דכן מרחק ומסאב בר נש שתי היך מוי עילתא:
18,Job,15,17,Job 15:17,אחוי לך קבל מני ודין דחמתי ואשתעי:
18,Job,15,18,Job 15:18,די חכימיא יחוון ולא מכדבין מן מסורתא דאבתהון: ת״א דשבטוי דיעקב חכימיא יתובון ולא יכסו ממה דאלפונון אבהתהון:
18,Job,15,19,Job 15:19,להון בלחודיהון אתיהיבת ארעא ולא עבר חילוני במציעיהון:
18,Job,15,20,Job 15:20,כל יומי רשיעא הוא מתפס ומנין שניא אתטישו לתקיפא: ת״א כל ימי דעשו רשיעא מורנין ליה דיעבד תתובא ולא תב מנין שניא אטמרו לישמעאל תקיפא:
18,Job,15,21,Job 15:21,קל דלוחיא בגהנם באודניה כד שרין צדיקי בשלמא בחיי עלמא בזזותיה ייתינה:
18,Job,15,22,Job 15:22,לא יהימין בחיוי למתב מן חשוכא ואטימוס הוא לקטלין בחרבא:
18,Job,15,23,Job 15:23,מנדד הוא למזונא האן הוא ידע ארום מעתד בידיה יום חשוכא:
18,Job,15,24,Job 15:24,יבעתוניה עקא ומעיקא יחזרוניה היך מליך דאיטימוס לגלוגדקא:
18,Job,15,25,Job 15:25,מטול דאושיט לאלהא ידיה ולות שדי יתגבר:
18,Job,15,26,Job 15:26,ירהוט לותיה בתוקפא בקושי רום תרסוי:
18,Job,15,27,Job 15:27,ארום חפא אפוי בשומניה ועבד רוטבא עלוי כפלא:
18,Job,15,28,Job 15:28,ועבד שכונן בקרוין צדין יתיב בבתיא דלא יתבון להון די אתעתדו ליגורין:
18,Job,15,29,Job 15:29,לא יתעתד ולא יתקים עתריה דקרח ולא יתמחת לארעא מנהון ומהלין טבתא דדתן ואבירם:
18,Job,15,30,Job 15:30,לא יעדי מן חשוכא שבשיה תיבש שלהוביתא ויעדי בזעפא דפומיה דאלהא:
18,Job,15,31,Job 15:31,לא יהימין בבר נש דבשקרא תעי ארום שקרא תהי פרוגיה:
18,Job,15,32,Job 15:32,בלא יומיה תתמלי קבורתא ועוביה לא תהי עבופיא: ת״א עד לא יומי תתמלי סבתיה וכלתיה לא תהי גננא:
18,Job,15,33,Job 15:33,יתר היך גופנא בוסריה ויטלוק היך זיתא לבלביה:
18,Job,15,34,Job 15:34,ארום סיעת דילטור לצערא ואשתא גמרת משכני שוחדא:
18,Job,15,35,Job 15:35,דחשלין לעות וממללין שקר ורעיוני כרסהון מתכנין נכלא:
18,Job,16,1,Job 16:1,ואתיב איוב ואמר:
18,Job,16,2,Job 16:2,שמעת כאלין סגעיתא מנחמין דלעות כולכון:
18,Job,16,3,Job 16:3,האית סוף למלי זיקא או מה יבסמינך ארום תתיב:
18,Job,16,4,Job 16:4,לחוד אנא כותכון אמליל לוי דאית נפשכון חלופי נפשי אחבר עליכון במליא ואטלטל עליכון במו רישי:
18,Job,16,5,Job 16:5,אחילכון במו פומי וטלטול ספותי יתמנע:
18,Job,16,6,Job 16:6,אין אמליל לא יפסוק כיבי ואפסוק מה מני ייזל:
18,Job,16,7,Job 16:7,לחוד כדון שלהיני צדיתא כל סיעתי:
18,Job,16,8,Job 16:8,ונקפתני לסהיד הוה ואקים לאסהדא עלי כדבובי על אפי:
18,Job,16,9,Job 16:9,רוגזיה תבר ונטר לי דבבו עסי עלי בככוי מעיקי היך אזמל חריף עינוי לי:
18,Job,16,10,Job 16:10,פתחין עלי פומהון בחסודא מהו ליסתי כחדא עלי בנסא מתמלאין:
18,Job,16,11,Job 16:11,ימסרנני אלהא לות מרי זדונא ועל ידי דרשיעון ממרטט יתי:
18,Job,16,12,Job 16:12,שליוא הויתי ודעדקנני ואחד בקדלי ותברנני ואוקמנני ליה לפלגיסא:
18,Job,16,13,Job 16:13,יחזרון עלי גררו יקטע כוליתי ולא יחוס ישדי לארעא מרירתי:
18,Job,16,14,Job 16:14,יתקפנני תקוף על אפי תקוף ירהוט עלי היך גברא:
18,Job,16,15,Job 16:15,סקא חיטית עלוי משכי ופלפלית בעפרא איקרי:
18,Job,16,16,Job 16:16,אפי מטשטשין מן בכותא ועל תימורי טולי מותא:
18,Job,16,17,Job 16:17,על דלית חטופא בידי וצלותי דכיא:
18,Job,16,18,Job 16:18,ארעא לא תחפין אדמי ולא יהא אתר לקבלתי:
18,Job,16,19,Job 16:19,לחוד כדון דאית בשמיא מסהדי ומסהיד עלי במרומיא:
18,Job,16,20,Job 16:20,פרקליטי חברי קדם אלהא זלנת עיני:
18,Job,16,21,Job 16:21,אפשר דמכסן בר נש עם אלהא והיך אנש עם חבריה:
18,Job,16,22,Job 16:22,מטול דשני מנין אתין ואסרטא דלא אתוב איזל:
18,Job,17,1,Job 17:1,נפשי מתחבלא יומי דעיכו קבורן מתקנן לי:
18,Job,17,2,Job 17:2,אין לא מתלעבין בהדי ובפרוגיהון תבית עיני:
18,Job,17,3,Job 17:3,שוי כדון ערב יתי עמך מן הוא לידי יקים:
18,Job,17,4,Job 17:4,ארום לבהון אטשתא מסכלתנו מטול היכנא לא תרומם להום:
18,Job,17,5,Job 17:5,למפלג על אחוית חבריא ועיני בנוי תשתיצון:
18,Job,17,6,Job 17:6,ועתדני למתלין בעמיא וגהנם מן לגיו אהי:
18,Job,17,7,Job 17:7,וכהית מן רגיז עיני וקלסתורי היך טולא כולהון:
18,Job,17,8,Job 17:8,ישתקון תריצי על דא ודכי על דילטור יתגבר:
18,Job,17,9,Job 17:9,ויוחד צדיקא אורחיה ודכי אידי יוסיף אתחילותא:
18,Job,17,10,Job 17:10,וברם כולהון תתובון אתו כדון ולא אשכח בכון חכם:
18,Job,17,11,Job 17:11,יומי עברו רעיוני אתבטילו לוחי לבבי:
18,Job,17,12,Job 17:12,ליליא היך יממא ישוון נהורא קריב מסלקין מן קדם חשוכא:
18,Job,17,13,Job 17:13,אין אנא סבר דבי קבורתא ביתי בחשוכא מאכית שוויי:
18,Job,17,14,Job 17:14,לשחתא קריתי אבא אנת אמי ואחתי לרחשא:
18,Job,17,15,Job 17:15,והאן דיכי סברי ומתינתי מן יסכנה:
18,Job,17,16,Job 17:16,טנדו לבי קבורתא תחתן אין כחדא על עפר שרן:
18,Job,18,1,Job 18:1,ואתיב בלדד דמן שוח ואמר:
18,Job,18,2,Job 18:2,עד אימת תשוון הרפתקי למליא תתבינין ומבתר כן נמלל:
18,Job,18,3,Job 18:3,מא דין אתחשבנא היך בעירא טמענא במחמיכון:
18,Job,18,4,Job 18:4,דמצער נפשיה ברוגזיה אפשר דאמטולך תשתבק ארעא וטינר יסתלק מן אתריה: ת״א דטריד נפשיה לגרמיה אפשר דמטולתך תתנשי ארעא מן למתב ותקיפא יסתלק מן אתריה:
18,Job,18,5,Job 18:5,לחוד נהור רשיעי יטפי ולא ינהר גיה נוריה:
18,Job,18,6,Job 18:6,נהור חשך במשכניה ושרגיה אמטולתיה יטפי:
18,Job,18,7,Job 18:7,יתעיקן פסיעת תוקפיה ותטלוקניה מלכתיה:
18,Job,18,8,Job 18:8,מטול דאשתדר במצדתא ברגלוי ועלוי סרגתא יטיל:
18,Job,18,9,Job 18:9,יאחוד בתקלא דפחא יתקופו עלוי גבריא:
18,Job,18,10,Job 18:10,טמיע בארעא אשליה ואוחדתיה עלוי שבילא:
18,Job,18,11,Job 18:11,חזור חזור יבעתוניה אתרגושין ומבדרין יתיה לרגלוי:
18,Job,18,12,Job 18:12,יהי כפן ביר בוכריה וצערא מכון לאנתתיה: ת״א יהי כפן באנינותיה וצערא מזומן לסטריה:
18,Job,18,13,Job 18:13,ייכול בוצנין דחפין למשכיה יגמר בנוי מלאך מותא: ת״א ייכול בסרא תקוף משכיה יגמר בנוהי שרוי מותא:
18,Job,18,14,Job 18:14,יתגזר ממשכניה רוחצניה ותובלניה למלך רגושתא:
18,Job,18,15,Job 18:15,תשרי אנתתיה במשבניה מדלית ליה ויבדר על מדוריה גופריתא:
18,Job,18,16,Job 18:16,מארעא בנוי ישתיצון ומשמיא יתגזר אובדניה: ת״א מלרע שרשוהי יתיבשון ומן לעיל יתמולל זאזיה:
18,Job,18,17,Job 18:17,דכרניה הובד מני ארעא ולא שמא ליה על אנפי אשקקו:
18,Job,18,18,Job 18:18,יהדפוניה מנהורא לחשוכא ומתבל יגלוניה:
18,Job,18,19,Job 18:19,לא ביר ליה ולא ביר ברא בעמיה ולית משיזיב ביתוביה:
18,Job,18,20,Job 18:20,מטול יומיה אצטדיאו בתראי וקדמונאי אחדו עלעולא:
18,Job,18,21,Job 18:21,ויימרון לחוד אלין משרית עולא ודין אתר דמן דלא ידע אלהא:
18,Job,19,1,Job 19:1,ואתיב איוב ואמר:
18,Job,19,2,Job 19:2,עד אימת תנקטון נפשי ותשפפונני במליא:
18,Job,19,3,Job 19:3,דנן עסר זמנין תכספונני לא תבהתון תשתמודעון לי:
18,Job,19,4,Job 19:4,וברם בקושטא שליתי גבי תבית שלותי:
18,Job,19,5,Job 19:5,אין בקושטא עלי תתרברבון ותכסנון עלי חסודי:
18,Job,19,6,Job 19:6,ידעו השתא ארום אלהא תקפני וסריגיה עלי אחזר:
18,Job,19,7,Job 19:7,הא אקבל מן קדם חטוף ולא אתותב אצלי ולית דינא:
18,Job,19,8,Job 19:8,אסרטי חטר ולא אעבר ועל שבילי חשוך ישוי:
18,Job,19,9,Job 19:9,איקרי מעלוי אשלח ואעדי כלילי דרישי:
18,Job,19,10,Job 19:10,יצדנני חזור חזור ואיזיל ואטל היך קסא סברי:
18,Job,19,11,Job 19:11,ותקף עלי רוגזיה ותחשבנני ליה היך מעיקוהי:
18,Job,19,12,Job 19:12,כחדא ייתון אוכלוסוהי וכבשו עלי ארחתהון ושרון חזור חזור למשכני:
18,Job,19,13,Job 19:13,אחי מעלוי ארחיק וידעי אתעבידו חילונאי מני:
18,Job,19,14,Job 19:14,פסקו קריבי ומידעי אנשיוני:
18,Job,19,15,Job 19:15,דירי ביתי ולחינתי לחילוני יחשבונני היך בר עממין הויתי במחמיהון:
18,Job,19,16,Job 19:16,לעבדי קריתי ולא יתיב בפומי אבעא מניה:
18,Job,19,17,Job 19:17,רוחי נוכריתא לאנתתי ואתחננית לבר מעי:
18,Job,19,18,Job 19:18,לחוד ינקיא רחקו מימרי אקום וממללין מני:
18,Job,19,19,Job 19:19,רחקו יתי כל אנשי רזי ודין די רחמית אתהפכו בי:
18,Job,19,20,Job 19:20,במשכי ובבסרי דבקת גרמי ואשתתרית במשך ככי:
18,Job,19,21,Job 19:21,חוסו עלי חוסו עלי אתון חברי ארום מחתא דיי קריבת בי:
18,Job,19,22,Job 19:22,למא תרדפונני דכמת אלהא ומבסרי לא תסבעון:
18,Job,19,23,Job 19:23,מן יהב יתי ויכתבון מלי מן יהב בפתקא ויתרשמון:
18,Job,19,24,Job 19:24,בקולמוס דפרזלא וכרכמישא לעלמא בטינרא יתפסלן:
18,Job,19,25,Job 19:25,ואנא ידעית דפריקי קים ומן בתר כדין פורקניה על עפרא יקום:
18,Job,19,26,Job 19:26,ומן בתר דאתפח משכי תהי דא ומבסרי אחמי תוב אלהא:
18,Job,19,27,Job 19:27,די אנא אחמי לי ועיני יחמון ולא חילוני שלימו כליתי בעובי:
18,Job,19,28,Job 19:28,ארום תמרון מה נרדף ליה ועקר מלתא נשכח ביה:
18,Job,19,29,Job 19:29,דחולו לכון מן קדם חרבא ארום בדרגיז אלהא על סורחנותא מגרי קטולין דחרבא מן בגלל דתנדעון דדין קשוט הוא מרי דינא:
18,Job,20,1,Job 20:1,ואתיב צופר דמן נעמה ואמר:
18,Job,20,2,Job 20:2,מטול דרעיוני מתיבן לי ומטול דרגישתי בי:
18,Job,20,3,Job 20:3,מרדותא דכסופי אשמע והיך פוחא מן ביונתי יתיבינני:
18,Job,20,4,Job 20:4,הדא ידעתא מן אולא מן עדן דאשתוי בר נש עלוי ארעא:
18,Job,20,5,Job 20:5,ארום בועת רשיעי שצית בעגל וחדות דילטור עד שעתא:
18,Job,20,6,Job 20:6,אין יסק לצית שמיא זוקפיה ורישיה לעננא ימטי:
18,Job,20,7,Job 20:7,היך רעיה לעלמא יהובד חמוי יימרון האן הוא:
18,Job,20,8,Job 20:8,היך חלמא יטוס ולא ישכחוניה יגלי היך חזותא דליליא:
18,Job,20,9,Job 20:9,עינא סקרתיה ולא תוסיף ולא תוב תסכניה אתריה:
18,Job,20,10,Job 20:10,בנוי ירעעון מסכנין וידוי משלמן תקוף צעריה:
18,Job,20,11,Job 20:11,גרמוי אתמליאו חיליה ובהדיה על עפרא תשכוב:
18,Job,20,12,Job 20:12,אין מתבסמא בפומיה בישתא יכדבנה תחות לישניה:
18,Job,20,13,Job 20:13,יחוס עלה ולא ישבקנה ויכסנה במצע מוריגיה:
18,Job,20,14,Job 20:14,מיכליה במעוי אתהפיך ארסא דחורמנין בגויה:
18,Job,20,15,Job 20:15,נכסין דסלעם יפלט יתיה מכרסיה יתרכניה אלהא:
18,Job,20,16,Job 20:16,רישי חורמניא יינק תקטלניה לשן חויא:
18,Job,20,17,Job 20:17,לא יזכי למחמי בטיפי נהרות נחליא דמן דובשא ולוי :
18,Job,20,18,Job 20:18,מתיב לאות חורנא ולא יגמר כדעתריה מתיהב שלחופיה ולא ידוץ:
18,Job,20,19,Job 20:19,ארום רעע עסקא דמסכנין ביתא אנס ולא בנא יתיה:
18,Job,20,20,Job 20:20,ארום לא ידע דיהי שליו בכרסיה בגושמיה לא ישתזב:
18,Job,20,21,Job 20:21,לית משזב למכליה מטול היכנא לא יוריך טוביה:
18,Job,20,22,Job 20:22,תתמלי סאתיה יתפרע מניה כל אידא דלעי תיתניה:
18,Job,20,23,Job 20:23,יהי לממלי כרסיה יגרי ביה תקוף רוגזיה ויחת עלוי מטרין בשלדיה:
18,Job,20,24,Job 20:24,יערוק מן זיני פרזלא תשלחפניה קשתא דכרכומא:
18,Job,20,25,Job 20:25,שלף ונפק מתיקה וברקא ממרירתיה יהלוך עלוי דחיליא:
18,Job,20,26,Job 20:26,כל חשוכא טמיע לטשיותיה תגמרניה נור דגהנם דלא נפיח ישרי משזב במשכניה:
18,Job,20,27,Job 20:27,יפרסמון אנגלי מרומא סורחניה ודירי ארעא יקומון למבאשא ליה:
18,Job,20,28,Job 20:28,יטלטל עבור ביתיה משחיה וחמריה מזדלפן ביומא דרוגזיה:
18,Job,20,29,Job 20:29,דין חולק בר נש רשיעא מן קדם יי ואחסנת מימריה מן קדם אלהא:
18,Job,21,1,Job 21:1,ואתיב איוב ואמר:
18,Job,21,2,Job 21:2,שמעו וקבילו מלתי ותהי דא תנחמתכון:
18,Job,21,3,Job 21:3,סבולו יתי ואנא אמלל ומן בתר דמללית תדחך:
18,Job,21,4,Job 21:4,אפשר דאנא לבר נש מלתי ואין מדין לא תתעיק רוחי:
18,Job,21,5,Job 21:5,אתפנו לותי ושתוקו ושוון אידא על פומא:
18,Job,21,6,Job 21:6,ואין דכרית ואתבהלית ואחד בסרי רתיתא:
18,Job,21,7,Job 21:7,מדין רשיעיא יחון אתקיפו לחוד קנוי נכסין:
18,Job,21,8,Job 21:8,בניהון מכוין קדמיהון עמהון ובני בניהון למחמיהון:
18,Job,21,9,Job 21:9,בתיהון שלם דלית דלוחא ולית מחת אלהא עלויהון:
18,Job,21,10,Job 21:10,תוריה מבטין ולא יפלט תשזב תורתיה ולא תתכל:
18,Job,21,11,Job 21:11,ישדרון היך ענא טליהון ורוביהון יטפזון:
18,Job,21,12,Job 21:12,יטלון בתפין וכנרין ויחדון לקל אבובא:
18,Job,21,13,Job 21:13,יגמרון בטבא יומיהון ובמרגועא לבי קבורתא נחתין:
18,Job,21,14,Job 21:14,ואמרו לאלהא זור מננא ולמחכם אורחתך לא צבינא:
18,Job,21,15,Job 21:15,מה שדי ארום נפלחניה ומה צרוך אית ביה ארום נצלי במימריה:
18,Job,21,16,Job 21:16,הא לא ישתתר בידיהון טוביהון מלכת רשיעי רחקת מני:
18,Job,21,17,Job 21:17,כמא שרגא דרשיעי יטפי וייתי עליהון תבריהון עדבין יפלג ברוגזיה:
18,Job,21,18,Job 21:18,יהון היך תבנא קדם זעפא וכמוזא דיטלטלניה עלעולא:
18,Job,21,19,Job 21:19,אלהא יטשי לבנוי צעריה יפרע לותיה וידע:
18,Job,21,20,Job 21:20,יחמון עינוי תביריה ומן רוגזיה דשדי ישתי:
18,Job,21,21,Job 21:21,ארום מה רעותיה בביתיה בתרוי ומנין ירחוי אתפליגו:
18,Job,21,22,Job 21:22,האפשר דלאלהא ילף מנדעא והוא שמי מרומא דאן:
18,Job,21,23,Job 21:23,דין ימות בתקוף שלימותיה כוליה שדיך ושליו:
18,Job,21,24,Job 21:24,ביזוי אתמליאו חלבא ומוקרא דגרמוי פטים:
18,Job,21,25,Job 21:25,ודין ימות בנפשא מרירא ולא אכל בטבתא:
18,Job,21,26,Job 21:26,כחדא על עפרא שכבין וריחשא תחפי עליהון:
18,Job,21,27,Job 21:27,הן גלין קדמי מחשבתכון וזמיונין דעלי תחשלון:
18,Job,21,28,Job 21:28,ארום תימרון האן בית ארכונא והאן פרסא דמשכני דרשיעיא:
18,Job,21,29,Job 21:29,הלא שילתון עדי אורחא וסמניהון לא תשתמודעון:
18,Job,21,30,Job 21:30,ארום ליום תבירא יתמנע ביש ליום רגיזתא יתעלון:
18,Job,21,31,Job 21:31,מן יחוי קדמוי אורחיה והוא עבד מן ישלם ליה:
18,Job,21,32,Job 21:32,והוא לקבורן יתעל ועל גדישין יעיר:
18,Job,21,33,Job 21:33,בסימן ליה גרגשתא דנחלא ובתרוי כל בר נש ינגוד וקדמוי לית מנין:
18,Job,21,34,Job 21:34,והיך תנחמונני למא ותיובתכון אשתתר בהון שקר:
18,Job,22,1,Job 22:1,ואתיב אליפז דמן תימן ואמר:
18,Job,22,2,Job 22:2,אפשר דלאלהא יאלף גבר וכד ילף אפשר דעליהון משגח:
18,Job,22,3,Job 22:3,העסקא אית לשדי ארום תזכי ואין ממון ארום תשלם אורחתך:
18,Job,22,4,Job 22:4,המדדחל מנך יכסנך ייתי עמך בדינא:
18,Job,22,5,Job 22:5,הלא על בישתך דסגיעא ולית סוף לעויתך:
18,Job,22,6,Job 22:6,ארום תמשכן אחוך מגן ולבושין דערטילאין תשלח:
18,Job,22,7,Job 22:7,לא מיא למשלהי תשקי ומן כפן תמנע לחמא:
18,Job,22,8,Job 22:8,וגבר נצחן ליה ארעא וסביר אפין יתיב בה:
18,Job,22,9,Job 22:9,ארמלתא שדרתא סריקתא ואדרעת יתומי תשפך:
18,Job,22,10,Job 22:10,מטול היכנא חזרנותך פוחין ויבהלנך דלוחא בתכף:
18,Job,22,11,Job 22:11,או בחשוכא תשרי ולא תחמי וסוגעת מיא תחפנך:
18,Job,22,12,Job 22:12,הלא אלהא בגובהי שמיא וחמי ריש כוכביא ארום זקיפו:
18,Job,22,13,Job 22:13,ותימר מה ידע אלהא האפשר דלהלא לאמיטתא ידין:
18,Job,22,14,Job 22:14,ענניא טמיר ליה ולא יחמי ותקיף רומא דשמיא יטיל:
18,Job,22,15,Job 22:15,האורחא דהוה מן עלמא תנטור די טילו אנשי שקרא:
18,Job,22,16,Job 22:16,דאתבטילו מן ארעא בלא עדנהון בארעית נהרא אתיך גופהון:
18,Job,22,17,Job 22:17,דאמרין לאלהא זור מננא ומא יעבד שדי להון:
18,Job,22,18,Job 22:18,והוא מלי בתיהון טובא ומלכתהון דרשיעי רחקת מני:
18,Job,22,19,Job 22:19,יחמון צדיקיא ויחדון וזכאה ידחך להון:
18,Job,22,20,Job 22:20,אין לא אתמניעו מלמקום ומותרהון גמרת אשתא:
18,Job,22,21,Job 22:21,אלף כדון עמיה ותשתלם בהון עללתך טובא:
18,Job,22,22,Job 22:22,גמר כדון מפומיה אוריתא ושוי מימרוי בלבבך:
18,Job,22,23,Job 22:23,אין תתוב עד שדי תתבני תרחק עולתא ממשכנך:
18,Job,22,24,Job 22:24,ושוי על עפרא כרך תקיף והיך טינרא דנחליא דהבא דאופיר:
18,Job,22,25,Job 22:25,ויהי שדי כרך תוקפך ומן כסף תקוף רומא דילך:
18,Job,22,26,Job 22:26,ארום היכדין על שדי תתפרנק ותזקוף קדם אלהא אפיך:
18,Job,22,27,Job 22:27,תצלי קדמוי ויקבל מנך ונדריך תשלם:
18,Job,22,28,Job 22:28,ותגזר מימרא ויקום לך ועל אורחתך יזהר נהורא:
18,Job,22,29,Job 22:29,ארום דרא דאמאך יתעבד גיותן ושוח בסורחנא תפרוק:
18,Job,22,30,Job 22:30,ישזב גבר דליתוי זכאי בזכותך ואשתזב בברירות ידך:
18,Job,23,1,Job 23:1,ואתיב איוב ואמר:
18,Job,23,2,Job 23:2,לחוד יומנא מריר מימרי מחתי תקפת על תונחתי:
18,Job,23,3,Job 23:3,מן יגזור אנדע ואשכחיניה איתי עד מדור בית מוקדשיה:
18,Job,23,4,Job 23:4,אסדר קדמוי דין ופומי אמליל מכסנותא:
18,Job,23,5,Job 23:5,אנדע מליא דיתיבנני ואתבין מה יימר לי:
18,Job,23,6,Job 23:6,הבסוגעי חילא ינצי עמי לא ברם הוא ישוי תגרא בי:
18,Job,23,7,Job 23:7,תמן תריצא ותקין עמי ואשתזיב לעלמא מדדאין יתי:
18,Job,23,8,Job 23:8,הא למדנחא אהלוך וליתוי ולמערבא ולא אתבין ליה:
18,Job,23,9,Job 23:9,בצפונא במעבדיה ולא אחמי כד מכבן דרומא ולא אסכי:
18,Job,23,10,Job 23:10,ארום גלי קדמוי אורחא דעמי בחן יתי היך דהבא אפיק:
18,Job,23,11,Job 23:11,באסתוריה אחדת רגלי אורחתיה נטרית ולא צלית:
18,Job,23,12,Job 23:12,פוקדנא דספותוי ולא אעדי מגזרתי אטישית מימרי פומוי:
18,Job,23,13,Job 23:13,ואין הוא יחידאי ומן יתיבניה ונפשיה רגגת ועבדת:
18,Job,23,14,Job 23:14,ארום ישלם היך בקדמיתא גזרתי ודכמתהון סגיעין עמיה:
18,Job,23,15,Job 23:15,מטול דהיכנא מן קדמוי אתבהל אתבין ואדחל מניה:
18,Job,23,16,Job 23:16,ואלהה רכך לבבי ושדי בהלנני:
18,Job,23,17,Job 23:17,ארום לא אתגמרת מן קדם חשוך ומן קדמי טמר קבלא:
18,Job,24,1,Job 24:1,מדין משדי לא אתטישו עדניא ודחכימין יתי לא חמין יומוי:
18,Job,24,2,Job 24:2,תחומיא ישנון עדרא אנסון ורעון:
18,Job,24,3,Job 24:3,חמרא דיתמי ידברון ימשכנון תור ארמלא:
18,Job,24,4,Job 24:4,יצלון חשיכי מן אורחא כחדא אטמרו מסכני ארעא:
18,Job,24,5,Job 24:5,היך דין כמרודיא במדברא נפקו לעובדיהון בישיא מקדמין לבזא במשרא אנס ליה מזונא לטליה:
18,Job,24,6,Job 24:6,בחקלא מדלא דלהון חצדין וכרמא דרשיעי יכסחון:
18,Job,24,7,Job 24:7,ערטלי יביתו דלית כסותא ודלית להון חופאה בקורא:
18,Job,24,8,Job 24:8,מקלוחיא דטוריא מטמשין ומדלית משרוי גפפו טינרא:
18,Job,24,9,Job 24:9,יאנסון מבזת יתם ועל עניא ממשכנין:
18,Job,24,10,Job 24:10,ערטלי אוליכו מדלית כסו וכפנין נטלו מנהון עומרא:
18,Job,24,11,Job 24:11,ביני אשותהון יעצרון משח מעצרתא עצרו ומריהון אצחיאו:
18,Job,24,12,Job 24:12,מקרתא בני גשא נהקין ונפשת קטולין בחרבא תצלי ואלהא לא ישוי חובא:
18,Job,24,13,Job 24:13,הנון הון במרדין באוריתא לא אשתמודעון אורחתיה ולא אתיתבו בשבילוי:
18,Job,24,14,Job 24:14,לאורתא יקום קטולא יקטול עניא וחשיכא ובליליא יהי היך גנבא:
18,Job,24,15,Job 24:15,ועינא דגיפא נטרת נשף ליליא למימר לא תסכנני עינא וטמור אפיא ישוי כלפי לעיל:
18,Job,24,16,Job 24:16,חאק בחשוכא בתיא ביממא מחתמין להון בגנזיא לא ידעו נהורא:
18,Job,24,17,Job 24:17,ארום כחדא צפרא דמי להון היך טולא דמותא ארום אשתמודע פורענות טולא דמותא:
18,Job,24,18,Job 24:18,קליל הוא למישט על אפי מיא תהי ליט אורחא שעיעתהון בארעא לא יסכי שביל כרמיא:
18,Job,24,19,Job 24:19,צחיא ולחוד חומתא אנסין מימי תלגא וליתיהון היכדין לשיול אתנשיאו דאתחיבו: ת״א היך צחותא וחומא אנסין מימי תלגא וליתיהון היכדין לשיול אתנשיאו דאתחיבו:
18,Job,24,20,Job 24:20,אכזראין דנשיאו לרחמא מסכנין אתבסימו לרחשא תוב לא ידכר ותתבר היך קיסא עילתא: ת״א מטול דבטילו אפרשותא דמעשר דאתפקדו בעדן חומא דקיטא אתמנעו מנהון מימי מטרא ותלגא לבית קבורתא אתחיבו:
18,Job,24,21,Job 24:21,דמרע עקרא דלא תילד וארמלתא לא יוטיב:
18,Job,24,22,Job 24:22,ונגיד גבריא בחיליה יקום ולא יהמין בחיי:
18,Job,24,23,Job 24:23,יהיב ליה תיובתא לרחיץ ויסתמיך ועינוי על אורחיהון:
18,Job,24,24,Job 24:24,אוריכו כזעיר פון וליתוי רשיעא ואתמכיאו ככל מה יתקטעון וכריש שבולא יתקטפון:
18,Job,24,25,Job 24:25,ואין לא קשוט דכי אן הוא מן דיכדבנני וישוי כדלא הות עקר מלתי:
18,Job,25,1,Job 25:1,ואתיב בלדד דמן שוח ואמר:
18,Job,25,2,Job 25:2,שולטנא ודלוחא גביה עבד שלם בשמי מרומא: ת״א מיכאל מן ימינא והוא דאשא וגבריאל מסמאליה והוא דמיא ובריתא קדישתא פתכין אשתא ומיא ובשלטנותיה ובדחלתיה עבד שלמא בשמי שמיא דיליה:
18,Job,25,3,Job 25:3,האית סכום לאוכלוסוי ועל מן לא יקום נהוריה:
18,Job,25,4,Job 25:4,ומה יזכי בר נש עם אלהא ומה יזכי יליד אנתתא:
18,Job,25,5,Job 25:5,הא עד דפגמא סיהרא בסטר מדינחא לא ינהר שמשא וכוכביא לא אתברירו קדמוי:
18,Job,25,6,Job 25:6,אף כל דכן בר נש דבחיו ריחשא ובר נש דבמותוי מורני:
18,Job,26,1,Job 26:1,ואתיב איוב ואמר:
18,Job,26,2,Job 26:2,מה סיעתא מדלית חילא פרקתא באדרע דלא עשין:
18,Job,26,3,Job 26:3,מה מלכתא מדלית חוכמתא ודמי לך דחוכמתא לסוגעא אודעתא:
18,Job,26,4,Job 26:4,ית מן הויתא מליא ונשמתא דמן נפקת מנך:
18,Job,26,5,Job 26:5,אפשר דגבריא דמתמזמזין יתברין ואנון מלרע למיא ומשריתהון:
18,Job,26,6,Job 26:6,ערטילא מפרסם שיול לקובליה ולית חופאה לבית אבדנא:
18,Job,26,7,Job 26:7,דמתח צפונא על למא זקף ארעא עלוי מיא מדלית מדעם דסמיך לה:
18,Job,26,8,Job 26:8,דצרר מי מטרא בעננוי ולא אתבזע עננא תחותוי:
18,Job,26,9,Job 26:9,מאחד באממתא דמן כורסיה מן בגלל דלא יחמוניה מלאכיא פרס היך פרגודא עלוי עננא דיקריה:
18,Job,26,10,Job 26:10,גזר למשרי רקיע על אנפי מיא עד סוף נהורא עם חשוכא:
18,Job,26,11,Job 26:11,עמודין דשמיא מזדעזעין ורתתין מן מזופיתיה:
18,Job,26,12,Job 26:12,בחיליה גזר ימא ובסוכלתניה מחא גבריא:
18,Job,26,13,Job 26:13,ברוח פומיה אפי שמיא אשתבהרו ברת ידיה לויתן דמתיל לחויא טריק:
18,Job,26,14,Job 26:14,הא אלין סיפי אורחתוי ומה די אתמצי מן קצת מלתיה נשמענא מניה ורכפת גבורתו מן יתבין:
18,Job,27,1,Job 27:1,ואוסיף איוב למטל מתליה ואמר:
18,Job,27,2,Job 27:2,קים אלהא אעדי הלכת דיני ושדי אמרר נפשי:
18,Job,27,3,Job 27:3,ארום פסק תוב נשמתי במימרי ורוחא דאלהא בנחירי:
18,Job,27,4,Job 27:4,אין ממללן ספותי שקרא ולישני אין מרנן נכלא:
18,Job,27,5,Job 27:5,חס לי אין אזכי יתכון עד דאתנגיד לא אעדי שלמותי מני:
18,Job,27,6,Job 27:6,בזכותי תקיפית ולא אשבקינה לא יחסד לבבי מן יומי:
18,Job,27,7,Job 27:7,יהא היך חיבא בעל דבבי ודקאם עלי היך רשיעא:
18,Job,27,8,Job 27:8,ארום מן סבר דילטור ארום יכנוש ממון דשקר ארום ינתר אלהא נפשיה:
18,Job,27,9,Job 27:9,אפשר דקבלתיה יקבל אלהא ארום תיתי עלוי עקא:
18,Job,27,10,Job 27:10,אין על שדי יתפרנק יהוי קרי אלהא בכל עדן:
18,Job,27,11,Job 27:11,אליף יתכון בנבואת אלהא די עם שדי לא אכסי:
18,Job,27,12,Job 27:12,הא אתון כולכון חמיתון ולמא דין הבלא תהבלון:
18,Job,27,13,Job 27:13,דין חולק בר נש חיבא מלות אלהא ועדב תקיפין משדי יקבלון פורענותהון:
18,Job,27,14,Job 27:14,אין יסגעון בנוי מטול דקטלין בחרבא ובני בנוי לא יסבעון לחמא:
18,Job,27,15,Job 27:15,משיזבוי במותא יהון קבירין וארמלתוי לא תבכין:
18,Job,27,16,Job 27:16,אין יכנוש היך עפרא סימא והיך טינא יתכין לבושא:
18,Job,27,17,Job 27:17,יתקין וצדיקא יהי לביש וסימא זכי יפליג:
18,Job,27,18,Job 27:18,בנא היך רקבוביתא ביתיה והיך מטללתא דעביד נטר פרי:
18,Job,27,19,Job 27:19,עתיר ידמוך ולא יתכנש עינוי פקח וליתוי:
18,Job,27,20,Job 27:20,תדבקניה היך מיא רגשתא ליליא טלטלניה זיקא:
18,Job,27,21,Job 27:21,יטלניה רוח קדומא ויזל ויעלעלניה מן אתריה:
18,Job,27,22,Job 27:22,ויטלוק עלוי ולא יחוס מן ידיה מערק יערוק:
18,Job,27,23,Job 27:23,ישפוק עלויהון ידיהון וישרוק עלוי מן אתריה:
18,Job,28,1,Job 28:1,ארום אית לסימא מפקנא ואתר לדהבא מסננין:
18,Job,28,2,Job 28:2,פרזלא מעפרא יתנסיב ואבנא יתיך כרכומא:
18,Job,28,3,Job 28:3,סוף שוי לחשוכא ולכל סופא הוא מפשפש אבנין מפולמן דמתמן נפק חשוך וטולי מותא:
18,Job,28,4,Job 28:4,תקיף נחלא מן אתרא די מזדלח מרזביא דמתנשין מן למעבר רגלא אזדקפו מבני נשא אטלטלו:
18,Job,28,5,Job 28:5,ארעא דמנה נפק מזונא ולרע מנה גהנם דצנת תלגיה מתהפכא דכמת אשתא:
18,Job,28,6,Job 28:6,וגינתא דעדן די אתר דשבזיזא אבנהא ועפרורין דדהבא ליה:
18,Job,28,7,Job 28:7,אורחא דלא חכמיה עופא ולא סקרתיה עין טרפיתא: ת״א שביל אילן חיי דלא חכמיה סמאל דפרח היך עופא ולא סקרתיה עינא דחוה:
18,Job,28,8,Job 28:8,לא טיילו בה בני אריון לא זיאר עלוי ליתא: ת״א לא הליכו בה בני אדם ולא סטא עלוהי חויא:
18,Job,28,9,Job 28:9,בשמיר אושיט ידיה הפך מן עקריהון טוריא:
18,Job,28,10,Job 28:10,בטינרין נהרין בזע וכל איקרא חמת עיניה:
18,Job,28,11,Job 28:11,מן קלילי נהריא זרז ומחרכא דתעלומא יפיק נהורא:
18,Job,28,12,Job 28:12,וחוכמתא מאן האן תשתכח והאן דין אתר ביונתא:
18,Job,28,13,Job 28:13,לא ידע בר נש עלויה ולא תשכח בארעא דזנין דמחטין בחייהון:
18,Job,28,14,Job 28:14,תהומא אמר לא גבי היא וימא אמר לית בהדי:
18,Job,28,15,Job 28:15,לא יתיהב דהב סגין חלופהא ולא יתקל סימא פרוגה:
18,Job,28,16,Job 28:16,לא תשתלחף בפטלון דמן אופיר בבירולין יקר ושבזיזא:
18,Job,28,17,Job 28:17,לא יעלינה דהבא אספקלרא ופרוגה מאני אובריזין: ת״א לא יסדרנה גבר עתיר בדהב וזכוכיתא לא יהב חלופה מאני דדהבא סנינא:
18,Job,28,18,Job 28:18,סנדלכין ובירולין לא ידכר ונגדא דחוכמתא מן מרגלין: ת״א לית אפשר דתשתכח בקילותא אלהין ביוקרא היך דהבא ומן דלא ינטרונה אזלא ומתברא היך זגוגיתא ופרוג אגרה לעלמא דאתי מני פזוזיא:
18,Job,28,19,Job 28:19,לא יעלינה מרגלא ירקא דאתי מן כוש בפטלון דכי לא תשתלחף:
18,Job,28,20,Job 28:20,וחוכמתא מן האן תיתי והאל דין אתר ביונתא:
18,Job,28,21,Job 28:21,וכסיא ממחמיהון דכל חי ומעופא דשמיא ממטרא:
18,Job,28,22,Job 28:22,בי אבדנא ומלאך מותא אמרו באתיהבא לישראל במשמענה שמענה שמועתא:
18,Job,28,23,Job 28:23,אלהא אתבין אורחה והוא ידע ית אתרה:
18,Job,28,24,Job 28:24,ארום הוא לסיפי ארעא יסתכל תחות כל שמיא יחמי:
18,Job,28,25,Job 28:25,למעבד לרוחא מתקלא ומיא אתקין במשחתא:
18,Job,28,26,Job 28:26,במעבדיה למטרא קימא גזרתא ומהלך לחזיזי דרהטין בקליא:
18,Job,28,27,Job 28:27,הידין חמיה ואשתעיה עם מלאכי שירותא אתקנה לחוד פשפש יתה:
18,Job,28,28,Job 28:28,ואמר לבר נש הא דחלתא דיי היא חוכמתא ולמעדי מן בישתא היא ביונתא:
18,Job,29,1,Job 29:1,ואוסיף איוב למטל מתליה ואמר:
18,Job,29,2,Job 29:2,מן יסדרנני היך ירחין דקדמין יומיא די אלהא יטרנני:
18,Job,29,3,Job 29:3,באנהרותיה שרגיה עלי רישי לנהוריה איזל חשוכא:
18,Job,29,4,Job 29:4,היכמא דהויתי ביומי חריפותי בזמן דרז אלהא עלי משכני:
18,Job,29,5,Job 29:5,בעוד כדון דהוה מימר שדי בסעדי חזור חזור דילי עולימי:
18,Job,29,6,Job 29:6,במשזוג אסתורי בלואי וטינרא יזלף עמי טיפי משח:
18,Job,29,7,Job 29:7,במפקי תרעא על קרתא בפתאה אתקין מותבי:
18,Job,29,8,Job 29:8,חמו יתי עולימיא ואטמרו וקשישיא יקומון זקפו:
18,Job,29,9,Job 29:9,נגידיא כנישו במליא ואידא ישוון לפומהון:
18,Job,29,10,Job 29:10,קל ארכונין אטמרו ולישנהון למוריגיהון אדבקת:
18,Job,29,11,Job 29:11,ארום אודנא שמעה אמרת טב לי ועינא דחמת ואסהדת עלי:
18,Job,29,12,Job 29:12,ארום אשזיב עניא דבעי ויתם ולא סעיד ליה:
18,Job,29,13,Job 29:13,ברכתא דאובדא עלי תיתי ולבא דארמלתא אמלי תושבחתא:
18,Job,29,14,Job 29:14,זכותא לבישית ואלבשנני היך מעילא ומצנפתא דיני:
18,Job,29,15,Job 29:15,נהור עינין הויתי לסמיא וטיול לחגירא אנא: ת״א תיר הויתי למסכנא דדמי לסמיא וטיל לקצור ערסא דמתיל לחגרא אנא:
18,Job,29,16,Job 29:16,אבא אנא לחשיכיא ותגרא דלא ידעית אפשפשיניה:
18,Job,29,17,Job 29:17,ותברית ניבי מקלקל ומככוי רמיתי עדאה:
18,Job,29,18,Job 29:18,ואמרית עם תוקפי בשרכפי אתנגיד והיך חלא אסגי יומיא:
18,Job,29,19,Job 29:19,עקרי פתיח למבועי מיא וטלא יבית בחצדי:
18,Job,29,20,Job 29:20,יקרי חדת גבי וקשתי בידי משתלחפא:
18,Job,29,21,Job 29:21,מני קבילו ואוריכו ושתיקו למלכתי:
18,Job,29,22,Job 29:22,בתר פתגמי לא יתנון ועליהון תשפר מלתי:
18,Job,29,23,Job 29:23,ואוריכו היך מטרא לותי והיך אריסיא דפומהון פתחו למלקושא:
18,Job,29,24,Job 29:24,אגחך אמטולהון ולא יהמנון וקלסתור אפי לא אסתכלון:
18,Job,29,25,Job 29:25,אבחר אורחהון ואתיב ברישיהון היך חתנא ואשרי כמלכא בחילא היך כמן דאבילין מנחם:
18,Job,30,1,Job 30:1,וכדון מגחכין עלי דעדקין מני ליומין די רחיקית אבהתהון לשואה עם כלביא נטרי עני:
18,Job,30,2,Job 30:2,אוף חיל ידיהון למה לי עלויהון הוביד כוך: ת״א לחוד חיל ידיהון למה לי לקבלותיה שוחדא אין אתגזר להון להובדא בכוך קבורתא:
18,Job,30,3,Job 30:3,בחוסרנא ובאולצנא דלא ולד הון ערקין רשיעיא בארעא צחיא חשוכא היך רומשא אתר שוחא ורגושתא:
18,Job,30,4,Job 30:4,דתלשין חובי חולף עסבי מיכלא ועקרין רתימין מזוניהון: ת״א דשבקין פתגמי אוריתא מן לוח לבהון מטול מלי דעלמא עקרי רותמיא מתוקדין ומתעבדין גומרין למזוניהון:
18,Job,30,5,Job 30:5,מן שלהיא מתרכין מיבבין עליהון היך גנבא:
18,Job,30,6,Job 30:6,בתקוף פצידי נחליא למשרי בנקירתא דעפרא ואבניא:
18,Job,30,7,Job 30:7,ביני אילניא נהקין תחות היגי מתחברין:
18,Job,30,8,Job 30:8,בניא דנבל עם בני הדיוטין ישתפפון מן ארעא:
18,Job,30,9,Job 30:9,וכדון זמרהון הויתי והויתי להון לשותא:
18,Job,30,10,Job 30:10,רחקונני רחיקו מני ומן קדמי לא מנעו רוקא:
18,Job,30,11,Job 30:11,ארום שושלתי ונימי אטוני שרא וסגפני וזממא מן קדמי פטרו:
18,Job,30,12,Job 30:12,על ימינא בחוצפא בניהון קימין רגלי שדרו וכבשו עלי אסרטי תברהון:
18,Job,30,13,Job 30:13,צדיאו שבלי לפורענותי מהנין לית דסעיד להון:
18,Job,30,14,Job 30:14,כתקוף פלטיות גללי ימא אתין תחות רגושא מתגלגלין:
18,Job,30,15,Job 30:15,אתהפך עלי רגושתא תרדוף כזעפא רבנותי והיך עבא עברת פורקני:
18,Job,30,16,Job 30:16,וכדון עלי מצטערא נפשי ייחדונני ימי עניותא:
18,Job,30,17,Job 30:17,ליליא גרמי מתפקפקין מני ודמעסן יתי לא שכבין:
18,Job,30,18,Job 30:18,בסוגעי חילא יתבלש לבושי אגב כתוני יזרזנני:
18,Job,30,19,Job 30:19,אשוו יתי לטינא ואתמתיל כעפרא וקטם: ת״א אקשו יתי לאדם דאתברא מן טינא ואמתיל לאברהם דאדמי לעפר וקטם:
18,Job,30,20,Job 30:20,אבעי מנך ולא תעני יתי קמת ותתבין במימרי:
18,Job,30,21,Job 30:21,תתהפך לאכזראה לי באלימות אידך תנזמנני:
18,Job,30,22,Job 30:22,תטלנני לפוחא תרכבנני ותמסנני בתשיתא:
18,Job,30,23,Job 30:23,ארום גלי קדמי דלמותא תתיב לי ובית קבורתא מזמן לכל דחי:
18,Job,30,24,Job 30:24,לחוד לא ברתחא ישדר מחתיה אין בעדן צעריה יקבל צלותהון: ת״א ברם לא לגרמיה יגרג מחתיה אין בחטטי ישוי להון אספלעיתא:
18,Job,30,25,Job 30:25,אין לא בכית לקשי יומא עגמת נפשי לחשיכא:
18,Job,30,26,Job 30:26,ארום טב סברית ואתא ביש ואוריכת לנהורא ואתא קבלא:
18,Job,30,27,Job 30:27,מעי חמרו ולית בהון חזו דמא אקדימו יתי יומי עניותא:
18,Job,30,28,Job 30:28,אוכם אזלית מדלית שמשא קמת בקהלא אבעי:
18,Job,30,29,Job 30:29,אחא הויתי לירודין וחברא לברת נעמיתא:
18,Job,30,30,Job 30:30,משכי שחם מעלוי וגרמי חרך מן נוגבא:
18,Job,30,31,Job 30:31,והוה לאבלא כנרי ואבובי אמתיל לקל בכין:
18,Job,31,1,Job 31:1,קים גזרית לעיני ומה אסתכל על בתולתא:
18,Job,31,2,Job 31:2,ומה חולק טב יהיב אלהא מלעלא ואחסנת שדי משמי מרומא:
18,Job,31,3,Job 31:3,הלא צערא לזידונא ותבירא לעבדי שקר:
18,Job,31,4,Job 31:4,הלא הוא יחמי אורחתי וכל פסיעתי ימנה:
18,Job,31,5,Job 31:5,אין הלכית עם שקרא וזריזת על נכילות רגלי:
18,Job,31,6,Job 31:6,יתקלנני במשחתא דצדקא וידע אלהא שלימותי:
18,Job,31,7,Job 31:7,אין תצלי אסתורי מן אורחא ובתר עיני הלך לבי ובידי אדביק מדעם חבולא:
18,Job,31,8,Job 31:8,אזרע וחורן ייכול ולבלבי נצרי יתלשון:
18,Job,31,9,Job 31:9,אין אשתרגג לבבי על אתת גבר ועל תרע חברי כמנית:
18,Job,31,10,Job 31:10,תשמש עם חורן אנתתי ועלה יחמטון חורנין:
18,Job,31,11,Job 31:11,ארום היא זנו והוא סורחן פריש:
18,Job,31,12,Job 31:12,ארום אשא היא עד בי אבדנא תגמר ובכל אנבי תלשא:
18,Job,31,13,Job 31:13,אין רחקית דין עבדי ואמהתי כד אית להון תגרא בהדי:
18,Job,31,14,Job 31:14,ומה אעבד כד יקום אלהא וארום יסער מה אתיבנה:
18,Job,31,15,Job 31:15,הלא בכריסא עבדני מן דעבדיה ואתקן יתנא במעיא חד:
18,Job,31,16,Job 31:16,אין אתמנע מלשלמא צבאות מסכינא ועיני ארמלתא אשיצי:
18,Job,31,17,Job 31:17,ואכלית טולמי בלחודי ולא אכל יתם מנה:
18,Job,31,18,Job 31:18,מטול דמטליותי אסגיעני היך כאבא ומכריסא דאמי דברני בניחותא:
18,Job,31,19,Job 31:19,אין אחמי ערטילי מדלית כסותא ולית חופאה לחשיכא:
18,Job,31,20,Job 31:20,אין לא בריכו יתי חרצוי ומגזתא דאמרי ישתחן:
18,Job,31,21,Job 31:21,אין ארימית על יתם ידי ארום אחמי בתרעא סיועי:
18,Job,31,22,Job 31:22,כתפי מן שכמה תפול ואדרעי מן קנה תתבר:
18,Job,31,23,Job 31:23,ארום דליח לותי תבר אלהא ומן מספייה לא אסובר:
18,Job,31,24,Job 31:24,אין שויתי על דהב סכויי ולפטלון אמרית רוחצני:
18,Job,31,25,Job 31:25,אין אחדי ארום סגא עתרי וארום בסוגעא אשכחת ידי:
18,Job,31,26,Job 31:26,אין אחמי אסתהר ארום יגהר וסהרא זיותן מהלך:
18,Job,31,27,Job 31:27,ושרגג בטומרא לבי ונשקת ידי לפומי:
18,Job,31,28,Job 31:28,לחוד הוא סורחן פריש ארום כדבית לאלהא מלעלא:
18,Job,31,29,Job 31:29,אין אחדי בצערא דסנאי ויבבית ארום ארעיה ביש:
18,Job,31,30,Job 31:30,ולא שבקית למחטי מוריגי למשיל במומתא נפשיה:
18,Job,31,31,Job 31:31,אין לא אמרו אנשי משכני מן יגזור מבסריה לא נסבע:
18,Job,31,32,Job 31:32,בשוקא לא יבית גיורא דשי לאכסניא פתחית:
18,Job,31,33,Job 31:33,אין חפית כאדם קדמו מרדי למטמע בעטפי סורחני:
18,Job,31,34,Job 31:34,ארום אתגבר רכפת גיותניא ובסיר גניסתא יתברנני ושתקית לא אפוק מעלנא:
18,Job,31,35,Job 31:35,מן יגזור עלי דיקבל מני הא רגוני דשדי עני יתי ופטקא דכתב אנש תגרי:
18,Job,31,36,Job 31:36,אין לא על כתפי אסוברניה ארכבניה כלילן לי:
18,Job,31,37,Job 31:37,מנין פסיעתי אחוניה דכמת ארכונא דכמת ארכונא אקרבניה:
18,Job,31,38,Job 31:38,אין עלי ארעא תקבול וכחדא תלמיהא בכין:
18,Job,31,39,Job 31:39,אין חילה גמירית בלא כסף ונפש דמרהא אפחית:
18,Job,31,40,Job 31:40,חלף חנטיא יפקון סלוי וחלף סערתא חזמי שלימו פתגמי איוב:
18,Job,32,1,Job 32:1,ופסקו תלתא גבריא האלין מלאתבא ית איוב מטול דהוא זכי בעינוי:
18,Job,32,2,Job 32:2,ותקף רוגזא דאליהוא בר ברכאל בוזאה מן גניסת אברהם באיוב תקיף רוגזיה מטול זכאותיה נפשיה מן אלהא:
18,Job,32,3,Job 32:3,ובתלת חברוי תקף רוגזיה מטול דלא אשכחו תיובתא וחייבו ית איוב:
18,Job,32,4,Job 32:4,ואליהוא מתן ית איוב במליא ארום סבין הנון מניה ליומיא:
18,Job,32,5,Job 32:5,וחמא אליהו ארום לית תיובתא בפום תלת גובריא ותקיף רוגזיה:
18,Job,32,6,Job 32:6,ואתיב אליהו בר ברכאל בוזאה ואמר זוטר אנא ליומיא ואתון קשישין מטול היכנא אסתפיתי ודחילית מלחואה מנדעא יתכון:
18,Job,32,7,Job 32:7,אמרית יומיא ימללון וסגיעי שניא יודיעון חוכמתא:
18,Job,32,8,Job 32:8,בקושטא רוח נבואתא היא בבר נש ומימר שדי תביננון:
18,Job,32,9,Job 32:9,לא רברבני חכימין וסביא יבינון דינא:
18,Job,32,10,Job 32:10,בגין כן אמרית קבל מני אחוי מנדעי ברם אנא:
18,Job,32,11,Job 32:11,הא אוריכית לפתגמיכון אצית עד ביונתכון עד דפשפשון מליא:
18,Job,32,12,Job 32:12,יגביכון אתבין והא לית לאיוב מכסן מתיב מימרוי מנכון:
18,Job,32,13,Job 32:13,דלמא תימרון אשכחנא חוכמתא אלהא ישקפניה לא גבר:
18,Job,32,14,Job 32:14,ולא סדר לותי מלין ובמימריכון לא אתיבניה:
18,Job,32,15,Job 32:15,אתברו לא אתיבו תוב אסתלקו מנהון מליא:
18,Job,32,16,Job 32:16,ואוריכית ארום לא ימללון שתקו ולא אתיבו תוב:
18,Job,32,17,Job 32:17,אתיב לחוד אנא חולקי אחוי מנדעי אוף אנא:
18,Job,32,18,Job 32:18,ארום מליתי מליא עקתני רוח דכריסי:
18,Job,32,19,Job 32:19,הא כריסי היך חמר חדת דלא יתפתח לגינן חדתין יתבזע:
18,Job,32,20,Job 32:20,אמליל וירוח לגרמי אפתח ספותי ואתיב:
18,Job,32,21,Job 32:21,לא כדון אסב אפי גבר ולבר נש לא אשתמודע:
18,Job,32,22,Job 32:22,ארום לא ידעית לאשתמודעא כזעיר פון יסובר לי אפין דעביד יתי:
18,Job,33,1,Job 33:1,וברם שמע כדון איוב מלי וכל פתגמי אצית:
18,Job,33,2,Job 33:2,הא כדון פתחית פומי מלילת לישני במוריגי:
18,Job,33,3,Job 33:3,תריצות לבכי ממרי ומנדע ספותי בריר מלילו:
18,Job,33,4,Job 33:4,רוח דאלהא עבדת יתי ומימר שדי תקימנני:
18,Job,33,5,Job 33:5,אין תוכל תתיבנני סדר קדמי אתעתד:
18,Job,33,6,Job 33:6,הא אנא דכמתך לאלהא מן טינא אתלשית לחוד אנא:
18,Job,33,7,Job 33:7,הא אימתי לא תבעתינך וטוני עלך לא ייקר:
18,Job,33,8,Job 33:8,ברם אמרת באודני וקל מליא אשמע:
18,Job,33,9,Job 33:9,זכי אנא מדלית מרד שזיג אנא ולא סורחנא לי:
18,Job,33,10,Job 33:10,הא תרעומתא עלי ישכח יחשבנני לבעל דבבא ליה:
18,Job,33,11,Job 33:11,ישוי בשיע רגלי ינטר כל שבילי:
18,Job,33,12,Job 33:12,הא דא לא זכיתא אתיבנך ארום יתרברב אלהא מן בר נש:
18,Job,33,13,Job 33:13,מא דין לותיה נציתא ארום כל פתגמוי לא יתיב:
18,Job,33,14,Job 33:14,ארום בחדא שותא ימלל אלהא ובתיניתא לא אצטריך למסכיה:
18,Job,33,15,Job 33:15,בחלמא מן חזונא דליליא כד נפלת שינתא עמקתא על בני נשא בניומתא על בי מדמכא:
18,Job,33,16,Job 33:16,היכדין יגלי אודנא בני נשא ובמרדותהון יחתום:
18,Job,33,17,Job 33:17,לאעדאה בר נש מן עובדא בישא וגיותנותא מגברא יכסי:
18,Job,33,18,Job 33:18,ימנע נפשיה מן שוחתא וחיו מן למעבר בשלחא:
18,Job,33,19,Job 33:19,ומתמכסין בכיבא על בי מדמכיה וסוגעי איברוי תקיפין:
18,Job,33,20,Job 33:20,ומתונבא דנקיט ליה מרחיקא נפשיה מזונא ונפשיה מיכלא רגינא:
18,Job,33,21,Job 33:21,ישתצי בסריה מן רוו ושפין גרמוי לא אתחמו:
18,Job,33,22,Job 33:22,וקריבת לשוחתא נפשיה ונשמתיה למיתותא:
18,Job,33,23,Job 33:23,אין אית עלוי זכותא מזדמן מלאכא חדא פרקליטא מן בני אלף קטיגוריא לחואה לבני נש תריצותיה:
18,Job,33,24,Job 33:24,וחס עלוי ואמר פרוק יתיה מלחמת בשוחתא אשכחית פורקנא:
18,Job,33,25,Job 33:25,אתחליש בסריה יתיר מן רבותא יתוב ליומי טליותיה:
18,Job,33,26,Job 33:26,וצלי קדם אלהא ורעניה וחמא אפוי ברעוא ויתיב לאנש כצדקתיה:
18,Job,33,27,Job 33:27,יתריץ לבני נשא ויימר חבית ותריץ קלקילית ולא הוה שוי לי:
18,Job,33,28,Job 33:28,פרוק נפשיה מלמעבר בשוחתא ונשמתיה בנהורא מעליא תחמי:
18,Job,33,29,Job 33:29,הא כל אלין יעבד אלהא תרי זמנין ותלת עם בר נש:
18,Job,33,30,Job 33:30,מטול לאתבא נפש מן שוחא לאנהרא בנהור חייא:
18,Job,33,31,Job 33:31,אצית איוב קבל מני שתיק ואנא אמלל:
18,Job,33,32,Job 33:32,אין אית מלין אתיב יתי מלל ארום צביתי לזכאותך:
18,Job,33,33,Job 33:33,אין לא את קבל מני שתיק ואלפונך חוכמתא:
18,Job,34,1,Job 34:1,ואתיב אליהוא ואמר:
18,Job,34,2,Job 34:2,שמעו חכימיא מלי וידעיא אציתו למימרי:
18,Job,34,3,Job 34:3,ארום אודנא מליא בחנא ומוריגא טעמא למיכל:
18,Job,34,4,Job 34:4,דין נתרעי לנא נדע ביננא מה טב:
18,Job,34,5,Job 34:5,ארום אמר איוב זכאית ואלהא אעדי דיני:
18,Job,34,6,Job 34:6,על דיני אכדב בר נש דשדי גירי מדלית סורחנא:
18,Job,34,7,Job 34:7,מן גברא היך איוב דשתי דוחכא היך מיא:
18,Job,34,8,Job 34:8,ואזל לאתחברא עם עבדי שקר ולהלכא עם אנשי רשעא:
18,Job,34,9,Job 34:9,ארום אמר לא יאלף גברא במצביה עם אלהא: ת״א ארום אמר לא יסתכן בר נש במרהטיה עם אלהא:
18,Job,34,10,Job 34:10,בגין כן אנשי חכימי קבילו מיני חס לאלהא מן רשעא ושדי מן שקרא:
18,Job,34,11,Job 34:11,ארום עובדי בר נש ישלם ליה וכאורחא דגברא יערעניה:
18,Job,34,12,Job 34:12,ברם בקושטא אלהא לא יחיב ושדי לא יקלקל דינא:
18,Job,34,13,Job 34:13,מן פקד עלוי למעבד ארעא ומן שוי תבל כולה:
18,Job,34,14,Job 34:14,אין ישוי עלוי לביה רוחיה ונשמתיה לגביה יכנוש:
18,Job,34,15,Job 34:15,יתנגיד כל בסרא כחדא ובר נש על עפרא יתוב:
18,Job,34,16,Job 34:16,ואין תתבין שמע דא אצית לקל מלי:
18,Job,34,17,Job 34:17,הברם סני דינא יסתמר ואין צדיק זכי יחיב:
18,Job,34,18,Job 34:18,הכשר למימר למלכא רשיעא חיבא לארכונין:
18,Job,34,19,Job 34:19,דלא נסיב אפין לרברבנן ולא אשתמודע שועא קדם מסכנא ארום עובדי אידוי כולהון:
18,Job,34,20,Job 34:20,בשעתא ימותון סדומאי ופלגות ליליא מתרגפין מצראי ויעברון ויעדון דורבני לא בחיל ידא:
18,Job,34,21,Job 34:21,מטול דעינוי על אורחי בני נשא וכולהון פסיעתי יחמי:
18,Job,34,22,Job 34:22,לית חשוך ולית טולא דמותא לאטמרא תמן עבדי שקר:
18,Job,34,23,Job 34:23,ארום לא על גבר ישוי עוד למיזל לות אלהא בדינא:
18,Job,34,24,Job 34:24,יתבר גללי ימא דסגיעין בגו מיא ואקים חורונין בתריהון:
18,Job,34,25,Job 34:25,בגין כן הודע מעבדיהון והפך ליליא ומדככין:
18,Job,34,26,Job 34:26,חלף רשיעי ספקינון באתר דחמין: ת״א באתר רשיעיא פורענותהון בתר דיחמון צדיקיא ויזכון בדינא:
18,Job,34,27,Job 34:27,דמטול היכנא זרו מבתרוהי וכל אורחתיה לא אשכילו:
18,Job,34,28,Job 34:28,לאיתאה עלוי קבלתא דמסכנא וצעקתהון דעניי ישמע:
18,Job,34,29,Job 34:29,והוא ישדיך ומן יחיב ויסלק שכנתא ומן יסכניה ומסער חובא על עמא ועל בר נש כחדא:
18,Job,34,30,Job 34:30,ממני מלכא בר נש דילטור מטול תקליא די בעמא:
18,Job,34,31,Job 34:31,ארום לאלהא אפשר דאתאמר סוברית לא אחבול:
18,Job,34,32,Job 34:32,בר ממה דאחמיה אנת אלפנני אין שקרא עבדית לא אוסיף:
18,Job,34,33,Job 34:33,אפשר די מעמך ישלמנה ארום רחקת ארום אנת תתרעי ולא אנא ומה דידעת מלל:
18,Job,34,34,Job 34:34,אנשי חכימי לבא יימרון לי וגברא חכימא יקבל מני:
18,Job,34,35,Job 34:35,איוב לא במנדעא ימלל ופתגמוי לא בשכלא:
18,Job,34,36,Job 34:36,צבינא דיתבחר איוב עד עלמין מטול תיובתא באנשי שקרא:
18,Job,34,37,Job 34:37,ארום יוסיף על סורחניה מרד ביננא מספק ומסגי מימרוי קדם אלהא:
18,Job,35,1,Job 35:1,ואתיב אליהו ואמר:
18,Job,35,2,Job 35:2,הדא חשבתא לדינא מללתא דכיית מן אלהא:
18,Job,35,3,Job 35:3,ארום תימר מה יהני לך מה צרוך אית מן סורחני:
18,Job,35,4,Job 35:4,אנא אתבינך מליא וית חבריך עמך:
18,Job,35,5,Job 35:5,אסתכל לשמיא וחמי ואסתכי שחקיא דאתגבהו מנך:
18,Job,35,6,Job 35:6,אין חבתא מה תעביד ביה וסגיעי מרודך מה תעביד ליה:
18,Job,35,7,Job 35:7,אין זכית מה תיהב ליה או מה מן אידך יקבל:
18,Job,35,8,Job 35:8,לגבר דרשיעא דכמך חיובך ולבר נש דכיא צדקתך:
18,Job,35,9,Job 35:9,מסוגעי טלומין מקבלין יבעון מתקוף אדרע דורבניא:
18,Job,35,10,Job 35:10,ולא אמר האן אלהא דעברני דמסדרין אנגלי מרומא קדמוי תושבחן בליליא:
18,Job,35,11,Job 35:11,דמאלף יתנא מבעירי ארעא ומעופא דשמיא יחכמננא:
18,Job,35,12,Job 35:12,תמן יקבלון ולא אעני מן קדם גיותנותא דבישיא:
18,Job,35,13,Job 35:13,ברם שקרא לא ישמע אלהא ושדי לא יסכנה:
18,Job,35,14,Job 35:14,לחוד ארום תימר לא יסכנה אדין קדמוי ותוריך ליה:
18,Job,35,15,Job 35:15,וכדון ארום כאלו לא הוה אסער רוגזיה ולא ידע לאפושי לחדא:
18,Job,35,16,Job 35:16,ואיוב למה פצי פומיה מדלית מנדעא מליא יסגי:
18,Job,36,1,Job 36:1,ואוסיף אליהוא ואמר:
18,Job,36,2,Job 36:2,אמתן לי צבחר ואחוינך ארום תוב לאלהא מליא:
18,Job,36,3,Job 36:3,אטול מנדעי מן רחיק ולעבד יתי אתן צדקתא:
18,Job,36,4,Job 36:4,ארום בקושטא לא שקרא מלי שלים מנדעתא עמך:
18,Job,36,5,Job 36:5,הא אלהא רבא לא ירחק צדיקא מטול דהוא רב חילא וחכים לבא:
18,Job,36,6,Job 36:6,לא יחיי חיבא ודין עניי יהב:
18,Job,36,7,Job 36:7,לא ימנע מצדיקיא עיניה ועם מלכיא תקניא למיתב על כורסי מלכותא ויותיבנון לעלמא ומתגבהין:
18,Job,36,8,Job 36:8,ואין אסירין רשיעיא בשולשון מתאחדן באשלי סגופא:
18,Job,36,9,Job 36:9,ויחוי להון עובדיהון ומרדיהון ארום אתגברו:
18,Job,36,10,Job 36:10,וגלי משמעהון למרדותא ואמר דיתובון מן עובדיהון בישיא דדמין ללמא:
18,Job,36,11,Job 36:11,אין ישמעון ופלחין ליה ישלמון יומיהון בטב ושניהון במזמוטין:
18,Job,36,12,Job 36:12,ואין לא שמעין בזיני קרבא יעברון ויתנגדון מדלית מנדעא:
18,Job,36,13,Job 36:13,וזהוהי לבא ישוון רוגזא לא יבעון רחמיה ארום כפתנון:
18,Job,36,14,Job 36:14,תמות בטליות נפשהון וחיתהון היך מרי זנו:
18,Job,36,15,Job 36:15,יפצי עניא בסגופיה ומפרסם בדוחקא משמעהון:
18,Job,36,16,Job 36:16,ואף פצענך מפום מעיקא אפתי דלא יתעק באתרה ובניח פתורך מלא דיהנא:
18,Job,36,17,Job 36:17,ודין דחיבא אשלמתא דין והלכתא סעדין:
18,Job,36,18,Job 36:18,ארום ירגז דלמא אטעינך במסת מזלא וסגי פורקנא דעתרא לא יצלנך:
18,Job,36,19,Job 36:19,האפשר דמסתדר בעותך וכל דמתאלמין משכחין חילא: ת״א האפשר דמסדר צלותך לא בעקתא וכל מה דמתקפין כח מדבקין חילא:
18,Job,36,20,Job 36:20,לא תדחוק בליליא לאסקא עממיא באתריהון: ת״א לא תגיר אתת חברך בלליא לסלקא עממיא חלופיהון:
18,Job,36,21,Job 36:21,אסתמר לא תתפני לשקרא ארום על דא בחרתא מסגופא:
18,Job,36,22,Job 36:22,הא בלחודוי אלהא תקיף בחיליה מן דכמיה מלף תריצותא:
18,Job,36,23,Job 36:23,מן יסער עלוי אורחיה ומן יימר עבדתא עיליתא:
18,Job,36,24,Job 36:24,אדכר ארום תפיש עובדיה די שבחו גוברין צדיקין:
18,Job,36,25,Job 36:25,כל בני נשא חמון ביה אנש אסתכל מרחיק:
18,Job,36,26,Job 36:26,הא אלהא סגיא ולא נדע סכום שנוי ולית סוף:
18,Job,36,27,Job 36:27,ארום ימנע טיופי מיא יזלפון מטרא לענניה:
18,Job,36,28,Job 36:28,דזלחין שחקיא דאתי מטול צלותא דבר נש רב:
18,Job,36,29,Job 36:29,לחוד אין אתבין פרישותא דעיבא רכפת ענניה טלליה:
18,Job,36,30,Job 36:30,הא פרס עלוי מטרא ועקרי ימא חפא:
18,Job,36,31,Job 36:31,ארום בהון דאן עממיא יהב מיכלא לסוגעא:
18,Job,36,32,Job 36:32,מטול חטוף ידא מנע מטרא ופקיד עלוי למחת מטול מצלי:
18,Job,36,33,Job 36:33,דיחוי לישן תליתי בחבריה קנאתא ורוגזא עלוי יסק: ת״א יחוון באוריתא חד עם חבריה מטננין ברוגזא ומסלקין ליה לעילא: ת״א יחוי עלוהי זכותא דחבריה קנאתא ורוגזא מעלוהי יסלק:
18,Job,37,1,Job 37:1,ברם לדא יתוה לבי ויתפז מן אתריה: ת״א על בנוי דאהרן אתנבי ואמר לחוד לחדא לבי תוה ושור מן אתריה:
18,Job,37,2,Job 37:2,שמעו משמע ברוגזא קליה והגא היך אשא מפומיה נפק:
18,Job,37,3,Job 37:3,תחות כל שמיא תריצותיה ונהוריה יקום על סיפי ארעא:
18,Job,37,4,Job 37:4,בתרוי מכלי קל אכליותיה בקל גותנותיה ולא יעכבנון ארום ישמע קליה:
18,Job,37,5,Job 37:5,כד אכלי אלהא בקליה על פרישן דעתיד למעבד עבד רברבן ולא נדע:
18,Job,37,6,Job 37:6,ארום לתלגא יימר הוי בארעא ומטרא בתר מטרא בקיטא למבשלא פרי ומטרא בתר מטרא למצמח עסבא בסתוא בעושניה:
18,Job,37,7,Job 37:7,בידא דכל אנשא ירשום למידע כל בני נשא עובדוי:
18,Job,37,8,Job 37:8,ותיתי חיתא בכמנא ובמדורהא תשרי:
18,Job,37,9,Job 37:9,מן אדנון עילא תיתי זיעא ומכות מזרים קורא:
18,Job,37,10,Job 37:10,ממימר אלהא יתיהב קרחא ופלטיות מיא באתכותא:
18,Job,37,11,Job 37:11,ברם בברירותא מטרח עיבא מבדר ענן מטריה:
18,Job,37,12,Job 37:12,והוא תוסקפתא מהפך בחוכמתיה לאצלחא פלחי בארעא בעובדיהון ונחתין בכל אתר די פקדינון על אפי ארעא: ת״א והוא ברחמוהי מיא טמיעתא מהפך באפותקוהי לעובדיהון דבני נשא מגלי יתה ומשדר יתהון לכל דפקדנון על אפי תבל ארעא:
18,Job,37,13,Job 37:13,אין מטרא דפורענותא בעממיא ובמדבריא אין מטרא רזיא לאילני טוריא וגלמתא אין מטרא ניחא דחסדא לחקלי דפרי וכרמי יספקניה:
18,Job,37,14,Job 37:14,אצית דא איוב קום ואתבין פרישותא דאלהא:
18,Job,37,15,Job 37:15,הידעתא כד ישוי אלהא גזירתא עליהון ואופע ענניה מטריה:
18,Job,37,16,Job 37:16,הידעתא על מבשקרני עבא פרשותא דשלים מנדעא:
18,Job,37,17,Job 37:17,די לבושיך משחנין כד משדיך ארעא מן דרומא:
18,Job,37,18,Job 37:18,תרקע עמיה לשחקיא תקיפין דחזותהון כאספקלריא סנינא:
18,Job,37,19,Job 37:19,אודע יתנא מה נימר ליה לא נסדר למחמי קדם חשוכא:
18,Job,37,20,Job 37:20,אפשר דישתעי ליה ארום אמליל אין ימלל בר נש ארום יקטרג:
18,Job,37,21,Job 37:21,וכדון לא חמון מטרא בוטט הוא בשחקי ורוחא עברת ודכית יתהון: ת״א והשתא לא אסתכלו באוריתא אתעבידו שמיא בהירי מן לאחתא טלא ומטרא ורוח עברת ודכאינון:
18,Job,37,22,Job 37:22,מצפונא דהבא ייתי קדם אלהא דחיל שבהורא: ת״א מן צפונא אסתגיא ייתי וינהר עלמא קדם אלהא דחיל יודון עללי עלמא:
18,Job,37,23,Job 37:23,שדי לא אשכחונך דאנת מדבר עם עללי עלמא בסוגי חילא ודינא וסוגי צדקתא לא יסגף: ת״א שדי לא ספקנא למשתעי סוגעי חילא ודינא וסוגעי צדקתא לא יסגף:
18,Job,37,24,Job 37:24,בגין כן דחלו מניה גובריא לא ידחל כל חכימי לבא: ת״א מטול דדחילו מניה גובריא לא יחמי מבנוהי היך כל חכימי לבא:
18,Job,38,1,Job 38:1,ואתיב יי ית איוב מן עלעולא דצערא ואמר:
18,Job,38,2,Job 38:2,מן הוא דין כמחשיך מלכא במליא מדלית מנדעא:
18,Job,38,3,Job 38:3,זרז כדון היך גברא חרצך ואבעינך ותהודענני:
18,Job,38,4,Job 38:4,האן הויתא במשתתי ארעא חוי אין ידעתא ביונתא:
18,Job,38,5,Job 38:5,מן שוי משחתהא ארום תנדע או מן מחת עלה מתקולתא:
18,Job,38,6,Job 38:6,על מה סמכיהא טמיען או מן שדא אבן זויתה:
18,Job,38,7,Job 38:7,בזמן דמשבחין כחדא כוכבי צפר ומיבבין כל כתי מלאכיא:
18,Job,38,8,Job 38:8,ואגיף בדשיא ימא במגחיה מן תהומא דמן רחמא יפוק:
18,Job,38,9,Job 38:9,כד שויתי עננא כסותיה ואמטתא לפופיה:
18,Job,38,10,Job 38:10,ופסקית עלוי גזרתי ושויתי פריריא היך נגרין ודשין:
18,Job,38,11,Job 38:11,ואמרית עד כא תיתי ולא תוסיף וכא תשוי בגיותנות גלליך:
18,Job,38,12,Job 38:12,המן יומך פקדתא צפר ידעת לקרצתא אתריה: ת״א הביומי בראשית הויתא ופקדתא למהוי צפר ידעת קריץ האן אתריה:
18,Job,38,13,Job 38:13,למיחד בגדפי ארעא ויטלטלון חיביא מנה: ת״א למיחד בסטרא דארעא דישראל ואטלטלו דרא דרשיעיא מנה:
18,Job,38,14,Job 38:14,מתהפכא היך טינא חותמא דילהון ואתעתדון היך כסו זהים: ת״א אתהפכת היך טינא חותמא דלהון ולא אתבריאו כמו גושמהון בלא נשמתהון היך כסו סריק:
18,Job,38,15,Job 38:15,ואתכסי מן רשיעיא נהורהון ואדרע מרממא תתבר:
18,Job,38,16,Job 38:16,אפשר דעלתא עד מערבלי סגור ימא ובפשפוש תהומא הלכת:
18,Job,38,17,Job 38:17,אפשר דאתגליאו לך מעלני מותא ומעלני טולא מותא דגהנם תחמי:
18,Job,38,18,Job 38:18,אתבינת עד פתיי ארעא דגנתא דעדן חוי אין ידעתא כולא:
18,Job,38,19,Job 38:19,אידין אורחא ישרי נהורא וחשוכא הידין אתריה:
18,Job,38,20,Job 38:20,ארום תדברניה לתחומיה וארום תתבין שבילי ביתיה:
18,Job,38,21,Job 38:21,הידעתא ארום בכן תתיליד ומנין יומך סגיעין:
18,Job,38,22,Job 38:22,אפשר דעלתא לקורטורי תלגי ואפותיקי דברדא תחמי:
18,Job,38,23,Job 38:23,די גנזית תלגא לעדן עקתא בגהנם וברדא ליום קרבא דפרעה ואגחותא דמצראי:
18,Job,38,24,Job 38:24,הידין אורחא יתפליג נהורא יבדר רוח קדומא על ארעא:
18,Job,38,25,Job 38:25,מן טיף לשטפא קובתא ואסרטא לענני קליא: ת״א מן טאף לשטפא דתהומא חריצי מיא וקצתהון דלא לעילא ואורחא לענני דמחתין מתמן מיא בקליא: ת״א מן עבד שטפא למרזיבא דמיא ולעילא ארחא דענני דמחת מטרא בקלין:
18,Job,38,26,Job 38:26,לאחתא מטרא על ארעא דלית בה גבר מדברא דלא בר נש ביה:
18,Job,38,27,Job 38:27,למסבע רגושא ואתרגושתא ולמרביא מפקנות דתאה:
18,Job,38,28,Job 38:28,האית למטרא אבא או מן אוליד רסיסי טלא:
18,Job,38,29,Job 38:29,מכריסא דמן נפק קרחא וגלידא דשמיא מן יליד יתיה:
18,Job,38,30,Job 38:30,היך אבנא מוי קרישין ומטמרין ואפי תהומא מן קורא מתאחדין:
18,Job,38,31,Job 38:31,התקטור שירי כימתא או אשלי דנגדין נפלא תשרי:
18,Job,38,32,Job 38:32,התפק שטרי מזליא בזמניה וזגתא על אפרחהא תדברנון:
18,Job,38,33,Job 38:33,הידעתא גזירתא דשמיא אין תשוי שטרי גלגליה בארעא:
18,Job,38,34,Job 38:34,אפשר דתרים לעבא קלך ורכפת מיא תחפנך:
18,Job,38,35,Job 38:35,אפשר דתשדר ברקין ויהכון ויימרון לך הא אנן:
18,Job,38,36,Job 38:36,מן שוי בכלין חוכמתא או מן יהב ללבא בינתא: ת״א לתרנגול ברא ביונתא למקלסא למריה:
18,Job,38,37,Job 38:37,מן ימני שבעתי שמיא בחוכמתא וכילות שמיא מן ישרי: ת״א מן ימני כוכבי שמיא בחוכמתא וענני דמתילין לזיקיא דשמיא מן ישכיב:
18,Job,38,38,Job 38:38,כד אשתאם עפרא לשתאסה וגרגשתא אדבקו:
18,Job,38,39,Job 38:39,התצוד לליתא מזונא ופרנסותא דאריותא תספק:
18,Job,38,40,Job 38:40,ארום שחין במדורתא יתבון במטללתא מטול לכמנא:
18,Job,38,41,Job 38:41,מן יתקן לעורבא מזוניה ארום בנוי לאלהא יבעון תעון מדלית מיכלא:
18,Job,39,1,Job 39:1,אפשר דידעתא עדן מילדיהון דיעלי טינרא כד מצטערין אילתא תנטור:
18,Job,39,2,Job 39:2,תמני ירחיא דשלמן ותנדע עדני מלדיהון:
18,Job,39,3,Job 39:3,חמטן בניהון מתפלחן צעריהון משדרין:
18,Job,39,4,Job 39:4,מתחילן בניהון יסגון בעבורא יפקון ולא תיבין להון:
18,Job,39,5,Job 39:5,מן פטר מרודא בר חורי ושושלי ערודא מן שרי:
18,Job,39,6,Job 39:6,די שויתי מישרא ביתיה ומשכנוי ארעא צדיא:
18,Job,39,7,Job 39:7,יגחך לרגוש קריתא אתרגושתא דרדי לא ישמע:
18,Job,39,8,Job 39:8,יאלל טוריא מרעיה ובתר כל ירוקא יבעי:
18,Job,39,9,Job 39:9,אפשר דיצבי רימנא למפלחך אין יבית על ארותך:
18,Job,39,10,Job 39:10,אפשר דתקטור רימגא בתלמא באשליה אין ישדד גלמתא בתרך:
18,Job,39,11,Job 39:11,אפשר דתתרחיץ ביה ארום סגי חיליה ותשבוק לותיה לעותך:
18,Job,39,12,Job 39:12,אפשר דתימין ביה ארום יתיב זרעך ואדרך יכנוש:
18,Job,39,13,Job 39:13,גדפא דתרנגול ברא דמשבחא ומקלסא אין אברא דחוריתא ונוציציתא:
18,Job,39,14,Job 39:14,ארום תשבוק לארעא ביעהא ועל ארעא תדגר:
18,Job,39,15,Job 39:15,ושליא ארום רגלא תבדרנה וחיות ברא תדוששנה:
18,Job,39,16,Job 39:16,שחנא על בניא דלא דילה לסריקותא לעותה מדלית דלוחא:
18,Job,39,17,Job 39:17,ארום אנשיה אלהא חוכמתא ולא פליג לה בביונתא:
18,Job,39,18,Job 39:18,כעדן במרומא טיסא מגחכא לסוסא ולרכביה:
18,Job,39,19,Job 39:19,האפשר דתתן לסוסא גבורתא אפשר דתלביש צוריה תוקפא:
18,Job,39,20,Job 39:20,התרגשניה היך גובי שבהור לשלושתא דנחיריה אימתא:
18,Job,39,21,Job 39:21,מחפרין בגלימא ויחדי בחילא יפוק לקדמות קרבא:
18,Job,39,22,Job 39:22,יחדי לדלותא ולא יתבר ולא יתוב מן קדם סיפא:
18,Job,39,23,Job 39:23,עלוי תשרי זינא חרבא שננא מורניתא ורומחא:
18,Job,39,24,Job 39:24,ברגיז ורוגזא יעבד גומתא בארעא ולא יהימין ארום קל שופרא:
18,Job,39,25,Job 39:25,במסת שופרא יימר חדוא ומן רחיק יריח קרבא אכליותא דרברבי ויבבא:
18,Job,39,26,Job 39:26,אפשר דמביונתך יתאבר בר נצא פריש גדפא לדרומא:
18,Job,39,27,Job 39:27,אין על מימרך יתגבה נשרא וארום ירום שרכפיה:
18,Job,39,28,Job 39:28,כיפא ישרי ויבית על כרך טיגר ומצדתא:
18,Job,39,29,Job 39:29,מתמן חפר מיכלא למרחיק עינוי מסתכלן:
18,Job,39,30,Job 39:30,ואפרוחוי גמען אדמא ובאתר דתמן קטיליא תמן הוא:
18,Job,40,1,Job 40:1,ואתיב יי ית איוב ואמר:
18,Job,40,2,Job 40:2,אפשר דנצי עם שדי יתרדי מכסן אלהא יתיבניה:
18,Job,40,3,Job 40:3,ואתיב איוב ית יי ואמר:
18,Job,40,4,Job 40:4,הא אזדלזלית מה אתיבנך אידי שוית לפומי:
18,Job,40,5,Job 40:5,חדא זמנא מללית ולא אתיב ותניניתא ולא אוסיף:
18,Job,40,6,Job 40:6,ואתיב יי ית איוב מן עלעוליתא דצערא ואמר:
18,Job,40,7,Job 40:7,זרז כדון היך גברא חרציך אשאלנך ותהודענני:
18,Job,40,8,Job 40:8,הברם תשני דיני תחיבינני מן בגלל דתזכי:
18,Job,40,9,Job 40:9,ואין אדרע היך אלהא לך ובקל דכמתיה תכלי:
18,Job,40,10,Job 40:10,אתקין כדון גותנותא וגובהא וזיוא ושבהורא תלבש:
18,Job,40,11,Job 40:11,בדר רוגזתא דנחיריך וחמי כל גיותן ומככניה:
18,Job,40,12,Job 40:12,חמי כל גיותן ותברניה ודעדק חיביא באתריהון:
18,Job,40,13,Job 40:13,טמענון בעפרא כחדא אפיהון כבוש בטומעא:
18,Job,40,14,Job 40:14,ולחוד אנא אודינך ארום תפרוק לך ימינך:
18,Job,40,15,Job 40:15,הא כדון בעיריא די עבדית עמך עסבא היך תורי ייכול:
18,Job,40,16,Job 40:16,הא כדון לויתן דחיליה בחרצוי ותוקפיה בפרת דכרסיה:
18,Job,40,17,Job 40:17,כפף דונביה היך כארזא ותניא דפחדוי משבשין:
18,Job,40,18,Job 40:18,אברוי תקיפין היך פצידי נחשא גרמוי היך מטלנא דפרזלא:
18,Job,40,19,Job 40:19,הוא שרויא אורחתיה דאלהא דעבדיה יקרב סיפיה:
18,Job,40,20,Job 40:20,ארום עלל טוריא יסוברון לה וכל חיות ברא יגחכון תמן:
18,Job,40,21,Job 40:21,תמן טלליא יגני בטמור קניא וערקא:
18,Job,40,22,Job 40:22,יטללוניה טלליא גנוניה יחזרוניה ערבין דנחל:
18,Job,40,23,Job 40:23,הא יטלום נהרא ולא אתבהל יתרחץ ארום נגיד ירדנא לפומיה:
18,Job,40,24,Job 40:24,בעינוי יסבניה בתוקליא ינקוב נחיריה:
18,Job,40,25,Job 40:25,תנגיד לויתן בחכתא ובאשלא תקדח לישניה:
18,Job,40,26,Job 40:26,אפשר דתשוי אונקלא בנחיריה ובסלוא תנקוב ליסתיה:
18,Job,40,27,Job 40:27,אפשר דיסגי לותך בעותין אין ימלל לותך רכיכן:
18,Job,40,28,Job 40:28,אפשר דיגזור קים עמך תזבנניה לעבד פלח לעלם:
18,Job,40,29,Job 40:29,אפשר דתגחך ביה היך צפרא ותקטורניה לטליתך:
18,Job,40,30,Job 40:30,יעבדון עלוי חכימיא שירותא יפלגוניה בין תגריא:
18,Job,40,31,Job 40:31,אפשר דתמלא במטללתא משכיה ובגנונא דנוניא רישיה:
18,Job,40,32,Job 40:32,שוי עלוי אידך אדכר קרב לא תוסיף:
18,Job,41,1,Job 41:1,הא אוריכותיה מכדבא הברם למחמי יטלוק:
18,Job,41,2,Job 41:2,לא אכזראה ארום יעירניה ומן הוא קדמוי יתעתד:
18,Job,41,3,Job 41:3,מן אקדימנני בעובדי בראשית ואשלם הלא כל תחותי שמיא דילי הוא:
18,Job,41,4,Job 41:4,לא אשתוק כדבוביה ומימר גבורתא ובעותא דעלויה:
18,Job,41,5,Job 41:5,מן גלי אפי לבושיה בכפלא דפרומביה מן יעול:
18,Job,41,6,Job 41:6,דשי אפוי מן שרי חזרנות ככוי אימתא:
18,Job,41,7,Job 41:7,גותנות פצידיא תריסין ליה אחיד בחותם ציר:
18,Job,41,8,Job 41:8,חד עם חד מקרבין ניבוי ורוח לא יעול במצעהון:
18,Job,41,9,Job 41:9,חד עם חבריה מתאדקין מתאחדין ולא מתפרדין:
18,Job,41,10,Job 41:10,זרירוי תנהר נהורא ועינוי כתמרי קרצתא:
18,Job,41,11,Job 41:11,מפומיה בעוריא יהלכון גוצין דנור משתזבין:
18,Job,41,12,Job 41:12,מאפותיה יפוק קטרא היך דודא נפיח דעבד כיפא:
18,Job,41,13,Job 41:13,נפשיה גומרין תצלהב ושלהוביתא מפומיה נפק:
18,Job,41,14,Job 41:14,בצוריה יבית עושנא ולקדמוי תדיץ דאבונא:
18,Job,41,15,Job 41:15,שלדי בסריה מאדקין יתיסד עלוי דלא תזוע:
18,Job,41,16,Job 41:16,לביה מתיסד היך אבנא ואתיך היך פלחא ארעיתא:
18,Job,41,17,Job 41:17,ממספייה ידחלון תקיפיא מן תבריא ידון עלויהון:
18,Job,41,18,Job 41:18,ידבקניה חרבא ולא תקום מורגיתא וקלעא דמטלא אבנא ושרינא:
18,Job,41,19,Job 41:19,יחשיב לתבנא פרזלא לקיסא בולטיתא כרכומא:
18,Job,41,20,Job 41:20,לא יערקניה גררא קשתא לגילי אתחשיבו ליה אבני קלעא:
18,Job,41,21,Job 41:21,היך גילי אתחשיבו ליה נרגיא יגחך לרגוש רומחא:
18,Job,41,22,Job 41:22,תחותוי פרירין דחדדין היך חספא ימיך דהבא סגינא עלוי סאן:
18,Job,41,23,Job 41:23,מרתח היך דודא מצולתא ימא ישוי היך מתכלא:
18,Job,41,24,Job 41:24,בתרוי ינהר שבילא יחשוב תהומא לשיבותא:
18,Job,41,25,Job 41:25,אין על עפרא שולטניה דעבדיה דלא יתבר:
18,Job,41,26,Job 41:26,ית כל גובהא יחמי הוא מליך על כל בני כורי:
18,Job,42,1,Job 42:1,ואתיב איוב ית יי ואמר:
18,Job,42,2,Job 42:2,ידעית ארום כולא תסובר ולא יתמנע מנך מחשבתא:
18,Job,42,3,Job 42:3,מן דין דמכסי מלכתא בלא מנדעא מטול דהיכנא חויתי ולא אתביין פרישן מני ולא אנדע:
18,Job,42,4,Job 42:4,שמע כדון ואנא אמלל אשאלינך ותהודענני:
18,Job,42,5,Job 42:5,למשמע אודנא שמעית יתך וכדון עיני חמית יתך:
18,Job,42,6,Job 42:6,מטול דהיכנא מאסית עתרי ואתנחמית מבני דהנון עפרא וקטם:
18,Job,42,7,Job 42:7,והוה בתר דמלל יי ית פתגמיא האלין עם איוב ואמר יי לאליפז דמן תימן תקוף רוגזי בך ובתרין חבריך ארום לא מללתון לותי כונתא כעבדי איוב:
18,Job,42,8,Job 42:8,וכדון סיבו לכון שבעא תורין ושבעא דכרין ואזלו לות עבדי איוב ותסקון עלתא אמטולכון ועבדי איוב יצלי עליכון ארום אלהן אפוי אסב מן בגלל דלא למעבד עמכון קלנא ארום לא מללתון לותי כיונא כעבדי איוב:
18,Job,42,9,Job 42:9,ואזלו אליפז דמן תימן ובלדד דמן שוח צופר דמן נעמה ועבדו היך דמלל להום מימרא דיי ונסיב מימרא דיי ית אפי איוב:
18,Job,42,10,Job 42:10,ומימרא דיי אתיב ית גלות איוב בצלאותיה מטול דחברוי ואוסיף מימרא דיי ית כל די לאיוב בכופלא:
18,Job,42,11,Job 42:11,ואתו לותיה כל אחוי וכל אחותיה וכל חכימוי מן קדמת דנא ואכלו עמיה לחמא בביתיה ונידוי ליה ונחתו יתיה על כל בישתא דאיתי יי עלוי ויהבו ליה גבר חורפא חדא ואנש קדשא דדהבא חד:
18,Job,42,12,Job 42:12,ומימרא דיי ברך ית סופא דאיוב מן קדמותיה והוו ליה ארבסר אלפין דען ושית אלפין דגמלין ואלף פדנין דתורין ואלף אתנן:
18,Job,42,13,Job 42:13,והוו ליה ארבסר בנין ותלת בנן:
18,Job,42,14,Job 42:14,וקרא שמה דחדא ימימא ושום תניתא קציעא ושום תליתתא קרן הפוך ימימא הוה קרי לה דהוה שופרהא כיממא קציעה הוה קרי לה דהוה יקרא כעין קציעתא קרן הפוך הוה קרי לה דהות סגי זיו יקר אפהא היך אזמרגדא:
18,Job,42,15,Job 42:15,ולא אשתכח נשיא שפירתא היך בנתא דאיוב בכל ארעא ויהב להום אבוהום אחסנא במצע אחוהון:
18,Job,42,16,Job 42:16,וחיא איוב בתר דנא מאה וארבעין שנין וחמא ית בנוי וית בני בנוי ארבעה דרין:
18,Job,42,17,Job 42:17,ומית איוב סיב ושבע יומיא:
19,Psalms,1,1,Psalms 1:1,טוביה דגבר דלא הליך במלכת רשיעין ובאורחת חיבין לא קם ובסיעת ממקני לא אסתחר:
19,Psalms,1,2,Psalms 1:2,אלהן בנימוסא דיי רעותיה ובאוריתיה מרנן ימם ולילי:
19,Psalms,1,3,Psalms 1:3,ויהי כאילן חיי דנציב על טיפי מוי די אנביה מבשל בעדניה ואטרפוי לא נתרין וכל לבלבוי דמלבלב מגרגר ומצלח:
19,Psalms,1,4,Psalms 1:4,לא מטול היכנא רשיעי אלהן כמוזא די תשקפניה עלעולא:
19,Psalms,1,5,Psalms 1:5,מטול היכנא לא יזכון רשיעי ביומא רבא וחיבין בסיעת צדיקיא:
19,Psalms,1,6,Psalms 1:6,מטול דגלי קדם יי אורח צדיקיא ואורחתהון דרשיעי תהובד:
19,Psalms,2,1,Psalms 2:1,למה מתרגשין עממיא ואומיא מרננין סריקותא:
19,Psalms,2,2,Psalms 2:2,קימין מלכי ארעא ושלטוניא יתחברון כחדא למרדא קדם יי ולמנצי על משיחיה:
19,Psalms,2,3,Psalms 2:3,נתרע ית אסרתיהון ונטלוק מננא שלשלותהון:
19,Psalms,2,4,Psalms 2:4,דיתיב בשמיא יגחך מימרא דיי ידהך להון:
19,Psalms,2,5,Psalms 2:5,הידין ימלל להון בתוקפיה וברוגזיה יבהלאנון:
19,Psalms,2,6,Psalms 2:6,ואנא רביתי מלכי ומניתיה על טור מקדשי:
19,Psalms,2,7,Psalms 2:7,אשתעי קימא דיי אמר חביב כבר לאבא לי אנת זכאה כאלו יומא דין בריתך:
19,Psalms,2,8,Psalms 2:8,בעי מני ואתן נכסי עממיא אחסנתך ואחודתך שלטוני סיפי ארעא:
19,Psalms,2,9,Psalms 2:9,תתברנון היך בחוטרא דפרזלא היך מאן דפחר תתרענון:
19,Psalms,2,10,Psalms 2:10,וכדין מלכיא אשכלו קבילו מרדותא נגידי ארעא:
19,Psalms,2,11,Psalms 2:11,פלחו קדם יי בדחלא וצלו ברתיתא:
19,Psalms,2,12,Psalms 2:12,קבילו אולפנא דלמא ירגיז ותהובדון אורחא מטול דייחור כזער רוגזיה טוביה לכל דסברין במימריה:
19,Psalms,3,1,Psalms 3:1,תשבחתא לדוד במערקיה מן קדם אבשלום בריה:
19,Psalms,3,2,Psalms 3:2,יי כמה סגיאין מעיקי סגיאין דקימין עלי:
19,Psalms,3,3,Psalms 3:3,סגיאין אמרין לנפשי לית פורקנא ליה באלהא לעלמין:
19,Psalms,3,4,Psalms 3:4,ואנת יי תריס עלי יקרי ומרים רישי:
19,Psalms,3,5,Psalms 3:5,קלי קדם יי אצלי יקבל צלותי מן טור בית מקדשיה לעלמין:
19,Psalms,3,6,Psalms 3:6,אנא שכיבית ודמכית אתערית מטול דיי סמיך יתי:
19,Psalms,3,7,Psalms 3:7,לא תדחל ממצותא דעם דחזור חזור אתכנשו עלי:
19,Psalms,3,8,Psalms 3:8,קום יי פרוק יתי אלהי ארום מחית כל בעלי דבבי על ליסתהון ככי רשיעי תברת:
19,Psalms,3,9,Psalms 3:9,מן קדם יי פורקנא על עמך ברכתך לעלמין:
19,Psalms,4,1,Psalms 4:1,לשבחא על חנגיתא תושבחתא לדוד:
19,Psalms,4,2,Psalms 4:2,בעדן צלותי קבל מני אלוה צדקותי בעידן עקתא אפתיתא לי חוס עלי וקבל צלותי:
19,Psalms,4,3,Psalms 4:3,בני נשא מטול מה איקרי לאתכנעותא תרחמין סרקותא תבעון כדיבותא לעלמין:
19,Psalms,4,4,Psalms 4:4,וידעון ארום פריש יי זכאה ליה יי יקבל צלותיה דדוד במקרי לותיה:
19,Psalms,4,5,Psalms 4:5,זעו מניה ולא תחטון אמרי בעותכון בפומכון ושילתכון בלבבכון וצלו על שוויכון ואדכרו יום מיתותא לעלמין:
19,Psalms,4,6,Psalms 4:6,כבשו יצרכון ויתחשיב לכון כנכסת צדקא וסברו על יי:
19,Psalms,4,7,Psalms 4:7,סגיאין דאמרין מן יחמיננא טבא נשא עלנא נהור סבר אפך יי:
19,Psalms,4,8,Psalms 4:8,יהבתא חדותא בלבי מן עדן דעבורהון וחמרהון סגיאו:
19,Psalms,4,9,Psalms 4:9,בשלמא כחדא אשכוב ואדמוך מן בגלל דאנת הוא יי בלחודוי בסברא תותבנני:
19,Psalms,5,1,Psalms 5:1,לשבחא על חנגין תושבחתא לדוד:
19,Psalms,5,2,Psalms 5:2,מימרי אצית יי אתבין רגוגי:
19,Psalms,5,3,Psalms 5:3,צית לקל בעותי מלכי ואלהי ארום קדמך אצלי:
19,Psalms,5,4,Psalms 5:4,יי בצפרא שמע קלי בצפרא אסדר קדמך ואסתכי:
19,Psalms,5,5,Psalms 5:5,מטול דלא אלהא רעי רשעא אנת לא אתותב עמך בישא:
19,Psalms,5,6,Psalms 5:6,לא יתעתדון מתלעבין קבל עינך סניתא כל עובדי שקר:
19,Psalms,5,7,Psalms 5:7,תאבד ממללי כדבותא אנש שדי דם זכי ונכלא ירחק יי:
19,Psalms,5,8,Psalms 5:8,ואנא בסגיאי טובך אעול לביתך אסגוד להיכלא דקודשך בדחלתך:
19,Psalms,5,9,Psalms 5:9,יי דבר יתי בצדקתך מן בגלל תושבחי תקין קדמי אורחתך:
19,Psalms,5,10,Psalms 5:10,מטול דלית בפומהון דרשיעי כיונתא גופיהון מלין אתרגושתא היך שיול פתיח גרונהון לישנהון משעעין:
19,Psalms,5,11,Psalms 5:11,חיב להון אלהא יתבטלון ממלכתהון בסגעא מרדהון אתקל להון ארום מרדו במימרך:
19,Psalms,5,12,Psalms 5:12,ויחדון כל מסברון במימרך לעלם ישבחון ותטל עלויון ויבדחון בך רחמי שמך:
19,Psalms,5,13,Psalms 5:13,מטול די אנת תברך לצדיקיא יי היך תריסא רעוא טבא תכללניה:
19,Psalms,6,1,Psalms 6:1,לשבחא בנגינתא על כנרא דתמניא נימיא תושבחתא לדוד:
19,Psalms,6,2,Psalms 6:2,יי לא ברוגזך תכניעני ולא ברתחך תרדי יתי:
19,Psalms,6,3,Psalms 6:3,חוס עלי יי מטול דחלש אנא אסי יתי יי מטול דאתבהילו גרמי:
19,Psalms,6,4,Psalms 6:4,ונפשי אתבהילת לחדא ואנת יי עד אימתי רוח לי:
19,Psalms,6,5,Psalms 6:5,תוב יי פצי נפשי פרק לי בגלל טובך:
19,Psalms,6,6,Psalms 6:6,מטול דלית במותא דכרנך בשאול מן יודי לך:
19,Psalms,6,7,Psalms 6:7,אשתלהית בתנחתי אמלל בצערי בכל ליליא על שוויי בדמעתי דרגשי אטמש:
19,Psalms,6,8,Psalms 6:8,חשכת מן רוגזי עייני אתבליאת בכל מעיקי:
19,Psalms,6,9,Psalms 6:9,זורו מיני כל עבדי שקר ארום שמיע קדם יי קל בכותי:
19,Psalms,6,10,Psalms 6:10,שמיע קדם יי בעותי יי צלותי יקבל:
19,Psalms,6,11,Psalms 6:11,יבהתון ויתבהלון לחדא כולהון בעלי דבבי יתובון יבהתון כשעא:
19,Psalms,7,1,Psalms 7:1,תרגומא דאודיתא לדוד די שבח קדם יי מטול די אמר שירתא על תבירא דשאול בר קיש דמן שבט בנימן:
19,Psalms,7,2,Psalms 7:2,יי אלהי במימרך סברית פרוק יתי מכל רדפי ופצא יתי:
19,Psalms,7,3,Psalms 7:3,דלמא יתבר היך אריותא נפשי יפשח ולית דיפצי:
19,Psalms,7,4,Psalms 7:4,יי אלהי אין עבדית שירתא הדא בכוונתא בישא אין אית טלומא בידי:
19,Psalms,7,5,Psalms 7:5,אין פרעית לבעיל שלמי ביש ודחקית מעיקי מגן:
19,Psalms,7,6,Psalms 7:6,יהי רדף בעל דבבא נפשי וידבק ויכבוש לארעא חיי ויקרי לעפרא ישרי לעלמין:
19,Psalms,7,7,Psalms 7:7,קום יי בתוקפך אתנטל ברוגזא על מעיקי וסרהיב לי דינא די פקדתא:
19,Psalms,7,8,Psalms 7:8,וכנישת אמיא תחזרינך ואמטלתהא לבי שכנתך תוב:
19,Psalms,7,9,Psalms 7:9,מימרא דיי ידין עממיא דון יתי יי כזכותי וכשלמותי פרע עלי:
19,Psalms,7,10,Psalms 7:10,ישתצי כען בישא דרשיעי וישתכללון צדיקי ובחן לבבי וכלין אלהא זכאה:
19,Psalms,7,11,Psalms 7:11,תריסי על אלהא פריק תריצי לבא:
19,Psalms,7,12,Psalms 7:12,אלהא דינא זכאה ובתקוף רגיז על רשיעי כל יומא:
19,Psalms,7,13,Psalms 7:13,אם לא יתוב לדחלתיה סיפיה שחיז קשתיה מתיחא וסדירא:
19,Psalms,7,14,Psalms 7:14,ומטולתיה תקין זיני מותא גירוי לדלקי צדיקיא יעביד:
19,Psalms,7,15,Psalms 7:15,הא יצטער לשקר ויעדי עמלא ויליד שקרא:
19,Psalms,7,16,Psalms 7:16,שוח חפר ונמציה ונפל בשוחתא די עבד:
19,Psalms,7,17,Psalms 7:17,יתוב לעותיה ברישיה ועל מוקדיה חטופיה יחות:
19,Psalms,7,18,Psalms 7:18,אשבח יי בצדקתיה ואשכח שום אלהא עלאה:
19,Psalms,8,1,Psalms 8:1,לשבחא על כנורא דאיתי מגת תושבחתא לדוד:
19,Psalms,8,2,Psalms 8:2,יי אלהא רבוננא כמא תליל שמך ומשבח בכולא ארעא דיהבתא זוך עיל מן שמיא:
19,Psalms,8,3,Psalms 8:3,מפום עולמיא ויונקיא אשתסתא עושנא מן בגלל מעיקיך לבטלא בעיל דבבא וגזומא:
19,Psalms,8,4,Psalms 8:4,מטול דאחמי שמיך עובדי אצבעתך סיהרא וככביא די אתקינתא:
19,Psalms,8,5,Psalms 8:5,מה בר נשא מטול תדכר עובדוי ובר נשא מטול תסער עלוי:
19,Psalms,8,6,Psalms 8:6,וחסרתא יתיה קליל ממלאכיא ואיקרא ושבהורא תכללניה:
19,Psalms,8,7,Psalms 8:7,אשלטתיה בעובדי ידך כולא שויתא תחות רגלוי:
19,Psalms,8,8,Psalms 8:8,עאן ותורי כולהון ולחוד בעירי חקלא:
19,Psalms,8,9,Psalms 8:9,צפרי שמיא ונוני ימא ולויתן דחליף אסרטי ימא:
19,Psalms,8,10,Psalms 8:10,יי אלהא רבוננא כמה תליל ומשבח שמך בכולא ארעא:
19,Psalms,9,1,Psalms 9:1,לשבחא על מיתותא דגברא די נפק מבני משריתא תושבחתא לדוד:
19,Psalms,9,2,Psalms 9:2,אשבח קדם יי בכל לבי אשתעי כולהון פרישותך:
19,Psalms,9,3,Psalms 9:3,אחדי ואבדח במימרך אשבח שמך עלאה:
19,Psalms,9,4,Psalms 9:4,בדיתוב בעל דבבי לאחורא יתקלון ויהובדון מן קדמך:
19,Psalms,9,5,Psalms 9:5,מטול דעבדתא פורענותי ודיני יתבתא על כורסי דינא זכאה:
19,Psalms,9,6,Psalms 9:6,נזפתא עממי דפלשתאי הובדתא גלית רשיעא שומהון מחיתא לעלמי עלמין:
19,Psalms,9,7,Psalms 9:7,וכד נפל בעל דבבא אשתציו חלותיה וכרכיהון אצתדיו לעלמא וקרויהון צדיתא הובדתא דכרנהון מנהון:
19,Psalms,9,8,Psalms 9:8,ומימרא דיי לעלמין מותביה בשמי מרומא תקין לדינא כורסיה:
19,Psalms,9,9,Psalms 9:9,והוא ידין עמא דארעא בזכותא ידין עממיא בתריצותא:
19,Psalms,9,10,Psalms 9:10,ויהי מימרא דיי תקוף למסכנא תקוף בעדני עקתא:
19,Psalms,9,11,Psalms 9:11,ויסתכלון בסברותך ידעי שמך מטול דלא שבקתא תבעיך יי:
19,Psalms,9,12,Psalms 9:12,שבחו קדם יי דאשרי שכנתיה בציון תניאו בעממיא עובדוי:
19,Psalms,9,13,Psalms 9:13,מטול דתביע דמא דזכאה ית צדיקיא דכיר ולא שלי קבלת ענותנין:
19,Psalms,9,14,Psalms 9:14,חוס עלי יי חמי סגופי מבעלי דבבי מרומם לי ממעלני מותא:
19,Psalms,9,15,Psalms 9:15,מן בגלל דאשתעי לכולהון שבחתך במעלני תרעי כנישת ציון אדוץ בפורקנך:
19,Psalms,9,16,Psalms 9:16,טבעו עממיא בשוחתא דעבדו במצדתא דנא כמנו אתאחדת רגליהון:
19,Psalms,9,17,Psalms 9:17,גלי קדם יי דין דעבד בעובדי אידוי אתקל רשיעא ירננון צדיקיא לעלמין:
19,Psalms,9,18,Psalms 9:18,יתובון רשיעי לשיול כולהון עממיא דאשליו דחלתא דיי:
19,Psalms,9,19,Psalms 9:19,מטול דלא לעלמיא משתלי חשוכא סוברא דענותני לא תהובד לעלמא:
19,Psalms,9,20,Psalms 9:20,קום יי לא יתעשן בר נשא רשיעא יתדנון עממיא קדמך:
19,Psalms,9,21,Psalms 9:21,שוי יי דחלתא להון ינדעון עממיא דבר נש הינון לעלמין:
19,Psalms,10,1,Psalms 10:1,למה יי תקום ברחיק תטמר במדור קדישין לעדני עקתא:
19,Psalms,10,2,Psalms 10:2,בגסות רשיעא ידלק עניא יתאחדון בנכלותא דנא די חשבו למעבד:
19,Psalms,10,3,Psalms 10:3,מטול דאשתבח רשיעא על רגרוג נפשיה דמברך גברא טלומא מרחק מימרא דיי:
19,Psalms,10,4,Psalms 10:4,רשיעא בגסות רוחיה לא יתבר אלהא ויימר בלביה דלא גלין קדם יי כולהון מחשבתוי:
19,Psalms,10,5,Psalms 10:5,מצלחין אורחתיה בכל עדן רחיקין דינך מן קבליה בכל מעיקוי יזעוף בהון:
19,Psalms,10,6,Psalms 10:6,יימר בלבביה לא אזוע מדר לדר מלמעבד ביש:
19,Psalms,10,7,Psalms 10:7,לוטין פומיה מלי נכלי ורמיותא תחות לישניה לאות ושקר:
19,Psalms,10,8,Psalms 10:8,יתיב בכמני דדרתיא בטומריא יקטול זכאה עינוי למסכניא יטשון:
19,Psalms,10,9,Psalms 10:9,יכמון בטומריא היך אריא במטלליה יכמון למתפש עניא יתפש עניא במגריה במצדתיה:
19,Psalms,10,10,Psalms 10:10,ידכדך וישוח ויפל בתקוף במנוי עניא:
19,Psalms,10,11,Psalms 10:11,יימר בלביה אתנשי אלהא טמר אפוי לא חמי לעלמין:
19,Psalms,10,12,Psalms 10:12,קום יי קים שבועת ידך לא תנשי ענותני:
19,Psalms,10,13,Psalms 10:13,מטול מה רחיק רשיעא אלהא יימר בלביה לא תתבעי:
19,Psalms,10,14,Psalms 10:14,גלי קדמך מטול דאנת לאות ורגיז על רשיעא תסער אסתכל למשלם אגרא טב לצדיקיא בידך עלך יסוברון עניך יתם אנת הוית סעיד:
19,Psalms,10,15,Psalms 10:15,תבר אדרעיהון דרשיעי ובישי יתבעון רשעתהון לא ישכחו:
19,Psalms,10,16,Psalms 10:16,יי מליך לעלמי עלמיא אבדו עממי מארעיה:
19,Psalms,10,17,Psalms 10:17,ריגתא דענותני שמיע קדמך יי תתקין לבהון תצלי אודנך:
19,Psalms,10,18,Psalms 10:18,למדן יתם ועניא לא יוסיף עוד תוב בני נשא לאתורא מן קדם רשיעי ארעא:
19,Psalms,11,1,Psalms 11:1,תושבחתא לדוד במימרא דיי סברית הכדין אתון אמרין לנפשי אטלטלי לטורא היך צפרא:
19,Psalms,11,2,Psalms 11:2,ארום הא רשיעי נגדין קשתא מתקנין גירהון על נימא למרמי בקבלא עלוי תקיני לבא:
19,Psalms,11,3,Psalms 11:3,מטול דאין אשיתא יתרעון זכאה מטולא עבד טובא:
19,Psalms,11,4,Psalms 11:4,יי בהיכלא דקודשיה אלהא בשמי מרומא כורסיה עינוי חמין תמורוי מבחנן בני נשא:
19,Psalms,11,5,Psalms 11:5,אלהא צדיקיא בחין ורשיעיא ורחמי חטופין סנאת נפשיה:
19,Psalms,11,6,Psalms 11:6,יחית מטרין דפורענו על רשיעי מפחין דאשתא וכבריתא וזעפא עלעולא יהבת כלידהון:
19,Psalms,11,7,Psalms 11:7,מטול דצדיקא יי צדקותא רחים תקניא יחמון סבר אפוי:
19,Psalms,12,1,Psalms 12:1,לשבחא על כנרא דתמניא נימי תושבחתא לדוד:
19,Psalms,12,2,Psalms 12:2,פרוק יי מטול דגמירו טביא ארום ספו מהימניא מן בני נשא:
19,Psalms,12,3,Psalms 12:3,שקרא ממללין אנש עם חבריה ספותא שעיאן בלבבהון מנבלין ובלבא שקרא ממללין:
19,Psalms,12,4,Psalms 12:4,ישיצי יי מן עלמא כל ספון שעיעין לישנא דמללא רברבנותא:
19,Psalms,12,5,Psalms 12:5,מן דכפרין בעקרא דאמרין בלישננא נתגבר ספותנא עמנא מן רבון דלנא:
19,Psalms,12,6,Psalms 12:6,מאונסא דעניי מן צוחת חשיכי השתא אקום אמר יי אשוי פורקן ולרשיעי אסחיר בישותא להון:
19,Psalms,12,7,Psalms 12:7,מלין דיי מליא דכין סימא סנינא בכורא על ארעא זקיק שבעתי זמנין:
19,Psalms,12,8,Psalms 12:8,אנת יי תנטרנון לצדיקיא תנצרנון מן דרא בישא הדין לעלמין:
19,Psalms,12,9,Psalms 12:9,חזור חזור רשיעיא מהלכין כעלוקא דמצצא דמיהון דבני נשא:
19,Psalms,13,1,Psalms 13:1,לשבחא תושבחתא לדוד:
19,Psalms,13,2,Psalms 13:2,עד אן יי תשלינני לעלמין עד אן תטמור זיו אפך מני:
19,Psalms,13,3,Psalms 13:3,עד אן אשוי מלכא בנפשי דונא בלבבי ימם עד אן יתרם בעל דבבי עלי:
19,Psalms,13,4,Psalms 13:4,אסתכל וקבל צלותי יי אלהי אנהיר עיני באוריתך דלמא אחוב ואדמוך עם חיבי מותא:
19,Psalms,13,5,Psalms 13:5,דלמא יימר יצרא בישא אשלטתיה מעיקי ירננון מטול אסטי מארחתך:
19,Psalms,13,6,Psalms 13:6,ואנא בטובך אתרחצית ירנן לבבי בפורקנך אשבח קדם יי מטול דפריע עלי טבתא:
19,Psalms,14,1,Psalms 14:1,לשבחא ברוח נבואה על דוד אמר שטיא בלבביה לית שולטנא דאלהא בארעא חבילו עובדיהון רחקו טבתא ואשכחו עלא לית דעבד טב:
19,Psalms,14,2,Psalms 14:2,יי משמיא אודיק על בני נשא למחמי אין אית משכיל תבע אולפן מן קדם יי:
19,Psalms,14,3,Psalms 14:3,כולהון זרו לאחורא כחדא אתרשלו לית דעבד טב אפילו לית חד:
19,Psalms,14,4,Psalms 14:4,הלא ידעו כל עבדי שקר סעדי עמי סעדו לחמא שמא דיי לא בריכו:
19,Psalms,14,5,Psalms 14:5,תמן דחלו דחלא מטול דמימרא דיי בדרא דצדיקי:
19,Psalms,14,6,Psalms 14:6,מלכת עניא תבהתון מטול דשוי ביי סבריה:
19,Psalms,14,7,Psalms 14:7,מן ירחיש מציון פורקנא דישראל כד יתיב יי גלות עמיה ירנן יעקב יחדי ישראל:
19,Psalms,15,1,Psalms 15:1,תושבחתא לדוד יי מן חמי למידר במשכנך מן חמי למשרי בטור בית מקדשך:
19,Psalms,15,2,Psalms 15:2,דמהליך בשלימתא ועבד צדקתא וממלל קושטא בלבביה:
19,Psalms,15,3,Psalms 15:3,לא אכל קורצין בלישניה לא עבד לחבריה בישותא וכסופא לא סובר על קריביה:
19,Psalms,15,4,Psalms 15:4,דשט באנפוי ובסיר וית דחליא דיי מוקיר דיומי לאבאשא לגרמיה ולא משלחף:
19,Psalms,15,5,Psalms 15:5,סימיה לא יהב בחבוליא ושוחדא על זכאה לא קבל דעביד אלין לא יזוע לעלמא:
19,Psalms,16,1,Psalms 16:1,גליפא תריצא לדוד נטר יתי אלהא מטול דסברית במימרך:
19,Psalms,16,2,Psalms 16:2,מלילת אנת נפשי קדם יי אלהי אנת ברם טיבתי לא מתיהיבא בר מנך:
19,Psalms,16,3,Psalms 16:3,לקדישיא די בארעא הנון הודעו כח גבורתי מן שרויא וגותנין בעובדיהון טביא כל רעותי טב בהו:
19,Psalms,16,4,Psalms 16:4,מסגן צלמניהון מן בתר כן מוחן לקרבא קורבניהון לא אקבל ברעוא נסוכהון ודם קורבניהון ולא אדכר שומהון על ספותי:
19,Psalms,16,5,Psalms 16:5,יי מוהבית כלידי וחולקי אנת תסובר עדבי:
19,Psalms,16,6,Psalms 16:6,עדבין נפלו לי בבסימתא אוף אחסנתא שפירא עלי:
19,Psalms,16,7,Psalms 16:7,אברך ית יי דמלכינני אוף בליליא דדאן לי כוליתי:
19,Psalms,16,8,Psalms 16:8,שויתי יי לקובלי תדירא מטול דשכנתיה שריא עלי לא אזוע:
19,Psalms,16,9,Psalms 16:9,בגין חדא לבי ורנן איקרי אוף בשרי ישרי לרוחצן:
19,Psalms,16,10,Psalms 16:10,מטול דלא תשבוק נפשי לשיול לא תמסור זכאך למחמי בשחיותא:
19,Psalms,16,11,Psalms 16:11,תהודע לי אורחא דחיי סובעא דחדותא קדם אפך בסימתא בימינך לעלמין:
19,Psalms,17,1,Psalms 17:1,צלותא לדוד קבל יי פגיעתי בצדקה אצית שבוחי תצלי אודנך לצלותי בדלא ספותי נכלא:
19,Psalms,17,2,Psalms 17:2,מן קדמך דיני יפוק עינך תהוין חמין תריצותא:
19,Psalms,17,3,Psalms 17:3,בחנתא לבבי אסערתא עלי בליליא סננתא לי לא אשכחתא שחיתא חשבית בישותא לא עבר פומי:
19,Psalms,17,4,Psalms 17:4,ברם אכסנתא על עובדיהון דבני נשא במימר ספותך אנא נטרית ארחות חציפא:
19,Psalms,17,5,Psalms 17:5,סעד אסתורי בהליכתך דלא יזועון רגלי:
19,Psalms,17,6,Psalms 17:6,אנא קריתי יתך מטול תקבל צלותי אלהא צלי אודנך קבל צלותי:
19,Psalms,17,7,Psalms 17:7,פריש טבותך פריקהון דסברי מן מן דקימין עליהון באידא דימינך:
19,Psalms,17,8,Psalms 17:8,נטר יתי כגלגול די במציעות עינא בטולא דשכנתך תטמור יתי:
19,Psalms,17,9,Psalms 17:9,מן קדם רשיעיא אלין דמחבלין יתי בעלי דבבי ברעות נפשיהון מחזרן עלי:
19,Psalms,17,10,Psalms 17:10,עתרהון סגא שומניהון כסיאו פומהון מללו ברברבותא:
19,Psalms,17,11,Psalms 17:11,אסתורנא השתא חזרו לנא עיניהון משון למפשט בארעא:
19,Psalms,17,12,Psalms 17:12,דמותיה היך אריא דמרגג למתבר וכשחלא דיתיב בטומריא:
19,Psalms,17,13,Psalms 17:13,קום יי אקדם אפוי חמטיה פצא נפשי מן רשיעא דאתחייב קטול בסיפך:
19,Psalms,17,14,Psalms 17:14,וצדיקיא דמסרין נפשיהון מטולתך יי למיתותא בארעא חולקהון בחיי עלמא וטשיותך טבא יתמלין כריסיהון יסבעון בנין וישבקון שיורהון לטליהון:
19,Psalms,17,15,Psalms 17:15,אנא בקושטא אחמי סבר אפך אשבע בעדן דאתער מן איקר פרצופך:
19,Psalms,18,1,Psalms 18:1,לשבחא על נסיא דאתרחישו לעבדא דיי לדוד דשבח בנבואה קדם יי ית פתגמי שירתא הדא על כל יומיא דשזביה יי מן ידא דכל בעלי דבבוי ומחרבא דשאול:
19,Psalms,18,2,Psalms 18:2,ואמר אחבבנך יי תוקפי:
19,Psalms,18,3,Psalms 18:3,יי תוקפי ורחצני ומשזיב יתי אלהא דאתרעי בי קרבני לדחלתיה תריסי דמן קדמוי אתיהב לי תקוף ופורקן על בעלי דבבי רחצני:
19,Psalms,18,4,Psalms 18:4,אמר דוד בתושבחתא אנא מצלי קדם יי ומן בעלי דבבי פריק יתי:
19,Psalms,18,5,Psalms 18:5,אקפתני עקא כאתא דיתבא על מתברא וחיל לית לה למילד והיא מסכנא לממת וסיעת טלומיא בעתת יתי:
19,Psalms,18,6,Psalms 18:6,משרית חיבין אקפוני אקדומי יתי דמזינין במני קטול:
19,Psalms,18,7,Psalms 18:7,בדעיקא לי אנא מצלי קדם יי וקדם אלהי אנא מתחנן ומקבל צלותי מן היכליה ובעותי קדמוי מתקבלא באודנוי ומתעבדא:
19,Psalms,18,8,Psalms 18:8,ואתרגיפת ואתרגישת ארעא ואשית טוריא זעו ואתרטישו מטול דתקיף ליה:
19,Psalms,18,9,Psalms 18:9,סליק זדוניה דפרעה היך קוטרא דבכן שלח רוגזיה כאשא בערא דמן קדמוי משתציא מזופיתיה כגומרין די נור דלקא ממימריה:
19,Psalms,18,10,Psalms 18:10,וארכן שמיא ואתגלי יקריה וענן אמטתא כבש קדמוי:
19,Psalms,18,11,Psalms 18:11,ואתגלי בגבורתיה על כרובין קלילין ודבר בתקוף על גדפי זעפא:
19,Psalms,18,12,Psalms 18:12,ואשרי שכינתיה בערפלא ואתחזר בענני יקריה היך מטללתא ואחית מטרין דרעוא על עמיה ומין תקיפין מן רכפת עננין דקבלא על רשיעיא מן רומיה דעלמא:
19,Psalms,18,13,Psalms 18:13,מן זהור יקריה ענני שמיא עברו במזופיתא בגומרין דנור ברדא דלקא מן מימריה:
19,Psalms,18,14,Psalms 18:14,ואכלי מן שמיא יי ועלאה ארים מימריה רמא ברדא וגומרין די נור:
19,Psalms,18,15,Psalms 18:15,ושדר מימריה היך גירין וברדין וברקין סגיאין ישגשגון:
19,Psalms,18,16,Psalms 18:16,ואתחמיאו עמקי מיא ואתגליאו שתאסיא דתבל ממזופיתא מן קדם יי ממימר תקוף רוגזך:
19,Psalms,18,17,Psalms 18:17,שלח נביוהי מלך תקיף דיתיב בתקוף רומא דברני שזבני מעממין סגיאין:
19,Psalms,18,18,Psalms 18:18,שזבני מן סנאי ארום עשינין הינון ומן בעלי דבבי ארום אתגברו עלי:
19,Psalms,18,19,Psalms 18:19,אקדימו לי ביום טלטולי והוה מימרא דיי סמיך לי:
19,Psalms,18,20,Psalms 18:20,ואפק יתי לרוחא שזבני מטול דאתרעי בי:
19,Psalms,18,21,Psalms 18:21,יגמלנני יי כזכותי כברירות ידי יתיב לי:
19,Psalms,18,22,Psalms 18:22,מטול דנטרית אורחן דתקנן קדם יי ולא הלכית ברשע קדם יי:
19,Psalms,18,23,Psalms 18:23,מטול דכל דינו גלוי לקבלי למעבדהון וקימוי לא אעדי מני:
19,Psalms,18,24,Psalms 18:24,והויתי שלים בדחלתיה והויתי נטיר נפשי מחובין:
19,Psalms,18,25,Psalms 18:25,ופרע יי לי היך זכותי כברירות אידי קדם מימריה:
19,Psalms,18,26,Psalms 18:26,עם אברהם דאשתכח חסיד קדמך אסגיתא למעבד חסדא עם זרעיה דיצחק דהוה שלים בדחלתך אשלמתא מימר רעותך עמיה:
19,Psalms,18,27,Psalms 18:27,עם יעקב דהוה בריר קדמך בחרתא בנוי מן כל עממיא ואפרשתא זרעיה מן כל פסילא ועם פרעה וזרעיה ומצראי דחשיבו מחשבן בישן על עמך בלבלתנון במחשבתהון:
19,Psalms,18,28,Psalms 18:28,מטול דאנת ית עמא בית ישראל דחשיכין ביני עממיא בגלותא אנת עתיד למפרק ובמימרך אומיא תקיפיא דמתגברין עליהון תמאיך:
19,Psalms,18,29,Psalms 18:29,מטול דאנת תנהר שרגא דישראל דמטפיא בגלותא דאנת הוא מריה דנהורא דישראל יי אלהי יפקנני מחשכא לנהור יחמנני בניחמותי דעלמא דעתיד למיתי לצדיקיא:
19,Psalms,18,30,Psalms 18:30,מטול דבמימרך אסגי משרין ובמימר אלהי אכבוש כרכין תקיפין:
19,Psalms,18,31,Psalms 18:31,אלהא דכונן ארחתיה אורייתא דיי בחירא תריס הוא לכל דמתרחצין עלוי:
19,Psalms,18,32,Psalms 18:32,ארום נסא ופורקנא דתעביד למשיחך ולשיורי עמך דישתארון יודון כל עממיא אומיא ולשניא ויימרון לית אלהא אלא יי ארום לית בר מנך ועמך יימרון לית דתקיף אלא אלהנא:
19,Psalms,18,33,Psalms 18:33,אלהא דמזרז לי קמור בחילא ומתקן שלים ארחי:
19,Psalms,18,34,Psalms 18:34,דמשוי רגלי קלילין היך אילתא ועל בית תוקפי יקימנני:
19,Psalms,18,35,Psalms 18:35,מליף אידי למעבד קרבא ומתקיף היך קשת כרכומא דרעי:
19,Psalms,18,36,Psalms 18:36,ויהבת לי תקוף ופורקן וימינך תסייעני ובמימרך אסגעתני:
19,Psalms,18,37,Psalms 18:37,אפתית פסיעתי באתרי ולא אזדעזא רכובתי:
19,Psalms,18,38,Psalms 18:38,ארדוף סנאי ושציתנון ולא שבות עד דגמרתנון:
19,Psalms,18,39,Psalms 18:39,אגמרנון ולא יכילו למקם ונפלו קטילין תחות פרסת רגלי:
19,Psalms,18,40,Psalms 18:40,וזרזתא לי חילא היך קמור למעבד קרבא תברתא עממין דקימין לאבאשא לי תחותי:
19,Psalms,18,41,Psalms 18:41,ובעלי דבבי תברת קדמי יהבתנון מחזרי קדל וסנאי אשיצנון:
19,Psalms,18,42,Psalms 18:42,בען סעיד ולית להון פריק מצלן קדם יי ולא מקבל צלותהון:
19,Psalms,18,43,Psalms 18:43,ודוששתינון היך גרגשתא דארעא על אנפי זעפא והיך סין אשקקי בעטית אנון:
19,Psalms,18,44,Psalms 18:44,תשזבנני מפלגת עממיא תנטרינני במיזרי מזין בריש עממיא עמא דלא חכימת יפלחונני:
19,Psalms,18,45,Psalms 18:45,לשמע אידין ישתמעון לי בני עממיא יכדבון קדמי:
19,Psalms,18,46,Psalms 18:46,בני עממיא יסופון ויטלטלון מברניתהון:
19,Psalms,18,47,Psalms 18:47,קים הוא יי ובריך תקיפא דמן קדמוהי מתיהב לי תקוף ופורקן ומרומם אלהא תקוף פורקני:
19,Psalms,18,48,Psalms 18:48,אלהא דעבד פורענותא לי ומתבר עממיא דקימין לאבאשא לי תחותי:
19,Psalms,18,49,Psalms 18:49,משזבי מבעלי דבבי לחוד על דקיימין לאבאשא לי תגברנני מן גוג ומשרית עממין דחטופין עמהון תשזבנני:
19,Psalms,18,50,Psalms 18:50,מטול היכנא אודה קדמך ביני עממיא יי ולשמך אזמר תושבחתא:
19,Psalms,18,51,Psalms 18:51,מסגי למעבד פרקן עם מלכיה ועבד טיבו למשיחיה לדוד ולזרעיה עד עלמא:
19,Psalms,19,1,Psalms 19:1,לשבחא תושבחתא לדוד:
19,Psalms,19,2,Psalms 19:2,דמסתכלין בשמיא משתעין יקרא דיי ועובדי ידוי מחוין דמדיקין באוירא:
19,Psalms,19,3,Psalms 19:3,יומא ליומא מוסיף ומביע מימרא וליליא לליליא פתית ומחוי מנדעא:
19,Psalms,19,4,Psalms 19:4,לית מימר דתורעמתא ולית מלי דשגושא דלא משתמע קלהון:
19,Psalms,19,5,Psalms 19:5,בכולא ארעא נפק מתח ענינהון ובסיפי תבל מליהון לשמשא שוי משרוי זיהרא בהון:
19,Psalms,19,6,Psalms 19:6,והוא בצפרא במפקיה יפוק היך חתנא דנפק מגנוניה ובטיהרא יחדי היך גברא למרהט בארחא:
19,Psalms,19,7,Psalms 19:7,מסיפי שמיא מפקניה ותוקפיה על סטריהון ולית דמטמר מן רתחיה:
19,Psalms,19,8,Psalms 19:8,אורייתא דיי שלמתא מתיבא נפש סהדותא דיי מהימנא מחכמא שברא:
19,Psalms,19,9,Psalms 19:9,פקודיא דיי תריצין מחדין לבא פקודא דיי ברירא מגהרא עינין:
19,Psalms,19,10,Psalms 19:10,דחלתא דיי דכיא קימא לעלמין דיניא דיי הימנותא זכיאו כחדא:
19,Psalms,19,11,Psalms 19:11,דרגיגין מדהבא ומן אובריזין סגי ובסימין יתיר מן דבשא וכבריתא חליאתא:
19,Psalms,19,12,Psalms 19:12,ברם עבדך אזדהר בהון בדנטירין חלופי היכנא אתעביד טבהון דישראל:
19,Psalms,19,13,Psalms 19:13,שלויתא מן יחכם ומטמירתא זכי יתי:
19,Psalms,19,14,Psalms 19:14,ברם מן זידניא פצא עבדך דלא ישלטון בי הדין אהי בלא מום ואהי זכי מחובא רבא:
19,Psalms,19,15,Psalms 19:15,יהון לרעוא מימרי פומי ורגגת רעיוני קדמך יי תוקפי ופריקי:
19,Psalms,20,1,Psalms 20:1,לשבחא תושבחתא לדוד:
19,Psalms,20,2,Psalms 20:2,יקבל צלותך יי ביומא דעקא ישגבינך שמא דאלהא דיעקב:
19,Psalms,20,3,Psalms 20:3,ישדר סעדך מן בית מוקדשה ומציון יסיענך:
19,Psalms,20,4,Psalms 20:4,ידכר כולהון דורוניתך ועלותך ידהן לעלמין:
19,Psalms,20,5,Psalms 20:5,יתן לך כרעיונך וכל מלכנך ישלם:
19,Psalms,20,6,Psalms 20:6,יימרון עמך נשבח בפורקנך ובשום אלהנא נטקס ישלים יי כולהון שילתך:
19,Psalms,20,7,Psalms 20:7,השתא ידעית ארום פריק יי משיחיה קביל צלותיה ממותבי דשמיא קדישיה בגבורן פורקן ימיניה:
19,Psalms,20,8,Psalms 20:8,אלין ברתיכין ואלין בסוסון ואנחנא בשום יי אלהנא נדכר:
19,Psalms,20,9,Psalms 20:9,אנון גחנו ונפלו ואנחנא אזדקפנא ואתחילנא:
19,Psalms,20,10,Psalms 20:10,יי פרוק לן מלך תקיף קבל צלותן ביום מקרינא:
19,Psalms,21,1,Psalms 21:1,לשבחא תושבחתא לדוד:
19,Psalms,21,2,Psalms 21:2,יי בעשנך יחדי מלך משיחא ובפורקנך כמא ירנן לחדא:
19,Psalms,21,3,Psalms 21:3,רגגת נפשיה יהבת ליה ופרוש ספותיה לא כליתא לעלמין:
19,Psalms,21,4,Psalms 21:4,ארום תקדמניה ברכן טבן תשוי על רישיה כליל דהב סנינא:
19,Psalms,21,5,Psalms 21:5,חיי עלמא שאל מנך יהבת ליה נגדא דיומיא לעלמי עלמין:
19,Psalms,21,6,Psalms 21:6,סגי יקריה בפורקנך תושבחתא ושבהורא תשוי עלוי:
19,Psalms,21,7,Psalms 21:7,מטול די תשוניה ברכן לעלמין תחדניה בחדותא די מן קדמך:
19,Psalms,21,8,Psalms 21:8,מטול דמלך משיחא סביר ביי ובחסדא דעלאה לא יזוע:
19,Psalms,21,9,Psalms 21:9,תדבק מחת איידך לכל בעלי דבבך פורענות ימינך תשכח לכל סנאך:
19,Psalms,21,10,Psalms 21:10,תשוינון היך אתון נורא לעדני רוגזך יי ברגזיה יסלעמנון ותיכלנון בעור גיהנם:
19,Psalms,21,11,Psalms 21:11,בניהון מארעא תהובד וזרעיתהון מבני נשא:
19,Psalms,21,12,Psalms 21:12,מטול דחשילו עלך בישתא חשיבו מחשבן בישין ולא יכלונך:
19,Psalms,21,13,Psalms 21:13,מטול דשויתנון לעמך כתף חד באטוני משכנך תתקן אורחהון קדמיהון:
19,Psalms,21,14,Psalms 21:14,אזדקף יי בעושנך נשבחא ונדוץ בגבורתך:
19,Psalms,22,1,Psalms 22:1,לשבחא על תקוף קורבן תדירא דקרצתא תושבחתא לדוד:
19,Psalms,22,2,Psalms 22:2,אלי אלי מטול מה שבקתני רחיק מן פורקני מלי אכליותי:
19,Psalms,22,3,Psalms 22:3,אלהי אנא קרי ביממא ולא תקבל ובליליא לא שתיקותא לי:
19,Psalms,22,4,Psalms 22:4,ואנת קדיש דמיתב עלמא על תושבחן ישראל:
19,Psalms,22,5,Psalms 22:5,עלך סברו אבהתנא סברו במימרך ושזבתנון:
19,Psalms,22,6,Psalms 22:6,קדמך צלו ואשתזיבו ועלך אתרחיצו ולא בהיתו:
19,Psalms,22,7,Psalms 22:7,ואנא זחיל חלש ולא גבר סכל חסודי בני נשא ומתרמרמותא דעממי:
19,Psalms,22,8,Psalms 22:8,כל דחמין לי ידהכון עלי מתגרדין בספותהון יטלטלון ברישיהון:
19,Psalms,22,9,Psalms 22:9,שבח קדם יי ושזביה פצא יתיה מטול דאתרעי ביה:
19,Psalms,22,10,Psalms 22:10,מטול דאת אפקתני מכריסא אסברתני על תדיי אמי:
19,Psalms,22,11,Psalms 22:11,בסעדך אטלקית ממעינא מכריסת אמי אלי את:
19,Psalms,22,12,Psalms 22:12,לא תתרחיק מני מטול דעקתא קריבא ארום לית פריק:
19,Psalms,22,13,Psalms 22:13,אחזרו עלי פלחי כוכביא דמתילין לתורין סגיאין רברבני מתנן אקפוני:
19,Psalms,22,14,Psalms 22:14,פתחו עלי פומהון היך כאריא מכלי ותבר:
19,Psalms,22,15,Psalms 22:15,היך כמיא אשתדת ואתפרפרן כולהון גרמי הוה לבי מתמסי היך שעוה בגו מעי:
19,Psalms,22,16,Psalms 22:16,יבש היך פחר חילי ולישני אדביק למוריגי ולבית קבורתא אמטיתני:
19,Psalms,22,17,Psalms 22:17,מטול דאחזרו עלי רשיעי דמתילין לכלביא סגיעין כנישת מבאישין אקפוני נכתין היך כאריא אידי ורגלי:
19,Psalms,22,18,Psalms 22:18,אחוי כל הלבשושי גרמי אנון מסתכלין מבזן לי:
19,Psalms,22,19,Psalms 22:19,מפלגין לבושי ועלוי פתני ירמון עדבין:
19,Psalms,22,20,Psalms 22:20,ואנת יי לא תתרחיק תוקפי לסיועי אוחי:
19,Psalms,22,21,Psalms 22:21,פצי מקטלין בחרבא נפשי מן אידא דכלבא רוחא דגושמי:
19,Psalms,22,22,Psalms 22:22,פרוקני מפום אריא ומגבריא דתקיפין ורמין כרימנא קבלתא צלותי:
19,Psalms,22,23,Psalms 22:23,אחוי גבורת שמך לאחי במצע כנשתא אשבחנך:
19,Psalms,22,24,Psalms 22:24,דחליא דיי שבחו קדמוי כל זרעא דיעקב הבו ליה יקר ואזדעזעו מניה כל זרעא דישראל:
19,Psalms,22,25,Psalms 22:25,מטול דלא בסר ולא שאט צלותהון דעניי ולא סליק שכינתיה מביניהון ובצלאיהון קדמוהי מקבל:
19,Psalms,22,26,Psalms 22:26,מנך תושבחתי בכנישת סגיעת עמא נדרי אשלם קביל דחלוי:
19,Psalms,22,27,Psalms 22:27,ייכלון ענותני וישבעון ישבחו קדם יי דתבעין ליה ישרי רוח נבואה ברעיוני לבכון לעלמין:
19,Psalms,22,28,Psalms 22:28,ידכרון נסוי ויתובון קדם יי כל סיפי ארעא ויסגדו קדמך כל גניסת עממיא:
19,Psalms,22,29,Psalms 22:29,מטול דמן קדם יי מלכותא ושליט בעממיא:
19,Psalms,22,30,Psalms 22:30,סעודו וסגידו כל דהיני ארעא קדמוי יגחנון כל נחתין בי קבורתא ונפש רשיעא לא יחיי:
19,Psalms,22,31,Psalms 22:31,זרעיה דאברהם יפלחון קדמוי ויחוון כח גבורתא דיי לדרא בתראה:
19,Psalms,22,32,Psalms 22:32,יתובון בניהון ויתנון צדקתיה לעמיה דעתיד למילד פרישן דעבד:
19,Psalms,23,1,Psalms 23:1,תושבחתא לדוד יי זן ית עמי במדברא לא חסרו כולא:
19,Psalms,23,2,Psalms 23:2,באתר ציחתא בהנית דתאין ישרינני על מי ניחיא דברני:
19,Psalms,23,3,Psalms 23:3,נפשי יתיב דברני בהלכת צדקא מטול שמיה:
19,Psalms,23,4,Psalms 23:4,ברם כד אזל בגלותא במישר טולא דמותא לא אדחל מבישתא מטול דמימרך בסעדי תנדך תריצא ואורייתך הנון ינחמונני:
19,Psalms,23,5,Psalms 23:5,סדרת קדמי פתור קביל מעיקי דהנתא במשח רבותא ריש כהני כלידי רויחא:
19,Psalms,23,6,Psalms 23:6,ברם טבתא וחסדא ירדפונני כל יומי חיי כד אתב בבית מקדשא דיי לנגדא דיומנא:
19,Psalms,24,1,Psalms 24:1,לדוד תושבחתא ליי הא ארעא ובריתהא תבל ודיתבין בה:
19,Psalms,24,2,Psalms 24:2,מטול די הוא על ימיא שוי שתסהא ועל נהרותא אתקנאה:
19,Psalms,24,3,Psalms 24:3,מן יסק לטור בית מקדשא דיי ומן יקום באתר קודשיא:
19,Psalms,24,4,Psalms 24:4,דכי אידיא ובריר רעיונא דלא אומי על שקרא לחיבא נפשיה ולא קאם לנכלא:
19,Psalms,24,5,Psalms 24:5,יקבל ברכתא מן קדם יי וצדקתא מאלהא דפורקניה:
19,Psalms,24,6,Psalms 24:6,דנן דרא דתבעין ליה דבעין סבר אפוי יעקב לעלמין:
19,Psalms,24,7,Psalms 24:7,זקפו תרעי בית מקדשא רישיכון ואזדקפו מעלני עלמא ויעול מלך יקירא:
19,Psalms,24,8,Psalms 24:8,מן הוא דיכי מלכא יקירא יי עשין וגבר יי מרי גבורתא ועבד קרבא:
19,Psalms,24,9,Psalms 24:9,זקופו תרעי גנתא דעדן רישיכון ואזדקפו מעלני עלמא ויעול מלכא יקירא:
19,Psalms,24,10,Psalms 24:10,מן הוא דיכי מלכא יקירא יי צבאות הוא מלכא יקירא לעלמין:
19,Psalms,25,1,Psalms 25:1,לדוד קדמך יי נפשי אטול בצלו:
19,Psalms,25,2,Psalms 25:2,אלהי בך אתרחצית לא אבהת לא יחדון בעלי דבבי עלי:
19,Psalms,25,3,Psalms 25:3,ברם כל דסברין לך לא יבהתון יבהתון בזוזין וסריקיא:
19,Psalms,25,4,Psalms 25:4,אורחתך יי אודע יתי הלכתך אליף יתי:
19,Psalms,25,5,Psalms 25:5,דברני בזכותך ואלפנני ארום את הוא אלהא דפורקני יתך סברית כל יומא:
19,Psalms,25,6,Psalms 25:6,אדכר רחמך יי וטבותך ארום מן עלמא הנון:
19,Psalms,25,7,Psalms 25:7,חובי טליותי ומרדי לא תדכר כטובך אדכר לי אנת מטול טיבותך יי:
19,Psalms,25,8,Psalms 25:8,טב ותריץ יי בגין כן מליף חיביא באורחא:
19,Psalms,25,9,Psalms 25:9,מדריך ענותני בדינא ומליף ענותני אורחיה:
19,Psalms,25,10,Psalms 25:10,כל הלכתיה דיי טיבו וקשוט לנטרי קימיה וסהדותיה:
19,Psalms,25,11,Psalms 25:11,מן בגלל שמך יי ותשבוק לחובי ארום סגי הוא:
19,Psalms,25,12,Psalms 25:12,מן הוא דין גברא דדחיל מן קדם יי ילפניה באורחא דאתרעי:
19,Psalms,25,13,Psalms 25:13,נפשיה בטיבותא תבית ובנוי יחסנון ארעא:
19,Psalms,25,14,Psalms 25:14,רזא דיי גליא לדחלוי וקימיה לאודעותהון:
19,Psalms,25,15,Psalms 25:15,עיני מסתכלין תדירא קדם יי ארום הוא יפיק ממצדתא רגלי:
19,Psalms,25,16,Psalms 25:16,אסתכי לותי וחוס עלי מטול דיחידי ועניא אנא:
19,Psalms,25,17,Psalms 25:17,עקתין דלבבי פתין משנוקי אפק יתי:
19,Psalms,25,18,Psalms 25:18,חמי סגופי וטרחי ושבוק לכולהון חובי:
19,Psalms,25,19,Psalms 25:19,חמי בעלי דבבי ארום סגיעו וסנאתה דחטופין סנו יתי:
19,Psalms,25,20,Psalms 25:20,טור נפשי ושזיב יתי לא אבהת מטול דסברית לך:
19,Psalms,25,21,Psalms 25:21,שלימותא ותריצותא יטרונני ארום סברית במימרך:
19,Psalms,25,22,Psalms 25:22,פרוק יי ית ישראל מכל עקתוי:
19,Psalms,26,1,Psalms 26:1,לדוד דון יתי יי ארום בשלמותי אנא הלכית וביי סברית לא אזדעזע:
19,Psalms,26,2,Psalms 26:2,בחון יתי יי ונסי יתי סנין כליתי ורעיוני:
19,Psalms,26,3,Psalms 26:3,מטול דטובך קביל עיני והלכת בקושטך:
19,Psalms,26,4,Psalms 26:4,לא אסתחרית עם גברי שקרא ועם מטמרין לאבאשא לא אעול:
19,Psalms,26,5,Psalms 26:5,סניתי כנישת מבאישין ועם רשיעיא לא אסתחר:
19,Psalms,26,6,Psalms 26:6,אקדיש בזכותא אידי ואחזרית ית מדבחך יי:
19,Psalms,26,7,Psalms 26:7,לאשמעא בקל שבחא ולאשתעא כל פרישותך:
19,Psalms,26,8,Psalms 26:8,יי רחימית מדור בית מקדשך ואתר משכן יקרך:
19,Psalms,26,9,Psalms 26:9,לא תכנוש עם חיביא נפשי ועם אנשי שדין דמא חיי:
19,Psalms,26,10,Psalms 26:10,די בידיהון עצת חטאין וימינהון מלין שוחדא:
19,Psalms,26,11,Psalms 26:11,ואנא בשלימותי אזיל פרוק יתי וחוס עלי:
19,Psalms,26,12,Psalms 26:12,רגלי קם בתרצא בכנישת צדיקין אברך יי:
19,Psalms,27,1,Psalms 27:1,לדוד יי נהורי ופורקני ממן אדחל יי עושנא דחיי ממן אדחל:
19,Psalms,27,2,Psalms 27:2,כד יתקרבון עלי מבאשין לגרמא ית בסרי מעיקי ובעלי דבבי הנון אתקלו ונפלו:
19,Psalms,27,3,Psalms 27:3,אין תשרי עלי משרית רשיעי לא אדחל לבבי אין תקום עלי קרבא בדא אנא סביר:
19,Psalms,27,4,Psalms 27:4,חדא בעיתי מן קדם יי יתה אתבע דאתב בבית מקדשא דיי כל יומי חיי למחמי בבסימותא דיי ולבקרא בהיכליה:
19,Psalms,27,5,Psalms 27:5,ארום יטשנני בטלליה ביום בישתא יטמרנני בטמור משכניה בכרך תקיף ירורם יתי:
19,Psalms,27,6,Psalms 27:6,והשתא יתרורם רישי על בעלי דבבי חזור חזור ואכוס במשכניה נכסי רעוא אשבח ואביע קדם יי:
19,Psalms,27,7,Psalms 27:7,קבל יי צלותי במקראי וחוס עלי ורחם יתי:
19,Psalms,27,8,Psalms 27:8,לך אמר לבי בעי אפי ית סבר אפך יי אתבע:
19,Psalms,27,9,Psalms 27:9,לא תסלק שכנתך מני לא תצלי ברוגזא לעבדך סיועי הויתא לא תטלטל יתי ולא תשבקנני אלהא דפורקני:
19,Psalms,27,10,Psalms 27:10,מטול דאבא ואמא ישבקו יתי יי יכנוש לי:
19,Psalms,27,11,Psalms 27:11,אלפני יי אורחתך ודברני בהלכתא תריצא מטול תושבחתי:
19,Psalms,27,12,Psalms 27:12,לא תמסרנני ברעות מעיקי ארום קמו עלי סהדי שקרא וממללי חטופא:
19,Psalms,27,13,Psalms 27:13,אלולי די הימנית למחמי בטובא דיי בארעא דחיי עלמא:
19,Psalms,27,14,Psalms 27:14,סבור על יי תקוף ועלם לבך וסבור על יי:
19,Psalms,28,1,Psalms 28:1,לדוד לותך יי אנא אקרי תקיפי לא תשתוק מני דלמא תשתוק מני ואתמתלית עם נחתי גובא:
19,Psalms,28,2,Psalms 28:2,קבל בקל בעותי במצליי לותך כד אפרוש ידי בצלו קדם היכל קדשך:
19,Psalms,28,3,Psalms 28:3,לא תנגדינני עם רשיעיא ועם עבדי עולא די ממללין שלמא עם חבריהון ובישתא בלבהון:
19,Psalms,28,4,Psalms 28:4,הב להון כעובדיהון וכבישות עובדיהון כעובדי ידיהון פרע להון אתיב פורענותהון להון:
19,Psalms,28,5,Psalms 28:5,מטול דלא מתבינין לאורייתא דיי ולעובדי אידוי יפגרנון ולא יבננון:
19,Psalms,28,6,Psalms 28:6,בריך יי ארום קבל קל צלותי:
19,Psalms,28,7,Psalms 28:7,יי עושני ותריסי ביה סבר לבי וסעדני ודאיץ לבי ומתושבחתי אודה קדמוי:
19,Psalms,28,8,Psalms 28:8,יי תקוף להון ועושנא פורקנות משיחיה הוא:
19,Psalms,28,9,Psalms 28:9,פרוק ית עמך וברך ית אחסנתך זון להון וסובר יתהון עד עלמא:
19,Psalms,29,1,Psalms 29:1,תושבחתא לדוד הבון קדם יי תושבחתא כתי מלאכיא בני אלים הבון קדם יי איקר ועשנא:
19,Psalms,29,2,Psalms 29:2,הבון קדם יי איקר שמיה סגידו קדם יי בשבהורת קודשא:
19,Psalms,29,3,Psalms 29:3,קלא דיי שמיע על מיא בתקוף איקריה אכלי יי על מיין סגיאין:
19,Psalms,29,4,Psalms 29:4,קלא דיי שמיע בחילא קלא דיי שמיע בשבהורא:
19,Psalms,29,5,Psalms 29:5,קלא דיי מתבר ארזיא ותבר מימרא דיי ית ארזי לבנון:
19,Psalms,29,6,Psalms 29:6,ושורנון היך עגל לבנן וטור מסרי פרוי היך בר רמיא:
19,Psalms,29,7,Psalms 29:7,קלא דיי מנסר שלהובין די נור:
19,Psalms,29,8,Psalms 29:8,קלא דיי מרטש מדברא מרטש מימרא דיי מדברא דרקם:
19,Psalms,29,9,Psalms 29:9,קלא דיי מכטין אילתא ומזליח חות חורשא ובמקדשיה דלעיל כולהון שמשוי אמרין איקר קדמוי:
19,Psalms,29,10,Psalms 29:10,יי בדר טופנא יתיב על כורסי דדינא למתפרע מנהון ויתיב יי על כורסי רחמותא ושזיב ית נח ומלך על בנוי לעלמי עלמין:
19,Psalms,29,11,Psalms 29:11,יי אוריתא לעמיה יהב יי יברך ית עמיה בשלם:
19,Psalms,30,1,Psalms 30:1,תושבחת שירתא על חנוכת בית מקדשא לדוד:
19,Psalms,30,2,Psalms 30:2,אשבחנך יי ארום אזקפתני ולא אחדיתא בעלי דבבי עלי:
19,Psalms,30,3,Psalms 30:3,יי אלהי צליתי קדמך ואסתני:
19,Psalms,30,4,Psalms 30:4,יי אסקתא מן שיול נפשי קימתני מן למחת לגובא:
19,Psalms,30,5,Psalms 30:5,שבחו קדם יי חסידוי ואודו אדכרות קדשיה:
19,Psalms,30,6,Psalms 30:6,מטול דשעתא רוגזה חיי עלמא ברעותיה טבא ברמשא מבית בבכותא ולצפרא מקים בתשבחתא:
19,Psalms,30,7,Psalms 30:7,ואנא אמרית במתבי ברוחצנא דלא אזוע לעלמא:
19,Psalms,30,8,Psalms 30:8,יי ברעותך אתעתדתא לטוריא עשיניא סליקתא שכינתך הויתי מתבהל:
19,Psalms,30,9,Psalms 30:9,קדמך יי אקרי ולותך אלהי אצלי:
19,Psalms,30,10,Psalms 30:10,מה ממון אית בדמי במחתי לבי קבורתא אפשר לשבחונך נחתי עפרא החויתון הימנותך:
19,Psalms,30,11,Psalms 30:11,קבל יי צלותי וחוס עלי יי הוי סעיד לי:
19,Psalms,30,12,Psalms 30:12,אפכתא אליי לחנגין לי שריתא סקי וזרזתני חדוא:
19,Psalms,30,13,Psalms 30:13,מן בגלל דישבחון יקירי עלמא ולא ישתקון יי אלהי לעלמא אשבחנך:
19,Psalms,31,1,Psalms 31:1,לשבחא תושבחתא לדוד:
19,Psalms,31,2,Psalms 31:2,במימרך יי סברת לא אבהת לעלמא בצדקתך שזיב יתי:
19,Psalms,31,3,Psalms 31:3,אצלי לותי אודנך בסרהוביא פצי יתי הוי לי לכרך עשין לחוסנא כריכא למפרק יתי:
19,Psalms,31,4,Psalms 31:4,מטול דתוקפי ורוחצני את ובגלל שמך דבר יתי וזון יתי:
19,Psalms,31,5,Psalms 31:5,אפיק יתי ממצדא דנן דפרסין לי ארום אנת עושני:
19,Psalms,31,6,Psalms 31:6,באידך אמני רוחי פרוקתא יתי יי אלהא קשיטא:
19,Psalms,31,7,Psalms 31:7,שנאתי דנטרין עובדין דדמין ללמא ולשקרא ואנא על יי כליתי:
19,Psalms,31,8,Psalms 31:8,אבוע ואחדי בטיבותך די חמיתא ית סגופי ידעתא בעקתין דנפשי:
19,Psalms,31,9,Psalms 31:9,ולא מסרתני באידא דבעיל דבבא אקימתא לרוחא רגלי:
19,Psalms,31,10,Psalms 31:10,חוס עלי יי ארום עיק לי בלאת מרוגזא עיני אתעק נפשי וכריסי:
19,Psalms,31,11,Psalms 31:11,ארום שציאו בדונא חיי ושני בתנחתא תקל בחובי חילי ואברי חשכו:
19,Psalms,31,12,Psalms 31:12,מן כל מעיקי הותי כסופא ולשבבי לחדא ודלוחא לידעין לי דחמין לי בשוקא ערקין מן קדמי:
19,Psalms,31,13,Psalms 31:13,אתנשיתי היך שכיבא מן רעיונא הויתי כמן דפחר תביר:
19,Psalms,31,14,Psalms 31:14,מטול די שמעית טיב ביש דאמרין עלי עממין סגיאין רתיתא מחזור חזור באתכנשיהון כחדא עלי למסב נפשי חשיבו:
19,Psalms,31,15,Psalms 31:15,ואנא עלך רחיצית יי אמרית אלהי אנת:
19,Psalms,31,16,Psalms 31:16,באידך זמני פורקני פצי יתי מן יד בעלי דבבי ומרדפי:
19,Psalms,31,17,Psalms 31:17,אנהר סבר אפך על עבדך פרוקני בטובך:
19,Psalms,31,18,Psalms 31:18,יי לא אבהת ארום קריתך יבהתון רשיעי ישתקון ויחתון לשיול:
19,Psalms,31,19,Psalms 31:19,תתפקקן ספות שקרא דמללן על צדיקיא גדופין בגיותנותא ובסרנותא:
19,Psalms,31,20,Psalms 31:20,כמא סגי טובך דאטשיתא לדחלין מנך עבדתא לסברין עלך למפרע להון אגר טב קביל בני נשא:
19,Psalms,31,21,Psalms 31:21,תטמרינון בטומרא בעדן רוגזך מגדודי גבריא תטשנון כד במטללתא מתגרת לישניא:
19,Psalms,31,22,Psalms 31:22,בריך יי ארום פרש טיבותיה לי בקרתא כריכתא:
19,Psalms,31,23,Psalms 31:23,ואנא אמרית באתבעותי למערוק אשתציתי מקביל יקרך בקושטא שמעת קל צלותי באתחננותי לותך:
19,Psalms,31,24,Psalms 31:24,רחומו ית יי כל חסידוי מהימניא נטיר מן ביש יי ופרע על דורבני דעבדין גיותנותא:
19,Psalms,31,25,Psalms 31:25,תקופו ויתעלם רעיונכון כל דכלין למימרא דיי:
19,Psalms,32,1,Psalms 32:1,לדוד שכלא טבא אמר דוד טובוי דמן דשבקין ליה מרודוי חפין על חטאוי:
19,Psalms,32,2,Psalms 32:2,טובוי דבר נשא דלא חשיב יי ליה עוין ודלא ברוחיה נכלא:
19,Psalms,32,3,Psalms 32:3,מטול דשתקית מן פתגמי אוריתא בלין גרמי כנהמותי כולא יומא:
19,Psalms,32,4,Psalms 32:4,ארום יימם ולילי תקיפת עלי מחתך אתהפך רוטבי היך שרבא דקיטא לעלמא:
19,Psalms,32,5,Psalms 32:5,חובתי אודענך ועויתי לא חפית אמרית אודי על מרודי קדם יי ואת שבקתא עוית חובי לעלמין:
19,Psalms,32,6,Psalms 32:6,מטול דא יצלי כל חסידא קדמך לעידן רעותיה לחוד דייתון עממין סגיאין היך מיא לותיה לא ימטון למבאשא:
19,Psalms,32,7,Psalms 32:7,את הוא יי טמור לי ממעיקא תנטרנני ביעת שזבותא תחזרנני לעלמא:
19,Psalms,32,8,Psalms 32:8,אשכלינך ואלפינך באורחא דנן תהך אמלכנך ואשוי עלך לטבא עיני:
19,Psalms,32,9,Psalms 32:9,לא תהוון כסוסיא והיך כודנא דלית להון ביונא בזממא ובפרומביא תקוניה לאתחסמא כחדא לא יתקרב לותך:
19,Psalms,32,10,Psalms 32:10,סגיאין כיבין לרשיעא ודכלי ביי טיבותא יחזרינה:
19,Psalms,32,11,Psalms 32:11,חדו במימרא דיי ובעו צדיקיא ושבחו כל תריצי לבא:
19,Psalms,33,1,Psalms 33:1,שבחו צדיקיא קדם יי לתריצי יאי שבחתא:
19,Psalms,33,2,Psalms 33:2,אודיאו קדם יי בכנרא בנבלא דעסרתי נימין שבחו ליה:
19,Psalms,33,3,Psalms 33:3,שבחו קדם יי שירתא חדתא אוטיבו לשבחא ביבבא:
19,Psalms,33,4,Psalms 33:4,מטול דתקין פתגמא דיי וכל עובדוי בהימנותא:
19,Psalms,33,5,Psalms 33:5,רחם צדקתא ודינא טובא דיי מליא ארעא:
19,Psalms,33,6,Psalms 33:6,במלא דיי שמיא אתעבידו וברוחא דפומיה כל חילהון:
19,Psalms,33,7,Psalms 33:7,דמכניס היך זיקא מוי דימא יהבנון באפותיקי תהומיא:
19,Psalms,33,8,Psalms 33:8,וידחלון מן קדם יי כל יתבי ארעא מניה ירתתון כל דירי תבל:
19,Psalms,33,9,Psalms 33:9,מטול דהוא אמר והוי הוא פקיד ואתקים:
19,Psalms,33,10,Psalms 33:10,יי תבר מלכת עממיא בטל מחשבת אומיא:
19,Psalms,33,11,Psalms 33:11,מלכתא דיי לעלמא קימא מחשבת לביה לדרי דריא:
19,Psalms,33,12,Psalms 33:12,טובוי דגברא דיי אלהיה עמא די בחר לאחסנא ליה:
19,Psalms,33,13,Psalms 33:13,מן שמיא אסתכל יי חמא ית כל בני נשא:
19,Psalms,33,14,Psalms 33:14,ממדור בית מותביה אודיק לות כל יתבי ארעא:
19,Psalms,33,15,Psalms 33:15,די ברא יתהון מכון כחדא לבהון ומתבונן לכל עובדיהון:
19,Psalms,33,16,Psalms 33:16,לית מלכא מתפרק בסגעי חילותה גברא לא מתפצי בסגעי חיליה:
19,Psalms,33,17,Psalms 33:17,שקרא סוסא לפורקנא ובסגעי תוקפיה לא משתזיב:
19,Psalms,33,18,Psalms 33:18,הא עינא דיי מסתכל לדחלין מניה לסברין לטיבותיה:
19,Psalms,33,19,Psalms 33:19,למפצי ממותא נפשיהון ולקימותהון באולצנא:
19,Psalms,33,20,Psalms 33:20,נפשנא מסתכיא לפורקנא דיי סעודנא ותריסנא הוא:
19,Psalms,33,21,Psalms 33:21,ארום במימריה יחדי לבנא מטול דבשום קודשיה אתרחצנא:
19,Psalms,33,22,Psalms 33:22,יהא טובך יי עלנא היכמא דסברינן עלך:
19,Psalms,34,1,Psalms 34:1,לדוד כד שני ית מדעיה קדם אבימלך ופטריה ואזל:
19,Psalms,34,2,Psalms 34:2,אבריך ית יי בכל עדן תדירא תושבחתיה בפומי:
19,Psalms,34,3,Psalms 34:3,במימרא דיי תושבחת נפשי ישמעון ענותניא ויחדון:
19,Psalms,34,4,Psalms 34:4,הבו רבותא קדם יי עמי ונרומם שמיה כחדא:
19,Psalms,34,5,Psalms 34:5,תבעית אולפן מן קדם יי וענני ומכל דחלתי פצי יתי:
19,Psalms,34,6,Psalms 34:6,אסתכלו לותיה ואתנהרו ואפיהון לא עצבו:
19,Psalms,34,7,Psalms 34:7,דין עניא צלי קדם יי שמיע ומכל עקתוי פרקיה:
19,Psalms,34,8,Psalms 34:8,שרי מלאכא דיי חזור חזור לדחלין מניה ושזיב הנון:
19,Psalms,34,9,Psalms 34:9,אשתמודעון וחמון ארום טב יי טובוי לגבר דאתרחיץ במימריה:
19,Psalms,34,10,Psalms 34:10,דחילו מן קדם יי קדישוי ארום לית חוסרנא לדחלוי:
19,Psalms,34,11,Psalms 34:11,בני אריון אתמסכנו וכפנו ותבעי אולפנא דיי לא חסרין כל טובא:
19,Psalms,34,12,Psalms 34:12,אזילו בניא קבילו מני דחלתא דיי אליף יתכון:
19,Psalms,34,13,Psalms 34:13,מן גברא דבעי חיי רחם יומיא למחמי טבא:
19,Psalms,34,14,Psalms 34:14,טור לישנך מביש וספותך מלמללא נכלא:
19,Psalms,34,15,Psalms 34:15,זור מביש ועבד טב בעי שלמא ורדף בתרוהי:
19,Psalms,34,16,Psalms 34:16,עינוי דיי לות צדיקיא ואודנוי לקבלא צלותהון:
19,Psalms,34,17,Psalms 34:17,פרצופא דיי רגיז בעבדי בישא לשצאה מן ארעא דכרנהון:
19,Psalms,34,18,Psalms 34:18,צלין צדיקיא וקדם יי שמיע ומכל עקתהון פצנון:
19,Psalms,34,19,Psalms 34:19,קריב יי לתבירי לבא וית מכיכי רוחא יפרוק:
19,Psalms,34,20,Psalms 34:20,סגיאין בישן מערען לצדיקא ומן כולהון פצא ליה יי:
19,Psalms,34,21,Psalms 34:21,נטר לכולהון אברוי חדא מנהון לא מתברא:
19,Psalms,34,22,Psalms 34:22,מיתותא דרשיעא בישא וסנאי צדיקא יתחיבון:
19,Psalms,34,23,Psalms 34:23,פרוק יי נפשא דעבדוי ולא מתחיבין כל דסברין במימריה:
19,Psalms,35,1,Psalms 35:1,לדוד אתגר יי במרי תגרתי סדר קרב קבל בעלי קרבתי:
19,Psalms,35,2,Psalms 35:2,אתקיף תריס ועגיל וקום בסעדי:
19,Psalms,35,3,Psalms 35:3,ושלוף מורגיתא וטרוק לאורעות רדפי אמר לנפשי פריקך אנא:
19,Psalms,35,4,Psalms 35:4,יבהתון ויכספון תבעי נפשי ירתעון לאחורא ויתכנעון חשלי בישותי:
19,Psalms,35,5,Psalms 35:5,יהוין היך מוזא קדם זעפא ומלאכא דיי דחי:
19,Psalms,35,6,Psalms 35:6,יהי אורחתהון חשוכא וחסירא ומלאכא דיי רדיף להון:
19,Psalms,35,7,Psalms 35:7,ארום מגן פרסו לותי שיח מצדהון מגן כמנו לנפשי:
19,Psalms,35,8,Psalms 35:8,תיתיה שליא לא יתחכם ומצדתיה די פרס תצידיה בשליא יפול בה:
19,Psalms,35,9,Psalms 35:9,ונפשי תחדי במימרא דיי תדוץ בפורקניה:
19,Psalms,35,10,Psalms 35:10,כולהון אברי תהוין אמרין יי מן כותך פצי עניא מן תקיף מניה ועניא וחשיכא מן אנסיה:
19,Psalms,35,11,Psalms 35:11,קימין סהדי חטופין מן דלא חכימית שילין לי:
19,Psalms,35,12,Psalms 35:12,פרעין לי בישתא חלף טבתא בען למתכל לנפשי:
19,Psalms,35,13,Psalms 35:13,ואנא בעדן מרעותהון לבישת סקא סגפית בצומא נפשי וצלותי על עובי תתוב:
19,Psalms,35,14,Psalms 35:14,היך חברא והיך אחא דילי הלכית היך אבילא דמתאבל על אמיה חכיר שחית:
19,Psalms,35,15,Psalms 35:15,ובתברי חדו ואתכנשו מתכנשין עלי רשיעיא דמככין לי במלהון ולא חכימית אלו מבזעין משכי ולא מפקין דמא:
19,Psalms,35,16,Psalms 35:16,במלי שעיעותא ומרהביא וממקניא מעסן עלי ככיהון:
19,Psalms,35,17,Psalms 35:17,יי כמה את חמי אתיב נפשי משליתהון מבני אריויא גושמי:
19,Psalms,35,18,Psalms 35:18,אודי קדמך בכנשתא רבא בעמא תקיפא אשבחנך:
19,Psalms,35,19,Psalms 35:19,לא יחדון עלי בעלי דבבי שקרא סנאי מגן רמזין בעיניהון:
19,Psalms,35,20,Psalms 35:20,ארום לא שלמא ממללין ועל צדיקי ארעא דניחין בעלמא ההוא מלי נכלין מחשלין:
19,Psalms,35,21,Psalms 35:21,ואפתיאו עלי פמהון אמרו חדוא חדוא חמת עיננא:
19,Psalms,35,22,Psalms 35:22,חמיתא יי לא תשתוק יי לא תתרחיק מני:
19,Psalms,35,23,Psalms 35:23,אתער ותקיץ לדיני אלהי ומרי נצחני יי לתגרתי:
19,Psalms,35,24,Psalms 35:24,דון יתי כצדקתך יי אלהי ולא יחדון עלי:
19,Psalms,35,25,Psalms 35:25,לא יימרון בלבהון חדיאת נפשנא דלמא יימרון גמרנא יתיה:
19,Psalms,35,26,Psalms 35:26,יבהתון ויתכנעון כחדא דחדין על בישתי ילבשון בהתא וכסופא דמתרברבן עלי:
19,Psalms,35,27,Psalms 35:27,יבועון ויחדון תבעי צדקי ויימרון תדירא יסגי יקרא דיי דצבי שלמא דעבדיה:
19,Psalms,35,28,Psalms 35:28,ולישני תרנן צדקתך כולי יומא תושבחתך:
19,Psalms,36,1,Psalms 36:1,לשבחא לעבדא דיי לדוד:
19,Psalms,36,2,Psalms 36:2,אמר מרדא לחיבא במציעות לבבי לית דחלתא דיי לקביל עינוי:
19,Psalms,36,3,Psalms 36:3,ארום שעיא ליה בעינוי למשכח חובין למסגי אולפנא:
19,Psalms,36,4,Psalms 36:4,מלי פומיה רישעא ונכילו פסק למשכל לאוטבא:
19,Psalms,36,5,Psalms 36:5,רשעא חשיל על שויה יתעתד על אורח דלא טב ביש לא ירחק:
19,Psalms,36,6,Psalms 36:6,יי בשמי שמיא טובך הימנותך עד שחקי:
19,Psalms,36,7,Psalms 36:7,צדקותך רמא היך טוריא תקיפא דינך עמיקין היך תהומא רבא בני נשא ובעירא תפרוק יי:
19,Psalms,36,8,Psalms 36:8,כמה יקיר טובך יי ובני נשא בטלל שכנתך ישרון לרוחצן:
19,Psalms,36,9,Psalms 36:9,יתרויון בדהן ברכתא דביתך ומבוע בסימותך תשקנון:
19,Psalms,36,10,Psalms 36:10,ארום עמך טיבי מין חיין בזיו יקרך נחמי נהורא:
19,Psalms,36,11,Psalms 36:11,נגוד טובך על ידעך וצדקתך על תריצי לבא:
19,Psalms,36,12,Psalms 36:12,לא תערענני רגלא דגיותנא וידיהון דרשיעיא לא תטלטלנני:
19,Psalms,36,13,Psalms 36:13,תמן נפלו עבדי שקר ידחין ולא יוסיפון למקם:
19,Psalms,37,1,Psalms 37:1,לדוד לא תגרג במבאשין למהוי דכותהון ולא תטנין בעבדי טלומא למזדוג עמהון:
19,Psalms,37,2,Psalms 37:2,מטול דסופיהון היך עסבא בסרהוביא יתמוללו והיך ירוק דתאה ינתרון:
19,Psalms,37,3,Psalms 37:3,רחיץ במימרא דיי ועבד טב שרי ארעא וחסן בהימנותא:
19,Psalms,37,4,Psalms 37:4,ותתפנק על יי ויתן לך משילי לבך:
19,Psalms,37,5,Psalms 37:5,גלי על יי ארחתך וסבור על מימריה והוא יעבד:
19,Psalms,37,6,Psalms 37:6,ויפוק היך נהורא צדקך ודינך היך טיהרא:
19,Psalms,37,7,Psalms 37:7,שתוק קדם יי ואוריך ליה לא תגרג ברשיעא דמצלח אורחיה בגברא דעביד עיצת חטאין:
19,Psalms,37,8,Psalms 37:8,אוריך מרגז ושבוק רתחא לא תגרג ברם לאבאשא:
19,Psalms,37,9,Psalms 37:9,מטול דמבאשין ישתיצון ודסברין במימרא דיי הנון יירתון ארעא:
19,Psalms,37,10,Psalms 37:10,ותוב בזעיר ולית רשיעא ותתבין על אתריה וליתוי:
19,Psalms,37,11,Psalms 37:11,וענותנין ירתון ארעא ויתפנקון על סגיעות שלמא:
19,Psalms,37,12,Psalms 37:12,חשב רשיעא ביש על צדיקא ומעסי עלוי ככוי:
19,Psalms,37,13,Psalms 37:13,יי יגחך עלוי ארום חמא ארום על יומא דתביריה:
19,Psalms,37,14,Psalms 37:14,חרבא שליפו רשיעיא ומתחו קשותהון למקטול עניי וחשיכי למכוס תריצי אורחא:
19,Psalms,37,15,Psalms 37:15,סיפהון תעול בלבהון וקשותהון יתברון:
19,Psalms,37,16,Psalms 37:16,טב קדם יי זערות צדיקיא מרכפת רשיעין סגיעין:
19,Psalms,37,17,Psalms 37:17,ארום דרועי דרשיעיא יתברון ותמיך צדיקיא מימרא דיי:
19,Psalms,37,18,Psalms 37:18,ידיעין קדם יי יומיהון דשלמין ואחסנתהון לעלם תהי:
19,Psalms,37,19,Psalms 37:19,לא יבהתון בעדן בישתא וביומי אולצנא סבעין:
19,Psalms,37,20,Psalms 37:20,ארום רשיעיא ייבדון ובעלי דבביא דיי היך יקר פלגיסין דמין אולא מתפטמין וסופיהון מתנכסין היכנא רשיעי יסופון ובתנן גהנם יגמרון:
19,Psalms,37,21,Psalms 37:21,מוזיף רשיעא ולא פרע וצדיק מחיס ויהב:
19,Psalms,37,22,Psalms 37:22,מטול דמתברכין במימרא ירתון ארעא ודמתלטטין במותא ישתצון:
19,Psalms,37,23,Psalms 37:23,מן קדם יי פסיעתו דגברא מתקנן ואורחתיה יתרעי:
19,Psalms,37,24,Psalms 37:24,ארום יפול מרע לא ימות מטול דיי סעיד בידיה:
19,Psalms,37,25,Psalms 37:25,טלי הוית ברם סיבית ולא חמית צדיקא שביקא ובנוי תבעין לחמא מחוסרנא:
19,Psalms,37,26,Psalms 37:26,מן בגלל דכל יומא חיס ומוזיף ודרעיה לברכתא:
19,Psalms,37,27,Psalms 37:27,סטי מביש ועבד טיבו ושרי לחיי עלמא:
19,Psalms,37,28,Psalms 37:28,ארום יי רחם דינא ולא ישבוק ית חסידוי לעלם מנטרין ובניהון דרשיעיא ישתצון:
19,Psalms,37,29,Psalms 37:29,צדיקיא יחסנון ארעא וישרון לעלמין עלה:
19,Psalms,37,30,Psalms 37:30,פומא דצדיקיא רנן חוכמתא ולישניה ממללא דינא:
19,Psalms,37,31,Psalms 37:31,נימוסא דאלהיה בלביה לא מזדעזעין אסתורוי:
19,Psalms,37,32,Psalms 37:32,מסתכי רשיעא לצדיקא ובעי למקטליה:
19,Psalms,37,33,Psalms 37:33,יי לא ישבקניה בידיה ולא יחיבניה במדיניה:
19,Psalms,37,34,Psalms 37:34,סבר במימריה דיי וטר ארחיה וירוממנך למחסן ארעא באשתציות רשיעיא תחמי:
19,Psalms,37,35,Psalms 37:35,חמיתי רשיעא תקיפא וחסין היך אילן יציב ועבוף:
19,Psalms,37,36,Psalms 37:36,ופסק מן עלמא והא ליתוי ובעית יתיה ולא אשתכח:
19,Psalms,37,37,Psalms 37:37,נטר שלימותא וחמי תריצותא ארום דסוף בר נשא שלמא:
19,Psalms,37,38,Psalms 37:38,ומרודין ישתיצון כחדא סופיהון דרשיעיא שיציא:
19,Psalms,37,39,Psalms 37:39,ופורקנא דצדיקיא מן קדם יי עושנהון בעדן עקתא:
19,Psalms,37,40,Psalms 37:40,וסיעינון יי ושזיב יתהון שזיב יתהון מן חיביא ויפרקנון מטול דאתרחיצו במימריה:
19,Psalms,38,1,Psalms 38:1,תשבחתא לדוד דכרנא טבא על ישראל:
19,Psalms,38,2,Psalms 38:2,יי לא ברוגזך תכסן יתי ולא ברתחך תרדי יתי:
19,Psalms,38,3,Psalms 38:3,מטול דגירך אתחתן עלי ושרת עלי מחת ידך:
19,Psalms,38,4,Psalms 38:4,לית אסו בגושמי מן קדם רוגזך לית שלם באברי מן קדם חובי:
19,Psalms,38,5,Psalms 38:5,ארום חובי עברו רישי היך מטול יקיר יקרו מני:
19,Psalms,38,6,Psalms 38:6,סריאו מאיסו הלבשושי מן קדם טפשותי:
19,Psalms,38,7,Psalms 38:7,עקימית שחית עד לחדא כל יומא חכיר הלכית:
19,Psalms,38,8,Psalms 38:8,ארום כסלי אתמלין קדיחתא ולית אסו בגושמי:
19,Psalms,38,9,Psalms 38:9,פגית ואתמכית עד לחדא רגישית מנהמותא דלבי:
19,Psalms,38,10,Psalms 38:10,יי לקבלך כל רגיגתי ותנחתי מנך לא מטמרא:
19,Psalms,38,11,Psalms 38:11,לבבי צמרמר שבקני חילי ונהור עיני ברם הנון ליתיהון עמי:
19,Psalms,38,12,Psalms 38:12,רחימי וחברי מקבל מכתשי קמו וקריבי מרחיק קימין:
19,Psalms,38,13,Psalms 38:13,ועבדו פחין תבעי נפשי ובעי בישותי מלילו שקרא ונכלא כל יומא מרננין:
19,Psalms,38,14,Psalms 38:14,ואנא היך חרשא לא אשמע והיך אלמנא דלא פתח פומיה:
19,Psalms,38,15,Psalms 38:15,והויתי כגבר דלא שמע מעלמא ולא אית בפומיה מכסניתא:
19,Psalms,38,16,Psalms 38:16,ארום קדמך יי צליתי אנת תקבל יי אלהי:
19,Psalms,38,17,Psalms 38:17,ארום אמרית דלמא יחדון עלי באזדעזעות רגלי עלי איתרברבו:
19,Psalms,38,18,Psalms 38:18,ארום אנא לתבירא מעתד וכיבי לקבלי תדירא:
19,Psalms,38,19,Psalms 38:19,ארום חובי אתני אתיצף מן חטאי:
19,Psalms,38,20,Psalms 38:20,ובעלי דבבי חיי אלימו וסגיאין סנאי על שקרא:
19,Psalms,38,21,Psalms 38:21,ופרעין בישתא חלף טבתא מסטנן לי חלופי דרדפית טב:
19,Psalms,38,22,Psalms 38:22,לא תשבקינני יי אלהי לא תרחיק מיני:
19,Psalms,38,23,Psalms 38:23,זריז לסיועי יי פורקני:
19,Psalms,39,1,Psalms 39:1,לשבחא על מטרת בית מקדשא על פמיה דידותון תשבחתא לדוד:
19,Psalms,39,2,Psalms 39:2,אמרית אנטור אורחי מלמחטי בלישני אנטור לפומי זממא בדאית רשיעא לקבלי:
19,Psalms,39,3,Psalms 39:3,אתאלמית שתקית בטלית מן פתגמי אוריתא מטול היכנא כיבי ממרטיט:
19,Psalms,39,4,Psalms 39:4,רתח בי בגושמי ברינני תדלק אשתא מללית בלישני:
19,Psalms,39,5,Psalms 39:5,אודע יי לי אורח סופי ומשחתא דיומי מנא אינון אידע אימתי אפסוק מן עלמא:
19,Psalms,39,6,Psalms 39:6,קלילין סדרתא יומי וגושמי כלמא לקבלך ברם כולא ללמא חשיבין ברם כולהון צדיקיא קימין לחיי עלמא:
19,Psalms,39,7,Psalms 39:7,ברם בדיוקנא דיי יתהלך גברא ברם ללמא משתגשין כניש ולא חכים מטול מנא מן כנשנון:
19,Psalms,39,8,Psalms 39:8,וכדון מנא סברית יי אוריכותי לותך היא:
19,Psalms,39,9,Psalms 39:9,מן כולהון מרדי פצי יתי חסודי סכלא לא תשוי עלי:
19,Psalms,39,10,Psalms 39:10,אתאלמית ולא אפתח פומי מטול די אנת עבדת:
19,Psalms,39,11,Psalms 39:11,אעדי מעלי מכתשך ממחת גבורת ידך אנא שציתי:
19,Psalms,39,12,Psalms 39:12,במכסנותא על חובא יתרדי בר נשא ומסית היך עמר דאתגרדם גושמיה ברם למא כל בר נשא לעלמא:
19,Psalms,39,13,Psalms 39:13,קבל צלותי יי ובעותי אצית ולדמעתי לא תשתוק ארום היך גיורא אנא גבך תותבא היך כולהון אבהתי:
19,Psalms,39,14,Psalms 39:14,אשלי מני ואזיל עד לא אהך ולא איתי:
19,Psalms,40,1,Psalms 40:1,לשבחא לדוד תושבחתא:
19,Psalms,40,2,Psalms 40:2,מסברא סברית יי וצלא לותי וקביל בעותי:
19,Psalms,40,3,Psalms 40:3,ואסקני מגוב אתרגושתא מסיין טשטושא ואקים על כיפא רגלי תקין אתורי:
19,Psalms,40,4,Psalms 40:4,וסדר בפומי שבח חדתא תהי תושבחתא קדם אלהנא יחמון סגיאין וידחלון ויסברון במימרא דיי:
19,Psalms,40,5,Psalms 40:5,טובוי דגברא דשוי יי רוחצניה ולא אסתכי לות סורבניא וממללי כדיבותא:
19,Psalms,40,6,Psalms 40:6,סגיאי נסיא דעבדתא את יי אלהי פרישותך ורעותך לותנא לית אפשר לסדרא לותך תושבחתך אתני ואמלל תקיפו מן לחואה:
19,Psalms,40,7,Psalms 40:7,נכסא ודורונא לא צביתא אודנין לאצתא פורקנך כריתא לי עלתא וקרבן חטאתי לא שילתא:
19,Psalms,40,8,Psalms 40:8,הידין אמרית הא עלית לחיי עלמא כד אעסוק במגלת ספרא דאורייתא דאכתיב אמטלתי:
19,Psalms,40,9,Psalms 40:9,למעבד רעותך אלהי רעיתי ואוריתך כלילא במצע מעיני:
19,Psalms,40,10,Psalms 40:10,בשרית צדקא בכנישתא רבא הא ספותי לא אמנע יי אלהי את חכימת:
19,Psalms,40,11,Psalms 40:11,צדקתך לא טמרית בגו לבי קושטך ופורקנך אמרית לא כסיתי טיבותך והימנותך בקהלא רבא:
19,Psalms,40,12,Psalms 40:12,בגלל כן את יי לא תמנע רחמך מני טובך וקושטך תדירא ינטרונני:
19,Psalms,40,13,Psalms 40:13,ארום תקיפין עלי בישין עד דלית מנין אדביקו יתי חובי ולא יכלית למחמי תקפו מן בינתי רישי ורעיוני שבקוני:
19,Psalms,40,14,Psalms 40:14,אתרעי יי לשזבותני יי דסיועי זריז:
19,Psalms,40,15,Psalms 40:15,יבהתון ויתחסדון כחדא תבעי נפשי למגמרה יזורון לאחורא ויכספון דצבין בישתי:
19,Psalms,40,16,Psalms 40:16,יתבירון מטול בהתיהון דאמרין לי חדינא על תבריה חדוא על סגופיה:
19,Psalms,40,17,Psalms 40:17,יחדון וידוצון במימרך כל בעיך וימרון תדירא יסגי חילא דיי די רחמין פורקנך:
19,Psalms,40,18,Psalms 40:18,ואנא עניא וחשוכא יי יחשב טב לי עלי סיועי ושזבותי את אלהי לא תוחר:
19,Psalms,41,1,Psalms 41:1,לשבחא תושבחתא לדוד:
19,Psalms,41,2,Psalms 41:2,טובוי דמשכיל לעניי מסכנא לרחמותיה ביום בישותא ישזביניה יי:
19,Psalms,41,3,Psalms 41:3,יי ינטרניה ויחיניה ויוטביניה בארעא ולא תמסריניה ברעות בעלי דבבוי:
19,Psalms,41,4,Psalms 41:4,מימרא דיי יסיעניה בחיוהי ויתגלי ליה על שווי מרעיה לאחיותיה כל משכביה אפכתא בעדן מרעיה ואכסנתיה:
19,Psalms,41,5,Psalms 41:5,אנא אמרית יי חוס עלי אסי נפשי מטול דחבית קדמך:
19,Psalms,41,6,Psalms 41:6,בעלי דבבי יימרון ביש עלי אימתי ימות ויובד שמיה:
19,Psalms,41,7,Psalms 41:7,ואין אתא למקבל אפי שקרא ימליל ברעיוניה יכנוף עולא ליה יפוק לשוקא ימליל:
19,Psalms,41,8,Psalms 41:8,כחדא עלי ממללין בחשי כל סנאי עלי חשלין בישתא לי:
19,Psalms,41,9,Psalms 41:9,ממלל טלומא יתיך ביה ויימר דין דמרע לא יוסיף למיקם:
19,Psalms,41,10,Psalms 41:10,אוף גבר דתבע שלומי דאתרחצית עלוי מברי סעודתי אתרברב עלי לחכמא:
19,Psalms,41,11,Psalms 41:11,ואנת יי חוס עלי ואקימני ממרע ואפרע להון:
19,Psalms,41,12,Psalms 41:12,בהדא ידעית ארום אתרעית בי ארום לא אתגבר עלי בעלי דבבי לאבאשא:
19,Psalms,41,13,Psalms 41:13,ואנא בשלמותי סעדת בי ואוקמתני קדמך לעלמא:
19,Psalms,41,14,Psalms 41:14,בריך שמיה דיי אלהא דישראל מן עלמא הדין ועד עלמא דאתי יימרון צדיקיא אמן ואמן:
19,Psalms,42,1,Psalms 42:1,לשבחא בשכלא טבא על ידיהון דבני קרח:
19,Psalms,42,2,Psalms 42:2,היך אילא די מרגג על פצידי מיא היכנא נפשי מרגגא לותך יי:
19,Psalms,42,3,Psalms 42:3,צחת לך נפשי לאלהא תקיפא חיא וקימא אמתי אעול ואחמי זיו שכינתא דיי:
19,Psalms,42,4,Psalms 42:4,הות לי דמעתי למברי יימם ולילי בדיימר לי סנאה כל יומא אן הוא אלהך:
19,Psalms,42,5,Psalms 42:5,אלין ניסיא אנא דכיר ואשוד על רעיוני נפשי כד אעבר טללא בלחודי אתחיל במשרין דצדיקי עד בית מוקדשא דיי בקל בעותא ותושבחתא אתרגושת עממין דאתין למחג לירושלם:
19,Psalms,42,6,Psalms 42:6,מה תתמככין נפשי ותרגשי עלי אוריכי לאלהא ארום תוב אשבחניה בפורקנא דמן קדמוי:
19,Psalms,42,7,Psalms 42:7,אלהי עלי נפשי תתמכך בגין כן ידכרונך יתבי להלאה בארע ירדנא ויתבי טורי חרמוני ועמא דקבילו אורייתא בטורא דסיני דמכיך וזעיר:
19,Psalms,42,8,Psalms 42:8,תהומא עלאה לתהומא ארעאה קרי לקל זלחי מרזביך היכנא כולהון מתבריך וגלליך עלי עברו:
19,Psalms,42,9,Psalms 42:9,יימם יפקוד יי טוביה ובליליא תושבחתיה עמי צלותא לאל די נטיר חיי:
19,Psalms,42,10,Psalms 42:10,אימר לאלהא רוחצני למא אשליתני למא בקבלא אזיל בדחוק בעיל דבבא:
19,Psalms,42,11,Psalms 42:11,בדקטלין גרמי בזמן דמחרפין יתי מעיקי כד אמרין לי כל יומא אן הוא אלהך:
19,Psalms,42,12,Psalms 42:12,מה תתמככין נפשי ומה תרגשי עלי אוריכי לאלהא ארום תוב אשבחינה בפורקניה דמן קדמוי די הוא אלהי:
19,Psalms,43,1,Psalms 43:1,דון יתי יי בדין קשוט ועלך למנצי מצותי מן עמא דלא זכאי מן גבר נכיל וטלומא תשזבנני:
19,Psalms,43,2,Psalms 43:2,ארום אנת הוא אלהא עושני למה שבקתני למה חקיר איזיל בדחוק בעיל דבבא:
19,Psalms,43,3,Psalms 43:3,שדר נהורך והמנותך הנון ידברונני יעלון יתי לטור בית מוקדשא ומדרשי בית שכינתך:
19,Psalms,43,4,Psalms 43:4,ואעול לקרבא קורבניה למדבח דיי לאלהא די מניה חדות בעותא ואודי קדמך בכנרא יי אלהי:
19,Psalms,43,5,Psalms 43:5,מה תתמככין נפשי ומה תרגשי עלי אוריכי לאלהא ארום תוב אשבחניה בפורקניה דמן קדמוי די הוא אלהי:
19,Psalms,44,1,Psalms 44:1,לשבחא לדוד על ידיהון דבני קרח שכלא טבא:
19,Psalms,44,2,Psalms 44:2,יי באודננא שמענא אבהתנא אשתעיו לנא עובדא דעבדתא בימיהון ביומיא די מלקדמין:
19,Psalms,44,3,Psalms 44:3,אנת בידא דגבורתך עמיא כנענאי תרכתא ונצבתנון לבית ישראל בארעהון תברת עמיא ופסדתנון:
19,Psalms,44,4,Psalms 44:4,ארום לא בגבורת סיפהון יריתו ארעא ותקוף אדרעיהון לא פרקת להון ארום ימינך ואדרע גבורתך ונהור זיו יקרך ארום כל זמן דעסיקו באוריתא אתרעיתא בהון:
19,Psalms,44,5,Psalms 44:5,אנת הוא מלכי אלהא בעדנא הדא פקד פורקנות דבית יעקב:
19,Psalms,44,6,Psalms 44:6,במימרך מעיקנא ננגח בשמך נכבוש כל דקימין עלנא:
19,Psalms,44,7,Psalms 44:7,ארום לא בקשתי אנא רחיץ וסיפי לא תפרוק יתי:
19,Psalms,44,8,Psalms 44:8,ארום פרקתנא ממעיקנא ומשנאנא איתיתא עלויהון בהתא:
19,Psalms,44,9,Psalms 44:9,במימרא דיי אנן משבחין כל יומא ושמך נודי לעלמי עלמין:
19,Psalms,44,10,Psalms 44:10,לחוד אשליתא ואכספתנא ולא תשרי שכנתך בחלונא:
19,Psalms,44,11,Psalms 44:11,אחזרתנא קדל קדם מעיקא ומשנאנא כבשו לנא:
19,Psalms,44,12,Psalms 44:12,מסרתנא היך ענא למיכלא וביני עממיא בדרתא יתנא:
19,Psalms,44,13,Psalms 44:13,זבנתא עמך מגן דלא ממונא ולא אסגיתא קנינא בפרוגיהון:
19,Psalms,44,14,Psalms 44:14,שויתנא קלנא לשיבבנא ממקנותא ותורפיתא לחזרנותנא:
19,Psalms,44,15,Psalms 44:15,שויתנא למתלא בעממיא טלטול רישא באומיא:
19,Psalms,44,16,Psalms 44:16,כל יומא כסופי לקבלי ובהתת אפי חפתני:
19,Psalms,44,17,Psalms 44:17,מן קלא דמחסד ומגדף מן קדם בעל דבבא ונקים נקמתא:
19,Psalms,44,18,Psalms 44:18,כל דא ערעת יתנא ולא אשלנך ולא שקרנא בקימך:
19,Psalms,44,19,Psalms 44:19,לא זר פליג וזחוחית לבנא ואת אסטיתא אסתורנא מן תריצת ארחתך:
19,Psalms,44,20,Psalms 44:20,ארום אמכתנא באתר ירודין וחפיתא עלנא בטולא דמותא:
19,Psalms,44,21,Psalms 44:21,אין אשלינא שום אלהנא ופרישנא בצלו ידנא לטעותא דפלחי כוכביא:
19,Psalms,44,22,Psalms 44:22,הלא אלהא יבשקר דא ארום הוא חכים טמירי לבא:
19,Psalms,44,23,Psalms 44:23,ארום מטולתך אתקטלנא כל יומא אתחשבנא כענא דמסירא לנכסא:
19,Psalms,44,24,Psalms 44:24,אתגבר למה תהי כגבר דמיך יי אתער אלהנא לא תתנשי לעלמא:
19,Psalms,44,25,Psalms 44:25,למה שכינת יקרך תסלק תשלי סגופנא ודוחקנא:
19,Psalms,44,26,Psalms 44:26,ארום שיחא לעפרא נפשנא דבקת לארעית גובא מעיננא:
19,Psalms,44,27,Psalms 44:27,קום סיע לנא ופרוק יתנא מטול טובך:
19,Psalms,45,1,Psalms 45:1,לשבחא על יתבי סנהדרין דמשה דאתאמר בנבואה על ידיהון דבני קרח שכלא טבא ותשבחתא ואודאתא:
19,Psalms,45,2,Psalms 45:2,בעי לבי ממלל טב אימר אני עובדי למלכא ממלל לישני מוחי היך קולמוס ספרא רגיל:
19,Psalms,45,3,Psalms 45:3,שופרך מלכא משיחא עדיף מבני נשא אתיהיב רוח נבואה בספותך מטול כן ברכנך יי לעלמא:
19,Psalms,45,4,Psalms 45:4,זרז סיפך על ירכך גברא למקטל מלכין עם שלטונין הודך ושיבהורך:
19,Psalms,45,5,Psalms 45:5,ושיבהורך סגי בגין כן תצלח למרכב על סוסי מלכותא על עסק המנותא וקשוט וענותנותא וצדקתא וילפנך יי למעבד דחילן ביד ימינך:
19,Psalms,45,6,Psalms 45:6,גררך שליפין עממין תחותך יפלון ובני קשתך ישתלחון בלב סנאי מלכא:
19,Psalms,45,7,Psalms 45:7,כורסי יקרך יי קיים לעלמי עלמין חוטרא תרצתא חוטרא דמלכותך:
19,Psalms,45,8,Psalms 45:8,מטול די רחמת צדקתא וסניתא רשעא מטול היכנא רביך יי אלהך משחא דחדוא יתיר מן חברך:
19,Psalms,45,9,Psalms 45:9,מירא דכיא ואקסיל אלואין וקציעתא מתגמרין כל לבושיך מן היכליא דמכבשין בשין דפיל מארע מני יחדונך:
19,Psalms,45,10,Psalms 45:10,פלכי מלכותא אתין למקבל אפך וליקרותך בזמן דמעתד ספר אורייתא בסטר ימינך ומתכתבא באובריזין דמן אופיר:
19,Psalms,45,11,Psalms 45:11,שמעי כנישתא דישראל אורית פומיה וחמי פרישת עובדוי ותצלי אודנך לפתגמי אורייתא ותתנשי עובדין בישין דרשיעי עמך ובית טעות דפלחת בית אבויך:
19,Psalms,45,12,Psalms 45:12,ובכן ירגג מלכא שופרך ארום הוא רבוניך ותסגדון ליה:
19,Psalms,45,13,Psalms 45:13,ויתבי כרכא דצור בתקרובתא ייתון ואפיך ישחרון לבית מקדשיך עתירי עממיא:
19,Psalms,45,14,Psalms 45:14,כל שפר ארג נכסי פלכי אוצרי מלכיא דמטמרן מלגיו יקרבון לכהניא דמרמצין בדהבא סנינא לבושיהון:
19,Psalms,45,15,Psalms 45:15,בלבושי ציורין יקרבון קורבניהון קדם מלכא דעלמא ושאר חבריהון די מתבדרין ביני עממיא יתיתין בחדוא לותך לירושלם:
19,Psalms,45,16,Psalms 45:16,יתיתין בחדון ותושבחתא ויעלון בהיכלא דמלך עלמין:
19,Psalms,45,17,Psalms 45:17,באתר אבהתך יהוין צדיקיא בנך תמננון לרברביא בכל ארעא:
19,Psalms,45,18,Psalms 45:18,בעידנא ההיא תימרון נדכר שמך בכל דר ודר מטול היכנא עממיא דמתגירין יהודון שמך לעלם ולעלמי עלמין:
19,Psalms,46,1,Psalms 46:1,לשבחא על ידיהון דבני קרח ברוח נבואה בזמן דאתכסי אבוהון מנהון והנון אשתזבו ואמרו שירתא:
19,Psalms,46,2,Psalms 46:2,אלהא לנא רוחצנא ועושנא סיעתא בעקתא נשתכח לחדא:
19,Psalms,46,3,Psalms 46:3,מטול היכנא לא נדחל בעדן דאשתלחיפו אבהן מן ארעא כד מתמוטטין טוריא בפלגוס דימא רבא:
19,Psalms,46,4,Psalms 46:4,מתרגשין מטשטשין מוהי מן עפרהון מתרגפין טוריא בגיותנותך לעלמין:
19,Psalms,46,5,Psalms 46:5,עמין היך נהרין ומבועיהון אתין ומחדין קרתא דיי ומצלין בבית מקדשיה דיי משכניה דעלאה:
19,Psalms,46,6,Psalms 46:6,שכנתא דיי בגוה לא תזוע יסיענה יי בזכותיה דאברהם דצלי עלה לעדני צפרא:
19,Psalms,46,7,Psalms 46:7,במתן אוריתא לעמיה אתרגשו עמיא אזדעזעו מלכותא כד ארים קליה וכד יהב אוריתא לעמיה אתמוגגו יתבי ארעא:
19,Psalms,46,8,Psalms 46:8,מימרא דיי צבאות בסעדנא תקוף לנא אלהא דיעקב לעלמין:
19,Psalms,46,9,Psalms 46:9,אזילון חמון עובדיא דיי דשוי צדין ברשעי ארעא:
19,Psalms,46,10,Psalms 46:10,יבטל קרבא עד סיפי ארעא קשתא יתבר ויתרע מורניתא תריסיא עגילין יוקיד בנורא:
19,Psalms,46,11,Psalms 46:11,פסקו מן קרבא וידעון ארום אנא יי רמא בעמיא רמא על יתבי ארעא:
19,Psalms,46,12,Psalms 46:12,מימרא דיי צבאות בסעדנא תקוף לנא אלהא דיעקב לעלמין:
19,Psalms,47,1,Psalms 47:1,לשבחא על ידיהון דבני קרח תושבחתא:
19,Psalms,47,2,Psalms 47:2,כל עמיא תקעו ידא בחדוא יביבו קדם יי בקל תושבחתא:
19,Psalms,47,3,Psalms 47:3,ארום יי עלאה דחילא מלך רב על כל ארעא:
19,Psalms,47,4,Psalms 47:4,יקטל עמיא במותנא חלופנא ואומיא יכבוש תחות רגלנא:
19,Psalms,47,5,Psalms 47:5,ירעי לנא למירת ית אחסנתנא ית בית מקדשא דיעקב דרחם לעלמין:
19,Psalms,47,6,Psalms 47:6,יתעלי יי ביבבא יי בקל שופרא:
19,Psalms,47,7,Psalms 47:7,שבחו קדם יי שבחו שבחו למלכנא שבחו:
19,Psalms,47,8,Psalms 47:8,ארום מלך כל יתבי ארעא יי שבחו קדמוי בשכלא טבא:
19,Psalms,47,9,Psalms 47:9,מלך יי על עמיא יי יתיב על כורסיה דקודשיה:
19,Psalms,47,10,Psalms 47:10,רבני עממיא אתכנשו עממיא די מהמנין לאלהא דאברהם ארום קדם יי תריסי ארעא לחדא אתעלא:
19,Psalms,48,1,Psalms 48:1,שירתא ותושבחתא על ידיהון דבני קרח:
19,Psalms,48,2,Psalms 48:2,רב יי ומשבח לחדא בירושלם קרתא דאלהנא ובטור בית מקדשיה:
19,Psalms,48,3,Psalms 48:3,שפיר היך חתנא חדות כל יתבי ארעא טורא דציון שידא דצפונא קריתא דמלכא רבא:
19,Psalms,48,4,Psalms 48:4,יי בבורניתהא אתידע לתקוף:
19,Psalms,48,5,Psalms 48:5,ארום הא מלכיא אתחברו עברו כחדא:
19,Psalms,48,6,Psalms 48:6,הינון חמון היכנא תמהו על ניסיא ופרושתא אתבהילו אוף ערקו:
19,Psalms,48,7,Psalms 48:7,זעיא אחדתינון תמן רתיתא היך אתא ילדה:
19,Psalms,48,8,Psalms 48:8,בקידום תקיף כאשא דמן קדם יי תתבר אלפיא דטרסיס:
19,Psalms,48,9,Psalms 48:9,יימרון בני ישראל היך מה די שמענא היכנא חמינא בקרתא דיי צבאות בקרתא דאלהנא יי ישכללינה עד עלמי עלמין:
19,Psalms,48,10,Psalms 48:10,אשוינו יי טובך במציעות היכלך:
19,Psalms,48,11,Psalms 48:11,היך כשמך יי היכדין תושבחתך על סיפי ארעא צדקתא מליא ימינך:
19,Psalms,48,12,Psalms 48:12,יחדי טור ציון יבוען בתושבחן כנישתא דבית יהודה מטול דינך:
19,Psalms,48,13,Psalms 48:13,אקיפו ציון יבועון וחזרו עלה מנו מגדלהא:
19,Psalms,48,14,Psalms 48:14,שוו ליבכון לאוכלוסהא דמן לעיל ברניתהא מטול דתשתעון לדר אוחרן:
19,Psalms,48,15,Psalms 48:15,ארום דין יי הוא אלהנא שכנתיה בגוה ומדוריה בשמיא לעלמי עלמין הוא ידבריננא כיומי טליותנא:
19,Psalms,49,1,Psalms 49:1,לשבחא על ידיהון דבני קרח תושבחתא:
19,Psalms,49,2,Psalms 49:2,שמעו אחויתא דא כל עממיא אציתו כל דירי ארעא:
19,Psalms,49,3,Psalms 49:3,אוף בני אדם קדמאה אוף בנוי דיעקב כחדא זכאה וחיבא:
19,Psalms,49,4,Psalms 49:4,פומי ימלל חוכמתא ורנגת לבא בינא:
19,Psalms,49,5,Psalms 49:5,אצלי למתלא אודני אשרי למפתח בכנרא אוחדתי:
19,Psalms,49,6,Psalms 49:6,מטול אדחל ביום אסערות בישא אלהן דחובת סורחני בסופי יחזרנני:
19,Psalms,49,7,Psalms 49:7,לחיביא די מתרחצין על נכסהון ובסגיאות עתריהון משתבחין:
19,Psalms,49,8,Psalms 49:8,אחוהי דאשתבא לא מפרק יפרוק גבר מנכסוי ולא יהב לאלהא פורקניה:
19,Psalms,49,9,Psalms 49:9,ויהי יקיר פורקניה ויפסוק בישותיה ופורענותא לעלם:
19,Psalms,49,10,Psalms 49:10,ויחי תוב לחיי עלמא לא יחמי דין גהנם:
19,Psalms,49,11,Psalms 49:11,ארום יחמון חכימיא רשיעיא בגהנם יתדנון כחדא כסיליא ושטיא ייבדון וישבקון לצדיקיא ממונהון:
19,Psalms,49,12,Psalms 49:12,בבית קבורתהון ישרון לעלם ולא יקומון ממשכניהון לדרי דריא מטול דאתרברבו וקנו שום ביש עלוי ארעא:
19,Psalms,49,13,Psalms 49:13,וגברא חיבא ביקרא לא יבית עם צדיקיא אמתיל היך בעירא אשתוא ללמא:
19,Psalms,49,14,Psalms 49:14,דין ארחתהון גרם שטותא להון ובסופהון בפומהון יתנון סורחנותהון לעלמא דאתי:
19,Psalms,49,15,Psalms 49:15,היך ענא צדיקיא שוו למותא וקטלון ותברו צדיקיא ופלחי אוריתא ותריציא אלקו מטול הכי גופיהון יהון בלין בגהנם מן בגלל דאושיטו ידיהון וחבילו בית מדור שכנתיה דיליה:
19,Psalms,49,16,Psalms 49:16,אמר דוד ברוח נבואה ברם אלהא יפרוק נפשי מן דין גהנם ארום ילפנני אוריתיה לעלמין:
19,Psalms,49,17,Psalms 49:17,לא תדחל ארום אתעתר גברא ארום יסגי איקר ביתיה:
19,Psalms,49,18,Psalms 49:18,ארום לא במותיה יסב כולא לא יחות בתרוי איקריה:
19,Psalms,49,19,Psalms 49:19,ארום נפשיה בחיוהי יברך לך ויודונך צדיקיא ארום תיטיב לפלחין קדמך:
19,Psalms,49,20,Psalms 49:20,תעול דוכרנהון דצדיקיא עד דר אבהתהון ורשיעיא לעלמי עלמיא לא יחמון נהורא:
19,Psalms,49,21,Psalms 49:21,גברא חיבא בזמן דאיתוהי ביקרא לא יתבין ובאסתלקות יקריה מניה אמתיל לבעירא ואשתוי ללמא:
19,Psalms,50,1,Psalms 50:1,תושבחתא על ידוי דאסף תקיפא אלהא יי מלל מן בראשית שירתא וגזר למעבד ארעא ממדנח שמשא עד מעלניה:
19,Psalms,50,2,Psalms 50:2,ושרוי ברית עלמא מציון ומן תמן גמיר שופריה אלהא יתגלי:
19,Psalms,50,3,Psalms 50:3,יימרון צדיקיא ביום דינא רבא ייתי אלהנא ולא ישתוק למעבד פורענות עמיה אשתא קדמוי תצלהב וחזור חזור ליה תזעוף עלעולא לחדא:
19,Psalms,50,4,Psalms 50:4,יקרא לאנגלי מרומא מלעיל ולצדיקי ארעא מלרע למימתח דין על עמיה:
19,Psalms,50,5,Psalms 50:5,כנושו לותי חסידי די גזרו קיימי וקיימו אוריתא ואתעסקו בצלותא דאמתילא לקורבנא:
19,Psalms,50,6,Psalms 50:6,ויתנון אנגלי מרומא זכותיה ארום אלהא דינא הוא לעלמא:
19,Psalms,50,7,Psalms 50:7,שמע עמי ואמלל ישראל ואסהיד בך אלהא אלהך אנא:
19,Psalms,50,8,Psalms 50:8,לא מטול דבחך דלא קרבת קדמי בגלותא אנא מוכח לך ארום עלותך דקריבו אבהתך לקבלי תדירא:
19,Psalms,50,9,Psalms 50:9,לא קבלית מן אידך תורא מן עדרך ברחי:
19,Psalms,50,10,Psalms 50:10,ארום דילי כל חות חורשא בעיריא דכין בטורין אלפא:
19,Psalms,50,11,Psalms 50:11,גלין קדמי כל מיני עופא דפרחין באויר שמיא ותרנגול ברא מרנן קדמי:
19,Psalms,50,12,Psalms 50:12,אין ימטי זמן קורבנא תדירא דקריצתא לא אימר לך ארום דילי ארעא ומליתה:
19,Psalms,50,13,Psalms 50:13,לא קבלית בשר נכסת פטימיא ודמא דברחי לא זריקו כהניא קדמי:
19,Psalms,50,14,Psalms 50:14,כבוש יצרא בישא ויתחשב קדם יי כנכסת תודתא ושלם לעלאה נדריך:
19,Psalms,50,15,Psalms 50:15,וצלי קדמי ביומא דעקתא אשזבנך ארום תיקרינני:
19,Psalms,50,16,Psalms 50:16,ולרשיעא דלא עבד תתובא ומצלי במרומא אמר יי מה לך למשתעי קימי ותימי בשמי ותדכר קימי עלי פומך:
19,Psalms,50,17,Psalms 50:17,ואנת סניתא מכסנותא דחכימיא וטלקתא פתגמי בתרך:
19,Psalms,50,18,Psalms 50:18,אין חמיתא גנבא ורהטתא בתרוי ועם גיופי שויתא חולקך:
19,Psalms,50,19,Psalms 50:19,פומך שלחתא למשתעי לישנא בישא ולישנך מדבקא למללא נכלא:
19,Psalms,50,20,Psalms 50:20,תתיב באחך תמליל כדבותא בבר אמך תשוי דפיא:
19,Psalms,50,21,Psalms 50:21,אלין עובדין בישין עבדתא ואורכית דתתוב חשבתא למהוי עד עלמין שלים אמרת בלבבך אהוי תקיף היכמך אוכחינך בעלמא הדין ואסדר דין גהנם בעלמא דאתי קדמך:
19,Psalms,50,22,Psalms 50:22,אתבוננו כדון דא רשיעיא דשלין אלהא דלמא אתבר תוקפכון ולית משזיב:
19,Psalms,50,23,Psalms 50:23,דדבח יצרא בישא היך קורבן תודתא יתחשב ליה ומוקיר לי ודי יעדי אורחא בישא אחמי ליה בפורקנא דיי:
19,Psalms,51,1,Psalms 51:1,לשבחא תשבחתא לדוד:
19,Psalms,51,2,Psalms 51:2,כד אתא לותיה נתן נביא כד שמש עם בת שבע:
19,Psalms,51,3,Psalms 51:3,חוס עלי יי היך טיבותך היך סגיאות רחמך שבוק מרודי:
19,Psalms,51,4,Psalms 51:4,סוגעא תחורנני מן עויתי ומן חובי תדכי יתי:
19,Psalms,51,5,Psalms 51:5,ארום מרודי קדמי גלין וחובי לקבלי תדירא:
19,Psalms,51,6,Psalms 51:6,קדמך בלחודך חבית ודביש קדמך עבדית מן בגלל דתזכי יתי במללותך תברור יתי כד תדין:
19,Psalms,51,7,Psalms 51:7,הא בעויא אתילידית ובחובא עברת מני אמי:
19,Psalms,51,8,Psalms 51:8,הא קושטא רעיתא בכולין ובטמור לבא חוכמתא תהודענני:
19,Psalms,51,9,Psalms 51:9,תדי עלי היך כהנא דמדי באזובא על מסאבא מוי אדיותא מן קטם תורתא ואדכי תסחנני ומן תלגא אתחור:
19,Psalms,51,10,Psalms 51:10,תבשרנני חדוא ואדיצותא תביען תושבחתא איבריא רשפיתא:
19,Psalms,51,11,Psalms 51:11,סליק אפך מן חובי וכל עויתי מחי:
19,Psalms,51,12,Psalms 51:12,לב בריר ברי לי אלהא ורוח מכון בדחלתך חדית בגוי:
19,Psalms,51,13,Psalms 51:13,לא תטלוק יתי מן קדמך ורוח נבואת קודשך לא תסלק מני:
19,Psalms,51,14,Psalms 51:14,אתיב לי אוריתך למדוץ בפורקנך ורוח נבואה תסמכנני:
19,Psalms,51,15,Psalms 51:15,אאלף למרודיא ארחתך וחיביא קדמך יתובון:
19,Psalms,51,16,Psalms 51:16,פצי יתי מדין קטול יי אלהי פורקני תביע לישני צדקתך:
19,Psalms,51,17,Psalms 51:17,יי ספותי פתח באוריתא ופומי יתני תושבחתך:
19,Psalms,51,18,Psalms 51:18,ארום לא תצבי נכסת קודשא ואתן עלתא לא תתרעי:
19,Psalms,51,19,Psalms 51:19,נכסת קודשא דאלהא נפשא מתברא לב תביר ושפי אלהא לא תבסור:
19,Psalms,51,20,Psalms 51:20,אוטיב ברעותך ית ציון תשכלל שורי ירושלם:
19,Psalms,51,21,Psalms 51:21,בכן תצבי דבחין דצדקתא עלתא וגמיר הבכן יסקון כהניא על מדבחא תורין:
19,Psalms,52,1,Psalms 52:1,לשבחא שכלא טבא על ידוי דדוד:
19,Psalms,52,2,Psalms 52:2,כד אתי דואג אדומאה ותני לשאול ואמר ליה אתא דוד לבית אחימלך:
19,Psalms,52,3,Psalms 52:3,מה תשתבח בלישנא בישא גבר למשדי אדם זכאה חסדא דאלהא כל יומא:
19,Psalms,52,4,Psalms 52:4,אתרגושתא תחשב בליבבך לישנך היך אזמל חריף עביד מלי מלשינותא:
19,Psalms,52,5,Psalms 52:5,רחימתא ביש מן טב שקרא מלמללא צדקתא לעלמין:
19,Psalms,52,6,Psalms 52:6,רחמתא כל מלי סלעמיתא לישנא דנכילו:
19,Psalms,52,7,Psalms 52:7,לחוד אלהא יתרעינך לעלמין יתברינך ויטלטלינך מלמיתב במשכנא ויתלשינך מן ארע חייא לעלמין:
19,Psalms,52,8,Psalms 52:8,ויחמון צדיקיא בפורענותא דרשיעיא וידחלו מן קדם יי ואמטולתיה יגחכון:
19,Psalms,52,9,Psalms 52:9,ויימרון הא גברא דלא שוי מימרא דיי עושניה סבר בעתריה עשין בממוניה:
19,Psalms,52,10,Psalms 52:10,ואנא היך אילן זיתא עבוף בבית מקדש אלהא סברת בחסדא דאלהא לעלמי עלמין:
19,Psalms,52,11,Psalms 52:11,אודי קדמך לעלם ארום עבדת פורענות דיני ואמתין שמך ארום טב קבל חסידיך:
19,Psalms,53,1,Psalms 53:1,לשבחא על פורענות דרשיעיא די מפסין שמא דקיריס שכלא טבא על יד דוד:
19,Psalms,53,2,Psalms 53:2,אמר נבל בלביה לית אלהא פרע מיניה מטול היכנא חבילו רשיעיא אורחתהון רחיקו מן טבא דאשתכח בהון עלא לית דעביד טב:
19,Psalms,53,3,Psalms 53:3,ברם אלהא משמיא אודיק על בני אנשא למחמי האית די ישכיל באוריתא תבע אולפן מן קדם יי:
19,Psalms,53,4,Psalms 53:4,כולהון זרו כחדא אטנפו לית דעביד טב לית אפילו חד:
19,Psalms,53,5,Psalms 53:5,הלא ידעון כל עבדי שקרא דמן קדמוי מתיהיב מזונא ומה דין אכלי עמי סעדין לחמא שמא דיי לא ברכו:
19,Psalms,53,6,Psalms 53:6,תמן דלחו דלוחא מן פסיליהון דלית בהון צרוך למדלח ארום אלהא מבדר תקוף משרית חיביא בהתתא ארום מימרא דיי לא רחקינון:
19,Psalms,53,7,Psalms 53:7,מן הוא דיהב מן ציון פורקניא דישראל אלהין יי כד יחזיר מימרא דיי גלות דעמיה ירנן דבית יעקב יחדי דבית ישראל:
19,Psalms,54,1,Psalms 54:1,לשבחא על תושבחתא שכלא טבא על יד דוד:
19,Psalms,54,2,Psalms 54:2,כד אתוי אנשי זיף ואמרו לשאול הלא דוד מטמר גבן:
19,Psalms,54,3,Psalms 54:3,אלהא בשמך פרוק יתי ובכח גבורתך דון יתי:
19,Psalms,54,4,Psalms 54:4,יי קבל צלותי אצית למימר פומי:
19,Psalms,54,5,Psalms 54:5,ארום זדונין קמו עלי ועלימין תבעו נפשי לא שוו אלהא לקבליהון לעלמין:
19,Psalms,54,6,Psalms 54:6,הא יי סעיר לי יי בסמכי נפשי:
19,Psalms,54,7,Psalms 54:7,יתוב בישא למעיקי בהמנותך אמאך יתהון:
19,Psalms,54,8,Psalms 54:8,בנכסתא אדבח קדמך אודי שמך יי ארום טב:
19,Psalms,54,9,Psalms 54:9,ארום מכל עקא פצי יתי ובבעלי דבבי חמת עיני נקמתא:
19,Psalms,55,1,Psalms 55:1,לשבחא על מלי תושבחתא שכלא טבא על יד דוד:
19,Psalms,55,2,Psalms 55:2,אצית אלהא לצלותי ולא תתכסי מן צלותי:
19,Psalms,55,3,Psalms 55:3,אצית למימרי וקבל מני אתרעם במלי וארגוש:
19,Psalms,55,4,Psalms 55:4,מקל בעל דבבא מן קדם עקת רשיעא ארום יגרון עלי שקרא וברוגזא ינטרון לי לדבבו:
19,Psalms,55,5,Psalms 55:5,לבי ירתת בגוי ודחלתא דמותא נפלו עלי:
19,Psalms,55,6,Psalms 55:6,דחלתא ורתיתא אתין לי וחפי יתי תבירא:
19,Psalms,55,7,Psalms 55:7,ואמרית מה יתן לי כנפא היך יונתא אטוס ואשרי:
19,Psalms,55,8,Psalms 55:8,הא ארחיק אתר למנדד אבית במדברא לעלמין:
19,Psalms,55,9,Psalms 55:9,ארחיש שזבותא לי מן זעפא נטלא מעלעולא:
19,Psalms,55,10,Psalms 55:10,סלעם יי עצתהון פלג לישנהון ארום חמית חטוף ומצו בקרתא:
19,Psalms,55,11,Psalms 55:11,יימם ולילי יחזרונה עלוי שורהא ולאות ושקר במצעה:
19,Psalms,55,12,Psalms 55:12,אתרגושיא במצעה ולא עדי מן פלטיותה שקר ונכילו:
19,Psalms,55,13,Psalms 55:13,ארום לא בעיל דבבא יקל יתי ואסובר לא מסנאי עלי אתרברב ואטמר מן קדמוי:
19,Psalms,55,14,Psalms 55:14,ואנת אחיתופל גברא דדמי לי רב דאליפת לי ומהודע חוכמתא לי:
19,Psalms,55,15,Psalms 55:15,די כחדא נתרץ רזא בבית מקדשא דאלהא נלך בסרהוביא:
19,Psalms,55,16,Psalms 55:16,יחיבנון דין קטול ויגזור עליהון בישן לדואג ואחיתופל יחתון לשיול כד הנון חיין ארום בישן במדוריהון בגופיהון:
19,Psalms,55,17,Psalms 55:17,אנא קדם אלהא אצלי ומימרא דיי יפרוק יתי:
19,Psalms,55,18,Psalms 55:18,ברמשא ובצפרא ובטהרא אצלי וארגיש ושמע קלי:
19,Psalms,55,19,Psalms 55:19,פרק בשלם נפשי דלא למקרב ביש לי ארום בסגיען עקן הוה מימריה בסעדי:
19,Psalms,55,20,Psalms 55:20,ישמע אל ויקבל מנהון ויתיב שמיא מלקדמין לעלמין ורשיעי דלא מהשנין אורחתהון בישיא ולא דחלון מן קדם אלהא:
19,Psalms,55,21,Psalms 55:21,אושיט ידוי באנשיה שלמיה אפס קימיה:
19,Psalms,55,22,Psalms 55:22,שעיען יתיר מן שמן דגובנין מילי פומיה והיך זיני קרבא לביה רכיכן מלוי יתיר מן משח ואינון מורנין דקטול:
19,Psalms,55,23,Psalms 55:23,טלוק על יי סברך והוא יזון יתך לא יתן לעלמא חוסרנא לצדיקיא:
19,Psalms,55,24,Psalms 55:24,ואנת אלהא במימרך תוחית יתהון לגהנם עמיקא גברי מרי קטול ונכילו לא יחמון פלגות יומיהון ואנא אתרחיץ במימרך:
19,Psalms,56,1,Psalms 56:1,לשבחא על כנשתא דישראל דמתילא ליונה שתוקא בעדן די מתרחקין מן קרויהון וחזרין ומשבחין למרי עלמא היך דוד מכיר ושלים כד אחדו יתיה פלשתאי בגת:
19,Psalms,56,2,Psalms 56:2,חוס עלי יי אלהא ארום שפיני תחותוי ישבי גבר חיב כל יומא מגיחא ידחקנני:
19,Psalms,56,3,Psalms 56:3,שפין גרמי מעיקי כל יומא ארום סגיאין מעיקין מגיחין לי אלהא עלאה די כורסיה במרומא:
19,Psalms,56,4,Psalms 56:4,יומא דאדחל אנא עלך אתרחץ:
19,Psalms,56,5,Psalms 56:5,במדת דינא דאלהא אשבח במימריה באלהא אתרחץ לא אדחל מה יעביד ביסרא לי:
19,Psalms,56,6,Psalms 56:6,כל יומא מטולתי טרחן עלי כל מחשבתהון לביש:
19,Psalms,56,7,Psalms 56:7,יכנשון ויטשון בכמנא הנון אסתורי יטמרון היכמא דמתינו עבדו לנפשי:
19,Psalms,56,8,Psalms 56:8,על שקרא די בידיהון רוקן יתהון ברגיז עמיא תמסכן אלהא:
19,Psalms,56,9,Psalms 56:9,יומי טלטולי מניתא אנת שוי דמעתי בזיקך יי הלא בחושבנך:
19,Psalms,56,10,Psalms 56:10,הבכן יתובון בעלי דבבי מחזרי קדל יומא דאצלי די ידעית ארום אלהא בסעדי:
19,Psalms,56,11,Psalms 56:11,במדת דינא דאלהא אשבח במימריה במדת רחמין דיי אשבח במימריה:
19,Psalms,56,12,Psalms 56:12,במימרא דאלהא סברת לא אדחל מה יעביד בר נשא לי:
19,Psalms,56,13,Psalms 56:13,עלי קבלית אלהא נדריך אשלם קורבני תודן קדמך:
19,Psalms,56,14,Psalms 56:14,ארום פציתא נפשי מקטול הלא רגלי מן נקיפא למהלכא קדם יי בנהור חייא:
19,Psalms,57,1,Psalms 57:1,לשבחא על עקתא בזמן די אמר דוד לא תחבל אתאמר על יד דדוד מכיך ושלים במערקיה מן קדם שאול באספלידא:
19,Psalms,57,2,Psalms 57:2,חוס עלי אלהא חוס עלי ארום במימרך אתרחצת נפשי ובטלל שכנתך אהי רחיץ עד דיעבר אתרגושתא:
19,Psalms,57,3,Psalms 57:3,אצלי קדם אלהא עלאה תקיפא די פקיד לעכוביתא דיגמר באספלידא עזלא אמטולתי:
19,Psalms,57,4,Psalms 57:4,ישדר מלאכיה משמי מרומא ויפרקנני חסד שיפי לעלמין ישדר אלהא טוביה וקושטיה:
19,Psalms,57,5,Psalms 57:5,נפשי חידא כד במצע שלהובין אדמוך ביני גומרין די מלהטין בני נשא דכביהון היך מורניתא וגררין ולישנהון היך סיפא חריפא:
19,Psalms,57,6,Psalms 57:6,אתרורם על מלאכי שמיא אלהא על כל יתבי ארעא איקרך:
19,Psalms,57,7,Psalms 57:7,מצדתא אתקינו לאסתורי כיף נפשי כרו קדמי שיחא נפלו במצעה לעלמין:
19,Psalms,57,8,Psalms 57:8,מכון לבי לאוריתך יי מכון לבי לדחלתך אשבח ואזמר:
19,Psalms,57,9,Psalms 57:9,אתער יקרי אתער לשבחא על פום נבלא וכנרא אתער לצלותא דקריץ:
19,Psalms,57,10,Psalms 57:10,אודי קדמך בעמיא יי אשבחינך באומיא:
19,Psalms,57,11,Psalms 57:11,ארום רב עד צית שמיא טובך ועד שחקים קושטך:
19,Psalms,57,12,Psalms 57:12,אתרורם יי על מלאכי שמיא אלהא על כל יתבי ארעא איקרך:
19,Psalms,58,1,Psalms 58:1,לשבחא על עקתא בזמן די אמר דוד לא תחבל על יד דוד מכיך ושלים:
19,Psalms,58,2,Psalms 58:2,הברם בקושטא שתקין צדיקי בעדן מצו חמי לכון דצדקתא מתמללין תריצותא תדינון בני נשא:
19,Psalms,58,3,Psalms 58:3,ברם רשיעי מה דין בלבא עילא תעבדון בארעא חטוף אידיכון יתקנון:
19,Psalms,58,4,Psalms 58:4,אתעבידו נוכראין רשיעיא מן מען תען מן כריסא ממללי כדבותא:
19,Psalms,58,5,Psalms 58:5,ארסא להון כגון ארסא דחויא היך חורמנא חרשא דמטמטם אדניה:
19,Psalms,58,6,Psalms 58:6,די לא יקבל מילי חרשיא אסרי נחשיא ומן רטני רטן הוא חכים:
19,Psalms,58,7,Psalms 58:7,אלהא תרע ככיהון בפומהון וניבי בני אריון תתרע יי:
19,Psalms,58,8,Psalms 58:8,יתמסון בחוביהון היך מיא יזלון להון ונגיד גדרוי אמטלהון ויהון מתגוררין:
19,Psalms,58,9,Psalms 58:9,היך זחיל תיבללא די מאס אורחיה היך נפולא ואשותא די סמין ולא חמון שמשא:
19,Psalms,58,10,Psalms 58:10,עד לא יתעבדון רשיעיא רכיכי אקשון היך אטדא עד דהינון רטיבין כבוסרא כעלעולא ישצינון:
19,Psalms,58,11,Psalms 58:11,יחדי צדיקא ארום חמא פורענותא מנהון אסתורין ישזוג באדם רשיעא:
19,Psalms,58,12,Psalms 58:12,ויימרון בני נשא ברם אית אגר טב לצדיקיא ברם אית אלהא דדינוי מתיחן בארעא:
19,Psalms,59,1,Psalms 59:1,לשבחא על עקתא בזמן די אמר דוד לא תחבל על יד דוד מכיך ושלים כד שדר שאול ונטרו ית ביתא למקטליה:
19,Psalms,59,2,Psalms 59:2,פצי יתי מבעלי דבבי אלהי מן קימין עלי תשזבנני:
19,Psalms,59,3,Psalms 59:3,פצי יתי מעבדי שקר מן גוברין קטולין פרוק יתי:
19,Psalms,59,4,Psalms 59:4,ארום הא כמנו לנפשי מתכנשין עלי עשינין לא על סורחני ולא על חובי יי:
19,Psalms,59,5,Psalms 59:5,על לא עוין רהטין ומסדרין קרבא אתגבר לקדמותא וחמי:
19,Psalms,59,6,Psalms 59:6,ואנת יי אלהים צבאות אלהא דישראל אתער למסער על כל עממיא לא תחוס כל שליטי שקר לעלמין:
19,Psalms,59,7,Psalms 59:7,יתובון לרמשא מתרגשין היך ככלב ויחזרון קרתא:
19,Psalms,59,8,Psalms 59:8,הא יביעון בפומהון מליא דשנינן היך סיפא בספותהון אמרין נתגבר ארום מן הוא די שמע ויתפרע:
19,Psalms,59,9,Psalms 59:9,ואנת יי תגחך להון תתלעב לכל עממיא:
19,Psalms,59,10,Psalms 59:10,עושנוי לך אנטור ארום אלהא שזבותי:
19,Psalms,59,11,Psalms 59:11,אלהא טובי יקדמנני אלהנא יחמנני נקמתא במעיקי:
19,Psalms,59,12,Psalms 59:12,לא תקטלינון מן יד דלמא יתנשון עמי טלטל יתהון מן בתיהון בתוקפך ותמסכן יתהון מן ממוניהון תריסנא יי:
19,Psalms,59,13,Psalms 59:13,מטול חובת פומהון וממלל ספותהון יתאחדן בגיותנותהון ארום מן מומתא ומן שקרא ישתעין:
19,Psalms,59,14,Psalms 59:14,שצי יתהון בכלו שצי יתהון עד די ליתנון וינדעון ארום אלהא שליט ביעקב לסיפי ארעא לעלמא:
19,Psalms,59,15,Psalms 59:15,ויתובון לרמשא יתרגשון היך ככלב ויחזרון קרתא:
19,Psalms,59,16,Psalms 59:16,הנון יטלטלון למבז בזתא למיכל ולא יניחון עד די יסבעון ויביתון:
19,Psalms,59,17,Psalms 59:17,ואנא אשבח עושנך ואבוע לעדן צפרא טובך ארום הויתא משזיב לי ורוחצני ביומא דעיק לי:
19,Psalms,59,18,Psalms 59:18,עושני לותך אשבח ארום אלהא שזבותי אלהא טובי:
19,Psalms,60,1,Psalms 60:1,לשבחא על עתיק סהדותא די בני יעקב ולבן פרשגן על יד דוד לאלפא:
19,Psalms,60,2,Psalms 60:2,כד כנש דוד משרין ועבר על איגר סהדותא ואגיח עם ארם די עם צובא ומן בתר כן תב יואב ומחא ית אדומאי במישור מלחא ונפלו מן חיליהון דדוד ויואב תריסר אלפין:
19,Psalms,60,3,Psalms 60:3,אמר דוד אלהא שבקתנא תקפתא עלנא תקוף רוגזא תוב ביקרך לנא:
19,Psalms,60,4,Psalms 60:4,ארגישתא ארעא דישראל זעזעתא וסדקתא יתה אסי תבריהא ארום אתמוטטת:
19,Psalms,60,5,Psalms 60:5,אחמיתא עמך קשיא אשקיתא לנא חמר דלוט:
19,Psalms,60,6,Psalms 60:6,יהבתא לדחליך נסא לאתנסאה ביה מן בגלל קושטיה דאברהם לעלמין:
19,Psalms,60,7,Psalms 60:7,מן בגלל זכותיה דיצחק יתפצין רחימיך פרוק מטול חסידותא דיעקב וקבל צלותי:
19,Psalms,60,8,Psalms 60:8,אלהא ממלל בבית מקדשיה אבוע ארום יתגברון דבית ישראל אפליג בזתא עם בני יוסף דיתבין בשכם ובמישר סוכות אמשח מישחתא ואפלג עדאה:
19,Psalms,60,9,Psalms 60:9,עמי הוון דבית גלעד ועמי הוון דבית מנשה וגיברין דבית אפרים עושנא דרישי ומדבית יהודה ספריא דבית אולפני:
19,Psalms,60,10,Psalms 60:10,בעטית מואבאי אטמשו רגלי בארם גבריהון היך דוד שזוני על פרקת קדל גברי אדום טלקית מסני עלוי פלשתאי יביבו כנשתא דישראל:
19,Psalms,60,11,Psalms 60:11,מן הוא דיוביל יתי לקרתא חרובא דצור מן הוא דדברני עד אדום:
19,Psalms,60,12,Psalms 60:12,הלא את הוא יי שבקתנא ולא תפוק אלהא עם חילותנא:
19,Psalms,60,13,Psalms 60:13,הב לן סעדא ממעיקא ומגן הוא פורקנא דבר נשא:
19,Psalms,60,14,Psalms 60:14,במימרא דיי נעבד חילא והוא יכבוש מעיקנא:
19,Psalms,61,1,Psalms 61:1,לשבחא על תושבחן לדוד:
19,Psalms,61,2,Psalms 61:2,קבל יי בעותי אצית צלותי:
19,Psalms,61,3,Psalms 61:3,מן סיפי ארעא קדמך אצלי באשתלהיות לבי בכרך תקיף דמתבני על טנר רם מני דבר יתי:
19,Psalms,61,4,Psalms 61:4,ארום הויתא רחיץ לי קוסטל דעשונא מן קדם בעיל דבבא:
19,Psalms,61,5,Psalms 61:5,אדור במשכנך לעלמיא אתרחץ בטלל שכנתך לעלמין:
19,Psalms,61,6,Psalms 61:6,ארום אנת יי שמעתא נדרי יהבתא ירותא לדחלי שמך:
19,Psalms,61,7,Psalms 61:7,יומין על יומי מלכא משיחא תוסיף שנוי היך דרי עלמא הדין ודרי עלמא דאתי:
19,Psalms,61,8,Psalms 61:8,יתיב לעלמין קדם יי טיבו וקשוט מן מרי עלמא ינטרון ליה:
19,Psalms,61,9,Psalms 61:9,בכן אשבח שמך לעלמיא כד אשלים נדרי ביום פורקנא דישראל וביום דיתרבי מלכא משיחא למהוי מליך:
19,Psalms,62,1,Psalms 62:1,לשבחא על ידוי דידותון תשבחתא לדוד:
19,Psalms,62,2,Psalms 62:2,ברם לאלהא שתקא נפשי מניה פורקני:
19,Psalms,62,3,Psalms 62:3,ברם הוא תוקפי ופורקני משזבי לא אזוע ביום עקא רבא:
19,Psalms,62,4,Psalms 62:4,עד אן אתון מתרגשין על גבר חסיד תתעבדון קטולין כולכון היך שור דסטי היך גודא רעיעתא:
19,Psalms,62,5,Psalms 62:5,ברם כד יומון לאוטבא מתמלכין למנדח יחזון כדבותא בפומהון יברכון ובלבהון ילטטון לעלמין:
19,Psalms,62,6,Psalms 62:6,ברם לאלהא שתוקי נפשי ארום מניה סברי:
19,Psalms,62,7,Psalms 62:7,ברם הוא תוקפי ופורקני משזבי לא אזדעזע:
19,Psalms,62,8,Psalms 62:8,על אלהא פורקני ויקרי תקוף עושני סברי באלהא:
19,Psalms,62,9,Psalms 62:9,סברו במימריה בכל עדן עמא דבית ישראל שרו קדמוי זחוחי לבכון אמרו אלהא סבר לנא לעלמין:
19,Psalms,62,10,Psalms 62:10,ברם למא בני נשא כדיבא בני גבר כד יסבון בני נשא במסחתא יתקלון מזלהון הנון גרמיהון מן למא הוון כחדא:
19,Psalms,62,11,Psalms 62:11,לא תכלון בטלימא ובאונסא לא תהבלון ממונא ארום ישבח לא תשוון לבא:
19,Psalms,62,12,Psalms 62:12,אורייתא חדא ממלל אלהא ותרתין זמנין דנן שמעית מן פום משה ספרא רבא ארום עושנא קדם אלהא:
19,Psalms,62,13,Psalms 62:13,ולך אלהא למעבד טובי לצדיקיא ארום את משלם לאנש היך עובדוי:
19,Psalms,63,1,Psalms 63:1,תושבחתא לדוד בעדן מהוי במדברא די בתחום שבט יהודה:
19,Psalms,63,2,Psalms 63:2,אלהא תוקפי אנת אקום בצפרא קדמך צחית לך נפשי רגיג לך בסרי בארעא צדיא ומשלהי מדלית מוי:
19,Psalms,63,3,Psalms 63:3,היכנא באתר קודשא חמיתך זכי יתי למחמי עושנך ויקרך:
19,Psalms,63,4,Psalms 63:4,ארום טב הוא חסדך דתעבד לצדיקיא לעלמא דאתי מן חיי דיהבתא לרשיעיא בעלמא הדין בגין כן ספותי ישבחונך:
19,Psalms,63,5,Psalms 63:5,היכנא אברכנך בחיי בעלמא הדין בשום מימרך אפרוס ידי בצלו לעלמא דאתי:
19,Psalms,63,6,Psalms 63:6,היך תרב ודהן תסבע נפשי וספון דתושבחן ישבח פומי:
19,Psalms,63,7,Psalms 63:7,אין אדכרתיך על דרגשי במטרת ארנן במימרך:
19,Psalms,63,8,Psalms 63:8,ארום הויתא סעיד לי ובטלל שכנתך אבוע:
19,Psalms,63,9,Psalms 63:9,אדבקת נפשי בתר אורייתך בי סעדת ימינך:
19,Psalms,63,10,Psalms 63:10,והנון לקבורתא יתבעון נפשי יעלון בארעית ארעא:
19,Psalms,63,11,Psalms 63:11,ידחלוניה מטול מחת סיפא מוהבית תעליא יהוון:
19,Psalms,63,12,Psalms 63:12,ומלכא יחדי במימר אלהא ישבח כל די מקיים במימריה ארום יסרנק פומהון כל דמללי שקרא:
19,Psalms,64,1,Psalms 64:1,לשבחא תושבחתא לדוד:
19,Psalms,64,2,Psalms 64:2,שמע אלהא קלי בעדן צלותי מדלוחא דבעל דבבי תנטור חיי:
19,Psalms,64,3,Psalms 64:3,תטמרנני מרזהון דמבאשין מאתרגושת עבדי שקר:
19,Psalms,64,4,Psalms 64:4,די שנינו היך סיפא לישנהון נגדו קשתהון משחו גרריהון סמא דקטול ומריר:
19,Psalms,64,5,Psalms 64:5,לגראה בטומריא דלא מום בתכף יגרון ליה ולא ידחלון:
19,Psalms,64,6,Psalms 64:6,יתקפון להון פתגם ביש ישתעון למכמן תקלין אמרין מן חמי להון:
19,Psalms,64,7,Psalms 64:7,יבלשון למשכח עילין לשיצאה זכאין בלושא דמתבלש בגוף בר נשא והרהורי לבא עמיקא:
19,Psalms,64,8,Psalms 64:8,ויגרי עלויהון אלהא גררא בתכף ויתנון על מחתיהון:
19,Psalms,64,9,Psalms 64:9,ויתקלון להון לישנהון יטלטלון כל דחמי בהון:
19,Psalms,64,10,Psalms 64:10,וידחלון כל בני נשא ויחוון עובדא דיי אלהים ועובדיה יהוון מתבינין:
19,Psalms,64,11,Psalms 64:11,יחדי צדיקא ביי ויתרחץ במימריה וישתבחון כל תריצי לבא:
19,Psalms,65,1,Psalms 65:1,לשבחא תושבחתא לדוד שירתא:
19,Psalms,65,2,Psalms 65:2,קדמך מתחשבא היך שתיקותא תושבחתא אלהא די שכנתיה בציון ולך ישתלמון נדריא:
19,Psalms,65,3,Psalms 65:3,מקבל צלותא לותך כל בני בסרא ייתון:
19,Psalms,65,4,Psalms 65:4,פתגמי עוין תקפו מני סורחננא אנת תכפרנון:
19,Psalms,65,5,Psalms 65:5,טובוי דתבחר ותקרב ישרי דרתך יימרון צדיקי נשבע בטוב ביתך קודשא דהיכלך:
19,Psalms,65,6,Psalms 65:6,דחילן בצדקתא תקבל צלותהון אלהא פורקנא סברא דכל סיפי ארעא ונגות ימא דרחיקין מן יבשתא:
19,Psalms,65,7,Psalms 65:7,דאתקן מזוניא ליעלי טוריא בכח גבורתיה מזרז קמור בגבורתיה:
19,Psalms,65,8,Psalms 65:8,ממאך רגוש ימיא ורגוש גליהון ורכפת אומיא:
19,Psalms,65,9,Psalms 65:9,ודחילו יתבי סיפין מאתותך מפקני צפר ורמש תסדר בפומהון שבחא:
19,Psalms,65,10,Psalms 65:10,אדכרתא ארעא ואשקיתה סוגי עללתא תעתרנה מן קובתא דאלהא די בשמיא מליא מטרא תתקן עבורהון ארום היכנא תשכללנה:
19,Psalms,65,11,Psalms 65:11,מרביני צמחהא רוי אשדיך גיסהא צמחהא תברך:
19,Psalms,65,12,Psalms 65:12,הכללתא שנת טוב ברכתך וכבשי אורחך יבסמון דיהנא:
19,Psalms,65,13,Psalms 65:13,יבסמון תושבחת מדברא ודיצא גלמתא תקמרן להון:
19,Psalms,65,14,Psalms 65:14,יעלון דכריא עלוי ענא ומישריא יתחפין עבורא יתיבבון ברם ישבחון:
19,Psalms,66,1,Psalms 66:1,לשבחא שירא תושבחתא יביבו קדם יי כל יתבי ארעא:
19,Psalms,66,2,Psalms 66:2,שבחו איקר שמיה שוו איקר תושבחתיה:
19,Psalms,66,3,Psalms 66:3,אמרו קדם אלהא מה דחילין הנון עובדך בסגיעי עושנך יכדבון לך בעלי דבבך:
19,Psalms,66,4,Psalms 66:4,כל יתבי ארעא יסגדון קדמך וישבחון לך ישבחון שמך לעלמין:
19,Psalms,66,5,Psalms 66:5,אזילו וחמון עובדי אלהא דחיל מרי תסקופין על בני נשא:
19,Psalms,66,6,Psalms 66:6,הפך ימא דסוף ליבשתא בנהר יורדנא עברו בני ישראל ברגליהון אוביל יתהון לטור קודשיה תמן נחדי במימריה:
19,Psalms,66,7,Psalms 66:7,דשליט בכח גבורתיה על עלמא עינוי בעממיא מסתכלין מסרהבין לא יתרמון להון לעלמין:
19,Psalms,66,8,Psalms 66:8,בריכו עממיא אלהים ואשמיעו קל תושבחתיה:
19,Psalms,66,9,Psalms 66:9,דמני נפשנא בחיי דעלמא דאתי ולא מסר לאזדעזעא רגלנא:
19,Psalms,66,10,Psalms 66:10,ארום בחנתנא אלהא אתכתנא היך קנאה דמתך סימא:
19,Psalms,66,11,Psalms 66:11,אעלתנא במצדתא שויתא שושילתא בחרצנא:
19,Psalms,66,12,Psalms 66:12,אמאכתנא ארכבתא מרי מזופיתא על רישנא דנתא יתנא כדי בנורא ובמוי ואפקתנא לרוחתא:
19,Psalms,66,13,Psalms 66:13,אעול לביתך בעלון אשלם לך נדרי:
19,Psalms,66,14,Psalms 66:14,ודי פתחו ספותי ומליל פומי בדעק לי:
19,Psalms,66,15,Psalms 66:15,עלון שמנין אסיק קדמך עם קטורת בוסמין קרבן דכרין אעבד תורין עם ברחיא לעלמין:
19,Psalms,66,16,Psalms 66:16,אזילו שמעו ואשתעי כל דחליא דאלהא מה דעבד לנפשי:
19,Psalms,66,17,Psalms 66:17,לותיה בפומי קריתי ותושבחתיה תחות לישני:
19,Psalms,66,18,Psalms 66:18,שקר אין חמיתי בלבי האפשר די לא ישמע יי:
19,Psalms,66,19,Psalms 66:19,בקושטא שמע אלהא אצית בקל צלותי:
19,Psalms,66,20,Psalms 66:20,בריך אלהא דלא אעדי צלותי וטוביה מני:
19,Psalms,67,1,Psalms 67:1,לשבחא בנגינתא תושבחתא ושירתא:
19,Psalms,67,2,Psalms 67:2,אלהא יחוס עלנא ויברכננא ינהר זיו אנפוי עמנא לעלמין:
19,Psalms,67,3,Psalms 67:3,להודעא בארעא אורחתך בכל עממיא פורקנך:
19,Psalms,67,4,Psalms 67:4,יודון קדמך עממיא אלהא יודון קדמך עממיא כולהון:
19,Psalms,67,5,Psalms 67:5,יחדון וידוצון אומיא ארום תדין עמיא בתירוצא ואומיא בארעא תדברינון לעלמין:
19,Psalms,67,6,Psalms 67:6,יודון קדמך עמיא אלהא יודון קדמך עמיא כולהון:
19,Psalms,67,7,Psalms 67:7,ארעא יהבת אבה יברך יתן אלהא אלהנא:
19,Psalms,67,8,Psalms 67:8,יברך יתן אלהא וידחלון יתיה כל סיפי ארעא:
19,Psalms,68,1,Psalms 68:1,לשבחא לדוד תושבחא ושירא:
19,Psalms,68,2,Psalms 68:2,יקום אלהא יתבדרון בעלי דבבוי ויערקון סנאוי מן קדמוי:
19,Psalms,68,3,Psalms 68:3,היכמא דשקיף תננא ישקפון היכמא די יתמסי שעוא מן קדם אשא יהובדון רשיעיא מן קדם אלהא:
19,Psalms,68,4,Psalms 68:4,וצדיקיא יחדון וידוצון קדם יי ויחדון בחדוא:
19,Psalms,68,5,Psalms 68:5,שבחו קדם אלהא שבחו שום יקריה קלסון ליתב על כורסיה יקריה בערבות יה שמיה וביעו קדמוי:
19,Psalms,68,6,Psalms 68:6,אבוהון דיתמי ודינהון דארמלן אלהא במדור בית שכינת קודשיה:
19,Psalms,68,7,Psalms 68:7,אלהא די מזוג זוגים יחידאין לבר זוגא כחדא דאפיק בית ישראל דהוון אסירין במצרים על עובדיהון דאבהתהון כשרין בפומבי ברם פרעה ומשריתיה דסרבו לשלחותהון שרון צחיחין:
19,Psalms,68,8,Psalms 68:8,אלהא כד נפקתא בעמודא דעננא ובעמודא דאשתא קדם עמך כד טילתא במדברא דישימון לעלמין כד יהבתא אוריתא לעמך:
19,Psalms,68,9,Psalms 68:9,ארעא אתרגישת לחוד שמיא אטיפו טלא מן קדם יי דין סיני סליק תנניה כתננא דאתונא מן קדם דאתגלי עלוי יי אלהא דישראל:
19,Psalms,68,10,Psalms 68:10,כד שמעו בית ישראל ית קל גבורתך פרחו נפשיהון מן יד אחתתא עלויהון טלין דתחיותא ומטרין דרעוא ארימתא אלהא על אחסנתך וכנשתא דאשתלהית את אתקינתא:
19,Psalms,68,11,Psalms 68:11,חיתך אתיבתא בה אתקנתא משרית מלאכיא לאוטבא לענייא דאלהא:
19,Psalms,68,12,Psalms 68:12,יי יהב פתגמי אוריתא לעמיה ברם משה ואהרן מכשרין מימר אלהא לחלות רבא דישראל:
19,Psalms,68,13,Psalms 68:13,מלכותא עם חיליהון אטלטלו מן פלטריהון וחכימיא אטלטלו מן מדעהון וכנשתא דישראל מפלגא עדאה מן שמיא:
19,Psalms,68,14,Psalms 68:14,אין אתון רשיעיא שכבין ביני קלקלתא כנשתא דישראל דדמיא ליונתא מטללא בענני יקרא מפלגא בזת מצראי סימא דזקיק וטסבריהא מלין אובריזין סנין:
19,Psalms,68,15,Psalms 68:15,כד פרסת אידהא על ימא בצלו שדי אמאך מלכון ואמטולתה ענן גיהנם היך תלגא פצא יתה מטולא דמותא:
19,Psalms,68,16,Psalms 68:16,טור מוריה אתר די פלחו אבהת עלמא קדם יי אתבחר לבנין בית מקדשא וטור סיני למוהבית אוריתא טור מתנן טור תבור וכרמל אתפסילו אתעבד להון גבבא היך טור מתנן:
19,Psalms,68,17,Psalms 68:17,אמר אלהא למה אתון טפזין טוריא לית רעותי למתן אוריתא על טוריא גיותנין מבסרניא הא טור סיני דמכיך רגג מימרא דיי לאשראה עלוי שכינתיה לחוד בשמי שמיא יי ישרי לעלמא:
19,Psalms,68,18,Psalms 68:18,ארתיכין דאלהא תרין רבבן דנור דליק תרין אלפין דאנגליא מדברין להון שכנתא דיי שרת עליהון על טורא דסיני בקדושה:
19,Psalms,68,19,Psalms 68:19,סלקתא לרקיע שביתא שביתא יהבתא להון מתנן לבני נשא וברם סרבניא די מתגיירין ותיבין בתתובא שרת עליהון שכינת יקרא דיי אלהים:
19,Psalms,68,20,Psalms 68:20,בריך יי על כל יומא ויומא טען לנא מוסיף פקודיא עלוי פקודיא תקיפא די הוא פרקננא וסעידנא לעלמין:
19,Psalms,68,21,Psalms 68:21,אלהא לנא תקוף ופורקן ומן קדם יי מתגרין ברשיעיא מותא ומפקנות נשמתא בסרנוקא:
19,Psalms,68,22,Psalms 68:22,ברם אלהא יתבר ריש בעלי דבבוי ינתר שער גבר די מתהלך בחובו:
19,Psalms,68,23,Psalms 68:23,צדיקיא דמיתו ואתאכלו מן חיות ברא אמר יי מכותנן אתיב אתיב צדיקיא די ישתניקו במצולתיה דימא:
19,Psalms,68,24,Psalms 68:24,מן בגלל דיחמון פורענות רשיעא יטמשון רגליהון בדם קטילין לישן חיות ברא מן תרביהון ידהנון מן בעלי דבבא מנהון יסבעון:
19,Psalms,68,25,Psalms 68:25,חמון בית ישראל הליכות שכינתך על ימא אלהא אמרין הליכת אלהא מלך כל עלמא בקדושא:
19,Psalms,68,26,Psalms 68:26,אקדימו ואמרו שירתא בתר משה ואהרן דמנגנין קדמיהון במצע נשיא צדיקתא די עם מרים מתופפין:
19,Psalms,68,27,Psalms 68:27,ביני כנישיא בריכו אלהא רוממו יי עובריא במעי אמהון זרעא דישראל:
19,Psalms,68,28,Psalms 68:28,תמן בנימין זעיר בשבטיא דמן שירויא נחת לימא מטול היכנא קבל מלכותא מן שירויא ובתריהון נחתו רברבי יהודה רגמו יתהון שבטיא אבנין וקבילו רבנותא בתריהון רבני זבולן הוון תגריהון רבני נפתלי הוון גברהון:
19,Psalms,68,29,Psalms 68:29,פקד אלהא עושנך אתעשן אלהא שרי בבית מקדשא דנן דעבדת לנא:
19,Psalms,68,30,Psalms 68:30,מן היכלך תקבל קורבניא על ירושלם שכנתך שריא מפנקטיהון לך ייתון מלכיא קורבניא:
19,Psalms,68,31,Psalms 68:31,נזוף במשרית חיבין תרע יתהון היך קניא כנישת גברין דמתרחצין בעגליא טעות עמיא רעותיה בעמא די מתעסקין ברעותא באוריתא דזקיקא מן סימא בדר עמיא דלאגחא קרבא צבין:
19,Psalms,68,32,Psalms 68:32,ייתון בנוי דחם חוסמניא ממצרים לאתגירא בנוי דכוש ירהטון למפרש ידיהון בצלו קדם אלהא:
19,Psalms,68,33,Psalms 68:33,מלכות ארעא שבחו קדם יי שבחו יי לעלמין:
19,Psalms,68,34,Psalms 68:34,ליתב על כורסיה בשמי שמיא מן לקדמין הוא במימריה יהב בקליה קל רוח נבואתא לנבייא:
19,Psalms,68,35,Psalms 68:35,הבו יקר עושנא לאלהא די על ישראל גיותנותיה ועושניה בשמיא:
19,Psalms,68,36,Psalms 68:36,דחיל אלהא מן בית מקדשך תקיפא דישראל הוא יהב עושנא ותוקפא לעמיה בריך אלהא:
19,Psalms,69,1,Psalms 69:1,לשבחא על גלות סנהדרין על יד דוד:
19,Psalms,69,2,Psalms 69:2,פרוק יתי אלהא ארום מטו משרית חיבין עד די אעיקין לי היך מיא דמטו עד נפשא:
19,Psalms,69,3,Psalms 69:3,טמעית בגלותא היך במיא דמצולתא ולית אתר למקום מטית בעמקי תקוף סיעת רשיעיא ונבוזראדן אגלי יתי:
19,Psalms,69,4,Psalms 69:4,אשתלהית במקרי אתחרחר ענקי כלו עיני מלאורכא לאלהי:
19,Psalms,69,5,Psalms 69:5,סגיעין מן סערן דרישי סנאי מגן תקפו מקניטי בעלי דבבי סהדי שקרא דלא אנסית על סהדותכון הבכן אשלם:
19,Psalms,69,6,Psalms 69:6,אלהא את ידעתא לטפשותי וסורחנותי מן קדמך לא אתכסיאו:
19,Psalms,69,7,Psalms 69:7,לא יבהתון בי דסברין עלך לא יכספון בי דתבעין אולפן מנך אלהא דישראל:
19,Psalms,69,8,Psalms 69:8,ארום אמטולתך סוברית חסודא חפת כסופא אפי:
19,Psalms,69,9,Psalms 69:9,נוכרי אתחשיבית לאחי והיך בר עמין לבני אמי:
19,Psalms,69,10,Psalms 69:10,ארום טננא דבית מקדשא גמרת יתי וחסודי רשיעיא דמחסדין לך במשתפהון טעותהון לאיקרך נפלו עלי:
19,Psalms,69,11,Psalms 69:11,ובכית בצומא דנפשי והות חסודתי לקלנא לי:
19,Psalms,69,12,Psalms 69:12,ויהבית תחות כסותי סקא והוית להון למתלא:
19,Psalms,69,13,Psalms 69:13,ימללון עלי יתבי תרעא בית קרנתא וזמריהון דאזלין למשתי מרות בבית קרקסון:
19,Psalms,69,14,Psalms 69:14,ואנא צלותי קדמך יי בעדן רעות אלהא בסגיעי טובך עני יתי בקשוט פורקנך:
19,Psalms,69,15,Psalms 69:15,פצי יתי מן טינא ולא אטמוע אתפצי מן סנאי דדמין לעומקי מוי:
19,Psalms,69,16,Psalms 69:16,לא יגלי יתי עם תקיף ולא יסלעם למחפי עלי מצולתא חסין ולא תפתח עלי גהנם פומה:
19,Psalms,69,17,Psalms 69:17,עני יתי יי ארום טב חסדך היך כסגיעות רחמך תסתכל לותי:
19,Psalms,69,18,Psalms 69:18,ואל תסתלק שכנתך מעבדך ארום עיק לי סרהב עני יתי:
19,Psalms,69,19,Psalms 69:19,קרב לות נפשי פרוק יתה מטול דלא אתרברבו עלי בעלי דבבי פרוק יתי:
19,Psalms,69,20,Psalms 69:20,את ידעתא קלני ובהתי וכסופי לקבלך קיימין כל מעיקי:
19,Psalms,69,21,Psalms 69:21,קלנא תברת לבי והא היא תקיפא ואמתנית למרי מספדיא וליתיהון ולמרי תנחומין ולא אשכחית:
19,Psalms,69,22,Psalms 69:22,ויהבו בסעודתי מרירת רישי חורמני ולצחותי אשקיאו יתי חלא:
19,Psalms,69,23,Psalms 69:23,יהי פתורהון דסדרו קדמי באכלי קדמיהון לקולא ונכסתהון לתקלא:
19,Psalms,69,24,Psalms 69:24,יתחשכן עיניהון מן למחמי וחרציהון תדירא תזעזע:
19,Psalms,69,25,Psalms 69:25,שדי עלויהון רוגזך ותקוף רוגזך ידבקנון:
19,Psalms,69,26,Psalms 69:26,תהי משכנותהון צדיא במשכניהון לא יהי יתיב:
19,Psalms,69,27,Psalms 69:27,ארום די אנת מחיתא רדפו ומן דכאיב על קטולך ישתעין:
19,Psalms,69,28,Psalms 69:28,הב עוית על עויתהון ולא ידכון למעל בכנישת צדיקיך:
19,Psalms,69,29,Psalms 69:29,יתמחון מספר דכרן חייא ועם צדיקיא לא יתכתבון:
19,Psalms,69,30,Psalms 69:30,ואנא עניא וכאבא פורקנך אלהא תשזבנני:
19,Psalms,69,31,Psalms 69:31,אשבח שום אלהא בשירא וארבניה בתודתא:
19,Psalms,69,32,Psalms 69:32,ותשפר צלותי קדם יי מן תור פטים ובחיר דקריב אדם קדמי דקדימו קרנוי לטלפוהי:
19,Psalms,69,33,Psalms 69:33,חמון ענותניא ויחדון תבעי אולפן מן קדם אלהא ויחי לבכון:
19,Psalms,69,34,Psalms 69:34,ארום מקבל צלותהון דחשיכי יי ולאסירוי לא בסר:
19,Psalms,69,35,Psalms 69:35,ישבחוניה מלאכי שמיא ויתבי ארעא ימיא וכל דרחשין בהון:
19,Psalms,69,36,Psalms 69:36,ארום אלהא יפרוק ציון וישכלל קרוין דיהודה ויתובון תמן וירתונה:
19,Psalms,69,37,Psalms 69:37,ובני עבדוי יחסנון יתה ורחמי שמיה ישרון בגוה:
19,Psalms,70,1,Psalms 70:1,לשבחא על יד דוד למדכר על צרוך לבונתא:
19,Psalms,70,2,Psalms 70:2,אלהא לפצאה יתי יי לצעדי זריז:
19,Psalms,70,3,Psalms 70:3,יבהתון ויתחסדון תבעי נפשי יזורון לאחורא ויכספון דצבין בשתי:
19,Psalms,70,4,Psalms 70:4,יתובון לאחורא מטול די כמנו עלי יתפרעון היך בהיתהון דאמרין עלי חדינא חדינא:
19,Psalms,70,5,Psalms 70:5,יחדון וידוצון במימרך כל תבעי אולפן מנך ויימרון תדירא יסגי יקריה דיי רחמי פורקנך:
19,Psalms,70,6,Psalms 70:6,ואנא עניא וחשיכא אלהא זריז לי סעדי ושזבותי את הוא יי לא תוחר:
19,Psalms,71,1,Psalms 71:1,במימרך יי רחיצית לא אבהת לעלם:
19,Psalms,71,2,Psalms 71:2,בצדקתך פצי יתי ושזבנני אצלי לותי אודנך ופרוק יתי:
19,Psalms,71,3,Psalms 71:3,הוי לי לטינר תקיף עשין למעל תדירא פקדת למפרק יתי ארי תוקפי וכרך חוסני את:
19,Psalms,71,4,Psalms 71:4,אלהי שזיב יתי מן יד רשיעא מן ידא דמרי עילא וחטוף:
19,Psalms,71,5,Psalms 71:5,ארו את הוא סוברי יי אלהי רוחצני מן טליותי:
19,Psalms,71,6,Psalms 71:6,עליך סמכית מן כריסא מן מעיא דאמי אנת מפקי במימרך תושבחתי תדירא:
19,Psalms,71,7,Psalms 71:7,היך תמהא הויתי לסגיעין ואנת רוחצני ועושנא דילי:
19,Psalms,71,8,Psalms 71:8,יתמלי פומי תושבחתך כל יומא שבהורך:
19,Psalms,71,9,Psalms 71:9,לא תטלוק יתי לעדן סיבו כד יפסוק חילי לא תשבקנני:
19,Psalms,71,10,Psalms 71:10,ארום אמרו בעלי דבבי עלי ביש ונטרי נפשי יתמליכו כחדא:
19,Psalms,71,11,Psalms 71:11,למימר אלהא שבקיה רדופו ואחידו יתיה ארום לית דפצי:
19,Psalms,71,12,Psalms 71:12,אלהא לא תרחיק מני אלהי לסעדי זריז:
19,Psalms,71,13,Psalms 71:13,יבהתון ישתיצון סטני נפשי יתעטפון קלנא וכיסופא תבעי בישותי:
19,Psalms,71,14,Psalms 71:14,ואנא תדירא אוריך ואוסיף על כל תושבחתך:
19,Psalms,71,15,Psalms 71:15,פומי ישתעי צדקותך כל יומא פורקנך ארום לא ידעית מנינהון:
19,Psalms,71,16,Psalms 71:16,אעול בגבורתא דיי אלהים אדכר צדקותך בלחודך:
19,Psalms,71,17,Psalms 71:17,אלהא אליפתני בנסיא מן טליותי ועד העדנא אשני פרישתך:
19,Psalms,71,18,Psalms 71:18,ולחוד עד זקנא וסיבותא אלהא לא תשבוק יתי עד דאתני תקוף אדרעך לדר דרי לכל די ייתי כח גבורתך:
19,Psalms,71,19,Psalms 71:19,וצדקתך אלהא עד שמי מרומא די עבדת רברבן אלהא מן כותך:
19,Psalms,71,20,Psalms 71:20,די אחמתני עקן סגיעין ובישין תתוב תחיי יתנא ומתהומה ארעיתא תתיב תסק יתנא:
19,Psalms,71,21,Psalms 71:21,תסגי רביותי ותחזור תנחמנני:
19,Psalms,71,22,Psalms 71:22,לחוד אנא אודי קדמך בזיני זמר ונבלא אתני קושטך אלהי אשבח קדמך בכנרא קדישא ישראל:
19,Psalms,71,23,Psalms 71:23,תבוען ספותי ארום אשבח קדמך ונפשי די פרקתא:
19,Psalms,71,24,Psalms 71:24,לחוד לישני כל יומא תרנן צדקתך ארום בהיתו ארום איתחסדו תבעי בישותי:
19,Psalms,72,1,Psalms 72:1,על ידוי דשלמה אתאמר בנבואה אלהא הילכות דינך למלכא משיחא הב וצדקתך לבריה דדוד מלכא:
19,Psalms,72,2,Psalms 72:2,ידין עמך בצדקא ועניך בהלכת דינא:
19,Psalms,72,3,Psalms 72:3,יטלון יתבי טוריא שלמא לבית ישראל וגלמתא בזכותא:
19,Psalms,72,4,Psalms 72:4,ידין עניי עמא יפרוק לבני חשיכא וישוף גברא טלומא:
19,Psalms,72,5,Psalms 72:5,ידחלון מנך עם מסק שמשא ויצלון קדמך קדם מנהר סיהרא דרי דריא:
19,Psalms,72,6,Psalms 72:6,יחות היך מטרא דרעוא על עסבא דגזיז מן גובאי היך רסיסי מלקושא דנטפין על עסבא דארעא:
19,Psalms,72,7,Psalms 72:7,יסגון ביומוהי צדיקיא וסגיעי שלמא עד די ישתיצון פלחי סהרא:
19,Psalms,72,8,Psalms 72:8,וישלוט מן סטר ימא רבא לסטר ימא רבא ומן פרת עד סיפי ארעא:
19,Psalms,72,9,Psalms 72:9,קדמוי יגחנון איפרכיא ובעלי דבבוי עפרא ילחכון:
19,Psalms,72,10,Psalms 72:10,מלכיא דטרסיס וגיסי ימא דאוקינוס תקרבתא יתיבון מלכיא דשבא וסבא דורון יקרבון:
19,Psalms,72,11,Psalms 72:11,ויסגדון ליה כל מלכיא כל עממיא ישתעבדון ליה:
19,Psalms,72,12,Psalms 72:12,ארום יפצי חשיכא דבעי מטו ועניא ולית סעיד ליה:
19,Psalms,72,13,Psalms 72:13,יחוס על מסכנא וחשוכא ונפשת חשיכיא יפרוק:
19,Psalms,72,14,Psalms 72:14,מאונסא ומחטופין יפרוק נפשיהון ויהי יקיר אדמהון קדמוי:
19,Psalms,72,15,Psalms 72:15,ויחי ויתן ליה מזהב דאיתיאו ליה משבא ויצלי מטולתיה תדירא כל יומא יברכניה:
19,Psalms,72,16,Psalms 72:16,יהי סעיד לחמא בארעא בריש טוריא ירגיש היך כלבנן אביה וינצצון מן קרתא דירושלם היך עסבא דארעא:
19,Psalms,72,17,Psalms 72:17,יהי שמיה מדכר לעלם וקדם מהוי שמשא מזמן הוה שמיה ויתברכון בזכותיה כל עמיא וימרון טב ליה:
19,Psalms,72,18,Psalms 72:18,בריך יי אלהים אלהא דישראל דעביד פרישן רברבן בלחודוהי:
19,Psalms,72,19,Psalms 72:19,ובריך שום יקריה לעלמא ויתמלי מזיו יקריה כל ארעא אמן ואמן:
19,Psalms,72,20,Psalms 72:20,גמירין צלותיא דדוד בר ישי:
19,Psalms,73,1,Psalms 73:1,תושבחתא על ידי דאסף ברם טב לישראל אלהא לברירי לבא:
19,Psalms,73,2,Psalms 73:2,ואנא כזעיר אתמוטטא רגלי כלמא דאזדעזעא אסתורי:
19,Psalms,73,3,Psalms 73:3,ארום טננית במתלעביא בעדן די שלם רשיעיא אחמי:
19,Psalms,73,4,Psalms 73:4,ארום ליתיהון תוהין ומצטערין מטול יום מיתתהון אתבעין מחשבתהון ופטים ואלים לבהון:
19,Psalms,73,5,Psalms 73:5,בליעות גברין דמתעסקין באוריתא ליתיהון לעין ועם בני נשא צדיקי דסכלין יסורי לא מתכתשין:
19,Psalms,73,6,Psalms 73:6,לכך כן עטרתנון גיותנותא כלילא דמשוין ברישיהון היא מן חטוף דילהון:
19,Psalms,73,7,Psalms 73:7,שנא מן שומנא פרצופיהון עברו חוטביהון חפורת לבא:
19,Psalms,73,8,Psalms 73:8,יתמקמקון מן פטמא וימללון לאבאשא ולטלומא מן רום לבהון ימללון:
19,Psalms,73,9,Psalms 73:9,שויאו בקדישי שמיא פומהון ולישנהון מצלהבה בקדישי ארעא:
19,Psalms,73,10,Psalms 73:10,בכן תבו על עמיא דיי לאלקיותהון וימחונון במרזופין ודמעין סגיעין מחתין להון:
19,Psalms,73,11,Psalms 73:11,ויימרון הכדין ידע אלהא ואית מנדעא בעלאה:
19,Psalms,73,12,Psalms 73:12,הא אלין רשיעיא דיתבין בשלותא בעלמא הדין אדביקו נכסין קנו חילא:
19,Psalms,73,13,Psalms 73:13,ברם לסריקותא זכות לבבי ושזבית בברירו ידי:
19,Psalms,73,14,Psalms 73:14,והויתי כתיש כל יומא ומכסנותי לצפרירי:
19,Psalms,73,15,Psalms 73:15,אין אמרית אשתעי דכמתהון הא על דר בניך ארשעית:
19,Psalms,73,16,Psalms 73:16,וחשיבית למדע ית דא לעות הוא בעיני:
19,Psalms,73,17,Psalms 73:17,עד זמן פורקנא דאיתי לות מקדשי אלהא אתבין לסופהון:
19,Psalms,73,18,Psalms 73:18,ברם בקבליא שויתא להון דמיתנון לשהותא:
19,Psalms,73,19,Psalms 73:19,הכדין הוו לצדו כשעתא כלו אשתיצון מן אתרגשין:
19,Psalms,73,20,Psalms 73:20,היך חלמא מן גבר דמתער יי ליום דינא רבא באתער יתהון מן בית קבורתהון ברגז דמותהון תבסר:
19,Psalms,73,21,Psalms 73:21,ארום יחוש לבי וכוליתי בערן כאשא:
19,Psalms,73,22,Psalms 73:22,ואנא שטיא לא אידע היך בעירי אתחשבית גבך:
19,Psalms,73,23,Psalms 73:23,ואנא תדירא עמך אוחדתא ביד ימיני:
19,Psalms,73,24,Psalms 73:24,במלכתך תדברנני ובתר דשלים איקרא דאמרתא עלי לאיתאה תסבנני:
19,Psalms,73,25,Psalms 73:25,מן כותך דילי בשמיא אלא את ועמך חברא לא צביתי בארעא:
19,Psalms,73,26,Psalms 73:26,אשתיצא גושמי ולבבי תקיפא דבחין לבבי וחולקי אלהא לעלמא:
19,Psalms,73,27,Psalms 73:27,ארום הא רשיעיא די מתרחקין מנך יאבדון שיציתא כל דטעי מן בתר דחלתך:
19,Psalms,73,28,Psalms 73:28,ואנא למקרב ביי לי טב שוית ביי אלהים רוחצני לאשתעיא לצדיקיא כולהון פקודי שליחותך:
19,Psalms,74,1,Psalms 74:1,שכלא טבא על ידוי דאסף למה אלהא רחקתא לעלמין יתקף רוגזך בעאן רעיתך:
19,Psalms,74,2,Psalms 74:2,אדכר כנשתך דקניתא מלקדמין פרקת ממצרים שבטי אחסנתך טור דציון דנן די שריתא שכנתך ביה:
19,Psalms,74,3,Psalms 74:3,ארים אסתורך למשוק אומיא לעלמין דבכל חיליה אבאיש בעל דבבא בקודשא:
19,Psalms,74,4,Psalms 74:4,אכלין מעיקך במצע זמניך שוון אתותהון אתיא:
19,Psalms,74,5,Psalms 74:5,יצלף בקורנסא היך גבר דמרים ידי בסביך קיסיא למקטע בכולביא:
19,Psalms,74,6,Psalms 74:6,וכדין גליפיהא גררין כחדא בקופיץ ובמפסלת דיוסטר מחין במרזופין:
19,Psalms,74,7,Psalms 74:7,אדליקו בנורא בית מקדשא לארעא אפיסו משכן דאתקרי ביה שמך:
19,Psalms,74,8,Psalms 74:8,אמרו בלבהון בניהון כחדא אוקידו אבהתהון כל מערעיא אלהא בארעא:
19,Psalms,74,9,Psalms 74:9,אתונא דיהבו לנא נבייא לא חמינא לית תוב נביא ולית עמנא דידע עד אימתי:
19,Psalms,74,10,Psalms 74:10,עד אימתי אלהא יחסד מעיקא ירחיק בעיל דבבא שמך לעלמא:
19,Psalms,74,11,Psalms 74:11,למא תתיב ידך וימינך למפרוק מן גו עטפך אפיק ושיצי עקתא:
19,Psalms,74,12,Psalms 74:12,ואלהא מלכא דשכינת קודשיה מלקדמין עביד פורקנא בגו ארעא:
19,Psalms,74,13,Psalms 74:13,אנת גזרתא בעושנך מוי דימא אנת תברתא רישי תניניא ושנקת מצראי על ימא:
19,Psalms,74,14,Psalms 74:14,אנת תרעתא רישי גברי פרעה יהבתנון לגמרא לעם בית ישראל וגושמיהון לירודי:
19,Psalms,74,15,Psalms 74:15,אנת בזעתא מעינא מן כיפא והוי לנחלא אנת יבשתא מגיזת נחלי ארנונא ומגיזת יובקא ויורדנא דהון תקיפין:
19,Psalms,74,16,Psalms 74:16,די לך יממא לחוד די לך ליליא אנת אתקנתא סיהרא ושמשא:
19,Psalms,74,17,Psalms 74:17,אנת אקמתא כל תחומא דארעא קיטא וסתוא אנת בראתנון:
19,Psalms,74,18,Psalms 74:18,אדכר דא בעיל דבבא מגדף יי ועמא טפשא דרחיקו שמך:
19,Psalms,74,19,Psalms 74:19,לא תמסור לפלחי מזריא דמתילין לחיות ברא נפשת מאלפי אוריתך חייהון דעניך לא תתנשי לעלמין:
19,Psalms,74,20,Psalms 74:20,אסתכל לקימא דגזרתא לאבהתן ארום אתמליאו בניהון חשוכא פריס על ארעא ואוניאותא וחטופין:
19,Psalms,74,21,Psalms 74:21,לא יתוב מסכן מכסיף עניא וחשוכא ישבחון שמך:
19,Psalms,74,22,Psalms 74:22,קום אלהא נצי מצותך אדכר קלנא דעמך מן מלכא טפשא כל יומא:
19,Psalms,74,23,Psalms 74:23,לא תתנשי קל מעיקך אתרגושא דקימין לקבלך דסלקא תדירא:
19,Psalms,75,1,Psalms 75:1,לשבחא בזמן די אמר דוד לא תחבל עמך תושבחתא על ידוי דאסף שירא:
19,Psalms,75,2,Psalms 75:2,אודינא לך יי אודינא וקריב שמך אשתעיו פרישותך:
19,Psalms,75,3,Psalms 75:3,ארום אידע זמנא אנא תריצן אדון:
19,Psalms,75,4,Psalms 75:4,מתמססין דירי ארעא וכל יתבהא אנא אתקנית עמודהא לעלמין:
19,Psalms,75,5,Psalms 75:5,אמרית למתלעבון לא תתלעבון ורשיעיא לא תרימון איקר:
19,Psalms,75,6,Psalms 75:6,לא תרימון למרומא איקרכון אתון די ממללין בתוקפא ובגדופין:
19,Psalms,75,7,Psalms 75:7,ארום לית בר מני ממדנחא ועד מערבא ולא מן צפונא דמדבריא ומן דרומא אתר טוריא:
19,Psalms,75,8,Psalms 75:8,ארום אלהא דין זכי דנן ימאיך ודנן ירומם:
19,Psalms,75,9,Psalms 75:9,ארום כס דלוט ביד יי וחמר עשין מלי מזיגת מררתא לטלטלא מערת די רשיעיא ומה דשרי מניה קשי מן דין קדמאין ברם דורדיהא ופקטיהא ימצצון ישתון כל רשיעי ארעא:
19,Psalms,75,10,Psalms 75:10,ואנא אתני לעלם נסיא אשבח לאלהא דיעקב:
19,Psalms,75,11,Psalms 75:11,וכל תקוף רום רשיעיא אמאיך אתלשינון מתוקפיהון יתרומם תקוף רומהון דצדיקיא:
19,Psalms,76,1,Psalms 76:1,לשבחא בתושבחתא תושבחא על ידא דאסף שירא:
19,Psalms,76,2,Psalms 76:2,אתידע בדבית יהודה אלהא בדבית ישראל רב שמיה:
19,Psalms,76,3,Psalms 76:3,והוה בירושלם בית מקדשיה ומדור בית שכינת קודשיה בציון:
19,Psalms,76,4,Psalms 76:4,כד עבדו בית ישראל רעותיה אשרי שכנתיה ביניהון תמן תבר גררין וקשתין דעמיא מגיחי קרבא תריסא וסדרי קרבא בטל לעלמין:
19,Psalms,76,5,Psalms 76:5,נהיר דחיל את אלהא משבח מן בית מקדשך יזועון מן קדמך מלכיא דיתבין בכרכי טוריא אתר בית כנישות בזתהון:
19,Psalms,76,6,Psalms 76:6,אשלחון מעלויהון זיני קרבא גברי לבא אתנמנמו בשנתהון ולא ספיקו כל גברי חילא למחד זיניהון בידיהון:
19,Psalms,76,7,Psalms 76:7,ממזופתך אלהא דיעקב דמכון ארתיכין ופרשין אתעקרו:
19,Psalms,76,8,Psalms 76:8,אנת דחיל אנת הוא אלהא ומן יקום קדמך מעדן דיתקוף רוגזך:
19,Psalms,76,9,Psalms 76:9,מן שמיא אשמעתא דין ארעא דעממי דחילת ארעא דישראל שדוכת:
19,Psalms,76,10,Psalms 76:10,אמרין צדיקיא יקום לדינא עם רשיעיא אלהא למפרק מן ידיהון כל ענותני ארעא לעלמין:
19,Psalms,76,11,Psalms 76:11,"כד אנת רגז על עמך אנת מרחם עליהון והנון יודין לשמך ושארא דרתחא דאשתאר לך מן רוגזא די רגזתא: ת""א ארום כד יתקוף רוגזך על עמך יתובון ויודון לשמך:"
19,Psalms,76,12,Psalms 76:12,נדרו נדרין ושלימו קדם יי אלהכון כל דיתבין חזור חזור למקדשיה ייתון קורבניא לבית מקדש דחיל:
19,Psalms,76,13,Psalms 76:13,יזער גסות רוחהון דרברבניא דחילא על כל מלכי ארעא:
19,Psalms,77,1,Psalms 77:1,לשבחא על יד ידותון לאסף תושבחא:
19,Psalms,77,2,Psalms 77:2,קלי קדם יי ואקבל קלי קדם אלהא ואצית מימרי:
19,Psalms,77,3,Psalms 77:3,ביום עקתי אולפן מן קדם יי תבעית שרת עלי נבואה בליליא זלגת עיני דמעתא ולא ספוג סריבת לאתנחמא נפשי:
19,Psalms,77,4,Psalms 77:4,אדכר אלהא וארגוש קדם יי אמלל ותשתלהי רוחי לעלמין:
19,Psalms,77,5,Psalms 77:5,אחדתא תימורתא דעיני אטרפית ולא אמלל:
19,Psalms,77,6,Psalms 77:6,מניתי יומין טבין דמן לקדמין שניא טביא דמן עלמין:
19,Psalms,77,7,Psalms 77:7,אדכר תושבחתי בליליא עם הרהורי לבבי אמלל ויבלש נסיא מנדע דרוחי:
19,Psalms,77,8,Psalms 77:8,האפשר די לעלמין ירחק יי ולא יוסיף לאתרעיא תוב:
19,Psalms,77,9,Psalms 77:9,האפשר די פסק לעלמין טוביה שלים פתגם דביש על כל דר ודר:
19,Psalms,77,10,Psalms 77:10,האפשר דאתנשי לחיסא אלהא אין סליק ברוגזי מן למכמר רחמוי לעלמין:
19,Psalms,77,11,Psalms 77:11,ואמרית מרעותי הוא אשתניו גבורת ימין עלאה :
19,Psalms,77,12,Psalms 77:12,אדכר עובדי אלהא ארום אדכר מן לקדמין פרשותך:
19,Psalms,77,13,Psalms 77:13,ורננית בכל עובדך טביא ובתסקופי נסך אמלל:
19,Psalms,77,14,Psalms 77:14,אלהא דקדישין אורחתך מן אלהא רבא כאלהא דישראל:
19,Psalms,77,15,Psalms 77:15,אנת הוא אלהא עביד פרישן הודעת בעמיא עושנך:
19,Psalms,77,16,Psalms 77:16,פרקתא בגבורת אדרעך עמך בניא דאוליד יעקב וזן יוסף לעלמין:
19,Psalms,77,17,Psalms 77:17,חמון שכנתך בגו ימא אלהא חמון גבורתך על ימא רתתון עמיא לחוד אתרגזון תהומיא:
19,Psalms,77,18,Psalms 77:18,אחיתו מיא ענני שמיא קלין יהבו שחקי לחוד כפי גררך אזלין ומשתלהבין:
19,Psalms,77,19,Psalms 77:19,קל אכליותך בגלגלא אשתמע אנהירו ברקין תבל רגזת ואתרגיפת ארעא:
19,Psalms,77,20,Psalms 77:20,בימא דסוף אורחך וכבשך במין סגיעין ורושמת פסיעתך לא אתידעו:
19,Psalms,77,21,Psalms 77:21,דברת היך ענא עמך ביד משה ואהרן:
19,Psalms,78,1,Psalms 78:1,שכלא דרוח קדשא על ידוי דאסף אצית עמי אוריתי אצלון אודניכון למימרי פומי:
19,Psalms,78,2,Psalms 78:2,אפתח במתל פומי אביע חדון דמן לקדמין:
19,Psalms,78,3,Psalms 78:3,די שמענן וידענן להון ואבהתן תניאו לנא:
19,Psalms,78,4,Psalms 78:4,לא נכסי מבניהון לדר בתרי משתעין תשבחתא דיי ועשניה ופרישותיה די עבד:
19,Psalms,78,5,Psalms 78:5,ואקים סהדותא בדבית יעקב ואוריתא גזר דבית ישראל די פקד לאבהתן להודעותהון לבניהון:
19,Psalms,78,6,Psalms 78:6,מן בגלל די ידעון דר בתרי בנין דמתילדין יקומון ויתנון לבניהון:
19,Psalms,78,7,Psalms 78:7,וישוון באלהא סבריהון ולא יתנשון עובדי אלהא ופקודוי ינטרון:
19,Psalms,78,8,Psalms 78:8,ולא יהוון היך אבהתהון דר מסרבן ומרגיז דר דלא מתקן לביה למריה ולא הות מהימנא באלהא רוחיה:
19,Psalms,78,9,Psalms 78:9,כד הוו יתבין במצרים אתרברבו בני אפרים מנו קצא וטעו ונפקו תלתין שנין קדם קצא בזיני קרבא וגברא נטלי קשתא אפיכו קדל ואתקטלו ביום סדרי קרבא:
19,Psalms,78,10,Psalms 78:10,מטול דלא נטרו קים אלהא ובאוריתיה סרבו להלכא:
19,Psalms,78,11,Psalms 78:11,ואתנשיאו עובדוי עמא בית ישראל ופרישותיה די אחמי יתהון:
19,Psalms,78,12,Psalms 78:12,קבל אברהם יצחק ויעקב ושבטיא דאבהתהון עבד פרישן בארעא דמצרים חקל טאניס:
19,Psalms,78,13,Psalms 78:13,בזע ימא בחוטרא דמשה רבהון ואעברנון ואוקים מיא צרירין היך זיקא:
19,Psalms,78,14,Psalms 78:14,ודברינון בעננא ביממא וכל ליליא בנהור אשא:
19,Psalms,78,15,Psalms 78:15,בזע טורין בחוטריה דמשה רבהון במדברא ואשקי כד בתהומיא רברבן:
19,Psalms,78,16,Psalms 78:16,ואפיק נוזלא דמיא מן כיפא ואוחית היך נהרין דנגדין מיא:
19,Psalms,78,17,Psalms 78:17,ואוסיפו תוב למחטי קדמוי למרגז קדם עלאה במדברא צחי:
19,Psalms,78,18,Psalms 78:18,ונסיאו אלהא בלבהון למשאל אוכלא לנפשיהון:
19,Psalms,78,19,Psalms 78:19,ואתרעמו קדם יי אמרו האית יוכלא קדם אלהא לסדרא פתורא במדברא:
19,Psalms,78,20,Psalms 78:20,הא כבר מחא בטינר ודיבו מיא ונחליא הלחוד לחמא יכיל למתן אם יתקן מזונא לעמיה:
19,Psalms,78,21,Psalms 78:21,בכן שמיע קדם אלהא ורגיז ואשתא אתסקת בדבית יעקב ולחוד תקוף רוגזא סליק בישראל:
19,Psalms,78,22,Psalms 78:22,ארום לא הימינו באלהא ולא אתרחיצו בפורקניה:
19,Psalms,78,23,Psalms 78:23,ופקיד שחקי מלעיל ודשי שמיא פתח:
19,Psalms,78,24,Psalms 78:24,ואחית עליהון מנא למיכל ועבור שמיא יהב להון:
19,Psalms,78,25,Psalms 78:25,מזון דנחת ממדור מלאכיא אכלו בני נשא זודין שלח להון לשבעה:
19,Psalms,78,26,Psalms 78:26,אטיל רוח קדומא בשמיא ודבר בעושניה רוח דרומא:
19,Psalms,78,27,Psalms 78:27,ואחית עליהון היך כעפרא בסרא והיך חלא דימא עופא דפרח:
19,Psalms,78,28,Psalms 78:28,ואפיל במצע משריתיה חזור חזור למשכנוי:
19,Psalms,78,29,Psalms 78:29,ואכלו ושבעו לחדא ורגוגיהון איתי להון:
19,Psalms,78,30,Psalms 78:30,זרו מן רגוגיהון עד כדין מיכלהון בפומהון:
19,Psalms,78,31,Psalms 78:31,ורוגזא דאלהא סליקת בהון וקטיל בגבריהון ועולימי ישראל אחמיט:
19,Psalms,78,32,Psalms 78:32,בכל דא חבו תוב ולא הימינו בפרישותוי:
19,Psalms,78,33,Psalms 78:33,ושיצי בלמא יומיהון ושנתיהון בבהולתא:
19,Psalms,78,34,Psalms 78:34,בזמן דקטלנון תיבין ותבעו יתיה ויתובון ויצלון קדם אלהא:
19,Psalms,78,35,Psalms 78:35,ואדכרו ארום אלהא תקיפהון ואלהא עלאה פרקינון:
19,Psalms,78,36,Psalms 78:36,ושרגינון ליה בפומהון ובלישנהון מכדבין ליה:
19,Psalms,78,37,Psalms 78:37,מטול דלבהון לא מהימן עמיה ולא הימינו בקימיה:
19,Psalms,78,38,Psalms 78:38,והוא רחמנא מכפר עויתהון ולא מחבל יתהון ומסגי למתב מן רוגזיה ולא יוחי בהון כל חמתיה:
19,Psalms,78,39,Psalms 78:39,ודכיר ארום בני בסרא הנון רוחא דאזיל ולא תאב:
19,Psalms,78,40,Psalms 78:40,כמה יסרבון ליה במדברא ירגזון קדמוי באתר צדיא:
19,Psalms,78,41,Psalms 78:41,ותבו ונסיאו אלהא וקדישא דישראל אתוו תוהא:
19,Psalms,78,42,Psalms 78:42,לא אדכרו ית נסא דידיה ויומא דפרקנון מן מעיקא:
19,Psalms,78,43,Psalms 78:43,דשוי במצרים אתוהי ותמהוי בחקל טאניס:
19,Psalms,78,44,Psalms 78:44,והפך לדמא אריתיהון ונוזליון לא שתן מנהון:
19,Psalms,78,45,Psalms 78:45,יגרי בהון ערבובי חיות ברא וגמר יתהון ועורדעניא ויחבל יתהון:
19,Psalms,78,46,Psalms 78:46,ויהב ומסר לזחלא עבורהון ולעותהון לגובאי:
19,Psalms,78,47,Psalms 78:47,וקלף בברדא גופניהון ושקמתהון בכרזובא:
19,Psalms,78,48,Psalms 78:48,ומסר לברדא בעירהון וגיתהון לרשפין די נור:
19,Psalms,78,49,Psalms 78:49,יגרי בהון מאתן וחמשין מחן בתקוף רוגזיה ברתחא ובתריכותא ובעקא דמשתלחן בעדן בידיהון דאזגדין בישין:
19,Psalms,78,50,Psalms 78:50,יטיל בכביש תוקפיה לא מנע ממותא נפשיהון ובעיריהון לממותא מסר:
19,Psalms,78,51,Psalms 78:51,וקטל כל בוכרא במצרים שרו צעריהון במשכנהון דחם:
19,Psalms,78,52,Psalms 78:52,ואטיל היך ענא עמי ודברנון היך ענא עדרא במדברא:
19,Psalms,78,53,Psalms 78:53,ואשרנון לרוחצן ולא דחלין וית בעלי דבביהון חפא ימא:
19,Psalms,78,54,Psalms 78:54,ואעלנו לתחום אתר בית מקדשיה טור דין קנת ימיניה:
19,Psalms,78,55,Psalms 78:55,ותרך מן קדמיהון עמיא ואשרי יתהון בעדב אחסנתיה ואשרי במשכנהון שבטיא דישראל:
19,Psalms,78,56,Psalms 78:56,ואנסיאו וארגיזו קדם אלהא עלאה וסהדותיה לא נטרו:
19,Psalms,78,57,Psalms 78:57,וזורו וארשיעו היך אבהתהון אתהפיכו היך קשתא דרמיא גררין:
19,Psalms,78,58,Psalms 78:58,וארגיזו קדמוי בנסכיהון ובפסליהון ובצלמניהון אקנון יתיה:
19,Psalms,78,59,Psalms 78:59,שמיע קדם אלהא ורגז ורחקת נפשיה לחדא בישראל:
19,Psalms,78,60,Psalms 78:60,ושבק משכנא דשילו משכן די שרת תמן שכנתיה בגו נשא:
19,Psalms,78,61,Psalms 78:61,ומסר לקטלין בחרבא עמיה ובאחסנתיה ארגיז:
19,Psalms,78,62,Psalms 78:62,ומסר לשביתא אוריתיה ושבהוריה לקטלין בחרבא עמיה ובאחסנתיה ארגין:
19,Psalms,78,63,Psalms 78:63,עולימוהי אכלת אשתא ובתולתיה לא אשתבחן:
19,Psalms,78,64,Psalms 78:64,כהנוי בקטלא דחרבא יפלון וארמלתוי לא ספיקן דתבכין :
19,Psalms,78,65,Psalms 78:65,ואתער היך דמיך יי היך גברא דמתפקח מן חמרא:
19,Psalms,78,66,Psalms 78:66,ומחא מעיקוי בטחוריא באחוריהון קלנא דעלמא יהב להון:
19,Psalms,78,67,Psalms 78:67,ורחיק במשכנא דפרס על תחומיה דיוסף ובשבט אפרים לא רעא:
19,Psalms,78,68,Psalms 78:68,ואתרעי ית שבט יהודה ית טורא דציון די רחים:
19,Psalms,78,69,Psalms 78:69,ובנא היך קרנא דרימנא מקדשיה מעתד היך ארעא דיסדה לעלמי עלמין:
19,Psalms,78,70,Psalms 78:70,ואתרעי בדוד עבדיה ודבריה מן עדרי דענא:
19,Psalms,78,71,Psalms 78:71,ומן בתר מינקן איתיה למשלט ביעקב עמיה ובישראל אחסנתיה:
19,Psalms,78,72,Psalms 78:72,ומלך עליהון בשלימות לבביה ובסוכלתנות אידוי ידברנון:
19,Psalms,79,1,Psalms 79:1,תושבחא על ידוי דאסף על חורבן בית מקדשא אמר ברוח נבואה אלהים אתו עמיא באחסנתך סאיבו ית היכל קדשך שויאו ית ירושלם לצדו:
19,Psalms,79,2,Psalms 79:2,יהבו ית גושמי עבדך למיכלא לעופא דשמיא בסר חסידך לחיות ארעא:
19,Psalms,79,3,Psalms 79:3,שדון אדמהון היך מיא חזרנות דירושלם ולית דקבר:
19,Psalms,79,4,Psalms 79:4,הוינא קלנא לשכננא תולעבא וגוחכא לחזרנותנא:
19,Psalms,79,5,Psalms 79:5,עד אימתי יי תתקוף לעלמין תבער היך אשא טננותך:
19,Psalms,79,6,Psalms 79:6,שדי חמתך על פלחי כוכביא דלא חכימו יתך ועל מלכותא דכשדאי די בשמך לא צליאו:
19,Psalms,79,7,Psalms 79:7,ארום גמרו בית יעקב וית בית מקדשיה אצדיאו:
19,Psalms,79,8,Psalms 79:8,לא תדכר לנא עוין דמן שרויא בסרהוביא יקדמו לך טבותך ארום אתמסכננא לחדא:
19,Psalms,79,9,Psalms 79:9,סעד יתנא אלהא פורקננא מטול איקר שמך ופרוק יתנא וכפר על חובנא בגלל שמך:
19,Psalms,79,10,Psalms 79:10,למה יימרון עמיא אן אלההון יתגלי בעמיא למחמינא פורענות אדם עבדך דאשתפך:
19,Psalms,79,11,Psalms 79:11,תעול קדמך אנקתא דאסירי היך סגי תקוף אדרעך שרי בניא דמתמסרין למיתותא:
19,Psalms,79,12,Psalms 79:12,ואתיב לשכננא על חד שבעה גומלא על פורענות קימהון וחסודן די חסדו יתך יי:
19,Psalms,79,13,Psalms 79:13,ואנחנא עמך ועאן רעיתך נודי קדמך לעלם דרי לדרי דריא נתני תושבחתך:
19,Psalms,80,1,Psalms 80:1,לשבחא על יתבי סנהדרין די מתעסקין בסהדות אוריתא על ידוי דאסף תושבחתא:
19,Psalms,80,2,Psalms 80:2,פרנסא דישראל אצית דמדבר היך ענא ארונא דיוסף דשכינתיה שריא ביני כרוביא הופע:
19,Psalms,80,3,Psalms 80:3,קדם אפרים ובנימין ומנשה עורר ית כח גבורתך עלנא ועלך מן דינא למפרוק לנא:
19,Psalms,80,4,Psalms 80:4,אלהא אתיב יתנא מגלותנא ואנהר זיו סבר אפך עלנא ונתפרק:
19,Psalms,80,5,Psalms 80:5,יי אלהים צבאות עד אימתי לא קבלתא צלותא דעמך:
19,Psalms,80,6,Psalms 80:6,אוכלתא להון לחם טמיש בדמעתא ואשקיתן חמר דמעא תלתי:
19,Psalms,80,7,Psalms 80:7,שויתנא למדנא לשיבבנא ובעלי דבבנא יתלעבון להון:
19,Psalms,80,8,Psalms 80:8,אלהים צבאות אתיב יתנא מגלותנא ואנהר זיו סבר אפך עלנא ונתפרק:
19,Psalms,80,9,Psalms 80:9,בית ישראל דמתילין לגופנא ממצרים אטלתא תרכתא עמיא מארעא דישראל ונצבתנון:
19,Psalms,80,10,Psalms 80:10,פניתא מן קדמיהון כנענאי ושרשתא שורשיהון ומלאת ארעא:
19,Psalms,80,11,Psalms 80:11,חפין טוריא דירושלם טול בית מקדשא ובתי מדרשיא רבנין אמרין אלימין דמתילין לארזין תקיפין:
19,Psalms,80,12,Psalms 80:12,שבשת שבשין עד ימא רבא ולנהר פרת יניקהא:
19,Psalms,80,13,Psalms 80:13,למא תקפתא גודרהא ומכסחין יתה כל עברי אורחא:
19,Psalms,80,14,Psalms 80:14,ינוברנה חזיר דמן חורשא ותרנגול ברא יתפרנס מנה:
19,Psalms,80,15,Psalms 80:15,אלהים צבאות תוב כדון אסתכל מן שמיא וחמי ואדכר ברחמי גופנא הדא:
19,Psalms,80,16,Psalms 80:16,ועוברא די נציבת ימינך ועל מלכא משיחא דחילתא לך:
19,Psalms,80,17,Psalms 80:17,מתוקדא בנורא ומפרכא ממזופיתא דמן קדמך ייבדון:
19,Psalms,80,18,Psalms 80:18,תהי אידך על גבר דקיימתא ליה ביד ימינך על בר נש דחילתא לך:
19,Psalms,80,19,Psalms 80:19,לא נזור מבתר דחלתך תקימננא ובשמך נקרי:
19,Psalms,80,20,Psalms 80:20,יי אלהים צבאות אתיב יתנא מגלותא אנהר זיו סבר אפך עלנא ונתפרק:
19,Psalms,81,1,Psalms 81:1,לשבחא על כנרא דאתיא מן גת על ידא דאסף:
19,Psalms,81,2,Psalms 81:2,שבחו קדם אלהים עושננא יבבו קדם אלהא דיעקב:
19,Psalms,81,3,Psalms 81:3,ארימו קלא בתושבחתא וסדרו תופיא כנרא דקליה בסים עם נבלין:
19,Psalms,81,4,Psalms 81:4,תקעו בירחא דתשרי שופרא בירחא דמתכסי יומי חגיא דילנא:
19,Psalms,81,5,Psalms 81:5,ארום קים גזר ישראל הוא הלכת דינא לאלהא דיעקב:
19,Psalms,81,6,Psalms 81:6,סהדותא על יהוסף שויה דלא קרב לאתת רבוניה ביה ביומא נפק מבית אסירי ושליט בכל ארעא דמצרים ספתא דלא חכימת אליפית שמעית:
19,Psalms,81,7,Psalms 81:7,אעדיתי משעבודא כתפיה אידוי מן למרמי טינא לקדרא אסתלקן:
19,Psalms,81,8,Psalms 81:8,בעדן עקתא דמצרים קרית ופצית יתך ענית יתך באתר טמיר בית שכנתי דאכלין קדמוי גלגלין די נור בחנתך על מי מצותא לעלמין:
19,Psalms,81,9,Psalms 81:9,שמעו עמי ואסהיד בכון ישראל אם תקבל למימרי:
19,Psalms,81,10,Psalms 81:10,לא יהי ביניכון פלחי טעותא נוכראה ולא תסגדון לטעות חילוני:
19,Psalms,81,11,Psalms 81:11,אנא יי אלהך דאסקית יתכון מארעא דמצרים אפתי פומך בפתגמי אוריתא ואמלי יתה מכל טבתא:
19,Psalms,81,12,Psalms 81:12,ולא קבילו עמי לקלי וישראל לא צבו למימרי:
19,Psalms,81,13,Psalms 81:13,ותרכתיה בהרהורי לבהון אזלו במלכת רשיעיהון:
19,Psalms,81,14,Psalms 81:14,הלואי עמי שמע לי ישראל באורחתי יהלכון:
19,Psalms,81,15,Psalms 81:15,כזער בעלי דבביהון אמאך ועל בעלי דבביהון אתיב מחת גבורתי:
19,Psalms,81,16,Psalms 81:16,סנאי יי יכדבון ליה ויהי תוקפיהון לעלם:
19,Psalms,81,17,Psalms 81:17,ויאכלניה מן טוב לחם חטין ומן טינרא דובשא אשבענך:
19,Psalms,82,1,Psalms 82:1,תושבחתא על ידא דאסף אלהים שכנתיה שריא בכנישת צדיקין דתקיפין באוריתא במצע דינין דקשוט ידן:
19,Psalms,82,2,Psalms 82:2,עד אימתי רשיעיא תדונון שקר ואפי רשיעיא תסבון לעלמין:
19,Psalms,82,3,Psalms 82:3,דונו מסכנא אצדיקו:
19,Psalms,82,4,Psalms 82:4,שזיבו מסכן ויתמא עניא ומסכנא וחשוכא מן ידיהון דרשיעיא פצו יתהון:
19,Psalms,82,5,Psalms 82:5,לא חכימו לאוטבא ולא אתבינן באוריתא בחשוכא מהלכין מטול היכנא מתמוטטין רגליהון די בסיסי ארעא:
19,Psalms,82,6,Psalms 82:6,אנא אמרית הי כמלאכיא אתון חשיבין והיך אנגלי מרומא כולכון:
19,Psalms,82,7,Psalms 82:7,ברם בקושטא היך בני נשא תמותון והיך חד מן רברבניא תפלון:
19,Psalms,82,8,Psalms 82:8,קום יי דון ית כל יתבי ארעא ארום את תחסין בכל עממיא:
19,Psalms,83,1,Psalms 83:1,שיר ושבחא על ידא דאסף:
19,Psalms,83,2,Psalms 83:2,אלהים לא תשתוק לך לא תתרשל ולא תשדוך אלהא:
19,Psalms,83,3,Psalms 83:3,ארום הא בעלי דבבך מתרגשין וסנאך זקיפו רישא:
19,Psalms,83,4,Psalms 83:4,על עמך נכילו רזא ומתמלכין על דמתטשין באוצריך:
19,Psalms,83,5,Psalms 83:5,אמרין אתו ונכנסון מלמהוי עם ולא אדכר שמא דישראל תוב:
19,Psalms,83,6,Psalms 83:6,ארום אתמלכון בכל לבא עלך כחדא ואמטולתך קימא גזרין:
19,Psalms,83,7,Psalms 83:7,משכני אדומאי וערבאי מואבאי והונגראי:
19,Psalms,83,8,Psalms 83:8,גובלאי ועמונאי ועמלקאי פלשתאי עם יתבי צור:
19,Psalms,83,9,Psalms 83:9,לחוד סנחריב מלכא דאתור אתחבר עמהון הוון לסעיד לבני לוט לעלמין:
19,Psalms,83,10,Psalms 83:10,עבד להון היך עבדתא למדין ולסיסרא והיך עבדתא ליבין בנחל דקישון:
19,Psalms,83,11,Psalms 83:11,אשתציו בעינא דדאר הוון היך רעי דרמיס לארעא:
19,Psalms,83,12,Psalms 83:12,שוי יתהון ורבניהון היך עורב והיך זאב והיך זבח והיך צלמונע כל מלכיהון:
19,Psalms,83,13,Psalms 83:13,די אמרו נירת לנא ית כל עידית אלהים:
19,Psalms,83,14,Psalms 83:14,אלהי שוי יתהון היך גלגלא דמתגלגל ואזל ולא ניח במדרון והיך קשא קדם זעפא:
19,Psalms,83,15,Psalms 83:15,היך אשא דבערא בחורשא והיך שלהוביתא דמצלהבא זרזי טוריא:
19,Psalms,83,16,Psalms 83:16,הכנא תרדפנון בעלעולך ובזעפך תבהלנון:
19,Psalms,83,17,Psalms 83:17,מליא אפיהון קלנא ויבעון שמך יי:
19,Psalms,83,18,Psalms 83:18,יבהתון ויבהלון לעלמי עלמין ויתחסדון ויהובדון:
19,Psalms,83,19,Psalms 83:19,וידעו ארום את שמך יי בלחוד עלאה על כל יתבי ארעא:
19,Psalms,84,1,Psalms 84:1,לשבחא על כנרא דאתיא מגת על ידיהון דבני קרח תושבחתא:
19,Psalms,84,2,Psalms 84:2,מה הנון רחימין משכניך יי צבאות:
19,Psalms,84,3,Psalms 84:3,רגגת ולחוד תאיבת נפשי לדרת יי לבי ובסרי מרננן לאלהא קים:
19,Psalms,84,4,Psalms 84:4,לחוד יונתא אשכחת ביתא ושפנינא שרכפא ליה די כשרין גוזליה לאתקרבא על מדבחתך יי צבאות מלכי ואלהא:
19,Psalms,84,5,Psalms 84:5,טוביהון דצדיקין דיתבין בבית מקדשך תוב ישבחונך לעלמין:
19,Psalms,84,6,Psalms 84:6,טוביה דגבר דעושנא ליה במימרך רוחצנותא בלבביהון:
19,Psalms,84,7,Psalms 84:7,רשיעיא דעברין עם עומקי גהנם בכין בכיתא היך מעינא ישוניה לחוד ברכן יעטוף לדתיבין לאולפן אוריתיה:
19,Psalms,84,8,Psalms 84:8,אזלין צדיקיא מן בית מקדשא לבית מדרשא יתחמי לעות אוריתא דילהון קדם יי דשכנתיה שריא בציון:
19,Psalms,84,9,Psalms 84:9,אמר דוד יי אלהים צבאות קבל צלותי אצית אלהא דיעקב לעלמין:
19,Psalms,84,10,Psalms 84:10,זכות אבהתנא חמי אלהים ואסתכל אנפי משיחך:
19,Psalms,84,11,Psalms 84:11,ארום טב למתב יומא חד בדרת מקדשך מן אלף בגלותא בחרת לאדבקא בבית מקדש אלהא מן למדר במשכני רשיעא:
19,Psalms,84,12,Psalms 84:12,ארום היך שור רם ותריס תקיף יי אלהים חנא ויקרא יתן יי לא יכסי טבא מן דאזלין בשלימותא:
19,Psalms,84,13,Psalms 84:13,יי צבאות טב לבר נשא דמתרחץ במימרך:
19,Psalms,85,1,Psalms 85:1,לשבחא על ידיהון דבני קרח תושבחא:
19,Psalms,85,2,Psalms 85:2,רעיתא יי ארעך אתבת שביתא דבית יעקב:
19,Psalms,85,3,Psalms 85:3,שבקתא חוביהון דעמך כסיתא כל חטאיהון לעלמין:
19,Psalms,85,4,Psalms 85:4,כנשתא כל רוגזך תבתא מן תקוף רוגזך:
19,Psalms,85,5,Psalms 85:5,תוב לותנא אלהא פורקנא ובטל רוגזך עמנא:
19,Psalms,85,6,Psalms 85:6,האפשר די לעלמיא תתקוף בנא תנגיד תוקפך לדר ודר:
19,Psalms,85,7,Psalms 85:7,הלא את תתוב תחיי יתנא ועמך ייחדון במימרך:
19,Psalms,85,8,Psalms 85:8,אחמי יתנא יי טובך ופורקנך תתיהב לנא:
19,Psalms,85,9,Psalms 85:9,אשמע מה ימלל אלהא יי ארום ימלל שלם לעמיה ולחסידוי ולא יחזרון לסכלא:
19,Psalms,85,10,Psalms 85:10,ברם קריב לדחלין מניה פורקניה לאשראה יקרא בארענא:
19,Psalms,85,11,Psalms 85:11,טבון וקשוט ארעין צדקא ושלמא אדבקו:
19,Psalms,85,12,Psalms 85:12,קשוט מן ארעא ארבית וצדקא מן שמיא אודיק:
19,Psalms,85,13,Psalms 85:13,לחוד יי יתן טבא וארענא תתן אבה:
19,Psalms,85,14,Psalms 85:14,צדקא קדמוי יהלך ושוי לאורח טב אסתורוי:
19,Psalms,86,1,Psalms 86:1,צלותא דצלי דוד אצלי יי אודנך עני יתי ארום עניא וחשיכא אנא:
19,Psalms,86,2,Psalms 86:2,נטור נפשי ארום חסידא אנא פרוק עבדך את אלהי די אנא מתרחץ עלך:
19,Psalms,86,3,Psalms 86:3,חוס עלי יי ארום קדמך אצלי כל יומא:
19,Psalms,86,4,Psalms 86:4,אחדי נפשא דעבדך ארום לותך יי נפשי אזקוף בצלו:
19,Psalms,86,5,Psalms 86:5,ארום את הוא יי טב לצדיקיא ושבק לדתיבין לאוריתיה ומסגי טיבו לכל דמצלין קדמך:
19,Psalms,86,6,Psalms 86:6,אצית יי צלותי וקבל לקל תחנוני:
19,Psalms,86,7,Psalms 86:7,ביומא דעקתי אקרי לותך ארום את עני יתי:
19,Psalms,86,8,Psalms 86:8,לית בר מינך באנגלי מרומא יי ולית כעובדך:
19,Psalms,86,9,Psalms 86:9,כל עממיא די עבדת ייתון ויסגדון קדמך יי ויתנון איקר לשמך:
19,Psalms,86,10,Psalms 86:10,ארום רבא את אלהא ועבד פרישן את הוא אלהא בלחודך:
19,Psalms,86,11,Psalms 86:11,אלף יתי יי אורחתך אתהלך בקושטך יחד לבבי למדחל שמך:
19,Psalms,86,12,Psalms 86:12,אודי קדמך יי אלהי בכל לבבי ואיקר שמך לעלם:
19,Psalms,86,13,Psalms 86:13,ארום טובך רב עלי ופציתא נפשי משיול ארעיתא:
19,Psalms,86,14,Psalms 86:14,אלהא זדונין קמו עלי ותקיפין תבעו נפשי ולא שויאו יתך לקבלהון:
19,Psalms,86,15,Psalms 86:15,ואת יי אלהא רחמנא וחננא מרחק רגז ומסגי למעבד טבון וקשוט:
19,Psalms,86,16,Psalms 86:16,אתפני לותי וחוס עלי הב עושנך לעבדך ופרוק לבר אמתך:
19,Psalms,86,17,Psalms 86:17,עבד עמי את לטבא בזמן דעיל שלמה ברי ית ארונא בבית מקדשא יתפתחן תרעיא אמטולתי ויחמו סנאי ארום שבקתא לי ויבהתון וידון ארום את יי סיעתני ונחמתני:
19,Psalms,87,1,Psalms 87:1,על ידיהון דבני קרח אתאמר שירתא דמתיסד על פום אבהתא דמן לקדמין:
19,Psalms,87,2,Psalms 87:2,רחם יי מעלני בתי מדרשיא דקביען בציון מכל בתי כנישיא דבית יעקב:
19,Psalms,87,3,Psalms 87:3,מלין דיקר אתמלל עלך קרתא דאלהא לעלמין:
19,Psalms,87,4,Psalms 87:4,אדכרו תושבחתך מצראי ובבלאי לידעי יתך הא פלשתאי וצוראי עם כושאי דין מליך אתרבא תמן:
19,Psalms,87,5,Psalms 87:5,ולציון יתאמר דוד מלכא ושלמה בריה אתרבא בגוה ואלהא הוא ישכללנה לעילא:
19,Psalms,87,6,Psalms 87:6,יי על ספרא די מכתבין ביה חושבן כל עלמיא דין מליך אתרבא תמן לעלמין:
19,Psalms,87,7,Psalms 87:7,ואמרי שירין על חנגיא כל מיני תושבחן על קורבנא מתאמרין בגוך:
19,Psalms,88,1,Psalms 88:1,שירא ותושבחתא על ידיהון דבני קרח על צלותא לשבחא שכלא טבא על ידוי דהימן יציבא:
19,Psalms,88,2,Psalms 88:2,יי אלהא פורקניה יימם קבלית בליליא צלותי לקבלך:
19,Psalms,88,3,Psalms 88:3,תעול קדמך צלותי אצלי אודנך לבעותי: :
19,Psalms,88,4,Psalms 88:4,ארום שבעת בבישן נפשי וחיי לשיול מטו:
19,Psalms,88,5,Psalms 88:5,אתחשבית עם נחתי בית אסירי הויתי היך בר נש דלית ליה חילא:
19,Psalms,88,6,Psalms 88:6,היך רשיעיא דמיתו ולא תבו יתעבדו בני חורין מן מצותא היך קטילין דחרבא שכבי בית קבורתא דלא דכרתנון תוב והנון מאפי שכנתך אתפלגון:
19,Psalms,88,7,Psalms 88:7,שויתא יתי בגלותא דמתילא לגובא ארעיתא בחשוכיא במצולתא:
19,Psalms,88,8,Psalms 88:8,עלי סמכת חמתך וכל גזירן בישן תברו יתי סגפתא לעלמין:
19,Psalms,88,9,Psalms 88:9,ארחקתא מיודעי מני שויתא יתי ריחוקין להון כלוא בבית אסירי ולא אפוק:
19,Psalms,88,10,Psalms 88:10,עיני זלגת דמעין מן עניתא קריתך יי בכל יומא פרסית לותך בצלו ידי:
19,Psalms,88,11,Psalms 88:11,האפשר די למיתיא תעביד פרישן אין גושמיא דאתמסיאו בעפרא יקומון יודון קדמך לעלמין:
19,Psalms,88,12,Psalms 88:12,האפשר די יתחוי בבית קבורתא טובך קושטא בבית אבדנא:
19,Psalms,88,13,Psalms 88:13,האפשר די תודעו בחשך גהנם פרישותך וצדקתך דצחותא וצדיא:
19,Psalms,88,14,Psalms 88:14,ואנא קדמך יי צליתי ובצפרא צלותי תקדמינך:
19,Psalms,88,15,Psalms 88:15,למה יי שבקתא נפשי תעלים אפך מני דלא אחמי בנהורך נהורא:
19,Psalms,88,16,Psalms 88:16,עניא אנא ונגיד מן טליא סוברית רחימתך טעינא עלי:
19,Psalms,88,17,Psalms 88:17,עלי עברו רוגזיך בעתיך שיציאו יתי:
19,Psalms,88,18,Psalms 88:18,אחזרו יתי היך מוי כל יומא אקיפון עלי כחדא:
19,Psalms,88,19,Psalms 88:19,ארחקתא מני רחימא וחברא ולידעי חשיך אנא בפומהון:
19,Psalms,89,1,Psalms 89:1,שכלא טבא דאתאמר על ידא דאברהם דאתא מן מדינחאה:
19,Psalms,89,2,Psalms 89:2,חסדא דיי לעלם אשבח לדר ודר אהודע קושטך בפומי:
19,Psalms,89,3,Psalms 89:3,ארום אמרית עלמא בחסדא יתבני שמיא תתקן קושטך בהון:
19,Psalms,89,4,Psalms 89:4,גזרית קים לאברהם בחירי קימית לדוד עבדי:
19,Psalms,89,5,Psalms 89:5,עד עלמא אתקין בניך ואבני לדר ודר כורסי מלכותך לעלמין:
19,Psalms,89,6,Psalms 89:6,ויודון שמיא פרשותך יי לחוד קושטך בכנישת קדישין:
19,Psalms,89,7,Psalms 89:7,ארום מן הוא בשחקי דמשתוי ליי דדמי ליי באוכלוסי מלאכיא:
19,Psalms,89,8,Psalms 89:8,אלהא תקיפא ברזיהון דקדישין יתיב על כורסי יקרא ורבא ודחיל על כל מלאכיא דקימין חזור חזור ליה:
19,Psalms,89,9,Psalms 89:9,יי אלהא על כל חילי מרומא מן דכותך חסינא יי וקושטך חזור לך:
19,Psalms,89,10,Psalms 89:10,את שליט בגיותנותא דימא כד מתרבא מתנטלין גלוי אנת תמאיכנון:
19,Psalms,89,11,Psalms 89:11,את שפיתא היך קטיל דחרבא רהבא הוא פרעה רשיעא בתקוף אדרע עושנך בדרא בעלי דבבך:
19,Psalms,89,12,Psalms 89:12,די לך שמיא לחוד די לך ארעא תבל ומליא את יסדתנון:
19,Psalms,89,13,Psalms 89:13,מדבריא די בצפונא ויתבין די בדרומא וחרמון די במדינחא בשמך משבחין:
19,Psalms,89,14,Psalms 89:14,די לך אדרעא עם גבורתא תעשן ידך למפרק עמך תרום ימינך לשכללא בית מקדשך:
19,Psalms,89,15,Psalms 89:15,צדקתא ודינא מדור כורסי יקרך טיבו וקשוט מקדמין אפך:
19,Psalms,89,16,Psalms 89:16,טוביהון דעמא דידעין לרצויי בריהון ביבבא יי בנהור זיו אפך יהלכון ויזכון בדינא:
19,Psalms,89,17,Psalms 89:17,בשמך ירננון כל יומא ובצדקתך יתרוממון:
19,Psalms,89,18,Psalms 89:18,ארום שבהור עושנהון את וברעותך תרים קרנהון:
19,Psalms,89,19,Psalms 89:19,ארום דיי הנון תריסנא ודיי קדיש ישראל מלכנא:
19,Psalms,89,20,Psalms 89:20,בהדין מללתא בחזונא לחסידיך ואמרת שויתי סעיד לעמי על ידיה דמתגבר באוריתא אפרשית עולים מן ביני עמא:
19,Psalms,89,21,Psalms 89:21,אשכחית דוד עבדי במשח קודשא רביתי יתיה:
19,Psalms,89,22,Psalms 89:22,די אידי מתקנן בסעדיה ברם אדרעי תחילניה:
19,Psalms,89,23,Psalms 89:23,לא יטעי בעל דבבא ביה ובר רשיעא לא יסגפניה:
19,Psalms,89,24,Psalms 89:24,ואשוף מן קדמהי מעיקוי ומסנאוי אגוף:
19,Psalms,89,25,Psalms 89:25,וקושטי וטובי עמיה ובשום מימרי תרומם יקריה:
19,Psalms,89,26,Psalms 89:26,ואשוי במחוזי ימא שולטניה וביתבי על נהרותא גבורת ימיניה:
19,Psalms,89,27,Psalms 89:27,הוא יקרי לי אבא את אלהי ותקיף פורקני:
19,Psalms,89,28,Psalms 89:28,לחוד אנא בוכרא למלכיא דבית יהודה אתנניה עלאה על מלכי ארעא:
19,Psalms,89,29,Psalms 89:29,לעלם אטור ליה טובי וקימי מהימנא ליה:
19,Psalms,89,30,Psalms 89:30,ואשוי לעלמין בנוי וכורסיה כיומיא דיקומון שמיא:
19,Psalms,89,31,Psalms 89:31,אין ישבקון בנוי אוריתי ובדיני לא יהלכון:
19,Psalms,89,32,Psalms 89:32,אין קימי יפסו ופקודי לא ינטרון:
19,Psalms,89,33,Psalms 89:33,ואסער על ידיהון דשבטא דרשיעין מרדיהון ובמזיקיא במכתשין להון עויתהון:
19,Psalms,89,34,Psalms 89:34,וטובי לא אבטל מניה ולא אשקר בהמנותי:
19,Psalms,89,35,Psalms 89:35,לא אפיס קימי ומפקנות ספותי לא אשני:
19,Psalms,89,36,Psalms 89:36,חדא זמנא קימית בשום קודשי אם לדוד אכדיב:
19,Psalms,89,37,Psalms 89:37,בנוי לעלם יהוון וכורסיה נהיר היך שמשא לקבלי:
19,Psalms,89,38,Psalms 89:38,היך סיהרא דמתקן לאת לעלם וסהיד בשחקא מהימן לעלמין:
19,Psalms,89,39,Psalms 89:39,ואת שבקתא ורחקתא ארגזתא עם משיחך:
19,Psalms,89,40,Psalms 89:40,אשניתא קים דעם עבדך אפסתא לארעא כליליה:
19,Psalms,89,41,Psalms 89:41,תקפתא כל כרכוי שויתא פציחוי תבירא:
19,Psalms,89,42,Psalms 89:42,רמסין יתיה כל עברי אורחא הוה קלנא לשבבי:
19,Psalms,89,43,Psalms 89:43,ארמתא ימינא דמעיקוי אחודתא כל בעלי דבבוי:
19,Psalms,89,44,Psalms 89:44,לחוד תתיב לאחורא סיפיה ולא אקמתא יתיה בקרבא:
19,Psalms,89,45,Psalms 89:45,בטלתא כהניא דמדין על מדבחא ומדכין עמיה וכורסי מלכותיה לארעא מגרתה:
19,Psalms,89,46,Psalms 89:46,קצרתא יומי עלימוי עטפתא עלוי בהתא וכסופא לעלמין:
19,Psalms,89,47,Psalms 89:47,עד אימתי יי תסליק שכנתך לעלמין תדליק היך אשתא חמתך:
19,Psalms,89,48,Psalms 89:48,אדכר די אנא אתבריתי מן עפרא מטול מה לבטלא בריתא כל בני נשא:
19,Psalms,89,49,Psalms 89:49,מן הוא גברא דיחי ולא יחמי מלאכא דמותא ושזיב נפשיה מן ידיה ולא ייחות לבית קבורתיה לעלמין:
19,Psalms,89,50,Psalms 89:50,אן הנון טבותך דמן שרויא יי דקימתא לדוד בהימנותך:
19,Psalms,89,51,Psalms 89:51,אדכר יי חסודא דעבדך סוברית בעטפי כל גדופיהון דסגיעון עממין:
19,Psalms,89,52,Psalms 89:52,די חסידו בעלי דבבך יי די חסידו איחור רושמת רגלי משיחך יי:
19,Psalms,89,53,Psalms 89:53,בריך שמא דיי בעלמא הדין אמן ואמן בריך שמא דיי לעלמא דאתי אמן ואמן:
19,Psalms,90,1,Psalms 90:1,צלותא דצלי משה נביא דיי כד חבו עמא בית ישראל במדברא עני וכן אמר יי דמדור בית שכנתך בשמיא את הויתא לנא סעיד בכל דר ודר:
19,Psalms,90,2,Psalms 90:2,כד אתגלי קדמך דעמך עתידין למחוב אתקנתא תתובא עד דלא טוריא אתנטלו ואתבריאת ארעא ויתבי תבל מן עלמא הדין עד עלמא דאתי את הוא אלהא:
19,Psalms,90,3,Psalms 90:3,תתיב בר נש על חוביה עד מותא ואמרת תובו בני נשא:
19,Psalms,90,4,Psalms 90:4,ארום אלף שנין בעינך מתחשבין קדמך היך יומא דאתמלי ארום יעבר והיך מטרת ליליא:
19,Psalms,90,5,Psalms 90:5,ואין לא תיבין תיתי עליהון מותא היך דמכין יהון ולעלמא דאתי היך עסבא דמתפרכא יתחלפון:
19,Psalms,90,6,Psalms 90:6,דמין עובדיהון היך עסבא די בצפרא יניץ ויסגי לרמשא מתמולל ומתיבש מן חורבא:
19,Psalms,90,7,Psalms 90:7,ארום אשתיצנא מן תוקפך ומן רוגזך אתבהלנא:
19,Psalms,90,8,Psalms 90:8,שויתא חובנא לקבלך עוית טליותנא קבל נהור אפך:
19,Psalms,90,9,Psalms 90:9,ארום כל יומנא אתפניאו קדמך ברוגזך שצינא יומי חינא היך הבל פומא דסתוא:
19,Psalms,90,10,Psalms 90:10,יומי שנותנא בעלמא הדין שובעין שנין מתאלמין ואין בגבורתא תמנן שנין וסוגעיהון ליאות ושקר לחיביא ארום עדו בסרהוביא וטיסין לצפרא:
19,Psalms,90,11,Psalms 90:11,מן הוא דידע לאתבא עושנא דתוקפך אלהין צדיקיא דדחלין מנך משדכין רוגזך:
19,Psalms,90,12,Psalms 90:12,לממני יומנא כן יתכון להודע ברם נביא דלביה מבע חוכמתא:
19,Psalms,90,13,Psalms 90:13,תוב יי עד אימתי תסגפננא ותוב מן בישתא די מללתא למעבד לעבדך:
19,Psalms,90,14,Psalms 90:14,שבע יתנא לעלמא דמתיל לצפרא טובך ונרנן ונחדי בכולהון יומנא:
19,Psalms,90,15,Psalms 90:15,שמח יתנא היך יומין דסגפתנא היך שניא דחמינא בישתא:
19,Psalms,90,16,Psalms 90:16,יתחמי לעבדך עובדי נסך ושבהורך על בניהון:
19,Psalms,90,17,Psalms 90:17,ויהי בסימותא דגן עדן מן קדם יי עלנא ועובדי ידינא מניה יתקנון:
19,Psalms,91,1,Psalms 91:1,דאשרי שכנתיה ברזא עלאה בטלל ענני יקרא דשדי יבית:
19,Psalms,91,2,Psalms 91:2,אמר דוד אימר ליי רוחצני וכרך תוקפי אלהי אכלי במימריה:
19,Psalms,91,3,Psalms 91:3,ארום הוא יפצנך שלמה ברי מפחא ותקלא ממותא ואתרגושתא:
19,Psalms,91,4,Psalms 91:4,בטלל שכנתיה יטלל עלך ותחות טלל יקריה תתרחץ תריסא ועגילא הימנותיה:
19,Psalms,91,5,Psalms 91:5,לא תדחל מן דלוחא דמזיקי דאזלין בליליא מן גררא דמלאך מותא דשדי ביממא:
19,Psalms,91,6,Psalms 91:6,מן מותא די בקבלא מהלך מסיעת שידין דמחבלין בטיהרא:
19,Psalms,91,7,Psalms 91:7,תדכר שמא דקודשא יפלון מן סטר שמאלך אלפא ורבבותא מן ימינך לותך לא יקרבון למנזק:
19,Psalms,91,8,Psalms 91:8,לחוד בעינך תהי מסתכל והיך מתגמרין רשיעי תחמי:
19,Psalms,91,9,Psalms 91:9,עני שלמה וכן אמר ארום אנת הוא יי רוחצני במדור עלאה שויתא בית שכנתך:
19,Psalms,91,10,Psalms 91:10,אתיב מרי עלמא וכן אמר לא תארע לך בישתא ומכתשא ומזיקיא לא יקרבון במשכניך:
19,Psalms,91,11,Psalms 91:11,ארום מלאכוי יפקד עלך למטרינך בכל אורחתך:
19,Psalms,91,12,Psalms 91:12,על תוקפיהון יטלונך דלמא תתקל ביצרא בישא דמתיל לאבני רגלך:
19,Psalms,91,13,Psalms 91:13,על גור בר ארוין ופתנא תבעוט תרמוס אריא וחורמנא:
19,Psalms,91,14,Psalms 91:14,מטול די במימרי אתרעי ואשזבניה אשגבניה מטול דידע שמי:
19,Psalms,91,15,Psalms 91:15,יצלי קדמי ואנא עני יתיה עמיה אנא בעקתא אפצניה ואיקרניה:
19,Psalms,91,16,Psalms 91:16,אוריכות יומין אסבעניה ואחמניה בפורקני:
19,Psalms,92,1,Psalms 92:1,שבחא ושירא די אמר אדם קדמאה על יומא דשבתא:
19,Psalms,92,2,Psalms 92:2,טב לאודאה קדם יי ולשבחא שמך עלאה:
19,Psalms,92,3,Psalms 92:3,לתנאה בצפרא טובך וקושטך בלילון:
19,Psalms,92,4,Psalms 92:4,על פום כנרא דעשרתי נימין ועל פום נבלא עלי רננת כנריא:
19,Psalms,92,5,Psalms 92:5,ארום אחדיתני יי בעובדך בעובדי אידך אבוע:
19,Psalms,92,6,Psalms 92:6,כמה רברבין עובדך יי לחדא עמיקין מחשבתיך:
19,Psalms,92,7,Psalms 92:7,בר נש שטיא לא ידע וכסילא לא יתבין ית דא:
19,Psalms,92,8,Psalms 92:8,כד מתלבלבין רשיעיא היך עסבא ונצצין כל עבדי שקר ועתיד דישצינון אלהא עד עלמא:
19,Psalms,92,9,Psalms 92:9,ואת רמא ועלאה בעלמא הדין יי ואת רמא ועלאה לעלמא דאתי:
19,Psalms,92,10,Psalms 92:10,ארום הא בעלי דבבך יי ארום הא בעלי דבבך יהובדון לעלמא דאתי מתפרשין מן סיעתהון דצדיקיא כל עבדי שקר:
19,Psalms,92,11,Psalms 92:11,וזקפתא היך רימנא תוקפי רביתא יתי במשח רבותא רטיבא דזית עבוף:
19,Psalms,92,12,Psalms 92:12,ואסתכלת עיני באובדנא דמעיקי בקימין עלי לאבאשא שמען אודני קל תבירהון:
19,Psalms,92,13,Psalms 92:13,צדיקא היך דקלא ילבלב פרין היך ארזא בלבנן יסגא ויעביד שרשין:
19,Psalms,92,14,Psalms 92:14,בנוי יהוון שתילין בבית מקדשא דיי בדרת בית אלהנא ילבלבון:
19,Psalms,92,15,Psalms 92:15,תוב כאבהתהון יעבדון בנין בשיבו דהנין ורטיבין יהון:
19,Psalms,92,16,Psalms 92:16,מטול דיחוון דירי ארעא ארום תריץ יי תקפי ולית עולתה ביה:
19,Psalms,93,1,Psalms 93:1,יי מליך גיותנותא אלבש אלבש יי עושנא ואזדרז לחוד תקיף תבל דלא תזדעזע:
19,Psalms,93,2,Psalms 93:2,מתקן כורסיך מן לקדמין מן עלמא את אלהא:
19,Psalms,93,3,Psalms 93:3,זקיפין נהרותא יי זקיפין נהרותא קלהון בשירתא יקבלון נהרותא אגר שבחיהון:
19,Psalms,93,4,Psalms 93:4,מן קלן דמיין סגיעין ממשבחיא תבירי ימא רבא משבח בשמי מרומא דיי:
19,Psalms,93,5,Psalms 93:5,סהדותך קשיטין לחדא לבית מקדשך יאין וקדישין יי לאוריכות יומין:
19,Psalms,94,1,Psalms 94:1,אלהא מרי פורענותא יי אלהא מרי פורענותא הופע:
19,Psalms,94,2,Psalms 94:2,אתנטל דין ארעא אתיב גומלא בישא על גיותניא:
19,Psalms,94,3,Psalms 94:3,עד אימתי רשיעיא יי עד אימתי רשיעיא יתבון בשלותא:
19,Psalms,94,4,Psalms 94:4,יבועון וימללון גדופין אמרין מלין דקלנא כל עבדי שקר:
19,Psalms,94,5,Psalms 94:5,עמך יי ישופון ואחסנתך ימסכנון:
19,Psalms,94,6,Psalms 94:6,ארמלתא וגיורא יקטלון ויתמי ירצחון:
19,Psalms,94,7,Psalms 94:7,ואמרו לא יחמי יה ולא יתבין אלהא דיעקב:
19,Psalms,94,8,Psalms 94:8,התבוננו דשטין בעמא וכסיליא אימתי תשכילון:
19,Psalms,94,9,Psalms 94:9,האפשר די נציב אודנא הלא שמיע אולפנא אין אפשר די ברא עינא ולא אסתכל באוריתא:
19,Psalms,94,10,Psalms 94:10,האפשר דיהב אוריתא לעמיה וכד יחובון הלא יתוכחון הלא יי אליף לאדם קדמי מנדעא:
19,Psalms,94,11,Psalms 94:11,קדם יי ידיען מחשבת בני נשא ארום הנון למא:
19,Psalms,94,12,Psalms 94:12,טב לגברא די תכסנניה יה ומן אוריתך תאלפניה:
19,Psalms,94,13,Psalms 94:13,לשדכא ליה מן יומי בישא עד דיתברי לרשיעיא שוחה:
19,Psalms,94,14,Psalms 94:14,ארום לא ינטוש יי עמיה ואחסנתיה לא ישבוק:
19,Psalms,94,15,Psalms 94:15,ארום עד צדקתא יתוב דינא ובתרוי יתפרקון כל תריצי לבא:
19,Psalms,94,16,Psalms 94:16,מן יקום לי לאגחא קרבא עם מבאשין מן יתעתד לי למנצי עם עבדי שקר:
19,Psalms,94,17,Psalms 94:17,אלולי יי סעיד לי כזער שרת בשתיקותא נפשי:
19,Psalms,94,18,Psalms 94:18,אין אמרית אתמוטטא רגלי טובך יי יסעיד יתי:
19,Psalms,94,19,Psalms 94:19,בסגעי מחשבתא בגוי ניחומתך יפרקנון נפשי:
19,Psalms,94,20,Psalms 94:20,האפשר דיתחבר עמך כורסי שקרא ברית לעותא היתעתד עלי קים:
19,Psalms,94,21,Psalms 94:21,יכנשון בישן על נפשא דצדיקא ואדמא זכי יחיבון דין דקטול:
19,Psalms,94,22,Psalms 94:22,ויהי יי לי לסעיד ואלהי לתקוף רוחצני:
19,Psalms,94,23,Psalms 94:23,ואתיב עליהון ית שקריהון ובבישתהון יגמרינון יגמרינון יי אלהנא:
19,Psalms,95,1,Psalms 95:1,אתון נשבח קדם יי ניבב קדם תקיף פורקנא:
19,Psalms,95,2,Psalms 95:2,נקדם אפוי בתודתא בתושבחיא ניבב קדמוי:
19,Psalms,95,3,Psalms 95:3,ארום אלהא רבא יי ומלכא רבא על כל אלהא:
19,Psalms,95,4,Psalms 95:4,די בידיה תלין פשפושין דארעא ותוקפי רום טוריא די ליה:
19,Psalms,95,5,Psalms 95:5,די ליה ימא והוא עבד יתיה ויבשתא אידו בריאו:
19,Psalms,95,6,Psalms 95:6,אתון נסגוד ונגחן נחמוט קדם יי דעביד יתנא:
19,Psalms,95,7,Psalms 95:7,ארום הוא אלהנא ואנחנא עמיה ועאן רעית אידיה יומא דין אם במימריה תקבלון:
19,Psalms,95,8,Psalms 95:8,לא תקשון לבכון היך במצותא היך יומא דנסיתון אלהא במדברא:
19,Psalms,95,9,Psalms 95:9,די נסיאו יתי אבהתכון בחנו יתי לחוד חמון עובדי:
19,Psalms,95,10,Psalms 95:10,ארבעין שנין מאסית בדרא במדברא ואמרית עמא דטעותא בלבהון הנון ואנון לא ידעו ארחי:
19,Psalms,95,11,Psalms 95:11,דקימית בתקוף רוגזי אם יעלון לניח בית מקדשי:
19,Psalms,96,1,Psalms 96:1,שבחו קדם יי תושבחתא חדתא שבחו אנגלי מרומא שבחו קדם יי כל צדיקי ארעא:
19,Psalms,96,2,Psalms 96:2,שבחו קדם יי בריכו שמיה בשרון מיומא ליומא פורקניה:
19,Psalms,96,3,Psalms 96:3,אשתעיו בעממיא איקריה בכל עמיא פרישותיה:
19,Psalms,96,4,Psalms 96:4,ארום רב יי ומשבח לחדא דדחיל הוא על כל אלהיא:
19,Psalms,96,5,Psalms 96:5,ארום כל דחלת עממיא טעותא ויי שמיא עבד:
19,Psalms,96,6,Psalms 96:6,שבחא ושבהורא קדמוי עושנא ותושבחא בבית מקדשיה:
19,Psalms,96,7,Psalms 96:7,הבו זמר קדם יי יחוסי עמיא הבו קדם יי איקר ועושנא:
19,Psalms,96,8,Psalms 96:8,הבו קדם יי איקר ורוממו שמיה אובילו וסוברו תקרובתא ועולו לקדמוי לדרתוי:
19,Psalms,96,9,Psalms 96:9,סגודו קדם יי בשבהורת קודשא רתיתו מן קדמוי כל יתבי ארעא:
19,Psalms,96,10,Psalms 96:10,אמרו בעמיא יי מלך לחוד תקין תבל דלא תתמוטט ידין עמיא בתירוצא:
19,Psalms,96,11,Psalms 96:11,יחדון חילי דשמיא וידוצון צדיקי ארעא יכלי ימא ומליה:
19,Psalms,96,12,Psalms 96:12,יבוע תושבחא חקל וכל די ביה הבכן ישבחון כל אילני חורשא:
19,Psalms,96,13,Psalms 96:13,קדם יי ארום אתא למדן ארעא ידון תבל בצדקתא ועמיא בהימנותא:
19,Psalms,97,1,Psalms 97:1,יי מלך תדוץ ארעא יחדון נגון סגיעין:
19,Psalms,97,2,Psalms 97:2,ענני יקרא ואמטתא חזור חזור די ליה צדקתא ודינא אתר די מכון כורסיה:
19,Psalms,97,3,Psalms 97:3,אשא קדמוי תהלך ומצלהבא חזור חזור מעיקוי:
19,Psalms,97,4,Psalms 97:4,מנהרין ברקי תבל חמת ואתחלחלת ארעא:
19,Psalms,97,5,Psalms 97:5,טוריא היך שעוא יתמסון מן קדם יי מן קדם רבון כל ארעא:
19,Psalms,97,6,Psalms 97:6,יתנון אנגלי מרומא צדקתיה ויחמון כל עמיא איקריה:
19,Psalms,97,7,Psalms 97:7,יבהתון כל פלחי פסלא דמשתבחין בטעותא ויסגדון קדמוי כל עמיא פלחי טעותא:
19,Psalms,97,8,Psalms 97:8,שמעת וחדת כנשתא דציון ודצין בנתא דבית יהודה מן בגלל דנייך יי:
19,Psalms,97,9,Psalms 97:9,ארום את הוא יי עלאה על כל יתבי ארעא לחדא אתעלית על כל דחליא:
19,Psalms,97,10,Psalms 97:10,רחמיא דיי סנו ביש מטול דקיריס נטיר נפשת חסידוי מן אידיהון דרשיעי יפצי אנון:
19,Psalms,97,11,Psalms 97:11,נהור דנח ומטמר לצדיקיא ולתריצי לבא חדוא:
19,Psalms,97,12,Psalms 97:12,חדון צדיקיא במימרא דיי ואודון לדכרן שום קודשיה:
19,Psalms,98,1,Psalms 98:1,תושבחת נבואה שבחו קדם יי שבח חדת ארום פרישן עבד פריקת ליה ימיניה ואדרע שכינת קודשיה:
19,Psalms,98,2,Psalms 98:2,הודע יי פורקניה למחמיהון דעמיא גלי צדקתיה:
19,Psalms,98,3,Psalms 98:3,דכר טוביה וקושטיה לבית ישראל וחמון כל סיפי ארעא ית פורקא דאלהנא:
19,Psalms,98,4,Psalms 98:4,יביבו קדם יי כל יתבי ארעא בועו ושבחו וזמרו:
19,Psalms,98,5,Psalms 98:5,זמרו קדם יי בכנרין בכנרין וקל זמריא:
19,Psalms,98,6,Psalms 98:6,בחצוצרתא וקל שופרא יביבו קדם מלכא יי:
19,Psalms,98,7,Psalms 98:7,יכלי ימא ומליה תבל וכל דירין עלה:
19,Psalms,98,8,Psalms 98:8,נהרותא ימחון כפיא כחדא טוריא ירננון:
19,Psalms,98,9,Psalms 98:9,קדם יי ארום אתא למדן ארעא ידון תבל בצדקתא ועמיא בתרוצתא:
19,Psalms,99,1,Psalms 99:1,יי מלך יזועון עמיא די שכנתיה שריא ביני כרוביא יזעזע ארעא:
19,Psalms,99,2,Psalms 99:2,יי בציון רבא ורמא הוא על כל עממיא:
19,Psalms,99,3,Psalms 99:3,יהודון שמך רבא ודחילא קדישא הוא:
19,Psalms,99,4,Psalms 99:4,ועושניה דמלכא דדינא רחים את אתקינתא תריצותא דינא וצדקתא ביעקב את עבדת:
19,Psalms,99,5,Psalms 99:5,שבחו קדם יי אלהנא וסגידו לבית מקדשיה קדיש הוא:
19,Psalms,99,6,Psalms 99:6,משה ואהרן בכהנוי דמסרו נפשיהון מטול עמא דיי ושמואל אמטולהון צלי קדם יי היך אבהת עלמא דצלו בשמיה מצלין קדם יי והוא עני יתהון:
19,Psalms,99,7,Psalms 99:7,בעמוד ענני יקרא ממלל עמהון נטרו סהדותיה וקים דיהב להון:
19,Psalms,99,8,Psalms 99:8,יי אלהנא את ענית יתהון אלהא שביק הויתא לעמך אמטולהון ומתפרע על עובדיהון:
19,Psalms,99,9,Psalms 99:9,שבחו קדם יי אלהנא וסגידו לטור בית מקדשיה ארום קדיש יי אלהנא:
19,Psalms,100,1,Psalms 100:1,שבחא על קורבן תודתא יביבו קדם יי כל יתבי ארעא:
19,Psalms,100,2,Psalms 100:2,פלחו קדם יי בחדוה אתו קדמוי בתושבחתא:
19,Psalms,100,3,Psalms 100:3,אודיעו ארום יי הוא אלהא הוא עבד יתנא ודיליה אנחנא עמיה ועאן רעיתיה:
19,Psalms,100,4,Psalms 100:4,עולו בתרעוי באודותא דרתוי בתושבחתא אודון קדמוי בריכו שמיה:
19,Psalms,100,5,Psalms 100:5,ארום טב יי לעלם טוביה ועד דר ודר הימנותיה:
19,Psalms,101,1,Psalms 101:1,על יד דוד תושבחתא אין חסדא את גמל עמי אין דינא את עבד עמי על כולא אשבח קדמך יי אזמר:
19,Psalms,101,2,Psalms 101:2,אשכלנך באורח שלים אימתי תעול לותי אתהלך בשלימות לבבי בגו בית אולפני:
19,Psalms,101,3,Psalms 101:3,לא אשוי ללבי מלתא דרשיעא עבדי בישין ושטין מן פקודיא סניתי לא ידבקון בי:
19,Psalms,101,4,Psalms 101:4,לבא עוקמנא יעדי מני יצרא בישא לא אדע:
19,Psalms,101,5,Psalms 101:5,דמשתעי לישן תליתי על חבריה יתיה אמגר דאזיל בגסות עינין עמיה לא אדור בעלמא:
19,Psalms,101,6,Psalms 101:6,עיני בקשיטי ארעא למתב במחיצת צדיקי דאזל באורחא שלים הוא יקום עם שמשי:
19,Psalms,101,7,Psalms 101:7,לא יתב במצע בית מוקדשי עבד נכילו די ממלל שקרין לית ליה רשו לאתכונא קבל עיני:
19,Psalms,101,8,Psalms 101:8,לעלמא דאתי דאמתיל לנהור צפרא אמגר כל רשיעי ארעא לשיצאה מן ירושלם קרתא דיי כל עבדי שקר:
19,Psalms,102,1,Psalms 102:1,צלותא על מסכנא ארום משתלהי וקדם יי יימר צלותיה:
19,Psalms,102,2,Psalms 102:2,יי קבל צלותי ופגינותי לקדמך תעול:
19,Psalms,102,3,Psalms 102:3,לא תסלק שכנתך מני ביום עקתי אצלי לותי אודנך ביומא דאקרי סרהיב עני יתי:
19,Psalms,102,4,Psalms 102:4,ארום אשתציאו היך תננא יומי ואברי היך תפיא חררן:
19,Psalms,102,5,Psalms 102:5,לקא היך עסבא לבי ארום אתנשיתי אורית אולפני:
19,Psalms,102,6,Psalms 102:6,מן קל תנחתי אדבק גרמי לבסרי:
19,Psalms,102,7,Psalms 102:7,אדמית לקאתא דמדברא הוית היך קפופא די בארעא נגובתא:
19,Psalms,102,8,Psalms 102:8,שקדית כל ליליא והויתי היך צפר דפרח וניד בלחודיה על אגרא:
19,Psalms,102,9,Psalms 102:9,כל יומא יחסדון לי בעלי דבבי מתלעבי במימרי קימו מגן:
19,Psalms,102,10,Psalms 102:10,ארום אפרא היך מזונא סעדית ושקיותי בבכותא מזגית:
19,Psalms,102,11,Psalms 102:11,מן קדם רוגזך וקצפך ארום נטלתני וטלקתני:
19,Psalms,102,12,Psalms 102:12,יומי היך טולא דיצלי ואנא היך עסבא איבש:
19,Psalms,102,13,Psalms 102:13,ואת יי מדורך לעלם בשמיא תתב ודכרנך לדר ודר:
19,Psalms,102,14,Psalms 102:14,את תקום תרחם ציון ארום עדן למחוס עלה ארום אתא זמנא:
19,Psalms,102,15,Psalms 102:15,ארום רעו עבדך ית אבנהא וית עפרהא יחיסון:
19,Psalms,102,16,Psalms 102:16,וידחלון עמיא ית שמא דיי וכל מלכיא דארעא ית יקרך:
19,Psalms,102,17,Psalms 102:17,ארום אתבני במימרא דיי קרתא דציון אתגלי ביקריה:
19,Psalms,102,18,Psalms 102:18,אתפני לות צלותיה דמצטדין ולא בסר ית צלותהון:
19,Psalms,102,19,Psalms 102:19,תתכתב צלותא דא לדר בתרי ועמא דעתיד לאתבראה ישבח יה:
19,Psalms,102,20,Psalms 102:20,ארום אודיק משמי מרומא דקודשיה יי מן שמיא לארעא אסתכל:
19,Psalms,102,21,Psalms 102:21,למשמע אניקותא דאסיריא למשרי בניא דמסירין למיתותא:
19,Psalms,102,22,Psalms 102:22,למשתעי בציון שמא דיי ותושבחיה בירושלם:
19,Psalms,102,23,Psalms 102:23,באתכנשות עמין כחדא ומלכותא למפלח קדם יי:
19,Psalms,102,24,Psalms 102:24,אסתגיף מן טורח דאורח גלותא חילי אתקצרון יומי:
19,Psalms,102,25,Psalms 102:25,אימר קדם אלהי לא תסלקנני מן עלמא בפלגות יומי איתי יתי לעלמא דאתי מטול די בדרי דריא שנתך:
19,Psalms,102,26,Psalms 102:26,מן שרויא דאתברי כל בריתא ארעא יסדתא ועובדי ידך שמיא:
19,Psalms,102,27,Psalms 102:27,הנון יהובדון ואת תקום וכולהון היך לבושא יתבלין היך אצטלי תחלפינון ויתחלפון:
19,Psalms,102,28,Psalms 102:28,ואת הוא די בריתנון ושנתך לא משתלמן:
19,Psalms,102,29,Psalms 102:29,בני עבדך ישרון בארעא וזרעיתהון קדמך יתקנון:
19,Psalms,103,1,Psalms 103:1,על יד דוד אתאמר בנבואה בריכי נפשי ית שמא דיי וכל בני גוי ית שמא דקודשיה:
19,Psalms,103,2,Psalms 103:2,בריכי נפשי ית שמא דיי ולא תתנשי ית כל חסולוי:
19,Psalms,103,3,Psalms 103:3,דשבק לכל עוייכי דמסי לכל מרעיכי:
19,Psalms,103,4,Psalms 103:4,דפרק מגהנם חייכי דאכלל יתיכי חסדא ורחמי:
19,Psalms,103,5,Psalms 103:5,דמסבע בטובא יומי סבותיכי ולעלמא דאתי תחדת היך נשרא טליותיכי:
19,Psalms,103,6,Psalms 103:6,עבד צדקתא יי ודינין לכל טלומין:
19,Psalms,103,7,Psalms 103:7,גלי ארחתיה למשה לבני ישראל עובדוי:
19,Psalms,103,8,Psalms 103:8,רחמנא וחננא יי מרחיק רגז ומסגי למעבד טבון וקשוט:
19,Psalms,103,9,Psalms 103:9,לא לעלמין ינצי ולא לעלם ינטור דבבו:
19,Psalms,103,10,Psalms 103:10,לא כחובנא עבד לנא ולא כעויתנא שלם לנא:
19,Psalms,103,11,Psalms 103:11,ארום היך גביהין שמיא מעלוי ארעא הכדין גבר טוביה על דחלוי:
19,Psalms,103,12,Psalms 103:12,היך דרחיק מדנחא מן מערבא הכדין ארחיק מננא ית סורחננא:
19,Psalms,103,13,Psalms 103:13,היך די רחם אבא על בניא הכדין רחם יי על דחלוי:
19,Psalms,103,14,Psalms 103:14,ארום הוא ידע יצרנא בישא דמחטי יתנא דכיר קדמוי ארום מן עפרא אנחנא:
19,Psalms,103,15,Psalms 103:15,בר נש היך עסבא יומיה היך נצא דחקלא הכדין יניץ:
19,Psalms,103,16,Psalms 103:16,ארום זעפא נתבת ביה וליתוי ולא אשתמודעיה תוב אתריה:
19,Psalms,103,17,Psalms 103:17,וחסדא דיי מן עלמא הדין ועד עלמא דאתי על דחלוי וצדקתיה לבני בנין:
19,Psalms,103,18,Psalms 103:18,לנטרי קימיה ולדכרי פקודוי למעבדהון:
19,Psalms,103,19,Psalms 103:19,יי בשמי מרומא אתקין כורסיה ומלכותיה בכולא שלטא:
19,Psalms,103,20,Psalms 103:20,בריכו שמא דיי מלאכוי דמתגברין בחילא עבדי מלוליה למשמע קל מלוליה:
19,Psalms,103,21,Psalms 103:21,בריכו שמא דיי כל חילוי משמשנוי דעבדי רעותיה:
19,Psalms,103,22,Psalms 103:22,בריכו שמא דיי כל עובדוי בכל אתר שולטניה בריכי נפשי ית שמא דיי:
19,Psalms,104,1,Psalms 104:1,בריכי נפשי ית שמא דיי יי אלהי אתגדלתא לחדא שבחא ושבהורא אלבישתא:
19,Psalms,104,2,Psalms 104:2,דמתעטף נהורא היך סדינא דמתח שמיא היך יריעתא:
19,Psalms,104,3,Psalms 104:3,דטלל במיא היך בנינא דכשורי אכסדרוי דשוי עננין ארתיכיה על עננין קלילין היך כנפי נשרא:
19,Psalms,104,4,Psalms 104:4,דעבד אזגדו סרהובין היך רוחא שמשוי תקיפין היך אשא מצלהבא:
19,Psalms,104,5,Psalms 104:5,די מיסד ארעא עלוי בסיסה דלא תזוע לעלמי עלמין:
19,Psalms,104,6,Psalms 104:6,תהומא כד בלבושא חפיתה ומבזעין על טוריא וקימין מיא:
19,Psalms,104,7,Psalms 104:7,מן מזופיתך יערקון למגד מן קל אכליותך יתבהלון למשפך:
19,Psalms,104,8,Psalms 104:8,יסלקון מן תהומא לטוריא ונחתין בבקעתא לאתר דנן דיסדתא להון:
19,Psalms,104,9,Psalms 104:9,תחום שויתא לגללי ימא די לא יעברון די לא יתובון למחפי ארעא:
19,Psalms,104,10,Psalms 104:10,די משלח מעיני בנהרותא ביני טוריא מהלכין:
19,Psalms,104,11,Psalms 104:11,משקין כל חיות ברא יתברון ערודיא צחותהון:
19,Psalms,104,12,Psalms 104:12,עלויהון צפרי שמיא ישרון מביני זאזיא יתנו קל זמר:
19,Psalms,104,13,Psalms 104:13,דמשקי טוריא מן בית גנזי עלאי די ליה מן עובדיך תשבע ארעא:
19,Psalms,104,14,Psalms 104:14,דמרכי עסבא לבעירי וירקי לפולחנא דבר נשא למפק לחמא מן ארעא:
19,Psalms,104,15,Psalms 104:15,וחמרא דמחדי לבא דבר נשא לאנהרא אפיא מן משחא ולחמא לבא דבר נשא יסעד:
19,Psalms,104,16,Psalms 104:16,שבעין אילניא די ברא יי ארזי לבנן די נציב:
19,Psalms,104,17,Psalms 104:17,די תמן צפריא עבדין שרכפין וותא בראתי בית מדורה:
19,Psalms,104,18,Psalms 104:18,טוריא רמיא ליעלי כיפי רוחצן לטפזיא:
19,Psalms,104,19,Psalms 104:19,עבד סיהרא למימני ביה זמניא שמשא ידע עידן טמועיה:
19,Psalms,104,20,Psalms 104:20,תשוי חשוך והוי ליליא ביה רחשין כל חיות חורשא:
19,Psalms,104,21,Psalms 104:21,בני אריון אכלין למשכח מזונא ולמבעי מן אלהא מיכלהון:
19,Psalms,104,22,Psalms 104:22,תדנח שמשא מתכנשין ולבית מדורהון רבעין:
19,Psalms,104,23,Psalms 104:23,יפוק בר נשא לעובדיה ולפולחניה עד ערובי רמשא:
19,Psalms,104,24,Psalms 104:24,מה סגיעין הנון עובדך יי כולהון בחוכמתא עבדתא מליא ארעא קנינך:
19,Psalms,104,25,Psalms 104:25,דנן ימא רבא ופתי תחומון תמן ריחשא ולית מנין חיותא זעירתא עם רברבתא:
19,Psalms,104,26,Psalms 104:26,תמן אלפיא אזלין לויתן דין בריתא למגחך ביה לצדיקיא בסעודת בית מדוריה:
19,Psalms,104,27,Psalms 104:27,כולהון עלך סבירין למתן מזונהון בזמניה:
19,Psalms,104,28,Psalms 104:28,תתן להון וכנשין תפתח אידך ושבעין טבא:
19,Psalms,104,29,Psalms 104:29,תסלק שכנתך מתבהלין תכנוש רוחהון מתנגדין ולות עפרהון תיבין:
19,Psalms,104,30,Psalms 104:30,תשלח רוח קודשך מתברין ותחדת אפי ארעא:
19,Psalms,104,31,Psalms 104:31,יהי איקר יי לעלם יחדי יי בעובדוי:
19,Psalms,104,32,Psalms 104:32,דמסתכל לארעא ומתרגפא מקרב בטוריא ומסקין תננא:
19,Psalms,104,33,Psalms 104:33,אשבח קדם יי בחיי אזמר לאלהי בעוד איתי:
19,Psalms,104,34,Psalms 104:34,יבסם קדמוי שותי אנא אחדי במימרא דיי:
19,Psalms,104,35,Psalms 104:35,ישתיצון חטאיא מן ארעא ורשיעיא תוב ליתיהון בריכי נפשי ית שמא דיי הללויה:
19,Psalms,105,1,Psalms 105:1,שבחו קדם יי קרו בשמיה הודעון בעממיא עובדוי:
19,Psalms,105,2,Psalms 105:2,שבחו קדמוי זמרו קדמוי מלילו בכל פרישותיה:
19,Psalms,105,3,Psalms 105:3,שבחו בשום קודשיה יחדי לבהון דתבעי אולפן מן קדם יי:
19,Psalms,105,4,Psalms 105:4,תבעו אולפנא דיי ואוריתה אקבילו אפוי תדירא:
19,Psalms,105,5,Psalms 105:5,אדכרו פרישותיה די עבד תמהוי ודיני פומיה:
19,Psalms,105,6,Psalms 105:6,זרעא דאברהם עבדיה בני יעקב בחירוי:
19,Psalms,105,7,Psalms 105:7,הוא יי אלהנא בכל ארעא מתיחין דינוי:
19,Psalms,105,8,Psalms 105:8,דכיר לעלם קימיה פתגם פקד לאלפי דרין:
19,Psalms,105,9,Psalms 105:9,די גזר עם אברהם וקימיה ליצחק:
19,Psalms,105,10,Psalms 105:10,וקימנה ליעקב לגזירא לישראל קים עלם:
19,Psalms,105,11,Psalms 105:11,למימר לך אתן ית ארעא דכנען עדב אחסנתכון:
19,Psalms,105,12,Psalms 105:12,כד הויתון עם דמנין כזעירין ויתבין בה:
19,Psalms,105,13,Psalms 105:13,והליכו מן עמא לעמא ממלכותא לעמא אחורן:
19,Psalms,105,14,Psalms 105:14,לא שבק אנש לטלומהון ואוכח בגינהון מלכיא:
19,Psalms,105,15,Psalms 105:15,לא תקרבון במשיחי ובנביאי לא תבאישון:
19,Psalms,105,16,Psalms 105:16,ואכלי כפנא על ארעא כל סעיד לחמא תבר:
19,Psalms,105,17,Psalms 105:17,שדר קדמיהון גבר חכים לעבדא אזדבן יוסף:
19,Psalms,105,18,Psalms 105:18,עניאו בשושלתא רגלוי שיד דפרזל עלת בנפשיה:
19,Psalms,105,19,Psalms 105:19,עד עידן דאתא פתגמיה מימרא דיי סנן יתיה:
19,Psalms,105,20,Psalms 105:20,שדר מלך ושריה שולטן בעמיא ופתח ליה:
19,Psalms,105,21,Psalms 105:21,שויה רבון על ביתיה ושליט בכל קניניה:
19,Psalms,105,22,Psalms 105:22,למיסר רברבנוי היך בנפשיה ומן סבוי אתחכם:
19,Psalms,105,23,Psalms 105:23,ואתא ישראל למצרים ויעקב דר בארעא דחם:
19,Psalms,105,24,Psalms 105:24,ואפיש ית עמיה לחדא ואתקפיה מן מעיקוי:
19,Psalms,105,25,Psalms 105:25,אתהפיך לבהון למסגי עמיה לחשבא בישן על עבדוי:
19,Psalms,105,26,Psalms 105:26,שלח משה עבדיה אהרן דאתרעי ביה:
19,Psalms,105,27,Psalms 105:27,שוו בהון פתגמי אתותוהי ותמהוי בארעא דחם:
19,Psalms,105,28,Psalms 105:28,שדר חשוכא וחשכינון ולא סריבו על פתגמיה:
19,Psalms,105,29,Psalms 105:29,הפך לאדמא מימיהון וקטל כל נוניהון:
19,Psalms,105,30,Psalms 105:30,רחיש ארעתהון עורדעניא בקטוני מלכיהון:
19,Psalms,105,31,Psalms 105:31,אמר ואיתי ערבובין קלמתא בכל תחומיהון:
19,Psalms,105,32,Psalms 105:32,יהב מטרהון ברדא אשא מצלהבא בארעהון:
19,Psalms,105,33,Psalms 105:33,ומחא גופניהון ותיניהון ותבר אילני תחומיהון:
19,Psalms,105,34,Psalms 105:34,אמר ואיתי גובאי ורשונא לית מנין:
19,Psalms,105,35,Psalms 105:35,וגמר כל עסבא בארעהון ואכל פרי ארעהון:
19,Psalms,105,36,Psalms 105:36,ומחא כל בוכרא במצרים שרוי לכל תוקפיהון:
19,Psalms,105,37,Psalms 105:37,ואפקינון בסימא ובדהבא ולא אתדנו עם מצראי למתקלא:
19,Psalms,105,38,Psalms 105:38,חדון מצראי במפקהון ארום נפל דחלהון עליהון:
19,Psalms,105,39,Psalms 105:39,פרסי לענני היך וילתא ואשתא לאנהרא בליליא:
19,Psalms,105,40,Psalms 105:40,שאילו בסרא ואיתי פסיונין ולחמא דשמיא ישבעינון:
19,Psalms,105,41,Psalms 105:41,פתח טינרא ודאיבו מיא הליכו בצחותא היך נהרא:
19,Psalms,105,42,Psalms 105:42,ארום דכר ית ממלל קודשיה די עם אברהם עבדיה:
19,Psalms,105,43,Psalms 105:43,ואפיק עמיה בחדוא בתושבחתא ית בחירוי:
19,Psalms,105,44,Psalms 105:44,יהב להון ארעת עממין ולעות אומיא ירתון:
19,Psalms,105,45,Psalms 105:45,מן בגלל דיטרון קימוי ואוריתיה ינטרון הללויה:
19,Psalms,106,1,Psalms 106:1,הללויה אודו קדם יי ארום טב ארום לעלם טוביה:
19,Psalms,106,2,Psalms 106:2,מן ייכול למללא גבורתא דיי ירשי לאשמעא לכולהון תושבחתיה:
19,Psalms,106,3,Psalms 106:3,טוביהון דנטרי דינא עבדי צדקתא בכל עדן:
19,Psalms,106,4,Psalms 106:4,דכר יתי יי ברעוא טבא עם עמא אדכר לי בפורקנך:
19,Psalms,106,5,Psalms 106:5,למחמי בטובת בחיריך למחדי בחדות עמך לאשתבחא עם אחסנתך:
19,Psalms,106,6,Psalms 106:6,חבנא עם אבהתנא אעוינא ארשענא:
19,Psalms,106,7,Psalms 106:7,אבהתנא במצרים לא אשכילו פרשותך לא דכרו ית סוגעי טובך וסריבו על מימרך על ימא בימא דסוף:
19,Psalms,106,8,Psalms 106:8,ופרקנון בגלל שמיה לאודעא ית גבורתיה:
19,Psalms,106,9,Psalms 106:9,ונזף בימא דסוף ואתנגיב והלכנון בתדומיא היך כבמדברא:
19,Psalms,106,10,Psalms 106:10,ופרקנון מיד סנאה ופרק יתהון מן יד בעלי דבבא:
19,Psalms,106,11,Psalms 106:11,וחפון מיא מעיקיהון חד מנהון לא אשתאר:
19,Psalms,106,12,Psalms 106:12,והימינו בשום מימריה שבחו תושבחתיה:
19,Psalms,106,13,Psalms 106:13,סרהיבו אתנשיאו עובדוי לא אסתברו למלכתיה:
19,Psalms,106,14,Psalms 106:14,ושיילו שאלתא במדברא ונסיאו אלהא באתר צדו:
19,Psalms,106,15,Psalms 106:15,ויהב להון שילותהון ושדר פתרנותא בנפשיהון:
19,Psalms,106,16,Psalms 106:16,וטננו למשה במשריתא לאהרן קדישא דיי:
19,Psalms,106,17,Psalms 106:17,אתפתחת ארעא ובלעת דתן וחפת על סיעת אבירם:
19,Psalms,106,18,Psalms 106:18,ודלקת אשתא בסיעתהון להבותא תשלהב רשיעיא:
19,Psalms,106,19,Psalms 106:19,עבדו עגלא בחורב וסגידו למתכא:
19,Psalms,106,20,Psalms 106:20,ופדנון ית איקר רבונהון בדמות תור דאכיל עסבא ומזדהם:
19,Psalms,106,21,Psalms 106:21,אתנשיאו אלהא פרקהון דעבד רברבן במצרים:
19,Psalms,106,22,Psalms 106:22,פרישן בארעא דחם דחילן על ימא דסוף:
19,Psalms,106,23,Psalms 106:23,ואמר במימריה לשציותהון אלמלי משה בחיריה דקם ואתקף בצלו קדמוי לאתבא חמתי מלחבלא:
19,Psalms,106,24,Psalms 106:24,ואתרחיקת נפשהון בארעא רגינא לא המינו בפתגמיה:
19,Psalms,106,25,Psalms 106:25,ואתרעמו במשכנהון לא קבילו במימרא דיי:
19,Psalms,106,26,Psalms 106:26,וארים ידיה בשבועה מטולהון למרמי יתהון קטילין במדברא:
19,Psalms,106,27,Psalms 106:27,ולאגלאה זרעהון בעמיא ולבדרותהון בארעתא:
19,Psalms,106,28,Psalms 106:28,ואדביקו בטעות פעור ואכלו נכסי מיתיא:
19,Psalms,106,29,Psalms 106:29,וארגיזו קדמוי בעובדיהון ותקפת בהון מותנא:
19,Psalms,106,30,Psalms 106:30,וקם פינחס וצלי ואתכלית מותנא:
19,Psalms,106,31,Psalms 106:31,ואתחשבת ליה לזכו לדר ודר עד עלמא:
19,Psalms,106,32,Psalms 106:32,וארגיזו על מי מצותא ובאיש למשה בגללהון:
19,Psalms,106,33,Psalms 106:33,ארום סריבו על רוח קודשיה ופריש בספותיה:
19,Psalms,106,34,Psalms 106:34,לא שיציאו ית עמא די אמר יי להון:
19,Psalms,106,35,Psalms 106:35,ואתערביבו בעמיא ואליפו ית עובדיהון:
19,Psalms,106,36,Psalms 106:36,ופלחו ית טעותהון והוו להון לתקלא:
19,Psalms,106,37,Psalms 106:37,ודבחו ית בניהון וית בנתיהון למזיקיא:
19,Psalms,106,38,Psalms 106:38,ושדו אדם זכי דמי בניהון ובנתיהון די דבחו לטעות דכנענאי ואטנפת ארעא בחובין דקטול:
19,Psalms,106,39,Psalms 106:39,וטמיאו בעובדיהון וטעו במעלליהון:
19,Psalms,106,40,Psalms 106:40,ותקיף רוגזא דיי בעמיה ורחק ית אחסתיה:
19,Psalms,106,41,Psalms 106:41,ומסרינון ביד עמיא ושליטו בהון סנאיהון:
19,Psalms,106,42,Psalms 106:42,ודחקינון בעלי דבביהון ואתכניעו תחות ידיהון:
19,Psalms,106,43,Psalms 106:43,זמנין סגיעין יפציאנון והנון יסרבון ליה במלכתהון ואתמכיאו בחוביהון:
19,Psalms,106,44,Psalms 106:44,וחמא כד עיק להון כד שמע ית צלותהון:
19,Psalms,106,45,Psalms 106:45,ודכיר להון קימיה ותב מן רוגזיה כסוגעי חסדוי:
19,Psalms,106,46,Psalms 106:46,ויהב יתהון לרחמין באנפי כל דשבי יתהון:
19,Psalms,106,47,Psalms 106:47,פרוק יתנא יי אלהנא וכנוש יתנא מביני עממיא לאודעה בשום קודשך לאשתבחא בתושבחתך:
19,Psalms,106,48,Psalms 106:48,בריך שמא דיי אלהא דישראל מן עלמא ועד עלמא דאתי ויימר כל עמא הדין אמן הללויה:
19,Psalms,107,1,Psalms 107:1,שבחו קדם יי ארום טב ארום לעלם טוביה:
19,Psalms,107,2,Psalms 107:2,יימרון פריקיא דיי די פרקינון מן יד מעיקא:
19,Psalms,107,3,Psalms 107:3,ומארעתא כנשינון ממדנחא וממערבא מצפונא ומן ימא דרומא:
19,Psalms,107,4,Psalms 107:4,על עמא דבית ישראל אתנבי ואמר עמא בית ישראל טעו במדברא בצדי ארחא קרתא דמיתבא לא אשכחו:
19,Psalms,107,5,Psalms 107:5,כפנים לחוד צחין נפשתהון תשתלהיא:
19,Psalms,107,6,Psalms 107:6,וצלו קדם יי כד עיק להון ממעקתהון פצא יתהון:
19,Psalms,107,7,Psalms 107:7,ודברינון באורח תריצתא למיזל לירושלם קרתא דמיתבא:
19,Psalms,107,8,Psalms 107:8,יהודון קדם יי מטול חסדיה ומשתען פרישותיה לבני נשא:
19,Psalms,107,9,Psalms 107:9,ארום אשבע נפש סריקא ונפשא כפינא מלי טובא:
19,Psalms,107,10,Psalms 107:10,על צדקיהו ורברבני ישראל אתנבי ואמר צדקיהו ורברבני ישראל דגלו בבבל ויתיבו בחשוכא וטולא דמותא והוו אסירין בסגוף שרי פרזלא:
19,Psalms,107,11,Psalms 107:11,ארום סריבו על מימריה דאלהא ומלכת עלאה רחיקו:
19,Psalms,107,12,Psalms 107:12,ותבר בלעותא לבהון אתקילו ולית דסעיד:
19,Psalms,107,13,Psalms 107:13,וצלו קדם יי בדעיק להון ממעיקתהון פרקנון:
19,Psalms,107,14,Psalms 107:14,אפקנון מחשוכא וטולא דמותא ושלשלותהון יתרע:
19,Psalms,107,15,Psalms 107:15,יהודון קדם יי מטול חסדיה ומשתען פרשותיה לבני נשא:
19,Psalms,107,16,Psalms 107:16,ארום תבר דשי נחשא ועברי פרזלא קצץ:
19,Psalms,107,17,Psalms 107:17,שטין מאורח מרדיהון ומעויתיהון מסתגפין:
19,Psalms,107,18,Psalms 107:18,כל מיכלא תרחיק נפשהון ומטין עד מעלני מותא:
19,Psalms,107,19,Psalms 107:19,וצלו קדם יי כד עיק להון ממעיקתהון יפרקנון:
19,Psalms,107,20,Psalms 107:20,ישדר פתגמי אסותיה ויסי יתהון וישיזיב מלחבלותהון:
19,Psalms,107,21,Psalms 107:21,יהודון קדם יי מטול חסדיה ומשתען פרישותיה לבני נשא:
19,Psalms,107,22,Psalms 107:22,ויכסון נכסי תודתא וישתעון עובדוי בדצתא:
19,Psalms,107,23,Psalms 107:23,מלחיא נחותי ימא באלפיא עבדי פולחנא במיין סגיעין:
19,Psalms,107,24,Psalms 107:24,הנון חמון עובדיא דיי ופרישותיה במצולתא:
19,Psalms,107,25,Psalms 107:25,ואמר במימריה ואקים זעפא ועלעולא ואתרוממו גללוי:
19,Psalms,107,26,Psalms 107:26,סלקין צית שמיא נחתין עמקי תהומיא נפשתהון בבישא תתמוגג:
19,Psalms,107,27,Psalms 107:27,ירתתון ינועון היך רויא דחמר וכל חוכמתהון מסתלעמא:
19,Psalms,107,28,Psalms 107:28,וצלו קדם יי כד עיק להון וממעיקתהון יפק יתהון:
19,Psalms,107,29,Psalms 107:29,יקים עלעולא לשתיקותא וישתקון גלליהון:
19,Psalms,107,30,Psalms 107:30,וחדון ארום שתקין ודברנון למחוז רעיתהון:
19,Psalms,107,31,Psalms 107:31,יהודון קדם יי מטול חסדיה ומשתען פרישותיה לבני נשא:
19,Psalms,107,32,Psalms 107:32,ומרוממין יתיה בכנישת עמא בית ישראל ובסנהדרין דחכימיא ישבחון יתיה:
19,Psalms,107,33,Psalms 107:33,שוי נהרותא היך מדברא ומפקנות מיא היך צחותא:
19,Psalms,107,34,Psalms 107:34,ארעא דישראל דעבדא פרי צדא היך סדום דאתהפכת מן בישות יתבין בה:
19,Psalms,107,35,Psalms 107:35,כד תבו לאוריתא שוי מדברא היך אריתא דמיא וארע ציחיא למפקנות מיא:
19,Psalms,107,36,Psalms 107:36,ואשרי תמן כפנים ואתקינו קרתא מיתבא:
19,Psalms,107,37,Psalms 107:37,וזרע חקלין ונציבו כרמיא ועבדו פרי אבא:
19,Psalms,107,38,Psalms 107:38,וברכינון ויסגון לחדא ובעיריהון לא יזער:
19,Psalms,107,39,Psalms 107:39,וכד חבו אזערו ואתמסכנו מן אניק בישתא ודוונא:
19,Psalms,107,40,Psalms 107:40,שדי בסרנותא על רברבניא ואטעיאונון בלמא דלא אורחא:
19,Psalms,107,41,Psalms 107:41,וכד תבו לאוריתא שגב חשיכא ממסכינותא ושוי היך עאני גניסיא:
19,Psalms,107,42,Psalms 107:42,חמון תריציא ויחדון וכל מרי שקרא שור פומא ואתחסם:
19,Psalms,107,43,Psalms 107:43,מן חכימא וינטור אלין ויתבוננו חסדיא דיי:
19,Psalms,108,1,Psalms 108:1,שירא ושבחא על ידא דדוד:
19,Psalms,108,2,Psalms 108:2,תקין לבי אלהים אשבח ואזמר לחוד איקרי:
19,Psalms,108,3,Psalms 108:3,שבח נבלא וכנרא אשבח בקרצתא:
19,Psalms,108,4,Psalms 108:4,אודי קדמך בעמיא יי ואשבחינך באומיא:
19,Psalms,108,5,Psalms 108:5,ארום רב מעלוי שמיא טובך ועד שחקי מטי קושטך:
19,Psalms,108,6,Psalms 108:6,אתרומם עלוי שמיא אלהים ועל כל יתבי ארעא איקרך:
19,Psalms,108,7,Psalms 108:7,מן בגלל דישתזבון רחימך פרוק ימינך ועני יתי:
19,Psalms,108,8,Psalms 108:8,אלהא ממלל מאתר בית שכנתיה אבוע אפלג בזתא עם יתבי שכם ועם יתבי מישר סכות אמשח תחומא:
19,Psalms,108,9,Psalms 108:9,דילי גלעד דילי מנשה גברין דבית אפרים עושנא דרישי ומדבית יהודה ספרי:
19,Psalms,108,10,Psalms 108:10,דוששית מואבאי היך דודי שזוגי על מלכות אדום אטלוק סנדלי על מלכות פלשתאי אתיבב:
19,Psalms,108,11,Psalms 108:11,וכדון מן אוביל יתי עד כרכא תקיפא מן דברני עד אדום:
19,Psalms,108,12,Psalms 108:12,הלא על דחבנא קדם יי שבקתנא ולא נפקא שכנתיה בחלותנא:
19,Psalms,108,13,Psalms 108:13,הב לן סעדא מן מעיקא דמגן פורקנא דבר נשא:
19,Psalms,108,14,Psalms 108:14,באלהא נעביד חילא והוא ידושש מעיקנא:
19,Psalms,109,1,Psalms 109:1,לשבחא על יד דוד תושבחא אלהים שבחתי לא תשתוק:
19,Psalms,109,2,Psalms 109:2,ארום פומא דרשיעא ופומא דנכלא עלי פתחין מלילו עמי לישן דשקר:
19,Psalms,109,3,Psalms 109:3,וממללי סנותא חזרו יתי ואגיחו עמי מגן:
19,Psalms,109,4,Psalms 109:4,חלף די רחמית סטנו לי ואנא אצלי:
19,Psalms,109,5,Psalms 109:5,ושוון עלי בישתא חלף טבא וסנאתא חלף דרחימית:
19,Psalms,109,6,Psalms 109:6,אסער עלוי רשיעא וסיטנא יקום על ימיניה:
19,Psalms,109,7,Psalms 109:7,באדיניה יפוק חיב וצלותיה תהי לחובתא:
19,Psalms,109,8,Psalms 109:8,יהון יומוי קלילין מנין שנוי יירת אוחרן:
19,Psalms,109,9,Psalms 109:9,יהון בנוי יתמי ואתתיה ארמלתא:
19,Psalms,109,10,Psalms 109:10,ואטלטלא יטלטלון בנוי ושאלון ותבעון מדהות צרתהון:
19,Psalms,109,11,Psalms 109:11,יגבב מזופא לכל דיליה ויבזון נכראין ליעותיה:
19,Psalms,109,12,Psalms 109:12,לא יהי ליה נגיד חסדא ולא יהי ליה חיס על יתמוי:
19,Psalms,109,13,Psalms 109:13,יהי סופיה לאשתציא בדר אוחרן יתמחי שמהון:
19,Psalms,109,14,Psalms 109:14,ידכר עוית אבהתוי קדם יי וחובת אמיה לא תתמחי:
19,Psalms,109,15,Psalms 109:15,יהוין קביל מימרא דיי תדירא וישיצי מארעא דכרנהון:
19,Psalms,109,16,Psalms 109:16,מטול דלא אדכר למעבד טיבו ורדיף גבר עניא וחשיכא ומכיך לבא לאתקטלא:
19,Psalms,109,17,Psalms 109:17,ורחים לוטיא ואתית ליה ולא אתרעי בברכתא ואתרחקת מניה:
19,Psalms,109,18,Psalms 109:18,ולבש לוטא היך לבושא ועלת היך מיא בגושמיה והיך משחא באברוי:
19,Psalms,109,19,Psalms 109:19,תהוי ליה היך לבוש יתעטף ולקמור תדירא יזרזנה:
19,Psalms,109,20,Psalms 109:20,דא עובדא דשטני מן יי ודמללין בישתא על נפשי:
19,Psalms,109,21,Psalms 109:21,ואת אלהים יי עבד עמי מן בגלל שמך היך טובך וחסדך פצי יתי:
19,Psalms,109,22,Psalms 109:22,ארום עניא וחשיכא אנא ולבי שפי בגוי:
19,Psalms,109,23,Psalms 109:23,היך טולא בצליותיה אתגמרית אטלטלית היך גובאי:
19,Psalms,109,24,Psalms 109:24,רכובי אתקלו מצומא ובסרי פתרן מלהוי פטים:
19,Psalms,109,25,Psalms 109:25,ואנא הויתי קלנא להון יחמון יתי יטלטלון רישיהון:
19,Psalms,109,26,Psalms 109:26,סעוד לי יי אלהי פרוק יתי היך חסדך:
19,Psalms,109,27,Psalms 109:27,וידעון ארום מחתך דא אנת יי עבדתה:
19,Psalms,109,28,Psalms 109:28,ילטטון הנון ואת תברך יקומון ויבהתון ועבדך יחדי:
19,Psalms,109,29,Psalms 109:29,ילבשון סטני כסופא ויעטפון היך מעילא בהתהון:
19,Psalms,109,30,Psalms 109:30,אודי יי לחדא בפומי ובמצע חכימיא אשבחניה:
19,Psalms,109,31,Psalms 109:31,ארום יקום מן ימינא דחשיכא למפרק ממדיני נפשיה:
19,Psalms,110,1,Psalms 110:1,על יד דוד תושבחא אמר יי במימריה לשואה יתי רבון על כל ישראל ברם אמר לי תוב ואורך לשאול דמן שבטא דבנימין עד דימות ארום לית מלכותא מקרבא אחברתה ובתר כן אשוי בעלי דבבך כביש לרגלך: אמר יי במימריה למתן לי רבנותא חלף דיתבית לאולפן אוריתא דימיני אורך עד דאשוי בעל דבבך כביש לרגלך:
19,Psalms,110,2,Psalms 110:2,חומרא דעושנך ישדר יי מציון ותהי רדי במצע בעלי דבבך:
19,Psalms,110,3,Psalms 110:3,עמך דבית ישראל דמתנדבין לאוריתא ביום אגחותא קרבא תסתיע בשבהורי קודשא רחמין דאלהא יסתרהבון לך היך נחתת טלא לרוחצן תולדתך:
19,Psalms,110,4,Psalms 110:4,קים יי ולא יתוב דאנת מתמני לרבא לעלמא דאתי בגין זכותא דהויתא מלך זכי:
19,Psalms,110,5,Psalms 110:5,שכנתא דיי על ימינך מחא ביום רוגזיה מלכיא:
19,Psalms,110,6,Psalms 110:6,אתמנא לדין על עממיא מלי ארעא גושמי רשיעין קטילין מחא רישא על ארעא סגיעא לחדא:
19,Psalms,110,7,Psalms 110:7,מפום נביא באורחא אולפן יקבל מטול היכנא יזקוף רישא:
19,Psalms,111,1,Psalms 111:1,הללויה אשבח קדם יי בכל לבא ברזהון דתריציא וכנשתא:
19,Psalms,111,2,Psalms 111:2,רברבין עובדיא דיי מתבעין לכל דצבין להון:
19,Psalms,111,3,Psalms 111:3,שבחא ושבהורא עובדיה וזכותיה קימא לעלמין:
19,Psalms,111,4,Psalms 111:4,דכרן טב עבד לפרשותיה חננא ורחמנא יי:
19,Psalms,111,5,Psalms 111:5,מזונא יהב לדחלוי ידכר לעלם קימיה:
19,Psalms,111,6,Psalms 111:6,חיל עובדוי חוי לעמיה למתן להון אחסנת עממיא:
19,Psalms,111,7,Psalms 111:7,עובדי ידוי קושטא ודינא מהימנין על פקודוי:
19,Psalms,111,8,Psalms 111:8,סמוכין לעלמי עלמא מתעבדין בקושטא ותירוצא:
19,Psalms,111,9,Psalms 111:9,פורקנא שלח לעמיה פקד לעלם קימיה קדישא ודחילא שמיה:
19,Psalms,111,10,Psalms 111:10,שרוי חוכמתא דחלתא דיי סכלא טבא לכל עובדיהון תושבחתיה קימא לעלמין:
19,Psalms,112,1,Psalms 112:1,הללויה טוביה דגברא דחל ית יי בפקודוהי צבי לחדא:
19,Psalms,112,2,Psalms 112:2,גבר באוריתא יהוין בנוי בדר תריציא יתברך:
19,Psalms,112,3,Psalms 112:3,מזלא ועותרא בביתיה וזכותיה קימא לעלמין:
19,Psalms,112,4,Psalms 112:4,דנח בחשוכא נהור לתריציא חננא ורחמנא וצדיקא:
19,Psalms,112,5,Psalms 112:5,גברא טבא חיס על עניי ומוזיף יסובר מלוי בהלכתא:
19,Psalms,112,6,Psalms 112:6,ארום לעלם לא יזוע לדכרן עלם יהי זכי:
19,Psalms,112,7,Psalms 112:7,משמועתא בישא לא ידחל תכין לביה רחץ במימרא דיי:
19,Psalms,112,8,Psalms 112:8,סמיך לביה לא ידחל עד דיחמי פורקנא בעקתא:
19,Psalms,112,9,Psalms 112:9,בדר ממוניה יהב לחשיכי זכותיה קימא לעלמא תוקפיה תרום באיקרא:
19,Psalms,112,10,Psalms 112:10,רשיעא יחמי ויכעוס עלוי שנוי יעסי ואתמסא רגוג רשיעי תיביד:
19,Psalms,113,1,Psalms 113:1,הללויה שבחו עבדיא דיי שבחו ית שמא דיי:
19,Psalms,113,2,Psalms 113:2,יהוי שמא דיי מברך מהשתא ועד עלמא:
19,Psalms,113,3,Psalms 113:3,ממדנח שמשא עד מטמעיה משבח שמא דיי:
19,Psalms,113,4,Psalms 113:4,רמא על כל עמיא יי עלוי שמיא איקריה:
19,Psalms,113,5,Psalms 113:5,מן כותיה דיי אלהנא דגביה מותביה למתב:
19,Psalms,113,6,Psalms 113:6,דממיך עיניה למחמי בשמיא ובארעא:
19,Psalms,113,7,Psalms 113:7,מקים מעפרא מסכנא מקלקלתא ירים חשיכא:
19,Psalms,113,8,Psalms 113:8,לאותבא עם רברביא עם רברבי עמיה:
19,Psalms,113,9,Psalms 113:9,מיתב כנשתא דישראל דמתילא לעקרא דיתבא מוריקא לאנשי ביתה מליא אוכלוסין היך אמא די על בניא חדיא הללויה:
19,Psalms,114,1,Psalms 114:1,במפק ישראל ממצרים בית יעקב מעמי ברבראי:
19,Psalms,114,2,Psalms 114:2,הות כנשתא דבית יהודה אחידא לקודשיה ישראל לשליטוי:
19,Psalms,114,3,Psalms 114:3,ימא אסתכל ואפך יורדנא חזר לאחור:
19,Psalms,114,4,Psalms 114:4,טוריא טפזו היך דכרין גלמתא היך בנין דעאן:
19,Psalms,114,5,Psalms 114:5,מה לך ימא ארום תאפך יורדנא תחזור לאחורא:
19,Psalms,114,6,Psalms 114:6,טוריא טפזו היך דכרין גלמתא היך בנין דעאן:
19,Psalms,114,7,Psalms 114:7,מן קדם קיריס אתחלחלי ארעא מן קדם אלהא דיעקב:
19,Psalms,114,8,Psalms 114:8,דהפך טינרא לאריתא דמיא שמיר למעין דמיין:
19,Psalms,115,1,Psalms 115:1,לא מטולתנא יי לא מטול זכותנא ארום לשמך הב איקרא מטול טובך ומטול קושטך:
19,Psalms,115,2,Psalms 115:2,למא יימרון עממיא אן השתא אלההון:
19,Psalms,115,3,Psalms 115:3,ואלהנא מדוריה בשמיא כל די יצבי עבד:
19,Psalms,115,4,Psalms 115:4,טעותהון דכספא ודהבא עובד ידוי בר נש:
19,Psalms,115,5,Psalms 115:5,פומא להון ולא ממללין עינין להון ולא חמין:
19,Psalms,115,6,Psalms 115:6,אודנין להון ולא שמעין נחירי להון ולא מריחין:
19,Psalms,115,7,Psalms 115:7,ידיהון ולא ממשמשין רגלהון ולא מהלכין לא מרננין בענקהון:
19,Psalms,115,8,Psalms 115:8,דכמתהון יהון עובדיהון כל די מתרחץ עליהון:
19,Psalms,115,9,Psalms 115:9,ישראל רחץ במימרא דיי סעדהון ותריסהון הוא:
19,Psalms,115,10,Psalms 115:10,דבית אהרן רחיצו במימרא דיי סעדהון ותריסהון הוא:
19,Psalms,115,11,Psalms 115:11,דחליא דיי רחיצו במימרא דיי סעדהון ותריסהון הוא:
19,Psalms,115,12,Psalms 115:12,מימרא דיי דכר יתנא לטב יברך יברך ית בית ישראל יברך ית בית אהרן:
19,Psalms,115,13,Psalms 115:13,יברך דחליא דיי זעיריא עם רברביא:
19,Psalms,115,14,Psalms 115:14,יוסף מימרא דיי עלויכון עלויכון ועלוי בניכון:
19,Psalms,115,15,Psalms 115:15,בריכין אתון מן קדם יי עבד שמיא וארעא:
19,Psalms,115,16,Psalms 115:16,שמי שמיא לשכינת יקרא דיי וארעא יהב לבני נשא:
19,Psalms,115,17,Psalms 115:17,לא מתיא משבחין שמא דיי ולא כל נחתי בית קבורת אדמתא:
19,Psalms,115,18,Psalms 115:18,ואנחנא נברך יה מן השתא ועד עלמא הללויה:
19,Psalms,116,1,Psalms 116:1,רחימת ארום שמע יי ית קלי בעותי:
19,Psalms,116,2,Psalms 116:2,ארום אצלי אודניה לי וביומי אנא קרי:
19,Psalms,116,3,Psalms 116:3,אקיפו יתי מרעי מותא ועיקתין דשיול אשכחוני עיקתא ודבונא אשכח:
19,Psalms,116,4,Psalms 116:4,ובשמא דיי אקרי בבעו יי שזיב נפשי:
19,Psalms,116,5,Psalms 116:5,חננא יי וזכאה ואלהנא מרחם:
19,Psalms,116,6,Psalms 116:6,נטר שרגוגיא יי אתמסכנית ולי חמי למפרוק:
19,Psalms,116,7,Psalms 116:7,תובי נפשי לבית מנחיכי ארום מימרא דיי גמל טובא עליכי:
19,Psalms,116,8,Psalms 116:8,ארום פציתא נפשי מקטול ית עיני מן דמעתא ית רגלי מן לאדחיא:
19,Psalms,116,9,Psalms 116:9,אתהלך קדם יי בארעת חייא:
19,Psalms,116,10,Psalms 116:10,הימנית ארום אמלל בכנישת צדיקי אנא שבחית לחדא:
19,Psalms,116,11,Psalms 116:11,אנא אמרית במערקי כל בני נשא מכדבין:
19,Psalms,116,12,Psalms 116:12,מה אתיב קדם יי כל גמולן טבן דיליה גמילין חנון עלי:
19,Psalms,116,13,Psalms 116:13,כסא דפורקניא אסובר לעלמא דאתי ובשמא דיי אקרי:
19,Psalms,116,14,Psalms 116:14,נדרי קדם יי אשלם אתני כדון נסוי לכל עמיה:
19,Psalms,116,15,Psalms 116:15,יקיר קדם יי מיתותא דמשתלחא לחסידוי:
19,Psalms,116,16,Psalms 116:16,בבעו יי ארום אנא עבדך אנא עבדך בר אמתך שריתא לשולשלותי:
19,Psalms,116,17,Psalms 116:17,לך אדבח דבח נכסתא ובשמא דיי אקרי:
19,Psalms,116,18,Psalms 116:18,נדרי קדם יי אשלם אתני כדון נסוי לכל עמיה:
19,Psalms,116,19,Psalms 116:19,בדרתא די בבית מקדש אלהנא במצעיכי ירושלם הללויה:
19,Psalms,117,1,Psalms 117:1,שבחו ית יי כל עמיא שבחו ליה כל אומיא:
19,Psalms,117,2,Psalms 117:2,ארום אגבר עלנא טוביה וקושטיה דיי לעלמא הללויה:
19,Psalms,118,1,Psalms 118:1,שבחו קדם יי ארום טב ארום לעלם טוביה:
19,Psalms,118,2,Psalms 118:2,יימרון כדון ישראל ארום לעלם טוביה:
19,Psalms,118,3,Psalms 118:3,יימרון כדון בית אהרן ארום לעלם טוביה:
19,Psalms,118,4,Psalms 118:4,יימרון כדון דחליא דיי ארום לעלם טוביה:
19,Psalms,118,5,Psalms 118:5,מן עקתא קריתי יה קבל צלותי בפתיא יה:
19,Psalms,118,6,Psalms 118:6,מימרא דיי בסעדי לא אדחל מא יעביד לי בר נש:
19,Psalms,118,7,Psalms 118:7,מימרא דיי למסעדא יתי ואנא אחמי פורענותא בסנאי:
19,Psalms,118,8,Psalms 118:8,טב למתרחצא במימרא דיי מן למרחץ בבר נש:
19,Psalms,118,9,Psalms 118:9,טב למתרחצא במימרא דיי מן למרחץ ברברביא:
19,Psalms,118,10,Psalms 118:10,כל עממיא חזרו יתי בשום מימרא דיי רחצית ארום אתשנון:
19,Psalms,118,11,Psalms 118:11,אקיפין לי אף חזרו יתי בשום מימרא דיי רחצית ארום אתשנון:
19,Psalms,118,12,Psalms 118:12,אקיפון לי היך זבוריתא דלקין היך אשתא בכובין בשום מימרא דיי רחצית ארום אתשנון:
19,Psalms,118,13,Psalms 118:13,מדחי דחיתא יתי למנפל ומימרא דיי סיעני:
19,Psalms,118,14,Psalms 118:14,תוקפי ותושבחתי דחיל על כל עלמא יי אמר במימריה והוה לי לפריק:
19,Psalms,118,15,Psalms 118:15,קל תושבחתא ופורקנא במשכנהון דצדיקי ימינא דיי עבדת חילא:
19,Psalms,118,16,Psalms 118:16,ימינא דיי מרממא ימינא דיי עבדת חילא:
19,Psalms,118,17,Psalms 118:17,לא אמות ארום אחי ואשתעי עובדי אלהא:
19,Psalms,118,18,Psalms 118:18,מכסנא אכסנני יה ולמותא לא מסר יתי:
19,Psalms,118,19,Psalms 118:19,פתחו לי מעלני קרתא דצדקא אעול בהון אשבח יה:
19,Psalms,118,20,Psalms 118:20,דין מעלנא דבית מקדשא דיי צדיקיא יעלון ביה:
19,Psalms,118,21,Psalms 118:21,אהודי קדמך ארום קבלתא צלותי והויתא לי לפריק:
19,Psalms,118,22,Psalms 118:22,טליא שביקו ארדיכליא הוה בני בניא דישי וזכאה לאתמנאה למליך ושולטן:
19,Psalms,118,23,Psalms 118:23,מן קדם יי הות דא אמרו ארדיכליא היא פרישא קדמנא אמרו בנוי דישי:
19,Psalms,118,24,Psalms 118:24,דין יומא עבד יי אמרו ארדיכליא נדוץ ונחדי ביה אמרו בנוי דישי:
19,Psalms,118,25,Psalms 118:25,בבעו מנך יי כדון אמרו ארדיכליא בבעו מנך יי אצלח כדון אמרו ישי ואנתתיה:
19,Psalms,118,26,Psalms 118:26,בריך דאתי בשום מימרא דיי אמרו ארדיכלי יברכון יתכון מן בית מקדשא דיי אמר דוד:
19,Psalms,118,27,Psalms 118:27,אלהא יי אנהר לנא אמרו שבטיא דבית יהודה כפיתו טליא לנכסת חגא בשלשלון עד די תקרבוניה ותשדון אדמיה בקרנת מדבחא אמר שמואל נביא:
19,Psalms,118,28,Psalms 118:28,אלהי את ואודי קדמך אלהי אשבחינך אמר דוד:
19,Psalms,118,29,Psalms 118:29,מתיב שמואל ואמר שבחו כנשתא דישראל אודו קדם יי ארום טב ארום לעלם טוביה:
19,Psalms,119,1,Psalms 119:1,טוביהון דשלמי אורחיה דמהלכין באוריתא דיי:
19,Psalms,119,2,Psalms 119:2,טוביהון דנטרי סהדותיה בכל לבא יתבעון אולפניה:
19,Psalms,119,3,Psalms 119:3,ברם לא עבדו שקרא באורחתיה תקניא הליכו:
19,Psalms,119,4,Psalms 119:4,אנת פקדתא פקודך למטר לחדא:
19,Psalms,119,5,Psalms 119:5,טב לי דתקנן אורחתי למטר גזרתך:
19,Psalms,119,6,Psalms 119:6,הדין לא אבהית באסתכלותי לכל פקודך:
19,Psalms,119,7,Psalms 119:7,אודי קדמך בתריצות לבא במלפי דיני זכותך:
19,Psalms,119,8,Psalms 119:8,ית גזרתך אטר לא תשבוק יתי עד לחדא:
19,Psalms,119,9,Psalms 119:9,במא ידכי טליא ית אורחתיה למטר היך דבריך:
19,Psalms,119,10,Psalms 119:10,בכל לבי תבעית אולפנך לא תשלנני מפקודיך:
19,Psalms,119,11,Psalms 119:11,בלבי אטישית מימרך מן בגלל דלא אחוב קדמך:
19,Psalms,119,12,Psalms 119:12,בריך את יי אלף יתי גזרתך:
19,Psalms,119,13,Psalms 119:13,בספותי אשתעיתי כל דיני פומך:
19,Psalms,119,14,Psalms 119:14,באורח סהדותך חדיתי כעלוי כל מזלא:
19,Psalms,119,15,Psalms 119:15,בפוקודיך אמלל ואסתכל אורחתך:
19,Psalms,119,16,Psalms 119:16,בגזרתך אתפרנק לא אתנשי דבוריך:
19,Psalms,119,17,Psalms 119:17,שלם טב על עבדך אחי ואטר דבוריך:
19,Psalms,119,18,Psalms 119:18,גלי עיני ואסתכל פרישן מאוריתך:
19,Psalms,119,19,Psalms 119:19,דיר אנא בארעא לא תסלק מני פקודיך:
19,Psalms,119,20,Psalms 119:20,רגגת נפשי לרגגתא לפקודיך בכל עדן:
19,Psalms,119,21,Psalms 119:21,נזפתא זדונין ליטין דאשתליו מפקודיך:
19,Psalms,119,22,Psalms 119:22,אעדי מעלי קלנא ובוזתא ארום סהדותך נטרית:
19,Psalms,119,23,Psalms 119:23,ארום יתבין רברבין מני ממללין עבדך עסק באחוית גזרתך:
19,Psalms,119,24,Psalms 119:24,לחוד סהדותך פרנוקי מרי עצתי:
19,Psalms,119,25,Psalms 119:25,אדבקת לעפרא נפשי אסי יתי כדבריך:
19,Psalms,119,26,Psalms 119:26,אורחי מניתי וקבלתא צלותי אלף יתי גזרתך:
19,Psalms,119,27,Psalms 119:27,אורח פקודיך תבינני ואמלל בפרישותך:
19,Psalms,119,28,Psalms 119:28,אגמת נפשי מדבונא קים יתי כדבריך:
19,Psalms,119,29,Psalms 119:29,אורח דשקרא אעדי מני ואוריתך חיס לי:
19,Psalms,119,30,Psalms 119:30,אורח הימנותא בחרית דיניך שוית:
19,Psalms,119,31,Psalms 119:31,אדבקית בסהדותך יי לא תבהתנני:
19,Psalms,119,32,Psalms 119:32,אורח פקודיך ארהוט ארום תפתי לבי:
19,Psalms,119,33,Psalms 119:33,אלף יתי יי אורח גזרתך ואנטרינה עד גמירא:
19,Psalms,119,34,Psalms 119:34,תבינני ואנטור אוריתך יי ואנטרינה בכל לבא:
19,Psalms,119,35,Psalms 119:35,תדרכנני בשביל פקודיך ארום ביה צביתי:
19,Psalms,119,36,Psalms 119:36,אצלי לבי לסהדותך ולא לות ממונא:
19,Psalms,119,37,Psalms 119:37,אעבר עיני מלמחמי שקרא בדבריך אסי יתי:
19,Psalms,119,38,Psalms 119:38,אקים לעבדך מימרך די לדחלתך:
19,Psalms,119,39,Psalms 119:39,אעבר חסודי די דחילת ארום דיניך תבין:
19,Psalms,119,40,Psalms 119:40,הא רגגית לפקודיך בצדקתך אסי יתי:
19,Psalms,119,41,Psalms 119:41,וייתון עלי חסדיך יי פורקנך היך מימרך:
19,Psalms,119,42,Psalms 119:42,ואתיב מחסדי פתגם ארום סברית בדבריך:
19,Psalms,119,43,Psalms 119:43,ולא תסלק מפומי פתגם דקשוט עד לחדא ארום לדינך אורכית:
19,Psalms,119,44,Psalms 119:44,ואטור אוריתך תדירא לעלמי עלמין:
19,Psalms,119,45,Psalms 119:45,ואהך בפתיות אוריתך ארום פקודיך תבעית:
19,Psalms,119,46,Psalms 119:46,ואמלל בסהדותך קבל מלכיא ולא אבהית:
19,Psalms,119,47,Psalms 119:47,ואתפרנק בפקודיך די רחימת:
19,Psalms,119,48,Psalms 119:48,ואזקוף ידי לפקודיך דרחימת ואמלל בגזרתך:
19,Psalms,119,49,Psalms 119:49,אדכר פתגמא לעבדך די אורכתני:
19,Psalms,119,50,Psalms 119:50,דא היא תנחומתי בסגופי ארום מימרך קיים יתי:
19,Psalms,119,51,Psalms 119:51,זדונין ממיקנין לי עד לחדא מאוריתך לא אצליתי:
19,Psalms,119,52,Psalms 119:52,אדכרית דיניך מן עלמא יי ואתנחמית:
19,Psalms,119,53,Psalms 119:53,רתיתא אחידת יתי מרשיעי דשבקין אוריתך:
19,Psalms,119,54,Psalms 119:54,תושבחן הוו לי גזרתך בבית מדורי:
19,Psalms,119,55,Psalms 119:55,אדכרית בליליא שמך יי ונטרית אוריתך:
19,Psalms,119,56,Psalms 119:56,דא הות לי לזכותא ארום פקודיך נטרית:
19,Psalms,119,57,Psalms 119:57,חולקי יי אמרית למטר דבריך:
19,Psalms,119,58,Psalms 119:58,צליתי קדמך בכל לבא חוס עלי היך מימרך:
19,Psalms,119,59,Psalms 119:59,חשיבית לאוטבא אורחי ואתיב רגלי לסהדותך:
19,Psalms,119,60,Psalms 119:60,זרזית ולא אתעכבית למטר פקודיך:
19,Psalms,119,61,Psalms 119:61,סיעת רשיעיא אתכנשו עלי אוריתך לא אתנשיתי:
19,Psalms,119,62,Psalms 119:62,בפלגות ליליא אקום לשבחא קדמך מטול דיני צדקך:
19,Psalms,119,63,Psalms 119:63,חברא אנא לכל דדחלין מנך ולנטרי פקודיך:
19,Psalms,119,64,Psalms 119:64,טובך יי מליא ארעא גזרתך אלף יתי:
19,Psalms,119,65,Psalms 119:65,טבא עבדתא עם עבדך יי היך דבורך:
19,Psalms,119,66,Psalms 119:66,שפיר טעם ומנדעא אלף יתי ארום בפקודיך הימנית:
19,Psalms,119,67,Psalms 119:67,עד לא אסתגיף אנא שלי וכדון מימרך נטרית:
19,Psalms,119,68,Psalms 119:68,טב את ומטיב אליף יתי גזרתך:
19,Psalms,119,69,Psalms 119:69,חברו עלי שקרא זידונין אנא בכל לבא אטור פקודיך:
19,Psalms,119,70,Psalms 119:70,אטפש היך תרב יצרא דלבהון אנא אוריתך פרנוקי:
19,Psalms,119,71,Psalms 119:71,טב לי ארום אתעניית מן בגלל דאילף גזרתך:
19,Psalms,119,72,Psalms 119:72,טב לי אורית פומך מן אלף ככרין דהב וסימא:
19,Psalms,119,73,Psalms 119:73,אידך עבדו יתי ואתקינו יתי תבינני ואיליף פקודיך:
19,Psalms,119,74,Psalms 119:74,דחליך יחמון יתי ויחדון ארום לפגמך אוריכית:
19,Psalms,119,75,Psalms 119:75,ידעית יי ארום זכאין דיניך ובקושטא סגפתני:
19,Psalms,119,76,Psalms 119:76,יהי כדון חסדך לנחמותי היך מימרך לעבדך:
19,Psalms,119,77,Psalms 119:77,ייתון עלי רחמך ואחי ארום אוריתך פרנוקי:
19,Psalms,119,78,Psalms 119:78,יבהתון זדונין ארום על שקרא עויתו יתי אנא אמלל בפקודיך:
19,Psalms,119,79,Psalms 119:79,יתובון לאולפני דחליך וידעין סהדותך:
19,Psalms,119,80,Psalms 119:80,יהי לבי דלא מום בגזרתך מן בגלל דלא אבהת:
19,Psalms,119,81,Psalms 119:81,רגיגת לפורקנך נפשי לפתגמך אוריכית:
19,Psalms,119,82,Psalms 119:82,ספו עיני למימרך למימר אימתי תנחם יתי:
19,Psalms,119,83,Psalms 119:83,ארום הויתי היך זרנוקא דתלי בקטרא גזרתך לא אתנשיתי:
19,Psalms,119,84,Psalms 119:84,כמה יומי עבדך אימתי תעביד ברודפי דינא:
19,Psalms,119,85,Psalms 119:85,כרו לי זדונין שוחן דלא פקדתנון באוריתך:
19,Psalms,119,86,Psalms 119:86,כל פקודיך קושטא על שקרא רדפו יתי סעדני:
19,Psalms,119,87,Psalms 119:87,כזעיר שציאו יתי בארעא ואנא לא שבקית פקודיך:
19,Psalms,119,88,Psalms 119:88,היך חסדך קים יתי ואטור סהדות פומך:
19,Psalms,119,89,Psalms 119:89,לעלמא יי פתגמך קים בשמיא:
19,Psalms,119,90,Psalms 119:90,לדר ודר הימנותך אתקנתא ארעא וקימא:
19,Psalms,119,91,Psalms 119:91,לדיניך קמו יומנא ארום כולהון עבדך:
19,Psalms,119,92,Psalms 119:92,אלולי אוריתך פרנוקי הידין אובדית בסגופי:
19,Psalms,119,93,Psalms 119:93,לעלם לא אתנשי פקודיך ארום בהון קימתני:
19,Psalms,119,94,Psalms 119:94,די לך אנא פרוק יתי ארום פקודיך תבעית:
19,Psalms,119,95,Psalms 119:95,לותי אמתינו רשיעיא להובדא יתי סהדותך אתבין:
19,Psalms,119,96,Psalms 119:96,לכל מה דאשתדל ואשתכל חמיתי סיפא פתיא תפקדתך לחדא:
19,Psalms,119,97,Psalms 119:97,מה רחימית אוריתך כל יומא היא שותי:
19,Psalms,119,98,Psalms 119:98,יתיר מבעלי דבבי מחכמא יתי פקודיך ארום לעלם היא פקודיך ארום לעלם היא דילי:
19,Psalms,119,99,Psalms 119:99,מכל מאלפי אסכלית ארום סהדותך שותא לי:
19,Psalms,119,100,Psalms 119:100,מן חכימיא אתבין ארום פקודיך נטרית:
19,Psalms,119,101,Psalms 119:101,מכל אורח בישא מנעית רגלי מן בגלל אטור דבריך:
19,Psalms,119,102,Psalms 119:102,מן דיניך לא עדית ארום את אלפתני:
19,Psalms,119,103,Psalms 119:103,מה חלין למוריגי מימרך בסימן יתיר מן דובשא לפומי:
19,Psalms,119,104,Psalms 119:104,מפקודיך אתבין מטול היכנא סגיתי כל בר נש דמשקר:
19,Psalms,119,105,Psalms 119:105,היך שרגא די מנהרא לרגלי דבריך ונהורא לכבשי:
19,Psalms,119,106,Psalms 119:106,אומיתי וקימית למטר פקודי זכותך:
19,Psalms,119,107,Psalms 119:107,אסתגפית עד לחדא יי אסי יתי היך דברך:
19,Psalms,119,108,Psalms 119:108,נכסתא דפומי אתרעי כדון יי ודינך אלף יתי:
19,Psalms,119,109,Psalms 119:109,נפשי מסתכנא על גב ידי תדירא ואוריתך לא אתנשיתי:
19,Psalms,119,110,Psalms 119:110,סדרו רשיעיא פחא לי ומפקודיך לא תעיתי:
19,Psalms,119,111,Psalms 119:111,אחסנית סהדותך לעלם ארום חדות לבי הנון:
19,Psalms,119,112,Psalms 119:112,אצלית לבי למעבד גזרתך לעלם עד סופא:
19,Psalms,119,113,Psalms 119:113,דחשבין מחשבן סריקין סניתי ואוריתך רחימית:
19,Psalms,119,114,Psalms 119:114,טומרי ותריסי את לפתגמך אורכית:
19,Psalms,119,115,Psalms 119:115,זורו מני מבאשין ואטור פקודי אלהי:
19,Psalms,119,116,Psalms 119:116,סמוף יתי במימרך ואחי ולא תבהת יתי מן כליותי:
19,Psalms,119,117,Psalms 119:117,סעוד יתי ואתפרק ואגעגע באוריתך תדירא:
19,Psalms,119,118,Psalms 119:118,כבשתא כל דשלין מגזרתך ארום שקרא נכלהון:
19,Psalms,119,119,Psalms 119:119,סוליא פסקתא בטלתא כל רשיעי ארעא מטול היכנא רחימית סהדותך:
19,Psalms,119,120,Psalms 119:120,מצלהב מדחלך בסרי ומדיניך דחלית:
19,Psalms,119,121,Psalms 119:121,עבדית דינא וצדקתא לא תשבקנני לטלומי:
19,Psalms,119,122,Psalms 119:122,בסים עבדך לטבא לא יטלמון יתי זידונין:
19,Psalms,119,123,Psalms 119:123,עיני סברו לפורקנך ולמימר צדקך:
19,Psalms,119,124,Psalms 119:124,עבד עם עבדך היך חסדך וגזרתך אלף יתי:
19,Psalms,119,125,Psalms 119:125,עבדך אנא תבין יתי ואידע סהדותך:
19,Psalms,119,126,Psalms 119:126,עידן למעבד רעותא דיי אפיסו תלמדיא אוריתך:
19,Psalms,119,127,Psalms 119:127,מטול היכנא רחימת פקודיך מדהבא ומן אובריזא:
19,Psalms,119,128,Psalms 119:128,מטול היכנא כל פקודיא כולהון תרצתנון כל אורח שקרא סניתי:
19,Psalms,119,129,Psalms 119:129,פרישן סהדותך מטול היכנא נטרתנון נפשי:
19,Psalms,119,130,Psalms 119:130,גליף דבריך ינהר חשיכיא יתבין שרגיגי:
19,Psalms,119,131,Psalms 119:131,פומי פתחית ואלפית ארום לפקודיך צביתי:
19,Psalms,119,132,Psalms 119:132,איתפני לותי וחוס עלי כהלכתא לרחימי שמך:
19,Psalms,119,133,Psalms 119:133,אסתורי אתקין במימרך ולא תשליט בי כל שקר:
19,Psalms,119,134,Psalms 119:134,פרוק יתי מטלומא דבר נשא ואטור פקודיך:
19,Psalms,119,135,Psalms 119:135,זיו אפך אנהר בעבדך ואלפני ית גזרתך:
19,Psalms,119,136,Psalms 119:136,טיפי מיא יחתון עיני על מטול דלא נטרו אוריתך:
19,Psalms,119,137,Psalms 119:137,זכי את יי ותריצין דינך:
19,Psalms,119,138,Psalms 119:138,פקדתא צדקתא דסהדותך והימנותא לחדא:
19,Psalms,119,139,Psalms 119:139,מגרת יתי טננתי ארום אתנשיאו דבריך מעיקי:
19,Psalms,119,140,Psalms 119:140,סנינא מימרך לחדא ועבדך רחמה:
19,Psalms,119,141,Psalms 119:141,זוטר אנא ובסיר פקודיך לא אתנשיתי:
19,Psalms,119,142,Psalms 119:142,צדקתך צדקא לעלמא ואוריתך קשוט:
19,Psalms,119,143,Psalms 119:143,עקא מעיקא ערעו יתי פקודיך פרנוקי:
19,Psalms,119,144,Psalms 119:144,צדקתא דסהדותך לעלם תבינני ואתקים:
19,Psalms,119,145,Psalms 119:145,קריתי בכל לבא עני יתי יי גזרתך אנטור סהדותך:
19,Psalms,119,146,Psalms 119:146,קריתיך פרוק יתי ואנטר סהדותך:
19,Psalms,119,147,Psalms 119:147,אקדימית בשפרפרא וצליתי לפתגמך אורכית:
19,Psalms,119,148,Psalms 119:148,אקדימו עיני מטרתא דצפר ורמש למללא במימרך:
19,Psalms,119,149,Psalms 119:149,קלי שמע היך חסדך יי היך דינך קים יתי:
19,Psalms,119,150,Psalms 119:150,קריבו רדפי זנו מאוריתך אתרחקו:
19,Psalms,119,151,Psalms 119:151,קריב את יי וכל פקודיך קשוט:
19,Psalms,119,152,Psalms 119:152,מן לקדמין חכימית מן סהדותך ארום לעלם יסדתינון:
19,Psalms,119,153,Psalms 119:153,חמי סגופי ופצי יתי ארום אוריתך לא אתנשיתי:
19,Psalms,119,154,Psalms 119:154,נצי מצותי ופרוק יתי למימרך אסי יתי:
19,Psalms,119,155,Psalms 119:155,רחיק מן רשיעי פורקנא ארום גזרתך לא תבעו:
19,Psalms,119,156,Psalms 119:156,רחמך סגיעין יי היך דיניך אסי יתי:
19,Psalms,119,157,Psalms 119:157,סגיעין רדפי ומעיקי מסהדותך לא אצליתי:
19,Psalms,119,158,Psalms 119:158,חמיתי בזוזי ואדינית עמהון די מימרך לא נטרו:
19,Psalms,119,159,Psalms 119:159,חמי ארום פקודיך רחימית יי היך חסדך אסי יתי:
19,Psalms,119,160,Psalms 119:160,שירוי פתגמך קשוט ולעלם כל דיני צדקתך:
19,Psalms,119,161,Psalms 119:161,רברבין רדפו יתי מגן ומפתגמך דלח לבי:
19,Psalms,119,162,Psalms 119:162,חדי אנא על מימרך היך גבר דמשכח עדי סגי:
19,Psalms,119,163,Psalms 119:163,שקרא סניתי ורחיקית אוריתך רחימית:
19,Psalms,119,164,Psalms 119:164,שבע זמנין ביומא שבחית יתך מטול דיני צדקך:
19,Psalms,119,165,Psalms 119:165,שלם סגי לרחמי אוריתך בעלמא הדין ולית להון תקלא לעלמא דאתי:
19,Psalms,119,166,Psalms 119:166,סברית לפורקנך יי ופקודיך עבדית:
19,Psalms,119,167,Psalms 119:167,נטרת נפשי סהדותך ורחמינון לחדא:
19,Psalms,119,168,Psalms 119:168,נטרית פקודיך וסהדותך ארום כל אורחתי לקבלך:
19,Psalms,119,169,Psalms 119:169,תתקרב צלותי קדמך יי היך פתגמך תביננני:
19,Psalms,119,170,Psalms 119:170,תיתי צלותי קדמך היך מימרך פצי יתי:
19,Psalms,119,171,Psalms 119:171,תבעין ספותי תושבחתא ארום תלפנני גזירתך:
19,Psalms,119,172,Psalms 119:172,תתיב לישני מימרך ארום כל דיניך צדקתא:
19,Psalms,119,173,Psalms 119:173,תהא ידך לסיעותי ארום פקודיך רעיתי:
19,Psalms,119,174,Psalms 119:174,רגגית לפורקנך יי ואוריתך פרנוקי:
19,Psalms,119,175,Psalms 119:175,תחי נפשי ותשבחינך ודינך יסיעוני:
19,Psalms,119,176,Psalms 119:176,טעיתי היך עאן דמתבד בעי עבדך ארום פקודיך לא אתנשיתי:
19,Psalms,120,1,Psalms 120:1,שירא דאתאמר על מסוקין דתהומא קדם יי כד עיק לי צליתי וקבל צלותי:
19,Psalms,120,2,Psalms 120:2,יי פצי נפשי מספותא דשקרא מן לישנא נכילתא:
19,Psalms,120,3,Psalms 120:3,מא יהיב לך מלשינא ומא יוסיף לך אכיל קורצי לישנא נכילתא:
19,Psalms,120,4,Psalms 120:4,גררין דגברא שנונין היך ברקין מלעיל עם גומרי רתמין דדלקין בגהנם מלרע:
19,Psalms,120,5,Psalms 120:5,וי לי ארום אתותבית עם אוסאי שרית עם משכניהון דערבאי:
19,Psalms,120,6,Psalms 120:6,יתיר מנהון שרת נפשי עם אדום סני שלם:
19,Psalms,120,7,Psalms 120:7,אנא שלם וארום אצלי הנון לקרבא:
19,Psalms,121,1,Psalms 121:1,שירא דאתאמר על מסוקין דתהומא אזקוף עיני לטוריא מן האן ייתי סעדי:
19,Psalms,121,2,Psalms 121:2,סעדי מן קדם יי דעבד שמיא וארעא:
19,Psalms,121,3,Psalms 121:3,לא יתן לאתמוטטא רגלך לא נים נטרך:
19,Psalms,121,4,Psalms 121:4,הא לא נים ולא ידמוך נטר ישראל:
19,Psalms,121,5,Psalms 121:5,יי ינטרנך יי יטלל עלך על סטר ימינך:
19,Psalms,121,6,Psalms 121:6,יימם כד שליט שמשא לא ימחונך צפרירי ולילי כד שליט סיהרא בליליא:
19,Psalms,121,7,Psalms 121:7,מימרא דיי ינטרנך מכל ביש ינטור ית נפשך:
19,Psalms,121,8,Psalms 121:8,יי ינטור מפקך לפרגמטיא ומעלך למעסק באוריתא מן השתא ועד עלמא:
19,Psalms,122,1,Psalms 122:1,שירא דאתאמר על מסוקין דתהומא חדיתי באמרין לי בית מקדשא דיי ניזיל:
19,Psalms,122,2,Psalms 122:2,קימין הואה רגלנא בתרעיך ירושלם:
19,Psalms,122,3,Psalms 122:3,ירושלם דמתבניא ברקיעא היך קרתא לאתחברא לה כחדא בארעא:
19,Psalms,122,4,Psalms 122:4,דתמן סליקו שבטיא שבטין דיי מסהיד לישראל די שכינתיה שריא ביניהון במיזליהון לאודאה לשמא דיי:
19,Psalms,122,5,Psalms 122:5,ארום תמן מתיתבין כורסון בירושלם כורסון בבית מקדשא למלכיא דבית דוד:
19,Psalms,122,6,Psalms 122:6,שאילו בשלמא דירושלם יתבון בשלותא רחימיך:
19,Psalms,122,7,Psalms 122:7,יהי שלם בחיליך שלותא בברניתך:
19,Psalms,122,8,Psalms 122:8,מן בגלל אחי וחברי אמלל כדון שלם בך:
19,Psalms,122,9,Psalms 122:9,מטול בית מקדש דיי אלהנא אתבע לאוטבא לך:
19,Psalms,123,1,Psalms 123:1,שירא דאתאמר על מסוקין דתהומא קדמך זקפית ית עיני דיתיב על כורסי יקרא בשמיא:
19,Psalms,123,2,Psalms 123:2,הא כמא דמודיקן עיני עבדין מידיא דרבוניהון והיכמא דמודיקן עיני אמתא מידיא דרבונתהא הכדין מדיקן עיננא קדם יי אלהנא עד די יחוס עלנא:
19,Psalms,123,3,Psalms 123:3,חוס עלנא יי חוס עלנא ארום סגי שבענא בסירותא:
19,Psalms,123,4,Psalms 123:4,סוגעת שבעת לה נפשנא תלעובא דשלוין מבסרניא וגיותניא:
19,Psalms,124,1,Psalms 124:1,שירא דאתאמר על מסוקין דתהומא על יד דוד אלולי יי דהוה בסעדנא יימרון כדון ישראל:
19,Psalms,124,2,Psalms 124:2,אלולי מימרא דיי דהוה בסעדנא כד קם עלנא בר נש:
19,Psalms,124,3,Psalms 124:3,הא בכן כד חיין בלעו יתנא כד תקיף רוגזהון בנא:
19,Psalms,124,4,Psalms 124:4,הא בכן מיא שטפו יתנא מרעית עברא על נפשנא:
19,Psalms,124,5,Psalms 124:5,הא בכן עבר על נפשנא מלכא דמתיל למוי זידוניא דימא:
19,Psalms,124,6,Psalms 124:6,בריך שמא דיי דלא מסרנא היך תבירא לשניהון:
19,Psalms,124,7,Psalms 124:7,נפשנא היך כצפרא אשתיזבת מפחי תקליא פחא אתבר ואנן אשתזבנא:
19,Psalms,124,8,Psalms 124:8,סעדנא בשום מימרא דיי דעבד שמיא וארעא:
19,Psalms,125,1,Psalms 125:1,שירא דאתאמר על מסוקין דתהומא צדיקיא דמתרחצין במימרא דיי היך טורא דציון לא יזדעזע לעלם יתיתב:
19,Psalms,125,2,Psalms 125:2,ירושלם טוריא חזור חזור די לה ומימרא דיי חזור חזור לעמיה מן השתא ועד עלמא:
19,Psalms,125,3,Psalms 125:3,ארום לא ינוח שבט רשעא על פצתא דצדיקיא מן בגלל דלא יושיטון צדיקיא בשקרא אידיהון:
19,Psalms,125,4,Psalms 125:4,אוטיב יי לטבין ולתריצין בלבבהון:
19,Psalms,125,5,Psalms 125:5,ודסטין בתר עוקמנותהון יוליכנון בגהנם חולקהון עם עבדי שקר שלמא על ישראל:
19,Psalms,126,1,Psalms 126:1,שירא דאתאמר על מסוקין דתהומא כד יתוב יי ית גלות ציון הוינא היך מרעיא דאתסין:
19,Psalms,126,2,Psalms 126:2,היכדין יתמלי פומנא חוכא ולישננא תושבחא הידין יימרון בעמיא אסגי יי למעבד טבא עם אלין:
19,Psalms,126,3,Psalms 126:3,אסגי יי למעבד טבא עמנא הוינא חדין:
19,Psalms,126,4,Psalms 126:4,אתיב יי ית גלותן היך דמיתבא ארעא כד נבעין מפקני מיא בבצורתא:
19,Psalms,126,5,Psalms 126:5,דזרעין בדמעתא בשבחתא יחצדון:
19,Psalms,126,6,Psalms 126:6,מהלכא יהלוך בבכותא מסובר נגדא דבר זרעא מיתא ייתי בתושבחא כד יסובר אסרתוי:
19,Psalms,127,1,Psalms 127:1,שירא דאתאמר על מסוקין דתהומא על יד שלמה אין מימרא דיי לא יבני קרתא מגן לען ארדיכלוי ביה אין מימרא דיי לא נטר קרתא דירושלם מגן אתער נטיר:
19,Psalms,127,2,Psalms 127:2,על מגן תטלחון לכון דתקדמון בצפרא למעבד לכון חטוף די מאחרן ותתבון למעבד זנו דאכלין מזוני דמסכנין דלעו בהון על יאות וכיון יתן יי לרחמיה דמכא:
19,Psalms,127,3,Psalms 127:3,הא אחסנת יי בנין כשרין אגר עובדין טבין ולדי מעא:
19,Psalms,127,4,Psalms 127:4,כגירין באידא דגיברא כן בנין דעולימא:
19,Psalms,127,5,Psalms 127:5,טב ליה לגבר דימלי בית מדרשיה מנהון לא יבהתון ארום ינצון עם בעלי דבביהון בתרע בית דינא:
19,Psalms,128,1,Psalms 128:1,שירא דאתאמר על מסוקין דתהומא טוביהון דכל דחליא דיי דאזלין באורחתיה:
19,Psalms,128,2,Psalms 128:2,לעות אידך ארום תיכול טובך בעלמא הדין וטב לך לעלמא דאתי:
19,Psalms,128,3,Psalms 128:3,אתתך היך גופנא דעבדת פרין על שדא דביתך בנך היך שתיליא דזיתיא חזור חזור לפתורך:
19,Psalms,128,4,Psalms 128:4,הא ארום היכנא מתברך גברא דחל מן קדם יי:
19,Psalms,128,5,Psalms 128:5,יברכנך יי מציון ותחמי בטובא דירושלם כל יומי חייך:
19,Psalms,128,6,Psalms 128:6,ותחמי בנין לבניך שלמא על ישראל:
19,Psalms,129,1,Psalms 129:1,שירא דאתאמר על מסוקין דתהומא סגיעין דאעיקו לי מן טליותי יימר כדון ישראל:
19,Psalms,129,2,Psalms 129:2,סגיעין דאעיקו לי מן טליותי ברם לא יכילו לאבאשא לי:
19,Psalms,129,3,Psalms 129:3,על גושמי רדו רדיא אוריכי למורדניתהון:
19,Psalms,129,4,Psalms 129:4,יי זכאה קצץ שולשלי רשיעיא:
19,Psalms,129,5,Psalms 129:5,יבהתון ויזורון לאחורא כל סנאי דציון:
19,Psalms,129,6,Psalms 129:6,יהוון כחציר אגריא דמן קדם דיציץ אתי רוח קידומא נתק ביה ואתיבש:
19,Psalms,129,7,Psalms 129:7,דלא מלי אידיה חצד וכתפיה מעמר:
19,Psalms,129,8,Psalms 129:8,ולא אמרו דעברין מתמן ברכתא דיי עליכון ולא יתיבון להון ברכנא יתכון בשמא דיי:
19,Psalms,130,1,Psalms 130:1,שיר דאתאמר על מסוקין דתהומא מן עומקיא קריתך יי:
19,Psalms,130,2,Psalms 130:2,יי קבל צלותי תהוין אודניך ציתין לקל צלותי:
19,Psalms,130,3,Psalms 130:3,אין עוין תטור יה יי מן יקום:
19,Psalms,130,4,Psalms 130:4,ארום גבך שביקותא מן בגלל דתתחמי:
19,Psalms,130,5,Psalms 130:5,אמתינית יי מתינת נפשי ולאיקריה אוריכית:
19,Psalms,130,6,Psalms 130:6,נפשי אוריכא ליי מן נטרי מטרת לצפרא דנטרין לקרבא קורבן צפרא:
19,Psalms,130,7,Psalms 130:7,מוריך ישראל ליי ארום גבי יי חסדא וסגי עמיה פורקן:
19,Psalms,130,8,Psalms 130:8,והוא יפרוק ית ישראל מכל עויתיה:
19,Psalms,131,1,Psalms 131:1,שירא דאתאמר על מסוקין דתהומא יי לא גבה לבי ולא אתרוממו עיני ולא הלכית ברברבין ובפרישין מני:
19,Psalms,131,2,Psalms 131:2,אין לא שוית אידא לפום ושתקית נפשי עד דצית פתגמי אוריתא היך חסילא על תדיי אמיה אתגברית באוריתא היך חסילא עלוי נפשי:
19,Psalms,131,3,Psalms 131:3,יוריך ישראל ליי מן השתא ועד עלמא:
19,Psalms,132,1,Psalms 132:1,שירא דאתאמר על מסוקין דתהומא אדכר יי לדוד ית כל סגופיה:
19,Psalms,132,2,Psalms 132:2,די קים קדם יי נדר לתקיפא דיעקב:
19,Psalms,132,3,Psalms 132:3,אין אעול על אתתי אין אסיק על דרגש מצעי:
19,Psalms,132,4,Psalms 132:4,אין אתן דומכא לעיני לתימורי ניומתא:
19,Psalms,132,5,Psalms 132:5,עד דאשכח אתר למבני בית מקדשא דיי משכניא לתקיפא דיעקב:
19,Psalms,132,6,Psalms 132:6,הא שמענא יתה באפרת אשכחנוהא בחקל חורשי לבנן אתר דצליאו אבהת עלמא:
19,Psalms,132,7,Psalms 132:7,נעול למשכנוי נסגוד לכבשא דרגלוי:
19,Psalms,132,8,Psalms 132:8,קום יי שרי בבית מישרי ניחך את וארון די ביה אוריתך:
19,Psalms,132,9,Psalms 132:9,כהניך ילבשון לבושין דזכו ולואי חסידיך ישבחון על קורבניא:
19,Psalms,132,10,Psalms 132:10,מטול זכותיה דדוד עבדך במעל ארונא במצע תרעיא לא תתיב אפי שלמה משיחך:
19,Psalms,132,11,Psalms 132:11,קים לדוד בקושטא לא יתוב מנה מן ולדא דמעך אשוי מלך על כורסי די לך:
19,Psalms,132,12,Psalms 132:12,אין נטרין בנך קימי וסהדותי דנן דאלפנון אף בניהון לעלמין יתבון על כורסי די לך:
19,Psalms,132,13,Psalms 132:13,ארום אתרעי יי בציון רגג יתה למותב די ליה:
19,Psalms,132,14,Psalms 132:14,דא ניח שכנתי עד עלמא כא אתיב ארום רגגתה:
19,Psalms,132,15,Psalms 132:15,זודה מברכא אברך וחשיכהא יסבעון לחמא:
19,Psalms,132,16,Psalms 132:16,וכהנהא אלביש לבושי פורקן וחסידהא משבחא ישבחון:
19,Psalms,132,17,Psalms 132:17,תמן אצמח מלך יקיר לבית דוד סדרית שרגא למשיחי:
19,Psalms,132,18,Psalms 132:18,בעלי דבבוי אלביש לבושין דבהתא ועלוי יניץ כליליה:
19,Psalms,133,1,Psalms 133:1,שירא דאתאמר על מסוקין דתהומא הא כמא טב וכמא בסים למטב ציון וירושלם כתרין אחין ברם כחדא:
19,Psalms,133,2,Psalms 133:2,כמשח טב דמתרק על רישא נחת על דקנא דקניה דאהרן דנחת על אמרא דלבושוי:
19,Psalms,133,3,Psalms 133:3,היך כטלא דחרמון דנחת על טורי דציון ארום תמן פקד יי ית ברכתא חיי עד עלמא:
19,Psalms,134,1,Psalms 134:1,שירא דאתאמר על מסוקין דתהומא הא בריכו ית יי כל עבדיא דיי דקימין על בית מטרת בית מקדשא דיי ומשבחין בלילון:
19,Psalms,134,2,Psalms 134:2,טולו ידיכון קודשא כהניא על דוכן קודשא ובריכו ית יי:
19,Psalms,134,3,Psalms 134:3,יברכנך יי מציון דעבד שמיא וארעא:
19,Psalms,135,1,Psalms 135:1,הללויה שבחו ית שמא דיי שבחו עבדיא דיי:
19,Psalms,135,2,Psalms 135:2,דקימין בבית מקדשא דיי בדרת בית אלהנא:
19,Psalms,135,3,Psalms 135:3,הללויה ארום טב יי זמרו לשמיה ארום בסים:
19,Psalms,135,4,Psalms 135:4,ארום דבית יעקב בחר ליה יי ישראל לחבוביה:
19,Psalms,135,5,Psalms 135:5,ארום אנא ידעית ארום רב יי ורבוננא על כל אלהים:
19,Psalms,135,6,Psalms 135:6,כל די יתרעי יי עבד בשמיא ובארעא ביממיא וכל תהומיא:
19,Psalms,135,7,Psalms 135:7,דמסיק עננין מסיפי ארעא ברקין למחת מטרא עבד דמפק זעפא מן טוסבריא דיליה:
19,Psalms,135,8,Psalms 135:8,די קטל בוכריא דמצראי מאנשא עד בעירא:
19,Psalms,135,9,Psalms 135:9,שדר אתין ותמהין במציעיך מצרים בפרעה ובכל עבדוי:
19,Psalms,135,10,Psalms 135:10,די מחא עממין סגיעין וקטל מלכין תקיפין:
19,Psalms,135,11,Psalms 135:11,לסיחון מלכא אמורהא ולעוג מלכא דמתנן ולכל מלכות כנען:
19,Psalms,135,12,Psalms 135:12,ויהב ארעהון אחסנא אחסנא לישראל עמיה:
19,Psalms,135,13,Psalms 135:13,יי שמך לעלם יי דכרנך לדר ודר:
19,Psalms,135,14,Psalms 135:14,ארום ידין יי במימריה דינא דעמיה ועל עבדוי צדיקיא יתוב ברחמוי:
19,Psalms,135,15,Psalms 135:15,טעון דעממיא סימא ודהבא עובד אידי בר נש:
19,Psalms,135,16,Psalms 135:16,פום להון ולא ממללין עינין להון ולא חמין:
19,Psalms,135,17,Psalms 135:17,אודנין להון ולא ציתין נחירי ולא אית רוחא דחיי בפומהון:
19,Psalms,135,18,Psalms 135:18,די כמתהון יהון עובדיהון כל דמתרחץ עליהון:
19,Psalms,135,19,Psalms 135:19,דבית ישראל בריכו ית יי דבית אהרן בריכו ית יי:
19,Psalms,135,20,Psalms 135:20,דבית לואי בריכו ית יי דחליא דיי בריכו ית יי:
19,Psalms,135,21,Psalms 135:21,בריך יי מציון דאשרי שכנתיה בירושלם הללויה:
19,Psalms,136,1,Psalms 136:1,שבחו קדם יי ארום טב ארום לעלם טוביה:
19,Psalms,136,2,Psalms 136:2,שבחו לאלהי אלהיא ארום לעלם טוביה:
19,Psalms,136,3,Psalms 136:3,שבחו למרי מריא ארום לעלם טוביה:
19,Psalms,136,4,Psalms 136:4,לעבד פרישן רברבן בלחודיה ארום לעלם טוביה:
19,Psalms,136,5,Psalms 136:5,לעבד שמיא בסוכלתנו ארום לעלם טוביה:
19,Psalms,136,6,Psalms 136:6,לרדיד ארעא עלוי דמיא ארום לעלם טוביה:
19,Psalms,136,7,Psalms 136:7,לעבד נהורין רברבין ארום לעלם טוביה:
19,Psalms,136,8,Psalms 136:8,ית שמשא למשלט ביממא ארום לעלם טוביה:
19,Psalms,136,9,Psalms 136:9,ית סיהרא וכוכביא למשלט בליליא ארום לעלם טוביה:
19,Psalms,136,10,Psalms 136:10,למחי מצראי במכתשין קטל ארום לעלם טוביה:
19,Psalms,136,11,Psalms 136:11,ואפיק ישראל פריקין מביניהון ארום לעלם טוביה:
19,Psalms,136,12,Psalms 136:12,באידא תקיפא ובדרע מרממא ארום לעלם טוביה:
19,Psalms,136,13,Psalms 136:13,לצלח ימא דסוף לצלוחא ארום לעלם טוביה:
19,Psalms,136,14,Psalms 136:14,ואעבר ישראל במציעיה ארום לעלם טוביה:
19,Psalms,136,15,Psalms 136:15,ושנק פרעה וחילותיה בימא דסוף ארום לעלם טוביה:
19,Psalms,136,16,Psalms 136:16,למהלך עמיה במדברא ארום לעלם טוביה:
19,Psalms,136,17,Psalms 136:17,למחי מלכין רברבין ארום לעלם טוביה:
19,Psalms,136,18,Psalms 136:18,וקטל מלכין גיותנין ארום לעלם טוביה:
19,Psalms,136,19,Psalms 136:19,לסיחון מלכא אמוראה ארום לעלם טוביה:
19,Psalms,136,20,Psalms 136:20,ולעוג מלכא דמתנן ארום לעלם טוביה:
19,Psalms,136,21,Psalms 136:21,ויהב ארעהון לאחסנא ארום לעלם טוביה:
19,Psalms,136,22,Psalms 136:22,אחסנתא לישראל עבדיה ארום לעלם טוביה:
19,Psalms,136,23,Psalms 136:23,באתמככותנא דכר לנא קימיה ארום לעלם טוביה:
19,Psalms,136,24,Psalms 136:24,ופריקנא מן מעיקנא ארום לעלם טוביה:
19,Psalms,136,25,Psalms 136:25,דיהב מזוניה לכל בסרא ארום לעלם טוביה:
19,Psalms,136,26,Psalms 136:26,שבחו לאלהא שמיא ארום לעלם טוביה:
19,Psalms,137,1,Psalms 137:1,על נהרותא דבבל תמן יתיבנא לחוד בכינא כד הוינא דכרין ית ציון:
19,Psalms,137,2,Psalms 137:2,על ערבין במציעתא תלינן כנרנא:
19,Psalms,137,3,Psalms 137:3,ארום תמן שילו יתנא בבלאי דשבוי יתנא למימר מלין דשיריא ובזזנא על עסק חדוא אמרין שבחו לנא מן שירתא דהויתון אמרין בציון:
19,Psalms,137,4,Psalms 137:4,מן יד לואי אמרין היכדין נשבח ית תושבחא דיי על ארעא חילוניתא:
19,Psalms,137,5,Psalms 137:5,מתיבא קל רוחא דקודשא ואמרא דאין מנשינא ליך ירושלם אנשיה לימיני:
19,Psalms,137,6,Psalms 137:6,תדבק לישני למוריגי אין לא אדכר יתיכי אין לא אסיק דכרן ירושלם על שרוי חדות בית שמשי:
19,Psalms,137,7,Psalms 137:7,אמר מיכאל רבא דירושלם אדכר יי לעלמא לאדומא דאחריבו ירושלם דאמרין צדו צדו עד דשתאסא בה:
19,Psalms,137,8,Psalms 137:8,אמר גבריאל רבא דציון לאומא בבליתא בזוזיתא טב ליה דישלם לך ית גומליך ביש די גמלתא לנא:
19,Psalms,137,9,Psalms 137:9,טב ליה דאחד ומרטש ית טלייך על כיפא:
19,Psalms,138,1,Psalms 138:1,על יד דוד אודי קדמך יי בכל לבי קבל דיניא אזמרנך:
19,Psalms,138,2,Psalms 138:2,אסגוד קדם היכלא דקודשך ואודי ית שמך מטול טובך ומטול קושטך ארום אסגיתא על כל שמך מימרי תושבחתך:
19,Psalms,138,3,Psalms 138:3,ביומא די קרית עני יתי אסגעתני בנפשי עושנא:
19,Psalms,138,4,Psalms 138:4,יודון קדמך יי כל מלכי ארעא ארום שמעו מימרי תושבחתך:
19,Psalms,138,5,Psalms 138:5,וישבחון על כבישי יי ארום רב איקרא דיי:
19,Psalms,138,6,Psalms 138:6,ארום רמא יי ומכיך יחמי לטב וגיותנא מן שמיא רחיקין ימאיך:
19,Psalms,138,7,Psalms 138:7,אין אהלך במצע עקתא תחינני על נחירא בעלי דבבי תושיט אידך לחבלותהון ותפרקנני ימינך:
19,Psalms,138,8,Psalms 138:8,יי ישלים בישא עלויהון אמטולתי יי טובך לעלם עובדי אידך לא תשבוק:
19,Psalms,139,1,Psalms 139:1,לשבחא על יד דוד תושבחתא יי פשפשתני וידעתא:
19,Psalms,139,2,Psalms 139:2,את קדמך גלי אותבותי למעסק באוריתא ואוקימותי למזל בקרבא אתבינתא לחברותי בכנשתך מן עם רחיק:
19,Psalms,139,3,Psalms 139:3,כדון בהליכותא באורחא וברבעותי למעסק באוריתא אתעבדתא חילוני וכל ארחתי אסכנתא:
19,Psalms,139,4,Psalms 139:4,וכד לית ממלל בלישני הא יי ידעתא מחשבת לבי כולא:
19,Psalms,139,5,Psalms 139:5,מאחורי ומאפי אעקתא יתי וגרית עלי מחתא דידך:
19,Psalms,139,6,Psalms 139:6,מכסיא למידע מני אתקפת לא אכול לה:
19,Psalms,139,7,Psalms 139:7,אן איזל מן קדם זעפך ואן מן קדמך אפוך:
19,Psalms,139,8,Psalms 139:8,אין אסק לשמיא תמן אנת ואמוך לשיול הא תמן מימרך:
19,Psalms,139,9,Psalms 139:9,אזקוף ציצין דקריץ אשרי בסופי ימא:
19,Psalms,139,10,Psalms 139:10,לחוד תמן אידך תדבר יתי ותחדנני ימינך:
19,Psalms,139,11,Psalms 139:11,ואמרית ברם חושך מחברבר עלי וליליא קבל אמטולתי:
19,Psalms,139,12,Psalms 139:12,לחוד חשוכא לא יחשיך מן מימרך וליליא היך יומא ינהר היך חשוכא היך נהורא שוין:
19,Psalms,139,13,Psalms 139:13,ארום אנת קניתא כוליתי אשתית לי בכריסא דאמי:
19,Psalms,139,14,Psalms 139:14,אודינך מטול דדחילן פרישת פרישן עובדיך ונפשי חכמא לחדא:
19,Psalms,139,15,Psalms 139:15,לא אתכסא גרמי מנך די אתעבידת בטומרא אצטירית בכריסא דאמא:
19,Psalms,139,16,Psalms 139:16,גשמי חמין עינך ועל ספר דכרנך כולהון יומי מכתבין ביומא דאתברי עלמא מן שרויא אתבריאו כולהון בריתא ולית כחד חד ביניהון:
19,Psalms,139,17,Psalms 139:17,ולי כמא יקירין רחמיך צדיקיא אלהא כמא אתחילו רבניהון:
19,Psalms,139,18,Psalms 139:18,אמננון בעלמא הדין יתיר מן חלא יסגעון אתערית בעלמא דאתי ועד כדון אנא גבך:
19,Psalms,139,19,Psalms 139:19,אין תקטול אלהא לרשיעא וגברין דחיבין דין דקטול יזורון מני:
19,Psalms,139,20,Psalms 139:20,די יימון בשמך על נכלא משתבעין על מגן בעלי דבבך:
19,Psalms,139,21,Psalms 139:21,הלא מסנאך יי אנא סני וכד קימין לקבלך אנא מגרג:
19,Psalms,139,22,Psalms 139:22,עד שציאית סניתא סניתינון לבעלי דבבין הוון לי:
19,Psalms,139,23,Psalms 139:23,חקרני אלהא וידע רעיוני בחון יתי וידע הרהורי:
19,Psalms,139,24,Psalms 139:24,וחמי אין אורח דטעין בי דבר יתי באורח תריצי עלמא:
19,Psalms,140,1,Psalms 140:1,לשבחא תושבחתא על יד דוד:
19,Psalms,140,2,Psalms 140:2,פצי יתי יי מבר נש ביש מגבר חטופין תנטור יתי:
19,Psalms,140,3,Psalms 140:3,די חשילו בישן בלבא כל יומא מגרגין קרביא:
19,Psalms,140,4,Psalms 140:4,מתנין בלישנהון היך חויא ארסא דעכוביתא תחות ספותהון לעלמין:
19,Psalms,140,5,Psalms 140:5,נטור יתי יי מן יד דרשיעיא מן גבר חטופין תנטור יתי די חשילו למנקוף אסתורי:
19,Psalms,140,6,Psalms 140:6,כמנו גיותנון פחא לי ואשליא פרסין מצדתא לסטר אורחא תקלין שון לי תדירא:
19,Psalms,140,7,Psalms 140:7,אמרית ליי אלהי אנת אצית יי לקל בעותי:
19,Psalms,140,8,Psalms 140:8,אלהים יי עושנא דפורקני טללתא על רישי ביום קרבא:
19,Psalms,140,9,Psalms 140:9,לא תתן יי רגוני דואג רשיעא מחשבתיה לא תספק יסתלקון לעלמין:
19,Psalms,140,10,Psalms 140:10,אחיתופל ריש סנהדרי תלמידי לעות מלשינותא דספותהון יחפינון:
19,Psalms,140,11,Psalms 140:11,ימטון עלויהון גומרין מן שמיא בנורא דגיהנם יפלינון בגיצין דמחמרין דלא יקומון לחיי עלמא:
19,Psalms,140,12,Psalms 140:12,גבר דמשתעי לישן תליתי לא אפשר דיתכן בארעא דחיי גבר חטופא ביש יצודיניה מלאך דמותא ינקפניה בגהנם:
19,Psalms,140,13,Psalms 140:13,הבכן גלי קדמי ארום יעבד יי דינהון דעניי דינא דחשיכי:
19,Psalms,140,14,Psalms 140:14,ברם צדיקיא יהודון לשמך יתבון תריצי לצלאה קדמך:
19,Psalms,141,1,Psalms 141:1,תושבחתא לדוד יי קריתך חיש לי אצית קלי במקרי לך:
19,Psalms,141,2,Psalms 141:2,תתכון צלותי היך קטורת בוסמין קדמך זקפות ידי בצלו היך דורון בסים דמתקרב ברמש:
19,Psalms,141,3,Psalms 141:3,שוי יי מטרא לפומי נטר על זקוף ספותי:
19,Psalms,141,4,Psalms 141:4,לא תצלי לבי לפתגם ביש למחשב מחשבן ברשעא עם גברי עבדי שקר ולא אסעוד בזמר בית משתיהון:
19,Psalms,141,5,Psalms 141:5,יטפחנני צדיקא מטול חסדא ויכסנני משח רבות קודשא לא יבטל מן רישי ארום עד כדון צלותי מסתדרא בבישתהון:
19,Psalms,141,6,Psalms 141:6,אשתמיטו מבית מדרשא על ידי תקוף דיניהון תיבין ושמעין מימרי ארום בסימו:
19,Psalms,141,7,Psalms 141:7,די כמא גבר דפלח ומבזע במרדיא בארעא הכדין אתבדרו אברנא על פום קבורתא:
19,Psalms,141,8,Psalms 141:8,מטול היכנא לותך אלהים יי עיני מודיקן במימרך סברית לא תרוקן נפשי:
19,Psalms,141,9,Psalms 141:9,נטור יתי מן אידי פחא דאתקילו לי ותקלן עבדי שקר:
19,Psalms,141,10,Psalms 141:10,יפלון במצודתוי רשיעי כחדא אנא עד זמן די אעבר:
19,Psalms,142,1,Psalms 142:1,שכלא טב על ידי דוד במהוי באספלידא צלותא:
19,Psalms,142,2,Psalms 142:2,קלי קדם יי אקבל קלי קדם יי אצלי:
19,Psalms,142,3,Psalms 142:3,אשוד קדמוי שותי עקתי קדמוי אתני:
19,Psalms,142,4,Psalms 142:4,באשתלהיות עלי רוחי ואת ידעת שבילי בכבישא דנן דאהלך כמנו פחא לי:
19,Psalms,142,5,Psalms 142:5,אסתכלית על ימינא וחמית ולית לי משתמודע הובד שזיבו מני ולית תבע לנפשי:
19,Psalms,142,6,Psalms 142:6,קבלית לותך יי אמרית אנת משזבי חולקי בארע חייא:
19,Psalms,142,7,Psalms 142:7,אצית לצלותי ארום אתמסכנית לחדא פצי יתי מרדפי ארום אתחילו מני:
19,Psalms,142,8,Psalms 142:8,הנפיק מן מסגירא נפשי לאודאה ית שמך אמטולתי יעבדון לך כליל דשבח צדיקיא ארום תשלם גומלא טבא עלי:
19,Psalms,143,1,Psalms 143:1,שבחא לדוד יי שמע צלותי אצית לתחנוני בקושטך עני יתי בצדקתך:
19,Psalms,143,2,Psalms 143:2,ולא תעול לבית דינא עם עבדך ארום לא יזכי קדמך כל דחי:
19,Psalms,143,3,Psalms 143:3,ארום רדף בעל דבבא נפשי דכדך לארעא חיתי אותבני בחשוכיא היך שכיבי עלמא הדין:
19,Psalms,143,4,Psalms 143:4,באשתלהיות עלי רוחי בגושמי ישתעמם לבי:
19,Psalms,143,5,Psalms 143:5,אדכרית יומין מלקדמין רננית בכולהון עובדך בעובדי אידך אמלל:
19,Psalms,143,6,Psalms 143:6,פריסית אידי בצלו קדמך נפשי היך ארעא דצחיא למיא מודיקא לך לעלמין:
19,Psalms,143,7,Psalms 143:7,סרהב עני יתי יי רגיגת לך רוחי לא תסלק שכנתך מני ואתמתילית עם נחתי גוב בית קבורתא:
19,Psalms,143,8,Psalms 143:8,אשמיע יתי בצפר טובך ארום במימרך סברית אודע יתי אורח דנן דאהלך ארום לותך זקפית נפשי בצלו:
19,Psalms,143,9,Psalms 143:9,פצי יתי מבעלי דבבי יי מימרך מניתי לפריק:
19,Psalms,143,10,Psalms 143:10,אלף יתי למעבד רעותך ארום אנת אלהי רוח קודשך טבא תדבר יתי בארעא תריץ:
19,Psalms,143,11,Psalms 143:11,מן בגלל שמך יי תקימנני בצדקך אפק מן עקתא נפשי:
19,Psalms,143,12,Psalms 143:12,ובחסדך תמגר בעלי דבבי ותהובד כל מעיקי נפשי ארום אנא עבדך:
19,Psalms,144,1,Psalms 144:1,על יד דוד בריך יי תוקפי דמאלף אידי לסדרי קרב אצבעתי לאגחא קרבא:
19,Psalms,144,2,Psalms 144:2,עבד טיבו וכרך תקיפי תוקפי ומשזב יתי תריסי ובמימריה סברית די מרדד עמין תחותי:
19,Psalms,144,3,Psalms 144:3,יי מה הוא בר נש דחכימתיה בני אנשא וחשבתיה:
19,Psalms,144,4,Psalms 144:4,בר נש ללמא אדמא יומוי היך טולא דעבר:
19,Psalms,144,5,Psalms 144:5,יי ארכין שמיא ותתגלי קרב בטוריא ומסקין תננא:
19,Psalms,144,6,Psalms 144:6,אבריק ברקא ובדרנון שדר גרריך ותשגשינון:
19,Psalms,144,7,Psalms 144:7,אושיט ידך מן שמי מרומא פצי יתי ושיזיב יתי מאוכלוסין דמתילין למיין סגיעין מן ידהון דבני נוכראין:
19,Psalms,144,8,Psalms 144:8,די פומהון ממלל מומתא דמגן ואוריתהון אורית שקרא:
19,Psalms,144,9,Psalms 144:9,אלהים שבח חדת אשבח קדמך בנבלא עסרתי נימין אזמר קדמך:
19,Psalms,144,10,Psalms 144:10,דיהב פורקן למלכיא דפצי ית דוד עבדיה מחרבא בישא דגלית:
19,Psalms,144,11,Psalms 144:11,פצי יתי ושיזיב יתי מידיהון דבני נוכראין די פומהון מלל מומתא דמגן ואוריתהון אורית שקרא:
19,Psalms,144,12,Psalms 144:12,דבננא כנציבין דדקלין באולפן אוריתא רבין מן טליותהון בנתנא זותנין וכשרין לכהניא דמשמשין במצע היכלא:
19,Psalms,144,13,Psalms 144:13,תסורנא מלין מספקן מן שתא לשתא עאננא מילדן אלפיא מפשן רבותא באשקקנא:
19,Psalms,144,14,Psalms 144:14,תורינא מרי מטול לית תקוף ולא מפקא בישא ולית צוחת בכיתא בפלטיתנא:
19,Psalms,144,15,Psalms 144:15,טובוי דעמא דהכדין ליה טובוי דעמא דיי אלהיה:
19,Psalms,145,1,Psalms 145:1,תושבחתא לדוד ארוממנך אלהי מלכא ואברך שמך לעלמי עלמין:
19,Psalms,145,2,Psalms 145:2,בכל יומא אברכנך ואשבח שמך לעלמי עלמין:
19,Psalms,145,3,Psalms 145:3,רב יי ומשבח לחדא ולרבותיה לית סוף:
19,Psalms,145,4,Psalms 145:4,דרא לדרא ישבח עובדך וגבורתך יתנון:
19,Psalms,145,5,Psalms 145:5,שבהור איקר זיוך ומלי פרישותך אמלל:
19,Psalms,145,6,Psalms 145:6,ועושנא דחלתך יימרון ורבנותך ישתעון:
19,Psalms,145,7,Psalms 145:7,דכרן סגיעי טובך יביעון וצדקתך ישבחון:
19,Psalms,145,8,Psalms 145:8,חננא ורחמנא יי מרחיק רגז ומסגי למעבד טבון:
19,Psalms,145,9,Psalms 145:9,טב יי לכולא ורחמוי על כולהון עובדוי:
19,Psalms,145,10,Psalms 145:10,יהודונך יי כולהון עובדך וחסידיך יברכינך:
19,Psalms,145,11,Psalms 145:11,איקר מלכותך יימרון וגבורתך ימללון:
19,Psalms,145,12,Psalms 145:12,להודעא לבני נשא גבורתוי ואיקר שיבהור מלכותיה:
19,Psalms,145,13,Psalms 145:13,מלכותך מלכותא דכל עלמיא ושולטנותך בכל דר ודר:
19,Psalms,145,14,Psalms 145:14,סעיד יי לכל נפילין וזקיף לכולהון כפיפין:
19,Psalms,145,15,Psalms 145:15,עיניהון דכולא לותך סבירן ואת יהב להון ית מיכלהון בזמניה:
19,Psalms,145,16,Psalms 145:16,פותח ית אידך ומסבע לכולהון חיי רעותהון:
19,Psalms,145,17,Psalms 145:17,זכי יי בכל אורחתיה וחסידא בכל עובדוי:
19,Psalms,145,18,Psalms 145:18,קרב יי לכל דקרין ליה לכולהון דקרין יתיה בקשוט:
19,Psalms,145,19,Psalms 145:19,רעות דחלוי יעבד וית בעותהון ישמע ויפרקנון:
19,Psalms,145,20,Psalms 145:20,נטר יי ית כל רחימוי וית כל רשיעי ישיצי:
19,Psalms,145,21,Psalms 145:21,שבחא דיי ימלל פומי ויברכון כל בני בסרא שום קודשיה לעלמי עלמין:
19,Psalms,146,1,Psalms 146:1,הללויה שבחי נפשי ית שמא דיי:
19,Psalms,146,2,Psalms 146:2,אשבח יי בחיי אזמר לאלהי בדאיתי:
19,Psalms,146,3,Psalms 146:3,לא תתרחצון ברברביא בבר נש דלית ליה פורקנא:
19,Psalms,146,4,Psalms 146:4,תפוק רוחיה יתוב לעפריה ביומא ההוא הובדו זמיונוי:
19,Psalms,146,5,Psalms 146:5,טוביה דאלהא יעקב בסעדיה סבריה על יי אלהיה:
19,Psalms,146,6,Psalms 146:6,דעבד שמיא וארעא ית ימא וית כל די בהון די נטר קשוט לעלם:
19,Psalms,146,7,Psalms 146:7,די עבד דינא לטלומין יהב מזון לכפינין יי דשרי אסיריא:
19,Psalms,146,8,Psalms 146:8,יי פקח לסמין יי זקף כפיפין יי רחם צדיקיא:
19,Psalms,146,9,Psalms 146:9,יי נטר ית גיורא יתם וארמלא יסובר ואורחא דרשיעי יטלטל:
19,Psalms,146,10,Psalms 146:10,ימלוך יי לעלם אלהיך ציון לדר ודר הללויה:
19,Psalms,147,1,Psalms 147:1,הללויה ארום טב לזמרא קדם אלהנא ארום בסים יאיא תושבחתא:
19,Psalms,147,2,Psalms 147:2,בני ירושלם יי גלות ישראל יכנס:
19,Psalms,147,3,Psalms 147:3,דמסי לתבירי לבא ומסיק ארכא לצעריהון:
19,Psalms,147,4,Psalms 147:4,מני סכום לכוכביא לכולהון בשמא קרי:
19,Psalms,147,5,Psalms 147:5,רב מרנא וסגי חילא לסוכלתנותיה לית סכום:
19,Psalms,147,6,Psalms 147:6,מסובר ענותניא יי מכיך רשיעיא עדי ארעא:
19,Psalms,147,7,Psalms 147:7,שבחו קדם יי בתודתא זמרו קדם אלהנא בכנרא:
19,Psalms,147,8,Psalms 147:8,דחפי שמיא בעננא דמתקן לארעא מטרא דמרבי טוריא עסבי:
19,Psalms,147,9,Psalms 147:9,יהב לבעירא מזונא לבני עורבא דקרן:
19,Psalms,147,10,Psalms 147:10,לא בגבורתא דרכיבין על סוסי יצבי לא בשוקי גוברין רחמנין יצבי:
19,Psalms,147,11,Psalms 147:11,רעי יי ית דחלוי ית דמוריכין לטוביה:
19,Psalms,147,12,Psalms 147:12,שבחי ירושלם ית יי שבחי אלהיך ציון:
19,Psalms,147,13,Psalms 147:13,ארום תקף נגרי תרעיך בריך בניכי במצעיך:
19,Psalms,147,14,Psalms 147:14,דשוי תחומך שלם שמן חנטיא יסבענך:
19,Psalms,147,15,Psalms 147:15,דמשדר מימריה לארעא עד סרהובא ירהוט מלוליה:
19,Psalms,147,16,Psalms 147:16,דיהב תלגא חור היך עמר גליד היך קטם יבדר:
19,Psalms,147,17,Psalms 147:17,מטלק קרחיה פליג היך רסוקין דמן קדם קוריה מן אפשר ליה למקם:
19,Psalms,147,18,Psalms 147:18,ישדר קדום חמתיה וימסנון ינתב רוחיה זלחין מיא:
19,Psalms,147,19,Psalms 147:19,דתני דבריא דאוריתא ליעקב קימוי ודינוי לישראל:
19,Psalms,147,20,Psalms 147:20,לא עבד היכנא לכל עמא ודינין לא הודעינון הללויה:
19,Psalms,148,1,Psalms 148:1,הללויה שבחו ית יי בריתא קדישיא מן שמיא שבחו יתיה כל חילי אנגלי מרומא:
19,Psalms,148,2,Psalms 148:2,שבחו יתיה כל מלאכיא די משמשין קדמוי שבחו יתיה כל חלותיה:
19,Psalms,148,3,Psalms 148:3,שבחו יתיה שמשא וסיהרא שבחו יתיה כל כוכבי נהורא:
19,Psalms,148,4,Psalms 148:4,שבחו יתיה שמי שמיא ומיא דתלין במימרא מעלוי שמיא:
19,Psalms,148,5,Psalms 148:5,ישבחון ית שמא דיי ארום הוא פקיד ואתבריאו:
19,Psalms,148,6,Psalms 148:6,והקימנון לעלמי עלמין גזירתא יהב ולא יעבר:
19,Psalms,148,7,Psalms 148:7,שבחו ית יי מן ארעא תניניא וכל תהומיא:
19,Psalms,148,8,Psalms 148:8,אשא וברדא תלגא וקטרא רוח עלעולא עבדא פתגמיה:
19,Psalms,148,9,Psalms 148:9,טוריא וכל גלמתא אילן דעבד פרין וכל ארזין:
19,Psalms,148,10,Psalms 148:10,חיתא וכל בעירא ריחשא וצפר גדפא דפרח:
19,Psalms,148,11,Psalms 148:11,מלכיא דארעא וכל אומיא רברבניא וכל דיני ארעא:
19,Psalms,148,12,Psalms 148:12,עולימא ולחוד בתולן סביא עם טליא:
19,Psalms,148,13,Psalms 148:13,ישבחון ית שמא דיי ארום תקיף שמיה בלחודוי תושבחתיה על ארעא ושמיא:
19,Psalms,148,14,Psalms 148:14,וזקף איקר לעמיה שבחא לכל חסידוי לבני ישראל עמא דקרובין ליה שבחו ית יי:
19,Psalms,149,1,Psalms 149:1,שבחו קדם יי שבח חדת תושבחתיה בקהלא דחסידי:
19,Psalms,149,2,Psalms 149:2,יחדון דבית ישראל בעובדיהון בני ציון ידוצון במלכהון:
19,Psalms,149,3,Psalms 149:3,ישבחון שמיה בחנגין בתופין וכנרין יזמרון ליה:
19,Psalms,149,4,Psalms 149:4,ארום רעותא דיי בעמיה ישבחון ענותניא בפורקנא:
19,Psalms,149,5,Psalms 149:5,יבועון חסידי ביקרא ירננון על דמכיהון:
19,Psalms,149,6,Psalms 149:6,תושבחן דאלהא בעונקהון והיך סיפא דיוסטרא באידיהון:
19,Psalms,149,7,Psalms 149:7,למעבד נקמתא בעמיא מכסנותא באומיא:
19,Psalms,149,8,Psalms 149:8,למיסר מלכיהון בשירין ויקיריהון בכבלי דפרזלא:
19,Psalms,149,9,Psalms 149:9,למעבד בהון דין דכתיב באוריתא שבהורא הוא לכל חסידוי הללויה:
19,Psalms,150,1,Psalms 150:1,הללויה שבחו אלהא בבית מקדשיה שבחו יתיה ברקיעא דעושניה:
19,Psalms,150,2,Psalms 150:2,שבחו יתיה בגבורתיה שבחו יתיה היך סוגעי רבותיה:
19,Psalms,150,3,Psalms 150:3,שבחו יתיה בתקיעותא דשופרא שבחו יתי בנבלין וכינרין:
19,Psalms,150,4,Psalms 150:4,שבחו יתיה בתופין ובחנגין שבחו יתיה בחלילין ואבובין:
19,Psalms,150,5,Psalms 150:5,שבחו יתיה בצלצלון דשמעין בלחודיהון שבחו יתיה בצלצלון דמשמעין ביבבא:
19,Psalms,150,6,Psalms 150:6,כל נשמתא תשבח יה הללויה:
20,Proverbs,1,1,Proverbs 1:1,מתלוי דשלמה בר דוד מלכא דישראל:
20,Proverbs,1,2,Proverbs 1:2,למדע חכמתא ומרדותא לאתבין אמרי ביונתא:
20,Proverbs,1,3,Proverbs 1:3,למקבלא מרדותא דשוכלא וצדקתא ודינא ותריצותא:
20,Proverbs,1,4,Proverbs 1:4,למתן לשברי ערימותא ולטלאי ידיעתא ותרעיתא:
20,Proverbs,1,5,Proverbs 1:5,ישמע חכימא ויוסיף מדעא וסוכלתנא מדברנותא יקני:
20,Proverbs,1,6,Proverbs 1:6,למתבינא מתלאה ופלאתא ומילי דחכימי ואוחדתהון:
20,Proverbs,1,7,Proverbs 1:7,ריש חכמתא דחלתא דיי וחכמתא ומרדותא סיכלי שיטין:
20,Proverbs,1,8,Proverbs 1:8,שמע ברי מרדותא דאבוך ולא תטעי מנימוסא דאמך:
20,Proverbs,1,9,Proverbs 1:9,מטול דיאותא וחסדא אנון לרישך והמניכא לצורך:
20,Proverbs,1,10,Proverbs 1:10,ברי אין נשדלו לך חטאי לא תתפיס:
20,Proverbs,1,11,Proverbs 1:11,אין יימרון אתא עמנא נכמון לדמא נטשי לזכי מגן:
20,Proverbs,1,12,Proverbs 1:12,נבלענון כשיול לחיי ולדלא מום היך נחתי גובא:
20,Proverbs,1,13,Proverbs 1:13,כל עותרא ויקרא נשכח ונמלי בתנא בזתא:
20,Proverbs,1,14,Proverbs 1:14,פיסך ארמי בינתנא כיסא חד יהוי לכולנא:
20,Proverbs,1,15,Proverbs 1:15,ברי לא תיזיל בארחא עמהון מנע רגלך מן שביליהון:
20,Proverbs,1,16,Proverbs 1:16,מטול דרגליהון לבישתא רהטן ומסתרהבין למשפך דמא:
20,Proverbs,1,17,Proverbs 1:17,מטול דמגן פריסא מצודתא על פרחתא דגפא:
20,Proverbs,1,18,Proverbs 1:18,והנון לדמהון כמנן ומטשין לנפשתהון:
20,Proverbs,1,19,Proverbs 1:19,היכדין אנון ארחתא דכל דעבדין עילא נפשתא דמריהון נסבין:
20,Proverbs,1,20,Proverbs 1:20,חכמתא בשוקא משתבחא ומשקקי יהבא קלה:
20,Proverbs,1,21,Proverbs 1:21,בריש בירתא מכרזא ובמעלנא דתרעי בכרכי מלהא אמרה:
20,Proverbs,1,22,Proverbs 1:22,עד אימת שברי רחמין שברותא וממקני ממקנותא רגיגו להון וסכלי סנין ידיעתא:
20,Proverbs,1,23,Proverbs 1:23,תתפנון למכסנותי אבע לכון רוחי ואודעינון מלי:
20,Proverbs,1,24,Proverbs 1:24,על דקרית ולא הימנתון ארימית אידי ולא אציותון:
20,Proverbs,1,25,Proverbs 1:25,ושנתון כל תרעיתי ומכסנותא לא אביתון:
20,Proverbs,1,26,Proverbs 1:26,אף אנא בתברכון אגחך ואדחך כד ייתי דלוחיא עליכון:
20,Proverbs,1,27,Proverbs 1:27,כד ייתי בשליא דלוחיכון ותברכון כעלעולא ייתי כד תיתא עליכון עקתא ושנוקא:
20,Proverbs,1,28,Proverbs 1:28,הידין יקרוני ולא אענה נקרין ולא תשכחנני:
20,Proverbs,1,29,Proverbs 1:29,על דסנוי ידיעתא ודחלתיה דאלהא לא אתרעו:
20,Proverbs,1,30,Proverbs 1:30,לא צבו בתרעיתי ואשליאו לי כל מכסנותי:
20,Proverbs,1,31,Proverbs 1:31,ואכלו מן פרי דארחתהון וממלכיהון יסבעון:
20,Proverbs,1,32,Proverbs 1:32,מטול דנהפכנותא דשברי תקטול אנון וטועי דסכלי תובדנון:
20,Proverbs,1,33,Proverbs 1:33,מן דשמע לי נשרי בסברא ונשרא מן דלוחא דבישתא:
20,Proverbs,2,1,Proverbs 2:1,ברי אין תקבל מלי ופוקדני תטשי גביך:
20,Proverbs,2,2,Proverbs 2:2,ותצלי אדנך לחכמתא ותפני לבא לביונא:
20,Proverbs,2,3,Proverbs 2:3,ואמא לביוננותא תקרא ולביונא תתן קלך:
20,Proverbs,2,4,Proverbs 2:4,ותבעי היך סימא היך סימתא תצביה:
20,Proverbs,2,5,Proverbs 2:5,הידין תתבין דחלתיה דאלהא וידיעתא מן קדם אלהא תשכח:
20,Proverbs,2,6,Proverbs 2:6,מטול דאלהא יהב חכמתא מן פומיה ידיעתא וביונא:
20,Proverbs,2,7,Proverbs 2:7,יטשי לתריצי שבהור ומסיע לאילן דמהלכין בלא מום:
20,Proverbs,2,8,Proverbs 2:8,למנטור ארחתא דדינא וארחתא דצדיקין ננטר:
20,Proverbs,2,9,Proverbs 2:9,הידין תתבין צדקתא ודינא ותריצותא דכל שבלי שפירי:
20,Proverbs,2,10,Proverbs 2:10,ארי תעול חכמתא ללבך וידיעתא לנפשך יבסם:
20,Proverbs,2,11,Proverbs 2:11,תרעיתא תנטור עלך ביונתא תנצרך:
20,Proverbs,2,12,Proverbs 2:12,די תתפצי מן ארחא בישא ומן גברא דממלל מפרכיתא:
20,Proverbs,2,13,Proverbs 2:13,דשבקין ארחתא תריצתא ואזלין בארחתא דחשוכא:
20,Proverbs,2,14,Proverbs 2:14,דחדין למעבד ביש ודיצין בהופכא דבישתא:
20,Proverbs,2,15,Proverbs 2:15,דארחתהון מעקמן ומפתלין שביליהון:
20,Proverbs,2,16,Proverbs 2:16,דתתפצי מן אתתא חילוניתא מנוכריתא דמלהא חלין:
20,Proverbs,2,17,Proverbs 2:17,דשבקה מרביתא דטליותהא וקימא דאלהא טעת:
20,Proverbs,2,18,Proverbs 2:18,דבעמקא דמותא ביתה ולגבריא הלכתא דשבילהא:
20,Proverbs,2,19,Proverbs 2:19,כל דעילן לא חזרין בשלם ולא צידין ארחתא דחיי:
20,Proverbs,2,20,Proverbs 2:20,בדיל הלך בארחתא דטבי ושבילי דצדיקי תנטור:
20,Proverbs,2,21,Proverbs 2:21,מטול דתריצי עמדין בארעא ואלין דלא מום משתותרין בה:
20,Proverbs,2,22,Proverbs 2:22,ורשיעיא מן ארעא נסופון ובזוזי נתעקרון מנה:
20,Proverbs,3,1,Proverbs 3:1,ברי נימוסי לא תנשי ופוקדני ינטר לבך:
20,Proverbs,3,2,Proverbs 3:2,מטול דנוגדא דיומתא ושניא דחיי ושלמא נוספון לך:
20,Proverbs,3,3,Proverbs 3:3,טיבותא וקושטא לא נשבקונך קטורנון בצורך וכתוב אנון על לוח דלבך:
20,Proverbs,3,4,Proverbs 3:4,ותשכח חסדא ושכלא וטיבותא קדם אלהא וקדם בני אנשא:
20,Proverbs,3,5,Proverbs 3:5,סביר באלהא מן כלי לבך ועל ביונתא דלבך לא תסתמיך:
20,Proverbs,3,6,Proverbs 3:6,בכל ארחתך דעהו והוא יתרץ שבילך:
20,Proverbs,3,7,Proverbs 3:7,לא תהי חכים באפך דחיל מן אלהא וסטא מן בישתא:
20,Proverbs,3,8,Proverbs 3:8,אסיותא תהוי לכונשרך ודוהנא לגרמיך:
20,Proverbs,3,9,Proverbs 3:9,יקר לאלהך מן ממונך ומריש כלהון עללתך:
20,Proverbs,3,10,Proverbs 3:10,ומתמלין אוצרך שבענא ומעצרתך חמרא נשפען:
20,Proverbs,3,11,Proverbs 3:11,ברי מרדותא דאלהא לא תסלא ולא תמריק במכסנותיה:
20,Proverbs,3,12,Proverbs 3:12,מטול דלמן דרחם ליה אלהא רדיה ליה והיך אבא דרדי לבריה:
20,Proverbs,3,13,Proverbs 3:13,טובוהי לבר נשא דאשכח חכמתא ובר נשא דמביע ביונתא:
20,Proverbs,3,14,Proverbs 3:14,מטול דטבא תגרותה מן תגרותא דסימא ומן דהבא סנינא עללתה:
20,Proverbs,3,15,Proverbs 3:15,יקירא היא מן כיפי טבתא וכל מדעם לא פחים ליה:
20,Proverbs,3,16,Proverbs 3:16,נוגדא דיומתא בימינה ובשמאלה עותרא ויקרא:
20,Proverbs,3,17,Proverbs 3:17,ארחתהא ארחתא דבוסמא וכלהון הליכתהא שלמא:
20,Proverbs,3,18,Proverbs 3:18,אילנא דחיי היא לאלין דמתחזקין בה ואלין דמתעסקין בה טוביהון:
20,Proverbs,3,19,Proverbs 3:19,אלהא בחכמתא שתאסיא ארעא ואתקין שמיא בביונה:
20,Proverbs,3,20,Proverbs 3:20,בדעתיה תהומי אתבזיעו ושמיא צעי מטליא:
20,Proverbs,3,21,Proverbs 3:21,ברי לא נזל בעינך נטר מדעא ותרעיתא:
20,Proverbs,3,22,Proverbs 3:22,ויהוון חיי לנפשך וחסדא לצורך:
20,Proverbs,3,23,Proverbs 3:23,הידין תיזל בסברא בארחתך ורגלך לא תתקל:
20,Proverbs,3,24,Proverbs 3:24,אם תשכוב ותדמוך לא תדחל ותשכב ותבסם שנתך:
20,Proverbs,3,25,Proverbs 3:25,לא תדחל מן דחליא ומן שליא ומן חיסא דרשיעי כד ייתי:
20,Proverbs,3,26,Proverbs 3:26,מטול דאלהא יהי בסעדך וינטר רגלך ולא תתציד:
20,Proverbs,3,27,Proverbs 3:27,לא תתכלי למעבד שפיר כד אית חילא בידך למעבד:
20,Proverbs,3,28,Proverbs 3:28,לא תימר לחברך אזל ותוב ולמחר אתן ואית גבך:
20,Proverbs,3,29,Proverbs 3:29,לא תחשב על חברך בישתא והוא יתב עמך בשלוה:
20,Proverbs,3,30,Proverbs 3:30,לא תנצי עם בר נשא מגן אם לא עבד לך בישא:
20,Proverbs,3,31,Proverbs 3:31,לא תטן בגברא חטופא ולא תצבי בכלהון ארחתיה:
20,Proverbs,3,32,Proverbs 3:32,מטול דמרחק עותא מן קדם יי ועם תריציא שועיתיה:
20,Proverbs,3,33,Proverbs 3:33,לוטתא דאלהא בבתיהון דרשיעי ומעמדהון דצדיקי יברך:
20,Proverbs,3,34,Proverbs 3:34,ולממקני נסחוף ולענוני יתן חסדא:
20,Proverbs,3,35,Proverbs 3:35,יקרא חכימי נחסנן וסכלי נקבלן צערא:
20,Proverbs,4,1,Proverbs 4:1,שמעו בניא מרדותא דאב ואציתו למדע ביונא:
20,Proverbs,4,2,Proverbs 4:2,מטול דיולפנא טבא יהבית לכון ונימוסי לא תשבקון:
20,Proverbs,4,3,Proverbs 4:3,מטול דברא הוית לאבא מפנק ויחידא קדם אמי:
20,Proverbs,4,4,Proverbs 4:4,ואלפני ואמר לי יקמט מלי לבך נטר פקודי וחיה:
20,Proverbs,4,5,Proverbs 4:5,קנה חכמתא קנה ביונא לא תנשי ולא תסטי מן מאמרי פומי:
20,Proverbs,4,6,Proverbs 4:6,ולא תשבקיה ותנטריך רחמה דתגביך:
20,Proverbs,4,7,Proverbs 4:7,ריש חכמתא קנה חכמתא ובכל קנינך קנה ביונא:
20,Proverbs,4,8,Proverbs 4:8,חבביה די תרוממנך וחבקיה דתיקרך:
20,Proverbs,4,9,Proverbs 4:9,ותשים ברישך יאיותא דחסדא כלילא דשבהורא עלך:
20,Proverbs,4,10,Proverbs 4:10,שמע ברי וקבל מני ונסגיון שניא דחיך:
20,Proverbs,4,11,Proverbs 4:11,ארחתא דחכמתא אלפתך והלכתך בשבילי תריצי:
20,Proverbs,4,12,Proverbs 4:12,כד תיזל לא תתעוק ארחך ואין תרהט לא תתקל:
20,Proverbs,4,13,Proverbs 4:13,תתחזק במרדותא ולא תרפא נטריה מטול דהיא חיך:
20,Proverbs,4,14,Proverbs 4:14,בארחא דרשיעי לא תיזל ולא תטן בארחא דבישין:
20,Proverbs,4,15,Proverbs 4:15,אריש ולא תעבר עמהון סטי ועבר מנהון:
20,Proverbs,4,16,Proverbs 4:16,לא דמכין עד מה דמבאשין ופרידא שנתהון עד מה דעבדין תקלא:
20,Proverbs,4,17,Proverbs 4:17,דמיכלתהון מיכלתא דרשיעי וחמרא דחטופיא שתין:
20,Proverbs,4,18,Proverbs 4:18,וארחא דצדיקי כנהורא דמזהר ואזל נהריה עד מה דתקין יומא:
20,Proverbs,4,19,Proverbs 4:19,וארחא דרשיעי חכירא ולא ידעין במנא מתתקלין:
20,Proverbs,4,20,Proverbs 4:20,ברי למלי אצית ולמאמרי צלי אודנך:
20,Proverbs,4,21,Proverbs 4:21,לא נזלן מעינך נטרנון בגויה דלבך:
20,Proverbs,4,22,Proverbs 4:22,מטול דחיי אנון למן דמשכח להון ולכולא בשריה מאסי:
20,Proverbs,4,23,Proverbs 4:23,מכל זהורא נטר לבך מטול דמניה הוא מפקנא דחיי:
20,Proverbs,4,24,Proverbs 4:24,אעבר מנך עקומא דפומא ועאתא דשפותא ארחק מנך:
20,Proverbs,4,25,Proverbs 4:25,עינך בתריצותא נאורן ותמריך נתרצון לקובלך:
20,Proverbs,4,26,Proverbs 4:26,אעבר רגלך משבילי בישי וכולהון ארחתך מתקנן:
20,Proverbs,4,27,Proverbs 4:27,לא תסטי לימינא ולשמאלא אעבר רגלך מן בישתא:
20,Proverbs,5,1,Proverbs 5:1,ברי לחוכמתי צית לביוני צלי אדנך:
20,Proverbs,5,2,Proverbs 5:2,דתזדהר בתרעיתא ודעתא שפותך ננטרן:
20,Proverbs,5,3,Proverbs 5:3,מטול דכבריתא מנטפן שפותא דנוכריתא ושעיע מן משחא חכה:
20,Proverbs,5,4,Proverbs 5:4,ואחריתה מרירא היך גירא חריפא מן סיפא דתרין פומין:
20,Proverbs,5,5,Proverbs 5:5,רגלה נחתן למותא שיול הלכתהא מסמכן:
20,Proverbs,5,6,Proverbs 5:6,בארחא דחיי לא דרכא מטלטלין שבילהא ולא ידעה:
20,Proverbs,5,7,Proverbs 5:7,והשתא בניא שמעון לי ולא תסטון מן מימרי דפומי:
20,Proverbs,5,8,Proverbs 5:8,ארחק מנה ארחך ולא תקרב לתרעא דביתה:
20,Proverbs,5,9,Proverbs 5:9,דלא תתן לאחרני חילך ושניך לנוכראין:
20,Proverbs,5,10,Proverbs 5:10,דלא נשבעון נוכראי חילך ולעותך תעל לביתא דאחריני:
20,Proverbs,5,11,Proverbs 5:11,ותנהום בסופך עד מה דיגמר בשרך וגושמך:
20,Proverbs,5,12,Proverbs 5:12,ותימר היכנא סנית מרדותא ומכסנותא אשלי לבי:
20,Proverbs,5,13,Proverbs 5:13,ולא שמעית קלא דמרותי ולמלפני לא צלית אדני:
20,Proverbs,5,14,Proverbs 5:14,על כליל הוית לי בכל בישין בגו כנשתא ועדתא:
20,Proverbs,5,15,Proverbs 5:15,אשתי מיא מן גובך ורדיא מן בירך:
20,Proverbs,5,16,Proverbs 5:16,נשפעון מעינך לברא ובפתיי טיפי דמיא:
20,Proverbs,5,17,Proverbs 5:17,יהוון לך לחודך ונוכראי לא נשתתפון עמך:
20,Proverbs,5,18,Proverbs 5:18,יהוי מבועך בריך וחדי מן אתת טליותך:
20,Proverbs,5,19,Proverbs 5:19,אילתא דרחמותא ודיצתא דחסדא תדונא אלף בכל זמן וברחמותה תגרס תדירא:
20,Proverbs,5,20,Proverbs 5:20,ולמה תשרגג ברי בנוכריתא אוף לא תחבק עובא דאחריתא:
20,Proverbs,5,21,Proverbs 5:21,מטול דקדם עינוי דאלהא אנון ארחתיה דגברא וכולהון שבילוי גלן קדמוי:
20,Proverbs,5,22,Proverbs 5:22,חובוי דרשיעא קמטין ליה ובחבלי דחטוי נתפכר:
20,Proverbs,5,23,Proverbs 5:23,הוא ימות בלא מרדותא ובסוגאי דשטיותיה נטעי:
20,Proverbs,6,1,Proverbs 6:1,ברי אין ערבתא לחברך אשלימתא לנוכראה ידך:
20,Proverbs,6,2,Proverbs 6:2,אתצידתא במאמרא דפומך אתאחדתא במאמרא דפומך:
20,Proverbs,6,3,Proverbs 6:3,עביד היכנא בני ואתפצא מטול דנפלתא ביד דחברך אזל גרג חביל חברך:
20,Proverbs,6,4,Proverbs 6:4,לא תתן שנתא לעינך ונימתא לגביניך:
20,Proverbs,6,5,Proverbs 6:5,דתתפצי היך טביא מן נשבא והיך צפרא מן פוחא:
20,Proverbs,6,6,Proverbs 6:6,אתרמי לשומשמנא עטלא חמי ארחתהון ואתחכם:
20,Proverbs,6,7,Proverbs 6:7,דלית לה חצדא היך אף לא סרכא ושליטא:
20,Proverbs,6,8,Proverbs 6:8,מתקנא בקיטא לחמה וגבשא בחצדא מיכלה:
20,Proverbs,6,9,Proverbs 6:9,עד מה לאימת אנת דמיך אנת עטלא ולאימת קימת מן שנתך:
20,Proverbs,6,10,Proverbs 6:10,קליל שנתא קליל נומתא קליל תחבק ידך למדמכא:
20,Proverbs,6,11,Proverbs 6:11,ותיתי ותדרוך מסכנותך וחוסרנך היך גברא כשרא:
20,Proverbs,6,12,Proverbs 6:12,בר נש טלומא גברא עולא מהלך בעקימות פומיה:
20,Proverbs,6,13,Proverbs 6:13,רמז בעינוי ותכס ברגלוי ורמז באצבעתיה:
20,Proverbs,6,14,Proverbs 6:14,ומתהפך בלביה וחשל בישתא בכל זמן תגרי רמי:
20,Proverbs,6,15,Proverbs 6:15,מטול הכנא מן שליא ניתי תבריה ומן שליא נתבר ולא תהוי ליה אסיותא:
20,Proverbs,6,16,Proverbs 6:16,שית אינון דסני אלהא ובשבע אסדית נפשיה:
20,Proverbs,6,17,Proverbs 6:17,עיני רמתא ולישנא דשקרא וידי דשפכן דמא זכי:
20,Proverbs,6,18,Proverbs 6:18,לבא דחשל מחשבתא רעתא ורגלי דמסתרהבן למרהט לבישתא:
20,Proverbs,6,19,Proverbs 6:19,סהדא דשקרא דמלל כדבותא ומן דרמי תגרי בין אחי:
20,Proverbs,6,20,Proverbs 6:20,טור ברי פוקדנא דאבוך ולא תטעי מנימוסא דאמך:
20,Proverbs,6,21,Proverbs 6:21,קטורנון בלבך תדירא וכרוך אנון בצורך:
20,Proverbs,6,22,Proverbs 6:22,במיזלך תתדבר עמך במדמכך תתנטר עלך ותתער היא תהוי רציך:
20,Proverbs,6,23,Proverbs 6:23,מטול שרגא הוא פוקדנא ונימוסא נוהרא ואורחא דחיי ומכסנותא ומרדותא:
20,Proverbs,6,24,Proverbs 6:24,דתנטרך מן אתתא בישתא ומן שעיעותא דלישנא דנוכריתא:
20,Proverbs,6,25,Proverbs 6:25,לא תרוג שופרה בלבבך ולא תשרגננך בגבינתהא:
20,Proverbs,6,26,Proverbs 6:26,מטול דדמיא מלתא דזניתא היך גרצתא דלחמא ואתת גברא נפשא יקירתא צידא:
20,Proverbs,6,27,Proverbs 6:27,דלמא סים בר נשא נורא בעוביה ולבושיה לא יקיד:
20,Proverbs,6,28,Proverbs 6:28,אי דלמא מהלך גברא עלוי גומרי ורגלוי לא מתכוין:
20,Proverbs,6,29,Proverbs 6:29,היכנא מה דעאל על אתת חבריה למגור עמה לא נזכי כל מן דקריב בה:
20,Proverbs,6,30,Proverbs 6:30,לא למתרמרו לגנבא דגנב דתשבע נפשיה מטול דכפן:
20,Proverbs,6,31,Proverbs 6:31,ומן דמשתכח פריע חד בשבעה וכוליה מזלא דביתיה יהיב:
20,Proverbs,6,32,Proverbs 6:32,מן דגיר באתתא חסיר דרעינא ומן דבעי די יחבל נפשיה הוא עבד לה:
20,Proverbs,6,33,Proverbs 6:33,מכתשי וצערי יארע וחסודיה לא מטעי:
20,Proverbs,6,34,Proverbs 6:34,מטול דטננא חמתא דגברא ולא חיס ביומא דפורענא:
20,Proverbs,6,35,Proverbs 6:35,ולא נסב באפיה דכל דיהב ליה מוהבא ולא מתפס כד תסגא שוחדא:
20,Proverbs,7,1,Proverbs 7:1,ברי נטר מימרי ופקודי תטשי גבך:
20,Proverbs,7,2,Proverbs 7:2,נטר פקודי וחיה ונימוסי היך בבתא דעינא:
20,Proverbs,7,3,Proverbs 7:3,קטור אנון על אצבעתך כתוב אנון על לוח דלבך:
20,Proverbs,7,4,Proverbs 7:4,אמר לחכמתא אחתי אנת ומודעתא קרי לביונתא:
20,Proverbs,7,5,Proverbs 7:5,דננטרך מן אתתא חילוניתא ומן נוכריתא דשעיען מלהא:
20,Proverbs,7,6,Proverbs 7:6,מטול דמן כויא זערתא דביתי אדקת ומן חרכין דדירא:
20,Proverbs,7,7,Proverbs 7:7,וחזית בשברי ואסתכלית בטלאי ותמהית בחסיר רעיונא:
20,Proverbs,7,8,Proverbs 7:8,עבר בשוקא לקבל פנתה ובארחא דביתה מהלך:
20,Proverbs,7,9,Proverbs 7:9,ברמשא במערב יומא בחשוכא דליליא ובחבירה:
20,Proverbs,7,10,Proverbs 7:10,והא אתתא לעורעיה באסכמא דזניתא דמפרדא לבא דעלימי:
20,Proverbs,7,11,Proverbs 7:11,ומרדתא היא ופרדתא בביתא לא שכנן רגלהא:
20,Proverbs,7,12,Proverbs 7:12,בעדנא בשוקי בעדנא בשקקי ולקבל כל פנתא דיאיא כמנא:
20,Proverbs,7,13,Proverbs 7:13,ואתקפת ביה ונשקתיה ואחצפת אפהא ואמרת ליה:
20,Proverbs,7,14,Proverbs 7:14,דבחי דקרבני עלי יומנא שלמית נדרי:
20,Proverbs,7,15,Proverbs 7:15,מטול היכנא נפקית לאורעך דמפכא הוית לרגשא ואמרת אדברנך:
20,Proverbs,7,16,Proverbs 7:16,בתשויתא שוית ערסי ובקרמא קרמתא מצראה:
20,Proverbs,7,17,Proverbs 7:17,רסית על ערסי מורא וכורקמא וקונמא:
20,Proverbs,7,18,Proverbs 7:18,תא נתבסם ברחמתא עד צפרא ונעסק חד לחד ברגאגתא:
20,Proverbs,7,19,Proverbs 7:19,דגברא לית הוא בביתא אזיל באורח רחיקא:
20,Proverbs,7,20,Proverbs 7:20,צררא דכספא נסב בידיה וליומא דעדא אתי לביתיה:
20,Proverbs,7,21,Proverbs 7:21,ואטעי יתיה בסוגיא דמלהא ובשעיעותא דספותהא תפתיה:
20,Proverbs,7,22,Proverbs 7:22,והוא אזל בתראה שליאית היך תורא דאזיל לות טבחא והיך כלבא לאסורא:
20,Proverbs,7,23,Proverbs 7:23,והיך אילא דמפריח גירא בכבדיה ומסתרהב היך צפרא לות פוחא ולא ידע דלמותא דנפשיה אזיל:
20,Proverbs,7,24,Proverbs 7:24,והשתא בניא שמעון לי ואציתו למימרי דפומי:
20,Proverbs,7,25,Proverbs 7:25,לא יסטי לבך לארחתהא ולא תטעי בשבילהא:
20,Proverbs,7,26,Proverbs 7:26,מטול דסגיעי קטיליא אפלת ועשינין כולהון קטיליא:
20,Proverbs,7,27,Proverbs 7:27,ארחתא דשיול ביתה נחתן לקיטוני דקברא:
20,Proverbs,8,1,Proverbs 8:1,מטול היכנא חכמתא תקרא וביונא תרמי קלא:
20,Proverbs,8,2,Proverbs 8:2,בריש רמתא על ארחא איתא ובינת שבילי קימא:
20,Proverbs,8,3,Proverbs 8:3,ועל תרעי בפומא דקריא ובמעלנא דתרעי משתבחא ואמרה:
20,Proverbs,8,4,Proverbs 8:4,לכון גברי קרינא וקלי על בני נשא:
20,Proverbs,8,5,Proverbs 8:5,אתבינו שברי ערימותא ושטיי נסתכלון בלבהון:
20,Proverbs,8,6,Proverbs 8:6,שמעו מטול דשרירותא ממללא אנא וממלל פומי תריצותא:
20,Proverbs,8,7,Proverbs 8:7,מטול דקושטא רנא פומי וריחוקא דשפותי רשעא:
20,Proverbs,8,8,Proverbs 8:8,ובצדקותא אנון כל מימרי פומי ולית בהון פתולא ועקומא:
20,Proverbs,8,9,Proverbs 8:9,וכולן גלין לאנש דמתבין ותריצין לאלין דצבאין בידיעתא:
20,Proverbs,8,10,Proverbs 8:10,קבילו מרדותא ולא כספא וגבו לכון ידיעתא מן דהבא סנינא:
20,Proverbs,8,11,Proverbs 8:11,מטול דטבא חכמתא מן כיפי טבתא וכל מדעם לא פחים לה:
20,Proverbs,8,12,Proverbs 8:12,אנא חכמתא דרית ערימותא ידיעתא ותרעיתא משכחא אנא:
20,Proverbs,8,13,Proverbs 8:13,דחלתא דיי סניא בישתא גאותא ורמותא וארחא בישתא ופומא הפיכא סניא אנא:
20,Proverbs,8,14,Proverbs 8:14,די לי היא תרעיתא ומלכנא וביונא וגברותא:
20,Proverbs,8,15,Proverbs 8:15,מטול אנא מלכי מלכין ושליטי אנא משחא בצדקותא:
20,Proverbs,8,16,Proverbs 8:16,מטול אנא רברבני מתרברבין וסרכי כלהון דיני דתריצותא:
20,Proverbs,8,17,Proverbs 8:17,אנא רחמא רחמי ואלין דמקדמין לי ישכחנני:
20,Proverbs,8,18,Proverbs 8:18,עתרא ויקרא דילי ממונא ומזלא וצדקתא:
20,Proverbs,8,19,Proverbs 8:19,טבין פריי מן דהבא סנינא ומן דהבא אובריזין ועללתי מן סניא גביא:
20,Proverbs,8,20,Proverbs 8:20,בארחתא דצדקתא מהלכא אנא בגו שבילי דדינא:
20,Proverbs,8,21,Proverbs 8:21,דאורית לרחמי שניא סגיאתא וסימתהון אמלא:
20,Proverbs,8,22,Proverbs 8:22,אלהא בראני בריש בריתיה ומן קדם עובדוי מן ריש:
20,Proverbs,8,23,Proverbs 8:23,ומן קדם עלמא אתתקנית מן רישיה ומן קדם דתהוי ארעא:
20,Proverbs,8,24,Proverbs 8:24,עד לא נהוון תהומי אתילידית ועד דלא נהוון מעיני עשוני דמיא:
20,Proverbs,8,25,Proverbs 8:25,קדים עד לא נטבעון טורי וקדם רמתא אתבנית:
20,Proverbs,8,26,Proverbs 8:26,עד לא עבד ארעא ונחלי וריש עפרא דתבל:
20,Proverbs,8,27,Proverbs 8:27,כד אתקין שמיא תמן הוית ועד חג חוגתא על אפי תהומא:
20,Proverbs,8,28,Proverbs 8:28,וכד אגרים ענני מלעיל וכד אעשין מעיני תהומא:
20,Proverbs,8,29,Proverbs 8:29,וכד שם לימא תחומיה ומיא לא עברין ליה שם שתאסיא דארעא:
20,Proverbs,8,30,Proverbs 8:30,והוית בצדוי מהימנתא וכדשבוחין הוית כל יומא ויומא חדיא אנא קדמוי בכל זמן:
20,Proverbs,8,31,Proverbs 8:31,חדיא הוית בתבל ארעיה ושבוחי בבני נשא:
20,Proverbs,8,32,Proverbs 8:32,והשתא בניא שמעון לי וטובוי למן דנטר אורחתי:
20,Proverbs,8,33,Proverbs 8:33,שמעו מרדותא ואתחכמו ולא תדישון:
20,Proverbs,8,34,Proverbs 8:34,טובוי לבר נשא דשמע לי ונשקוד על אסקופתי בכל יומא ויומא למנטר ספי דתרעא:
20,Proverbs,8,35,Proverbs 8:35,מטול מן דמשכח לי משכח חיי ותהוי ליה רעותא מן קדם אלהא:
20,Proverbs,8,36,Proverbs 8:36,ומן דחטי עלי מחבל נפשיה וכולהון שנאי רחמי למותא:
20,Proverbs,9,1,Proverbs 9:1,חכמתא בנת ביתה ועתדת ביה שבעא עמודין:
20,Proverbs,9,2,Proverbs 9:2,ונכסת נכסתא ומזגת חמרה וסדרת פתורתה:
20,Proverbs,9,3,Proverbs 9:3,ושדרת טליתהא דתקרין על גיב רמתא עשינתא דנצירן:
20,Proverbs,9,4,Proverbs 9:4,מן דשבר נאתא לותי וחסיר רעינא אמרת ליה:
20,Proverbs,9,5,Proverbs 9:5,אתו אכולו לחמי ואשתו חמרא דמזגית:
20,Proverbs,9,6,Proverbs 9:6,שבוקו מנכון חסירות רעיונכון וחיו והליכו בארחא דביונא:
20,Proverbs,9,7,Proverbs 9:7,דרדי ממיקנא נסיב ליה צערא ומכסנותא לרשיעא מומא הוא ליה:
20,Proverbs,9,8,Proverbs 9:8,לא תכוס לממקנא דלא נסניך אכיס לחכימא דנרחמך:
20,Proverbs,9,9,Proverbs 9:9,אליף לחכימא ויתחכם תוב אודע לצדיקא ויוסף מנדעא:
20,Proverbs,9,10,Proverbs 9:10,שירוי דחכמתא דחלתיה דאלהא וידיעתא דקדישי ביונא:
20,Proverbs,9,11,Proverbs 9:11,מטול דבה נסגין יומתך ויוספון לך שניא דחיי:
20,Proverbs,9,12,Proverbs 9:12,אין חכימתא לנפשך חכימתא ואם תהוי ממיק בלחודיך תטען:
20,Proverbs,9,13,Proverbs 9:13,אתתא סכלתא ופרידתא שברתה ולא ידעה טבתא:
20,Proverbs,9,14,Proverbs 9:14,ויתבה על תרע ביתה על כורסיא רמא ועשינא:
20,Proverbs,9,15,Proverbs 9:15,וקריא לעברי ארחא דתריצי אורחתהון:
20,Proverbs,9,16,Proverbs 9:16,מטול מן דשבר נאתא לותה וחסיר רעינא ואמרה ליה:
20,Proverbs,9,17,Proverbs 9:17,מיא גנוביא חלין ולחמא דטימורא בסימא:
20,Proverbs,9,18,Proverbs 9:18,ולא ידע דגוברי אפלת תמן ובעמקי דשיול כל דמזמנין לה:
20,Proverbs,10,1,Proverbs 10:1,מתלוי דשלמה בר חכימא נחדי אבוי וברא סכלא מחמץ לאמיה:
20,Proverbs,10,2,Proverbs 10:2,לא מותרין אוצרי דרשיעא וצדקתא מפציא מן מותא בישא:
20,Proverbs,10,3,Proverbs 10:3,לא מכפן אלהא נפשיה דצדיקא וקנינא דרשיעי נסחוף:
20,Proverbs,10,4,Proverbs 10:4,מסכנותא ממככא לגברא רמיא וידא דכשרא מעתרה להון:
20,Proverbs,10,5,Proverbs 10:5,דפליח בקיטא ברא סוכלתנא הוא ודדמיך בחצדא ברא הוא מבהתנא:
20,Proverbs,10,6,Proverbs 10:6,ברכתא תהוין על רישי דצדיקיא ובפומהון דרשיעי נכסי חטופא:
20,Proverbs,10,7,Proverbs 10:7,דוכרנא דצדיקי ברכתא ושמא דרשיעי נדעך:
20,Proverbs,10,8,Proverbs 10:8,דחכים לביה יקבל פוקדנא וסכלא בשפותיה מתאחד:
20,Proverbs,10,9,Proverbs 10:9,דמהלך בתמימותא ניזל בסעדא ודמעקמן אורחתיה נתידע:
20,Proverbs,10,10,Proverbs 10:10,דרמז בעינוהי יהב כאבא וסליף בשפותיה מתאחד:
20,Proverbs,10,11,Proverbs 10:11,מבועא דחיי פומא דצדיקי ופומהון דרשיעי נכסא חטופא:
20,Proverbs,10,12,Proverbs 10:12,סניאתא תגרג תגרי ועל כלהון סורחני מכסא רחמותא:
20,Proverbs,10,13,Proverbs 10:13,בשפותי דסוכלתנא תשכח חכמתא ושבטא לפגרא דחסר רעינא:
20,Proverbs,10,14,Proverbs 10:14,חכימי נטשון ידיעתא ופומיה דשטיא שציא קריב:
20,Proverbs,10,15,Proverbs 10:15,קנינא דעתירא כרכא דעושניה ושציא דמסכנא צריכותהון:
20,Proverbs,10,16,Proverbs 10:16,עובדי דצדיקא לחיי עללתיה דרשיעא לחטותא:
20,Proverbs,10,17,Proverbs 10:17,אורח דחיי נטרי מרדותא ודשבק מכסנותא תעי:
20,Proverbs,10,18,Proverbs 10:18,מכמין בעל דבבא ספותא דשקרא ומפיק טבא הוא סכלא:
20,Proverbs,10,19,Proverbs 10:19,בסוגאה דמלי לא פסק חובא ודחשך שפותיה שוכלתנא:
20,Proverbs,10,20,Proverbs 10:20,סאמא גביא לשניה דצדיקא ולבא דרשיעי מחתא:
20,Proverbs,10,21,Proverbs 10:21,שפותא דצדיקי רעין סגיאי ושטיי בחסירות רעינא ימותון:
20,Proverbs,10,22,Proverbs 10:22,ברכתא דאלהא היא מעתרא ולא נוסף כיבא עמה:
20,Proverbs,10,23,Proverbs 10:23,כד גחך סכלא עבד עבידתא וחכמתא לגברא דמתבין:
20,Proverbs,10,24,Proverbs 10:24,חריצותא דרשיעא היא אתיא ליה ורגגתא דצדיקיא תתיהב להון:
20,Proverbs,10,25,Proverbs 10:25,היך דיעבר עלעולא היכנא נעבר רשיעא וצדיקא שתאסיא בעלמא:
20,Proverbs,10,26,Proverbs 10:26,היך חומצא לשני וכתננא לעיני היכנא שליחא עטלא למשלחוי:
20,Proverbs,10,27,Proverbs 10:27,דחלתיה דאלהא תוסף יומתא ושני דרשיעי נזערן:
20,Proverbs,10,28,Proverbs 10:28,סברהון דצדיקי חדותא וסברא דרשיעי נאבד:
20,Proverbs,10,29,Proverbs 10:29,מעשנא לתמימי אורחיה דאלהא ושציא נהוי לאלין דעבדין עותא:
20,Proverbs,10,30,Proverbs 10:30,צדיק לעלם לא נזוע ורשיעי לא יתועדון בארעא:
20,Proverbs,10,31,Proverbs 10:31,פומיה דצדיקא מבעא חכמתא ולישנא דהפיכו נתפסק:
20,Proverbs,10,32,Proverbs 10:32,שפותיה דצדיקא ידעון צביונא ופומהון דרשיעי מהפך:
20,Proverbs,11,1,Proverbs 11:1,מסחתא דנכלא מרחקתיה דאלהא ובמתקלא תריצא צביוניה:
20,Proverbs,11,2,Proverbs 11:2,היך דעלא זידונתא עלל צערא ולאלין דצניעין חכמתא:
20,Proverbs,11,3,Proverbs 11:3,תמימותא דתריצי תדבר אנון ונטלטלון בזוזי ונדכנון:
20,Proverbs,11,4,Proverbs 11:4,לא מהני שקרא ביומא דרוגזא וצדקתא מפלטא מן מותא בישא:
20,Proverbs,11,5,Proverbs 11:5,צדקתהון דתמימי תתרץ אורחתיה וברשעיה נפל רשיעא:
20,Proverbs,11,6,Proverbs 11:6,צדקתא דתריצי תפצי אנון ובזוזי בשלומהון מתאחדין:
20,Proverbs,11,7,Proverbs 11:7,כד מית גברא רשיעא יוביד סבריה וסבורהון דאלין דעבדין עאתא ייבד:
20,Proverbs,11,8,Proverbs 11:8,צדיקא מן עקתא אשתיזב ועל ביש תחותוהי:
20,Proverbs,11,9,Proverbs 11:9,נכלא בפומיה מחבל חבריה וצדיקי בידיעתהון משתיזבין:
20,Proverbs,11,10,Proverbs 11:10,בטבתהון דצדיקי תדוץ קריתהון וביובדנא דרשיעי חדותא:
20,Proverbs,11,11,Proverbs 11:11,בברכתהון דצדיקי תתרומם מדנתא ובפומהון דרשיעי תתעקר:
20,Proverbs,11,12,Proverbs 11:12,דשט לחבריה חסיר רעינא הוא וגברא דמתבין שתיק:
20,Proverbs,11,13,Proverbs 11:13,אכל קרצא גלי רזא ודמהמן ברוחיה מכסי מלתא:
20,Proverbs,11,14,Proverbs 11:14,באתרא דלית מדברא נפל עמא ופורקנא ייתי בסוגעה דמלכתנותא:
20,Proverbs,11,15,Proverbs 11:15,בישא מבאש בצדיקא מטול דהוא ערב חילוני וסני לאלין דסימין סברהון באלהא:
20,Proverbs,11,16,Proverbs 11:16,אתתא חסידתא פלגא איקרא ועשיני רהטין בתר עותרא:
20,Proverbs,11,17,Proverbs 11:17,פריע טבתא לנפשיה גברא חסידא ודמובד גושמיה נכזריא:
20,Proverbs,11,18,Proverbs 11:18,רשיעא עבד עובדא דשקרא ודזרע לצדקתא קושטיה הוא אגריה:
20,Proverbs,11,19,Proverbs 11:19,היכנא מן דעבד צדקתא לחיי נטיר ודרדף בישתא נטיר למותא:
20,Proverbs,11,20,Proverbs 11:20,מרחק אלהא לעקימי לבא וצבי באלין דתמימין:
20,Proverbs,11,21,Proverbs 11:21,דמושיט אידא על חבריה לא מזדכי מן בישתא וזרעא דצדיקי מתפרק:
20,Proverbs,11,22,Proverbs 11:22,קדשי דדהבא בנחירי דחזירתא היכנא אתתא דשפירי וסרי טעמא:
20,Proverbs,11,23,Proverbs 11:23,רגתא דצדיקי בטבתא וסבורא דרשיעי ברוגזא:
20,Proverbs,11,24,Proverbs 11:24,אית דפרד ומוסיף תוב וחשיך מן תריצותא חוסרנא ליה:
20,Proverbs,11,25,Proverbs 11:25,נפשא דברכתא תדהן ומן דמאלף אף הוא יליף:
20,Proverbs,11,26,Proverbs 11:26,מן דכלא עבורא באולצנא נשבקוניה לבעל דבבוי וברכתא תהוי לאנא דמזבן:
20,Proverbs,11,27,Proverbs 11:27,דמקדים טבתא בעי צבינא ותבע בישתא אתיא עלוי:
20,Proverbs,11,28,Proverbs 11:28,דמסבר בעותריה הוא נפל ואיך טרפא צדיקי מפרחין:
20,Proverbs,11,29,Proverbs 11:29,עכר ביתיה ירית פחתא וסכלא יהוי עבדא לחכים לבא:
20,Proverbs,11,30,Proverbs 11:30,פרוי דצדיקא אילנא דחיי ומקבלנותא דנפשי חכמתא:
20,Proverbs,11,31,Proverbs 11:31,הן צדיקא בארעא מתחסן ורשיעי וחטאי סיפין מן ארעא:
20,Proverbs,12,1,Proverbs 12:1,מן דרחים מרדותא רחם ידיעתא וסני מכסנותא בורא הוא:
20,Proverbs,12,2,Proverbs 12:2,טב מן דקבל רעותיה דאלהא וגברא רשיעא רעיעא תרעיתיה:
20,Proverbs,12,3,Proverbs 12:3,לא נתקן בר נשא ברשעא ועקרהון דצדיקי לא נזוע:
20,Proverbs,12,4,Proverbs 12:4,אתתא כשרתא כלילא לבעלה ואנתתא בישתא היך מלטיתא בקיסא היכנא מיבדא גרמוי דגברה:
20,Proverbs,12,5,Proverbs 12:5,מחשבתהון דצדיקי דינא מדברנותא דרשיעי רמיותא:
20,Proverbs,12,6,Proverbs 12:6,מלי דרשיעי כמנין לדמא ופומהון דתריצי מפצי להון:
20,Proverbs,12,7,Proverbs 12:7,נתהפכון רשיעי ולא נשתכחון וביתהון דצדיקי יקום:
20,Proverbs,12,8,Proverbs 12:8,גברא משתבח בפומא דסוכלתנותיה וחסיר רעינא יהוי לשטותא:
20,Proverbs,12,9,Proverbs 12:9,טב הוא זלילא ועבדי אית ליה מן הוא דמתיקר וחסיר לחמא:
20,Proverbs,12,10,Proverbs 12:10,ידיע צדיקא נפשא דבעיריה ורחמיהון דרשיעי נכזריותא:
20,Proverbs,12,11,Proverbs 12:11,דפלח בארעיה יסבע לחמא ודרדף בתר סריקותא חסר רעינא הוא:
20,Proverbs,12,12,Proverbs 12:12,ראג רשיעא מצודתא בישתא ועקרהון דצדיקי נתקים:
20,Proverbs,12,13,Proverbs 12:13,בחובא דשפותא מתקל בישא ופליט צדיקא מן עקתא:
20,Proverbs,12,14,Proverbs 12:14,גברא מן פרי פומיה ישבע טבתא וכל בר נש היך עובד אידו מתפריע:
20,Proverbs,12,15,Proverbs 12:15,ארחיה דסכלא תריצא באפוי ודשמע לעיצתא חכימא הוא:
20,Proverbs,12,16,Proverbs 12:16,שטיא כד יומיה מודע רוגזיה וערים מכסי צעריה:
20,Proverbs,12,17,Proverbs 12:17,מן דמסהיד הימנותא נתני צדיקותא וסהד דשקרא רמאה הוא:
20,Proverbs,12,18,Proverbs 12:18,אית דאמריה ספסירא רגשא ולישנא דחכימי מאסיא:
20,Proverbs,12,19,Proverbs 12:19,שפתא דקשטא תתקן לעלם וסהדא מסתרהב כלישנא דשקרא:
20,Proverbs,12,20,Proverbs 12:20,רמיותא בלבהון דחשלין בשתא ולאלין דיעצין שלמא חדותא תהוי:
20,Proverbs,12,21,Proverbs 12:21,לא שפיר לצדיקא כל מדעם דעאתא ורשיעי מלין בישתא:
20,Proverbs,12,22,Proverbs 12:22,מרחקתיה דאלהא ספותי דשקרא ובאלין דעבדין הימנותא מתרעי:
20,Proverbs,12,23,Proverbs 12:23,בר נש ערימא מכסה ידיעתא ולבהון דסכלי סני ידיעתא:
20,Proverbs,12,24,Proverbs 12:24,אידא דתקיפי תשלט ורמאי יהון למיסא:
20,Proverbs,12,25,Proverbs 12:25,מלתא דחילתא בלביה דגברא מדחלא ומליא טביא מחדין ליה:
20,Proverbs,12,26,Proverbs 12:26,טב מן חבריה צדיקא וארחהון דרשיעי מתעי להון:
20,Proverbs,12,27,Proverbs 12:27,לא נסתקבל צידא לגברא נכילא ומזליה דבר אנש דהבא יקירא:
20,Proverbs,12,28,Proverbs 12:28,בארחא דצדקא חיי ואורח דעותנא למותא:
20,Proverbs,13,1,Proverbs 13:1,בר חכימא מקבל מרדותא דאבא וברא ממקנא לא מקבל בעתא:
20,Proverbs,13,2,Proverbs 13:2,גברא מן פרי פומי נסבע טבתא ונפשהון דבזוזי תתחטף:
20,Proverbs,13,3,Proverbs 13:3,דנטר פומיה מזדהר בנפשיה ופתיח שפותיה סינו שציא אית ליה:
20,Proverbs,13,4,Proverbs 13:4,מתרגרגא נפשיה דעטלא מדעם ולא מיתי לה ונפשהון דתקיפי תדהן:
20,Proverbs,13,5,Proverbs 13:5,מלתא דשקרא סני צדיקא ורשיעא נבהת ונחפר:
20,Proverbs,13,6,Proverbs 13:6,צדקתא תנטור לאלין דתמימין בארחתהון ורשיעא מטלטל בחטוהי:
20,Proverbs,13,7,Proverbs 13:7,אית דמעתר נפשיה ולית כל מדעם וממסכן נפשיה ומזליה סגיאה:
20,Proverbs,13,8,Proverbs 13:8,אית ליה פורקנא דנפשיה דגברא עותריה ומסכנא לא מקבל בעתא:
20,Proverbs,13,9,Proverbs 13:9,נוהרי דצדיקי נרוז ושרגא דרשיעי נדעך:
20,Proverbs,13,10,Proverbs 13:10,לחוד בזדנותא אתיא מצותא ואלין דמתמלכין חכימי אנון:
20,Proverbs,13,11,Proverbs 13:11,מזלא מן עולא דמריה יזער ודמכנש ויהב למסכנא יסני ממוניה:
20,Proverbs,13,12,Proverbs 13:12,מן דמשדי למעדריה טב מן דתלי בסברא ואילנא דחיי רגתא מיתא:
20,Proverbs,13,13,Proverbs 13:13,דבזי על מלתא נתחבל מנה ודדחל מפוקדנא משתלם טבתא:
20,Proverbs,13,14,Proverbs 13:14,נימוסא דחכימא מבוע דחיי למסטי מן פחא דמותא:
20,Proverbs,13,15,Proverbs 13:15,שכלא טבא יהב חסדא וארחא תקיפא דבזוזי תיבד:
20,Proverbs,13,16,Proverbs 13:16,כל ערימא עבידתיה מדעתא וסכלא פרס ליה לשטיותא:
20,Proverbs,13,17,Proverbs 13:17,שליחא בישא יפל בבישתא ואזגדא מהימנא אסיא הוא:
20,Proverbs,13,18,Proverbs 13:18,מסכנא ומן ליה צערא מרש מרדותא ודמזדהר במכסנותא מתיקר:
20,Proverbs,13,19,Proverbs 13:19,רגתא דיאיא תבסם נפשא ומרחקתא דסכלי פריקא מן ידיעתא:
20,Proverbs,13,20,Proverbs 13:20,דמהלך עם חכימי נתחכם ודמחבר לסכלי נבאש ליה:
20,Proverbs,13,21,Proverbs 13:21,לחטאי תרדף בישתא וצדיקי ישתלמון טבתא:
20,Proverbs,13,22,Proverbs 13:22,גברא טבא מורית לבני בנוהי ומתנטר לצדיקא עותריה דחטאה:
20,Proverbs,13,23,Proverbs 13:23,רבא אכיל ארע למסכנא ואית גברא מתנגד בלא דינא:
20,Proverbs,13,24,Proverbs 13:24,דחשך שבטיה סני ברי ודרחם ליה מקדם ליה מרדותא:
20,Proverbs,13,25,Proverbs 13:25,צדיקא אכל ושבעא נפשיה וכריסא דרשיעי תחסר:
20,Proverbs,14,1,Proverbs 14:1,חכימתא דנשיא בניא ביתה ושטיתא בידהא עקרא לה:
20,Proverbs,14,2,Proverbs 14:2,דמהלך בתריצותא דחל מן קדם אלהא ודעשיק באורחתיה שאט ליה:
20,Proverbs,14,3,Proverbs 14:3,בפומיה דשטיא זקתא דצערא ושפותהון דחכימי ננטרן אנון:
20,Proverbs,14,4,Proverbs 14:4,אתר דלית תורא דכין אורותא וסוגעא דעללתא בחיליה דתורא:
20,Proverbs,14,5,Proverbs 14:5,סהדא מהימנא לא מכזב ודממלל כדבותא סהדא רגלא הוא:
20,Proverbs,14,6,Proverbs 14:6,בעי ממיקנא חכמתא ולית וידיעתא למן דמתבין זלילא:
20,Proverbs,14,7,Proverbs 14:7,אזל בארחא אחריתא מן קדם סכלא דלית בשפותיה ידיעתא:
20,Proverbs,14,8,Proverbs 14:8,חכמתא דערימא ביונא דארחא ובשטיותא דסכלי רמיותא:
20,Proverbs,14,9,Proverbs 14:9,כסילי מתלין בחטאה ובינת תריצי רעותא:
20,Proverbs,14,10,Proverbs 14:10,לבא ידיע מרירותא דנפשיה ובחדותיה לא מתערב נוכראה:
20,Proverbs,14,11,Proverbs 14:11,ביתא דרשיעי ישתיצי ומשכנא דתריצי מפריח:
20,Proverbs,14,12,Proverbs 14:12,אית אורחא דסברין בני נשא דתריצא היא וסופה אורחא דמותא:
20,Proverbs,14,13,Proverbs 14:13,אף בגוחכא נכאב לבא וסופא דחדותא חמוצא:
20,Proverbs,14,14,Proverbs 14:14,מן אורחתיה נסבע מן דמדיח לביה וגברא טבא נסבע מן דחלתיה:
20,Proverbs,14,15,Proverbs 14:15,שברא מהימן לכל מלי וערימא מתבין לטבתיה:
20,Proverbs,14,16,Proverbs 14:16,חכימא דחל ומסטא מן בישתא וסכלא מתחלט בסכלותא ומסביר בה:
20,Proverbs,14,17,Proverbs 14:17,מן דכריא רוחיה מתחשיב שטיא וסניא לגברא דאריכא תרעיתיה:
20,Proverbs,14,18,Proverbs 14:18,ירתון שברי שטיותא וכלילהון דערימאי ידיעתא:
20,Proverbs,14,19,Proverbs 14:19,נפלו בישי קדם טבי ורשיעי נתדון בתרעיא דצדיקי:
20,Proverbs,14,20,Proverbs 14:20,אף לחבריה סני מסכנא ורחמי דעתירא סגיעין:
20,Proverbs,14,21,Proverbs 14:21,חטיא שאט לחבריה ומן דיהב למסכנא טובוהי:
20,Proverbs,14,22,Proverbs 14:22,הלא תעין דחשלין בישתא וחסדא וקשוט חשלין טבי:
20,Proverbs,14,23,Proverbs 14:23,בכל מן דאצפא לך יהוי לך יותרנא וספותא יתירתא לחוסרנא:
20,Proverbs,14,24,Proverbs 14:24,כלילא דחכימי עותרהון ושבהורהון דסכלי שטיותהון:
20,Proverbs,14,25,Proverbs 14:25,מפצא נפשא סהדא דקושטא ודמלל כדבותא רמיא הוא:
20,Proverbs,14,26,Proverbs 14:26,דחלתיה דאלהא סברא דעשנא ולבנוי נהוי תוכלן:
20,Proverbs,14,27,Proverbs 14:27,דחלתא דאלהא מבוע דחיי לדמסטי מן פחא דמותא:
20,Proverbs,14,28,Proverbs 14:28,בסוגעא דעמא הדריה דמלכא והיך דבציר עמא מתתבר פרנסיה:
20,Proverbs,14,29,Proverbs 14:29,מן דנגידא רוחיה סגיעא ביוניה ומן דכריא רוחיה מסגי שטיותא:
20,Proverbs,14,30,Proverbs 14:30,דמפליג חמתא דלביה אסיא הוא דביסריה והיך מלטיתא בקיסא הכן קנאתא בגרמיה:
20,Proverbs,14,31,Proverbs 14:31,דעשק למסכנא חסודא עביד לבריה ודמרחם עליבא יקריה:
20,Proverbs,14,32,Proverbs 14:32,בבישותיה מסתחף רשיעא ודתכל דמאת צדיקא הוא:
20,Proverbs,14,33,Proverbs 14:33,בלבא דמתבין תשרי חכמתא ובגויהון דסכלי שטיותא תתידע:
20,Proverbs,14,34,Proverbs 14:34,צדקתא תרורם אומא וחסודא דעמי חטאי:
20,Proverbs,14,35,Proverbs 14:35,רעותיה דמלכא בעבדא סוכלתנא ובסורחניה יבהתון:
20,Proverbs,15,1,Proverbs 15:1,מלתא רככתא מהפכא חמתא ומלתא דעזיזא מסקא רוגזא:
20,Proverbs,15,2,Proverbs 15:2,לישנא דחכימי משפר ידיעתא ופומהון דסכלי נביע שטיותא:
20,Proverbs,15,3,Proverbs 15:3,בכל אתר עינוי דיי חמין בבישי ובטבי:
20,Proverbs,15,4,Proverbs 15:4,אסיותא דלישנא אילנא דחיי הוא ודאכל מן פרוהי נשבע:
20,Proverbs,15,5,Proverbs 15:5,שטיא מסלי מרדותא דאבוי ודמזדהר במכסנותא ערימא הוא:
20,Proverbs,15,6,Proverbs 15:6,בביתא דצדיקי סגי חילא ועללתהון דרשיעי תתעכר:
20,Proverbs,15,7,Proverbs 15:7,שפותיה דחכימי מודעין מנדעא ולבהון דסכלי לא כן:
20,Proverbs,15,8,Proverbs 15:8,דבחהון דרשיעי מרחקתיה דאלהא ובצלותהון דתריצי מתרעי:
20,Proverbs,15,9,Proverbs 15:9,מרחק אלהא אורחיה דרשיעא ודרדף צדקתא נתרחם:
20,Proverbs,15,10,Proverbs 15:10,מרדותא דבישא מטעיא אורחיה ומן דסני מכסנותא ימות:
20,Proverbs,15,11,Proverbs 15:11,שיול ואובדנא קדם אלהא אף לבי בר נשא:
20,Proverbs,15,12,Proverbs 15:12,לא רחם ממיקנא למן דמכסן ליה ולות חכימי לא אזל:
20,Proverbs,15,13,Proverbs 15:13,לבא חדיא משפיר אפי ובכיבא דלבא רוחא ממכתא:
20,Proverbs,15,14,Proverbs 15:14,לבא דמתבין בעי ידיעתא ופומהון דסכלי שטיותא:
20,Proverbs,15,15,Proverbs 15:15,כל יומי דמסכנא בישין ומן דטב לביה משקיא תדירא:
20,Proverbs,15,16,Proverbs 15:16,טב קליל בדחלתיה דאלהא מן סימתא רברבתא ועאתא בהן:
20,Proverbs,15,17,Proverbs 15:17,טבא שרותא דירקא ורחמותא תמן מן תורי מפטמי בסגיאתא:
20,Proverbs,15,18,Proverbs 15:18,גברא חמתנא מגרא תגרא ונגיד רוחא מדעך חרתא:
20,Proverbs,15,19,Proverbs 15:19,אורחיהון דעטלי קרצובי וכובי ואורחא דתאיצי שפיא:
20,Proverbs,15,20,Proverbs 15:20,ברא חכימא יחדי לאבוי וברא סכלא משיט אמיה:
20,Proverbs,15,21,Proverbs 15:21,שטיותא חדותא היא לחסיר לבא וגברא דמתבין תריצות מהלך:
20,Proverbs,15,22,Proverbs 15:22,בטולא דמחשבתא היך דלית רזא ובסוגעא דאלין דמתמלכין עצתא תקום:
20,Proverbs,15,23,Proverbs 15:23,חדותא לגברא במלתא דפומיה ומלתא בעדנא סגו טבא:
20,Proverbs,15,24,Proverbs 15:24,ארחא דחיי מעליא לסוכלתנא דנסטא מן שיול תחתיתא:
20,Proverbs,15,25,Proverbs 15:25,ביתא דגיותנא נסתר אלהא ויעתד תחומא דארמלתא:
20,Proverbs,15,26,Proverbs 15:26,מרחקתיה דאלהא מחשבתא דבישתא ודכין מלי בסימתא:
20,Proverbs,15,27,Proverbs 15:27,מוביד ביתיה מכנש ממון דשקר ודסני מוהביתא דמגן יחי:
20,Proverbs,15,28,Proverbs 15:28,לבא דצדיקא רנן בהימנותא ופומהון דרשיעי מביע בשתא:
20,Proverbs,15,29,Proverbs 15:29,רחיק הוא אלהא מרשיעי וצלותהון דצדיקי ישמע:
20,Proverbs,15,30,Proverbs 15:30,נהורא דעיני מחרי לבא שומעתא טבא מדהנא גרמא:
20,Proverbs,15,31,Proverbs 15:31,אודנא דשמעא מכסנותא דחיי בינת דחכימי תבות:
20,Proverbs,15,32,Proverbs 15:32,מריש מרדותא מסלי נפשיה ודשמיע מכסנותא דחיי קני חוכמתא:
20,Proverbs,15,33,Proverbs 15:33,דחלתיה דיי מרדותא דחוכמתא ומן דמתיקר יהוי ענון:
20,Proverbs,16,1,Proverbs 16:1,מן בר נש תרעיתא דלבא ומן יי ממללא דלישנא:
20,Proverbs,16,2,Proverbs 16:2,כלהון ארחתיה דגברא דכין אנון בעינוי ואלהא מתקן ארחתיה:
20,Proverbs,16,3,Proverbs 16:3,גלי לאלהא עובדך ומתקנן מחשבתך:
20,Proverbs,16,4,Proverbs 16:4,כלהון עובדין דאלהא לאלין דמשתמעין ליה ורשיעא ליומא בישא:
20,Proverbs,16,5,Proverbs 16:5,מרחקתיה דאלהא כל דרם בלביה מן בישתא לא נדכי:
20,Proverbs,16,6,Proverbs 16:6,בטיבותא וקושטא מתכפר סורחנא ודחלתיה דאלהא מסטי מן בישתא:
20,Proverbs,16,7,Proverbs 16:7,כד אתרעי אלהא בארחתיה דגברא אף לבעלי דבבוי נשלים ליה:
20,Proverbs,16,8,Proverbs 16:8,טב קליל בצדקתא מן סגיעא דעללתא דלא בדינא:
20,Proverbs,16,9,Proverbs 16:9,לביה דבר נשא מחשב ארחתיה ואלהא מתקן הלכתיה:
20,Proverbs,16,10,Proverbs 16:10,קסמא על שפותיה דמלכא ובדינא לא נדגול פומיה:
20,Proverbs,16,11,Proverbs 16:11,רגיא ומסחא דתריצותא מן קדם אלהא ועובדוי כולהון מתקלי דקושטא:
20,Proverbs,16,12,Proverbs 16:12,מרחקתיה דמלכין דעבדין רשעא מטול דבצדקותא תקין כורסיא:
20,Proverbs,16,13,Proverbs 16:13,רעותיה דמלכא שפותא דצדקתא ומלתא דתרצי רחם:
20,Proverbs,16,14,Proverbs 16:14,חמתיה דמלכא מלאכי דמותא אנון וגברא חכימא נדעכניה:
20,Proverbs,16,15,Proverbs 16:15,בנהורא דפרצופיה דמלכא חיי וצביוניה היך עננא בברירותא:
20,Proverbs,16,16,Proverbs 16:16,דקני חכמתא טבא ליה מן דהבא סנינא ודקני ביונא טב מן סניא גביא:
20,Proverbs,16,17,Proverbs 16:17,שבילא דתריצי מסטי מן בישתא ודמזהר נפשיה נטר ארחיה:
20,Proverbs,16,18,Proverbs 16:18,קדם תברא גותנותא וקדם תקלא רמת רוחא:
20,Proverbs,16,19,Proverbs 16:19,טב הוא שפל רוח וענונא מן הוא דמפליג עדיתא עם גיותני:
20,Proverbs,16,20,Proverbs 16:20,דמסתכל במלתא ישכח טבתא ודמסבר באלהא טובוהי:
20,Proverbs,16,21,Proverbs 16:21,חכים לבא יתקרי סוכלתנא ודחלין ספותיה מוסיף אולפנא:
20,Proverbs,16,22,Proverbs 16:22,מבוע דחיי סוכלא דמריה ומרדותיה דשטיי שטיותא:
20,Proverbs,16,23,Proverbs 16:23,לבא דחכימא מסתכל פומיה ובשפותוהי מוסיף אולפנא:
20,Proverbs,16,24,Proverbs 16:24,כבריתא דדובשא מאמרא דבוסמא חליותא דנפשא ואסותא לגרמי:
20,Proverbs,16,25,Proverbs 16:25,אית ארחא דמתחזיא בעניי בני נשא דתריצא היא וסופה ארחתא דמותא אנון:
20,Proverbs,16,26,Proverbs 16:26,נפש דלעיא לעותה תסובר דמן פומא אתי לה כיפא:
20,Proverbs,16,27,Proverbs 16:27,גברא טלומא חפר בישתא ובשפותיה נורא יהבא זליקי:
20,Proverbs,16,28,Proverbs 16:28,גברא מהפכנא יגרי תגרי וחרתנא מעריק רחמיה:
20,Proverbs,16,29,Proverbs 16:29,גברא חטופא משרגג חבריה מוביל ליה בארחא דלא שפירא:
20,Proverbs,16,30,Proverbs 16:30,רמז בעינוי וחשב הפכתא גזים בשפותיה וגמר בישתא:
20,Proverbs,16,31,Proverbs 16:31,כלילא דשבהירא סיבותא בארחא דצדקתא משתכחא:
20,Proverbs,16,32,Proverbs 16:32,טב נגיד אפי רוחא מן גברא ודמכביש נפשיה טב מן הוא דאחד מדינתא:
20,Proverbs,16,33,Proverbs 16:33,בעובא דעצתא נפלא פצתא ומן אלהא נפק דיניה:
20,Proverbs,17,1,Proverbs 17:1,טבא היא לחמא שרבתא ושלותא בה מן ביתא דמלי דבחי דדינא:
20,Proverbs,17,2,Proverbs 17:2,עבדא סוכלתנא ישתלט בברא מבהתנא ובינת אחי נפלג ירותתא:
20,Proverbs,17,3,Proverbs 17:3,צרפא נקי לסאמא וכורא לדהבא ואלהא בדיק לביא:
20,Proverbs,17,4,Proverbs 17:4,גברא בישא צית לספותא דעאתא שקרא ורגלותא על לישנא דעאתא:
20,Proverbs,17,5,Proverbs 17:5,דמצדי למסכנא מרגז לבריה ודחדי לתברא דחבריה לא מזדכי:
20,Proverbs,17,6,Proverbs 17:6,כלילא דסבי בני בניא ושבהורהון דבניא אבהתהון:
20,Proverbs,17,7,Proverbs 17:7,לא יאי לטפשא שפתא יתירתא אף לא לשליטא שפתא דשקרא:
20,Proverbs,17,8,Proverbs 17:8,כיפא דשוחדא חסידא היא באפי מאן דשקל לה לכל אתר דמתפני שכולא:
20,Proverbs,17,9,Proverbs 17:9,דמכסי חובה בעי רחמותא ודשני מלתא מפרק רחמא:
20,Proverbs,17,10,Proverbs 17:10,עלא בעתא במן דמתבין טב מן דלממחי לסכלא מאה חוטרין:
20,Proverbs,17,11,Proverbs 17:11,ברם גברא מרידא בעי בישתא ומלאכא נוכזריא ישתדר עליה:
20,Proverbs,17,12,Proverbs 17:12,פגיע דוב ורתיתא בגברא חכימא לא מתזיע וסכלא בשטיותיה נפל:
20,Proverbs,17,13,Proverbs 17:13,דפריע בישתא חלף טבתא לא תפסוק בישתא מן ביתיה:
20,Proverbs,17,14,Proverbs 17:14,אשד דמא היך מיא מגרי תגרי וקדם אצטדיא אטעי דינא:
20,Proverbs,17,15,Proverbs 17:15,דמזכי לרשיעא ומחיב לצדיקא מרחקתיה דאלהא אף תרויהון:
20,Proverbs,17,16,Proverbs 17:16,למא דין אזלא ליה תגרותא לסכלא דלית ליה לבא וחכמתא:
20,Proverbs,17,17,Proverbs 17:17,בכל עדן גברא רחים הוא ואחא לעקתא מתיליד:
20,Proverbs,17,18,Proverbs 17:18,בר נש חסיר רעינא משלם ידיה וערב ערבותא על חבריה:
20,Proverbs,17,19,Proverbs 17:19,דרחם חובא רחם מצותא ומרים תרעיה בעי תברא:
20,Proverbs,17,20,Proverbs 17:20,מן דעקים לביה לא משכח טבתא ודמתהפך בלשניה נפל בבישתא:
20,Proverbs,17,21,Proverbs 17:21,דמוליד סכלא חמוצא דיליה ולא חדי אבוי דטפשא:
20,Proverbs,17,22,Proverbs 17:22,לבא חדיא משפיר גופא ורוחא רכיכתא מיבשא גרמא:
20,Proverbs,17,23,Proverbs 17:23,שוחדא מן עובא יסב רשיעא למצלי ארחא דדינא:
20,Proverbs,17,24,Proverbs 17:24,אפוי דסוכלתנא חדין בחכמתא ועינוי דסכלא בעומקא דארעא:
20,Proverbs,17,25,Proverbs 17:25,ברא סכלא מכביד אבוי וממרמיר לאמיה:
20,Proverbs,17,26,Proverbs 17:26,למתך לצדיקא לא שפיר אף לא לממחי צדיקיא דאמרין תריצותא:
20,Proverbs,17,27,Proverbs 17:27,דחשך מלוי ידיע ידיעתא ודמכיכא רוחיה גברא דמתבין:
20,Proverbs,17,28,Proverbs 17:28,ואף שטיא דשתק חכימא הוא מתחשב ודכלי שפותיה מתבין:
20,Proverbs,18,1,Proverbs 18:1,רגתא בעי פחיה ובכל מלכנא מצטדי:
20,Proverbs,18,2,Proverbs 18:2,לא צבי סכלא בסוכלתנא אלא בשטיותא פחי לביה:
20,Proverbs,18,3,Proverbs 18:3,כד אתי רשיעא בשטיותא ייתי ובצערא ובחסודא:
20,Proverbs,18,4,Proverbs 18:4,מיא עמיקי פומיה דגברא נחלא דנביע מבוע דחכמתא:
20,Proverbs,18,5,Proverbs 18:5,למסב אפי לרשיעא לא שפיר אף לא למצלי דינא לצדיקא:
20,Proverbs,18,6,Proverbs 18:6,ספותיה דסכלא מיתן ליה לדינא ופומיה מסטי ליה לחרתא:
20,Proverbs,18,7,Proverbs 18:7,פומיה דסכלא שציא הוא ליה ושפותיה פחא אנון לנפשיה:
20,Proverbs,18,8,Proverbs 18:8,מלוי דשגושא מרכנן ליה ומחתן ליה לעומק דשיול:
20,Proverbs,18,9,Proverbs 18:9,ואף דמתרפה בעבדתיה חברא הוא לגברא מחבלנא:
20,Proverbs,18,10,Proverbs 18:10,מגדלא דעושנא שמיה דאלהא וביה נרהט צדיקא ונתרים ביה:
20,Proverbs,18,11,Proverbs 18:11,מזליה דעתירא קריתא דעושניה וכשורא ירום משריה:
20,Proverbs,18,12,Proverbs 18:12,קדם תברא יתרורם לביה דגברא וקדם יקרא ענותנותא:
20,Proverbs,18,13,Proverbs 18:13,מחזיר פתגמא עד לא שמיע שטיותא ליה ובהתתא:
20,Proverbs,18,14,Proverbs 18:14,רוחיה דגברא תסובר כרהניה ורוחא מככתא מן נטעיניה:
20,Proverbs,18,15,Proverbs 18:15,לבא דמתבין נקנא ידיעתא ואדנא דחכימי תבעי מנדעא:
20,Proverbs,18,16,Proverbs 18:16,מוהבתיה דבר נשא מרוחא ליה וקדם רברבי מקימא ליה:
20,Proverbs,18,17,Proverbs 18:17,זכי הוה קדמאה בדיניה ואתא חבריה ונציח ליה:
20,Proverbs,18,18,Proverbs 18:18,תגרי מבטלא פצתא ובינת תקיפי פרשא:
20,Proverbs,18,19,Proverbs 18:19,אחא דמתעוי מן אחוי היך קריתא עשנתא ואחרא היך סוכרא דחוסנא:
20,Proverbs,18,20,Proverbs 18:20,מן פרי פומיה דגברא תסבע כריסיה ומן עללתא דשפותיה נסבע:
20,Proverbs,18,21,Proverbs 18:21,מותא וחיי בידא דלישנא ודרחם ליה ניכול מן פרוי:
20,Proverbs,18,22,Proverbs 18:22,דמשכח אתתא טבאתא משכח ומקבל רעותיה מן אלהא:
20,Proverbs,18,23,Proverbs 18:23,תחנוני נמלל מסכנא ועתירא נמלל עשינתא:
20,Proverbs,18,24,Proverbs 18:24,אית חברי דמתחברין ואית רחמא דבק מן אח:
20,Proverbs,19,1,Proverbs 19:1,טב מסכינא דמהלך בתמימותא מן הוא דמעקמן ארחתיה והוא סכל:
20,Proverbs,19,2,Proverbs 19:2,מן דלא ידיע נפשיה לא שפיר ליה ודקליל ברגלוי לבישתא חטיא הוא:
20,Proverbs,19,3,Proverbs 19:3,שטיותא דבר נשא מטלטלא ארחתיה ועל אלהא מתרעם לביה:
20,Proverbs,19,4,Proverbs 19:4,מזלא מוסיף חברי סגיעי ומסכנא פריש חבריה מניה:
20,Proverbs,19,5,Proverbs 19:5,סהדא דשקרא לא נזדכי ודמועי כדבותא לא נתמלט:
20,Proverbs,19,6,Proverbs 19:6,סגיעי דמשמשין קדם רבא ודלבישין יהיב מוהבתא:
20,Proverbs,19,7,Proverbs 19:7,כולהון רחמוי דמסכנא סנין ליה ואף חברוי רחקין מניה איכא דטרך במלוי לא שריר:
20,Proverbs,19,8,Proverbs 19:8,קני לבא טבא רחם נפשיה נטר ביונה משכח טבתא:
20,Proverbs,19,9,Proverbs 19:9,סהדא דשקרא לא נזדכא ודמועי כדבותא נאבד:
20,Proverbs,19,10,Proverbs 19:10,לא יאי לסכלא פנוקא אף לא לעבדא דנשתלט ברברבנין:
20,Proverbs,19,11,Proverbs 19:11,שכליה דבר נשא נגידות אורחיה ושבהוריה דנעבר על חובא:
20,Proverbs,19,12,Proverbs 19:12,נהם היך אריא זעפיה דמלכא והיך טלא על עסבא רעותיה:
20,Proverbs,19,13,Proverbs 19:13,בר סכלא קשיה הוא לאבוי היך קרסי והיך דלפא דדלף תגרי דאתתא:
20,Proverbs,19,14,Proverbs 19:14,ביתא ומזלא וירותתא הוא דאבהן ומן אלהא מתמסרא אתתא לגברא:
20,Proverbs,19,15,Proverbs 19:15,עטלותא יהבא שנתא ונפשא רמיתא תכפן:
20,Proverbs,19,16,Proverbs 19:16,דנטר פוקדנא נטר נפשיה ודמשיט אורחתיה ימות:
20,Proverbs,19,17,Proverbs 19:17,מן דבעי דנזיף לאלהא מתרחם על מסכנא ופורענותא טבתא משלם ליה:
20,Proverbs,19,18,Proverbs 19:18,רדי ברך מטול דאית סכויא ולמיתותיה לא תרים נפשך:
20,Proverbs,19,19,Proverbs 19:19,גברא חמתנא מקבל תכא וכמה דמתעלי על טועניה מוסיף:
20,Proverbs,19,20,Proverbs 19:20,שמע עצתא וקבל מרדותא מטול דתתחכם בסופך:
20,Proverbs,19,21,Proverbs 19:21,סגיען מחשבתא בלביה דגברא ועצתא דאלהא היא תקום:
20,Proverbs,19,22,Proverbs 19:22,רגתיה דבר נשא חסדיה וטב מסכנא מן גברא כדבא:
20,Proverbs,19,23,Proverbs 19:23,דחלתיה דאלהא לחיי ומן דשביע מניה נבות ולא נפקוד בישתא:
20,Proverbs,19,24,Proverbs 19:24,עטלא דמטשי ידיה בשחתיה אף לא לפומיה מקרב ליה:
20,Proverbs,19,25,Proverbs 19:25,לממקנא תמחי ושברא מתערם ואכיס לסוכלתן דנתביין ידיעתא:
20,Proverbs,19,26,Proverbs 19:26,דביז לאבוי ומעריק לאמיה ברא הוא מבהתנא ומחפרנא:
20,Proverbs,19,27,Proverbs 19:27,פרש ברי ושמע מרדותא ולא תשגא מן מאמרי דפומי:
20,Proverbs,19,28,Proverbs 19:28,סהדא רגלאה ממיק בדיניה ופומהון דרשיעי מפיק עאתא:
20,Proverbs,19,29,Proverbs 19:29,מתקנין לממקני דיני ומחתא לגשמיהון דסכלי:
20,Proverbs,20,1,Proverbs 20:1,ממקנא הוא חמרא ורויתא שכרא וכל דשגי ביה לא נתחכם:
20,Proverbs,20,2,Proverbs 20:2,נהם היך אריא אימתא דמלכא ומן דמחמית ליה חטי על נפשיה:
20,Proverbs,20,3,Proverbs 20:3,יקרא הוא לגברא דיתב דלא דינא וכל דשטי מצטדי:
20,Proverbs,20,4,Proverbs 20:4,מתחסד עטלא לא שתיק ושאל בחצדא ולית:
20,Proverbs,20,5,Proverbs 20:5,מיא עמיקי עצתא בלבא דגברא וגברא דמתבין נדלינה:
20,Proverbs,20,6,Proverbs 20:6,סוגעא דבני נשא מתקרין גברי מרחמני וגברא מהימנא מנו משכח:
20,Proverbs,20,7,Proverbs 20:7,דמהלך בתמימותיה צדיקא הוא וטוביהון לבנוהי בתרוהי:
20,Proverbs,20,8,Proverbs 20:8,מלכא דיתב על כורסיא דדינא מפזר מן קדמוהי כלהון בישתא:
20,Proverbs,20,9,Proverbs 20:9,מן דיימר זכי הוא לבי ואדכיית מחובתי:
20,Proverbs,20,10,Proverbs 20:10,מתקלא ומתקלא כילא וכילא מרחקין אנון קדם אלהא אף תרויהון:
20,Proverbs,20,11,Proverbs 20:11,אוף בעובדוהי מתידע טליא אין דכי ואין תריצן עובדוהי:
20,Proverbs,20,12,Proverbs 20:12,אדנא דשמעא ועינא דחזיא אלהא אברי תרויהון:
20,Proverbs,20,13,Proverbs 20:13,לא תרחם שנתא דלמא תתמסכן פתח עינך ושבע לחמא:
20,Proverbs,20,14,Proverbs 20:14,חברא לחבריה נאמר דקנית והידין נשתבח ונימר:
20,Proverbs,20,15,Proverbs 20:15,דאית דהבא וסוגעא דכיפי טבתא ומני דיקרא שפותא דידיעתא:
20,Proverbs,20,16,Proverbs 20:16,נסיב לבושיה מטול דעריב לחליוני ולא אפי נוכריתא משכניה:
20,Proverbs,20,17,Proverbs 20:17,עריב לגברא בלחמא רגלא ובתא הידין נתמלא פומיה חצצא:
20,Proverbs,20,18,Proverbs 20:18,מחשבתא בעצתא תתקן ובמדברנותא מתעביד קרבא:
20,Proverbs,20,19,Proverbs 20:19,דגלי רזא אכל קורצא ולמן דמשרגג בשפותיה לא תתחלט:
20,Proverbs,20,20,Proverbs 20:20,דליט לאבוי ולאמיה נדעך שרגיה איך אתונא דחשוכא:
20,Proverbs,20,21,Proverbs 20:21,ירותתא דמסרהבא בקדמתא ובסופא לא תתבריך:
20,Proverbs,20,22,Proverbs 20:22,לא תימר אשלם בישתא סכא לאלהך ויפרקנך:
20,Proverbs,20,23,Proverbs 20:23,מרחקין אנון קדם אלהא מתקלא ומתקלא ומשחתא דרמיותא לא שפיר קדמוי:
20,Proverbs,20,24,Proverbs 20:24,מן קדם יי הלכתיה דגברא ובר נשא לא מתבין ארחתיה:
20,Proverbs,20,25,Proverbs 20:25,פחא הוא לגברא דנדר לקודשא ובתר הכי חדיא ליה נפשיה:
20,Proverbs,20,26,Proverbs 20:26,מבדר לרשיעי מלכא חכימא ומהפך עליהון גלגלא:
20,Proverbs,20,27,Proverbs 20:27,שרגא דאלהא נשמתא דבני נשא ובציא כולהון גויא דכריסא:
20,Proverbs,20,28,Proverbs 20:28,חסדא וקושטא ינטרו למלכא ומתקן כורסיה בחסדא:
20,Proverbs,20,29,Proverbs 20:29,שבהורא דעולימיא תוקפיהון ושבחא דסבי סיבתא:
20,Proverbs,20,30,Proverbs 20:30,שוחני ופודעתא פגעו בבישא ומחיתא בגוה דכריסא:
20,Proverbs,21,1,Proverbs 21:1,היך טיפי דמיא לביה דמלכא באידוי דאלהא ולאתר דצבי נרכן ליה:
20,Proverbs,21,2,Proverbs 21:2,כלהון ארחתיה דגברא תריצן אינון באפוי ואלהא מתקן לביה:
20,Proverbs,21,3,Proverbs 21:3,מן דעבד צדקתא ודינא מתרעי ביה אלהא מן דבחא:
20,Proverbs,21,4,Proverbs 21:4,רמות עיני ובעי לבא ושרגא דרשיעי לחטאה:
20,Proverbs,21,5,Proverbs 21:5,מחשבתא דגבין ליותרגא ורגלא דמסרהבא לחוסרנא:
20,Proverbs,21,6,Proverbs 21:6,מעבדנותא דסימתא בלשנא דשקרא ויתחבלון וינתרון אלין דבעין למותא:
20,Proverbs,21,7,Proverbs 21:7,דכונא דרשיעי יעלנון ולא צבין דיעבדון דינא:
20,Proverbs,21,8,Proverbs 21:8,דהפך ארחיה דגברא הוא נוכראה ודדכי תריצן עובדוהי:
20,Proverbs,21,9,Proverbs 21:9,טב למיתב על קרנא דאגרא מן אתתא תגרניתא וביתא טרקא:
20,Proverbs,21,10,Proverbs 21:10,נפשיה דרשיעא ריגא בישתא ולא מתרחם בעינוי חבריה:
20,Proverbs,21,11,Proverbs 21:11,בתכיה דממקנא נחכם שברא ובסוכלתנותיה דחכימא יסב ידיעתא:
20,Proverbs,21,12,Proverbs 21:12,מתתכל צדיקא בביתיה דרשיעא ומטלטל רשיעיא בבישתא:
20,Proverbs,21,13,Proverbs 21:13,דמסכר אדניה דלא נשמע לצוחתיה דמסכנא אף נקרא לאלהא ולא נתעני:
20,Proverbs,21,14,Proverbs 21:14,מוהבא בטישא מדעכא רוגזא ושוחדא עובא חמתא עשינתא:
20,Proverbs,21,15,Proverbs 21:15,חדותא דצדיקא למעבד דינא ושציא לאילן דעבדין עאתא:
20,Proverbs,21,16,Proverbs 21:16,בר נשא דתעי מן אורחא דסכולא עם בני ארעא נתתנח:
20,Proverbs,21,17,Proverbs 21:17,גברא די חסר ליה ורחם חדותא ורחם חמרא ובסמא לא נעתר:
20,Proverbs,21,18,Proverbs 21:18,שלחופיה דצדיקא רשיעא ושלחופי דתריצי בזוזי:
20,Proverbs,21,19,Proverbs 21:19,טב למתב בארע מדברא מן אתתא תגרניתא ומרגזניתא:
20,Proverbs,21,20,Proverbs 21:20,סימתא רגנתא ומשחא בדריה דחכימא וסכלא דבני נשא נבלענון:
20,Proverbs,21,21,Proverbs 21:21,דרדף צדקתא וחסדא ישכח חיי וצדקתא ויקרא:
20,Proverbs,21,22,Proverbs 21:22,למדנתא דגברי סליק חכימא ואחת עושנא דסברא:
20,Proverbs,21,23,Proverbs 21:23,דנטר פומיה ולישניה נטר מן עקתא נפשיה:
20,Proverbs,21,24,Proverbs 21:24,ממיקנא מריחא זידנא שמיה עבד חרינא בזידנותיה:
20,Proverbs,21,25,Proverbs 21:25,רגתא דעטלא ממיתא ליה דלא צבין אידין דעבדין עבדתא:
20,Proverbs,21,26,Proverbs 21:26,כל יומא ראג רגתא וצדיקא יהב ולא מחשך:
20,Proverbs,21,27,Proverbs 21:27,דבחא דרשיעי מרחק הוא מטול דבעברתא מיתי ליה:
20,Proverbs,21,28,Proverbs 21:28,סהדא דכדבותא יאבד וגברא שמועא שריראית ממלל:
20,Proverbs,21,29,Proverbs 21:29,מחציף אפוי גברא רשיעא ותריצא הוא מתקן אורחיה:
20,Proverbs,21,30,Proverbs 21:30,לית חכמתא ולית ביונא ולית עצתא היך דאלהא:
20,Proverbs,21,31,Proverbs 21:31,סוסיא מתקן ליומא דקרבא ולאלהא הוא פורקנא:
20,Proverbs,22,1,Proverbs 22:1,שמא טבא אתבחר מן עותרא סגיעא ומכספא ומן דהבא שפיר חסדא:
20,Proverbs,22,2,Proverbs 22:2,עתירא ומסכנא פגען חד בחד ותרויהון אלהא ברא אינון:
20,Proverbs,22,3,Proverbs 22:3,ערימא חזי בישתא ומטשי ושברי עבדין וחסרין אנון:
20,Proverbs,22,4,Proverbs 22:4,עקבא דענותנותא דחלתא דיי עותרא ויקרא וחיי:
20,Proverbs,22,5,Proverbs 22:5,נשבא בארחא עקימתא ומן דנטר נפשיה ירחק מנהון:
20,Proverbs,22,6,Proverbs 22:6,אדרכא לטליא לקבל אורחיה דלא כד נסוב נסטי מניה:
20,Proverbs,22,7,Proverbs 22:7,עתירא במסכני נשתלט ועבדא יוזיף לגברא מוזפנא:
20,Proverbs,22,8,Proverbs 22:8,דזריע עולא נחצד עאתא ושבטא דחריניה נגמור:
20,Proverbs,22,9,Proverbs 22:9,מן דטבא הוא עיניה הוא נתברך מטול דיהיב מן לחמיה למסכינא:
20,Proverbs,22,10,Proverbs 22:10,תרך לממקנא ואפיק לתגרנא ויבטל דינא וצערא:
20,Proverbs,22,11,Proverbs 22:11,רחם אלהא דכי לבא ובחסדא דשפותיה יתחבר למלכא:
20,Proverbs,22,12,Proverbs 22:12,עינוי דאלהא נטרן ידיעתא ומטלטל מליהון דבזוזי:
20,Proverbs,22,13,Proverbs 22:13,אמר עטלא בחכיננותיה אריא אית לברא ובינת שוקי מתקטלנא:
20,Proverbs,22,14,Proverbs 22:14,גומצא עמקתא פומא דנוכריתא ומן דמרגז קדם אלהא נפל תמן:
20,Proverbs,22,15,Proverbs 22:15,שטיותא קטירא בלביה דטליא שבטא דמרדותא נרחקיה מניה:
20,Proverbs,22,16,Proverbs 22:16,דעשק למסכנא מסגי ליה בישתא ודיהב לעתירא חוסרנא הוא ליה:
20,Proverbs,22,17,Proverbs 22:17,ברי צלי אדנך ושמע מלי דחכימי ולבך שים לידיעתי:
20,Proverbs,22,18,Proverbs 22:18,מטול דבסימין נטר אינון בכרסך ונתקנון איך חדא על שפותך:
20,Proverbs,22,19,Proverbs 22:19,דנהוי באלהא סברך ואודעתך יומנא הדא אף אנת:
20,Proverbs,22,20,Proverbs 22:20,והא כתבת אנון לך על תלתא זמנין בעצתא וידיעתא:
20,Proverbs,22,21,Proverbs 22:21,לאודענך קושטא ומלי דתריצותא דתהפיך מלתא דקושטא למשדריך:
20,Proverbs,22,22,Proverbs 22:22,לא תגזול למסכנא מטול דמסכינא הוא ולא תמכיך עניא בתרעא:
20,Proverbs,22,23,Proverbs 22:23,מטול דאלהא דאן דינהון ומתפרע פורענותהון דנפשהון:
20,Proverbs,22,24,Proverbs 22:24,לא תתחבר עם מרי מרירותא ועם גברא חמתנא לא תעול:
20,Proverbs,22,25,Proverbs 22:25,דלא תילף ארחתיה ותשכח פחא לנפשך:
20,Proverbs,22,26,Proverbs 22:26,לא תהוי משלם אידך בערבותא על חברך:
20,Proverbs,22,27,Proverbs 22:27,אם לית לך דפריע נסבין תשויתך מתחתיך:
20,Proverbs,22,28,Proverbs 22:28,לא תשני תחומא דמן עלמא דעבדו אבתך:
20,Proverbs,22,29,Proverbs 22:29,אין חזיתא גברא דמוהי בעבדתיה קדם מלכי נקום ולא נקום קדם חשוכי:
20,Proverbs,23,1,Proverbs 23:1,אין יתיבתא למיכל עם שליטי אתבין כמו רשים קדמיך:
20,Proverbs,23,2,Proverbs 23:2,ותשים סכינא בלועך אין מרא דנפשך את:
20,Proverbs,23,3,Proverbs 23:3,לא תתרגג לבישולוי והנון מיכולתא דכדבותא:
20,Proverbs,23,4,Proverbs 23:4,לא תקרב לעתירא אלא בביונתך פרק מניה:
20,Proverbs,23,5,Proverbs 23:5,אין תצר עינך ביה לא מתחזי לך מטול דמעבד עבד ליה גפתא היך נשרא דטיס בשמיא:
20,Proverbs,23,6,Proverbs 23:6,לא תיכול עם גברא דבישא עיניה ולא תתרגג לבישולוי:
20,Proverbs,23,7,Proverbs 23:7,מטול דאיך תרעא רמא הכן הוא רם בנפשיה אכיל ואשתי אמר לך ולביה נכיל צדך:
20,Proverbs,23,8,Proverbs 23:8,ולחמא דאכלתא מתיבת ליה ומחבלת מלך דבסימן:
20,Proverbs,23,9,Proverbs 23:9,באדני דסכלא לא תמלל מטול דשיט לסכולא דמליך:
20,Proverbs,23,10,Proverbs 23:10,לא תשני תחומא דמן עלמא ובחלקא דיתמי לא תעול:
20,Proverbs,23,11,Proverbs 23:11,מטול די פרוקהון תקיף והוא נדון ית דנהון עמך:
20,Proverbs,23,12,Proverbs 23:12,אעול לבך למרדותא ואודנך למימרי דידיעתא:
20,Proverbs,23,13,Proverbs 23:13,לא תמנע מן טליא מרדותא מטול דאין מחית ליה בשבטא לא מאת:
20,Proverbs,23,14,Proverbs 23:14,אנת בשבטא מחית ליה ונפשיה מפלטת מן שיול:
20,Proverbs,23,15,Proverbs 23:15,ברי אם חכים לבך אף אנא חדי אנא בלבי:
20,Proverbs,23,16,Proverbs 23:16,ונרוזן כליותי כד ימללון ספותיך תריצתא:
20,Proverbs,23,17,Proverbs 23:17,לא נטן לבך בחטאי אלא בדחלתא דאלהא כל יומא:
20,Proverbs,23,18,Proverbs 23:18,מטול דתהוי לך אחריתא טבתא וסכויך לא נגמר:
20,Proverbs,23,19,Proverbs 23:19,שמע את ברי ואתחכם ותרץ לבך לארחא:
20,Proverbs,23,20,Proverbs 23:20,לא תהוי באלין דאסיטון בבישרא ובאלין דרוין חמרא:
20,Proverbs,23,21,Proverbs 23:21,מטול דרוי ואסיט מתמסכן ובזעתא נלבש ניומא:
20,Proverbs,23,22,Proverbs 23:22,קבל מן אבוך דין ילדך ולא תשוט מטול דסיבת אמך:
20,Proverbs,23,23,Proverbs 23:23,קושטא קני ולא תזבין חכמתא ומרדותא וביונא:
20,Proverbs,23,24,Proverbs 23:24,מדוץ נדוץ אבוי דצדיקא ומן דמוליד חכימא נחדי ביה:
20,Proverbs,23,25,Proverbs 23:25,יחדי אבוך ואמך ותדוץ תולדתך:
20,Proverbs,23,26,Proverbs 23:26,הב לי ברי לבך ועינך תנטרן ארחתי:
20,Proverbs,23,27,Proverbs 23:27,מטול דגומצא עמיקא זניתא ובירא דעקא נוכריתא:
20,Proverbs,23,28,Proverbs 23:28,והיך מטרף עינהא כמנא וצאר אבנא שברי:
20,Proverbs,23,29,Proverbs 23:29,למן וי למן דיוא ולמן תגרי ולמן שוחא ולמן פודעתא מגן ולמן סומקנות עינוי:
20,Proverbs,23,30,Proverbs 23:30,להלין דמוחרין על חמרא ואזלין ומעקבי בית מזגא:
20,Proverbs,23,31,Proverbs 23:31,לא תחמי חמרא דסימוק ויהב בכסא עיניה ומהלך תריצאית:
20,Proverbs,23,32,Proverbs 23:32,ואחריתא היך חויא נכת וכחורמנא דפריח:
20,Proverbs,23,33,Proverbs 23:33,ויחורון עינך בנכריתא ולבך ימלל תהפוכתא:
20,Proverbs,23,34,Proverbs 23:34,ותהוי היך דשכב בלביה דימא והיך מלחא דדמך באלפא:
20,Proverbs,23,35,Proverbs 23:35,ותימר מחונני ולא אכרהית ובזונני ולא ידעית לאימת אתעיר ואוסיף אבעיניה עוד:
20,Proverbs,24,1,Proverbs 24:1,לא תטן במרי בישתא ולא תתרגרג למהוי עמהון:
20,Proverbs,24,2,Proverbs 24:2,מטול דרבונא רגן לבהון ועולא שפותהון ממללן:
20,Proverbs,24,3,Proverbs 24:3,בחכמתא מתבני ביתא ובביונא מתקן:
20,Proverbs,24,4,Proverbs 24:4,ובידיעתא קיטוני מתמלין כל מזלא יקירא ובסימא:
20,Proverbs,24,5,Proverbs 24:5,טב גבר חכימא מן עשינא וגברא דידיעתא מן הוא דזריז בחיליה:
20,Proverbs,24,6,Proverbs 24:6,מטול במדברנותא תעבד לך קרבא ופורקנא בסוגעא דמלכנא:
20,Proverbs,24,7,Proverbs 24:7,מתרעם שטיא בחכמתא ובתרעי לא פתח פומיה:
20,Proverbs,24,8,Proverbs 24:8,מן דחשב למבאשא נקרון ליה מרי תרעיתא בישתא:
20,Proverbs,24,9,Proverbs 24:9,תרעיתא דשטיא חטאה ומרחקתא דבר נשא חכימא ממקנותא:
20,Proverbs,24,10,Proverbs 24:10,אין תתרפי ביומא דעקתא מתתעיק חילך:
20,Proverbs,24,11,Proverbs 24:11,פצא לאלין דמתנסבין למותא ומתדברין לקטלא חסוך:
20,Proverbs,24,12,Proverbs 24:12,ואין תימר דלא ידענא דא הלא תרעיתא דלבא אלהא בצי ודנטר נפשך הוא ידע ופרע לבר נשא היך עובדוי:
20,Proverbs,24,13,Proverbs 24:13,ברי אכול דובשא מטול דטב וכבריתא דחילא על חכך:
20,Proverbs,24,14,Proverbs 24:14,היכנא אתחכם בנפשך דאין משכחת קדמיתא אתיא אחריתא דטבא מנה וסכויך לא נגמר:
20,Proverbs,24,15,Proverbs 24:15,לא תכמן רשיעא לדיריה דצדיקא ולא תרכין בית משריה:
20,Proverbs,24,16,Proverbs 24:16,מטול דשובעא זמנין נפל צדיקא וקאי ורשיעי מתתקלין בבישתא:
20,Proverbs,24,17,Proverbs 24:17,במפלותיה דבעיל דבבך לא תחדי וכד יתקל בבישתא לא ידוץ לבך:
20,Proverbs,24,18,Proverbs 24:18,דלא יבאש באפוי דאלהא כד יחזה ויהפך רוגזיה מניה:
20,Proverbs,24,19,Proverbs 24:19,לא תתחסם בבישיא ולא תטן ברשיעיא:
20,Proverbs,24,20,Proverbs 24:20,מטול דלא הויא אחריתא טבא לבישי ושרגהון דרשיעי נדעך:
20,Proverbs,24,21,Proverbs 24:21,דחל מן אלהא ברי ומן מלכא ועם שטיי לא תתחלט:
20,Proverbs,24,22,Proverbs 24:22,מטול דבשליא אתי תברהון וסופא דשניהון מן ידיע:
20,Proverbs,24,23,Proverbs 24:23,אף הלין לחכימי אמרנא למסב אפי בדינא לא שפיר:
20,Proverbs,24,24,Proverbs 24:24,דיימר לרשיעא צדיק אנת יליטוניה עממי ויברוניה אומתא:
20,Proverbs,24,25,Proverbs 24:25,ולמכסני יבסם ועליהון תיתא ברכתא טבתא:
20,Proverbs,24,26,Proverbs 24:26,שפותהון ננשקו דאלין דמהפכין מלי תריצתא:
20,Proverbs,24,27,Proverbs 24:27,אתקן לברא עבידתך ועתדה לך בחקלא ובתר כן בני ביתך:
20,Proverbs,24,28,Proverbs 24:28,לא תהוי סהדא רגלא בחברך ותשרגג בשפותך:
20,Proverbs,24,29,Proverbs 24:29,לא תימר היך דעבד לי כן אעבד ליה ואהפך ליה היך עובדוי:
20,Proverbs,24,30,Proverbs 24:30,על חקלי דגברא עטלא עברית ועל כרמי דבר נשא חסר רעינא:
20,Proverbs,24,31,Proverbs 24:31,והא סליק כליה יערי וכסיו אפוי חורלי וסיגא דכיפוי אתעקר:
20,Proverbs,24,32,Proverbs 24:32,וחזית אנא ושמית לבי וחמית וקבלית מרדותא:
20,Proverbs,24,33,Proverbs 24:33,קליל תנום קליל תדמוך קליל תשים ידיך על חדיך ותדמוך:
20,Proverbs,24,34,Proverbs 24:34,ותיתי ותדרכך מסכנותך וצריכותך היך גברא טבלרא:
20,Proverbs,25,1,Proverbs 25:1,אף אלין מתלוי דשלמה עמיקי דכתבו רחמוי דחזקיה מלכא דיהודה:
20,Proverbs,25,2,Proverbs 25:2,יקרא דאלהא מן דמטשי מלתא ויקרא דמלכי מן דבצי מלתא:
20,Proverbs,25,3,Proverbs 25:3,שמיא רמין וארעא עמיקא ולבא דמלכי לא מתבצי:
20,Proverbs,25,4,Proverbs 25:4,גבו סולאנא מן סומא דנפוק מאן מן צרפא:
20,Proverbs,25,5,Proverbs 25:5,נתטריד רשיעא מן קדם מלכא ויתקן בצדקתא כורסיה:
20,Proverbs,25,6,Proverbs 25:6,לא תשתבהר קדם מלכא ובדוכתא דרברבי לא תקום:
20,Proverbs,25,7,Proverbs 25:7,מטול דטב דנימר לך סוק הכא מן דמשפילך קדם שליטא מן דחזין עינך:
20,Proverbs,25,8,Proverbs 25:8,לא תפוק בדינא מסרהבאית דלא תדון באחריתה כד יחמיץ יתך חברך:
20,Proverbs,25,9,Proverbs 25:9,דינך דון עם חברך ורזא אוחרנא לא תגלי:
20,Proverbs,25,10,Proverbs 25:10,דלא נחסדך מן דשמע וטיבך לא הפיך:
20,Proverbs,25,11,Proverbs 25:11,חזורי דדהבא בנגודי דסמא מלתא דמלל פסיאית:
20,Proverbs,25,12,Proverbs 25:12,קדשי דדהבא ומני דזמרגדא מכסנותא דחכימא על אודנא דשמעא:
20,Proverbs,25,13,Proverbs 25:13,איך קרירותא דתלגא ביומא דחצדא היכנא אזגדא מהימנא למשדרוי ונפשיה דמריה מהפך:
20,Proverbs,25,14,Proverbs 25:14,ליומא דענני ורוחא דמטרא לאית מדמי גברא דמשתבהר במהובתא דשקרא:
20,Proverbs,25,15,Proverbs 25:15,בנגדותא דרוחא משתרגג רשאנא ומלתא רכיכתא תברא גרמא:
20,Proverbs,25,16,Proverbs 25:16,דבשא משכחת אכול סופקנך דלא תשבע ותתיביניה:
20,Proverbs,25,17,Proverbs 25:17,כלא רגלך מן ביתיה דרחמך דלא נסבעך ומסניך:
20,Proverbs,25,18,Proverbs 25:18,איך פריעא וסיפא נגידא שנינא גברא דמסהד על חבריה סהדותא דשקרא:
20,Proverbs,25,19,Proverbs 25:19,איך שינא בישתא ורגלא מועדא היכנא סבריה דבזוזא ביומא דעקתא:
20,Proverbs,25,20,Proverbs 25:20,דשקל מרטוטא מן חבריה ביום דקרתא היך הוא דרמי חילא על נתרא ומצרף ללבא כיכא היך ססא למנא ואיך מלטיתא בקיתא היכנא בריותא מחדא לביה דגברא:
20,Proverbs,25,21,Proverbs 25:21,אין כפן סנאך אוכליה לחמא ואין צחי אשקיה מיא:
20,Proverbs,25,22,Proverbs 25:22,מטול דגומרי דנורא חתי אנת על רישיה ואלהא נשלמיה לך:
20,Proverbs,25,23,Proverbs 25:23,רוחא גרביתא בטנא מטרא היכנא אפי בניסתא ולישנא מטשיא:
20,Proverbs,25,24,Proverbs 25:24,טב למיתב על קרנא דאגרא מן דלמעמד עם אתתא תגרניתא וביתא טרקא:
20,Proverbs,25,25,Proverbs 25:25,מיא קרירי על נפשא משלהתא היכנא שמועתא טבתא מן ארעא רחיקתא:
20,Proverbs,25,26,Proverbs 25:26,היך דסכיר אניש מעינא ומבועא מחבל צדיקא דנפל קדם רשיעא:
20,Proverbs,25,27,Proverbs 25:27,למיכל דובשא סגי לא שפיר אף לא למבציא מלי מיקרתא:
20,Proverbs,25,28,Proverbs 25:28,היך קרתא דתריעא ולא אית לה שורא היכנא גברא דלא מצער רוחיה:
20,Proverbs,26,1,Proverbs 26:1,איך תלגא בקיטא והיך מטרא בחצדא היכנא לא יאי לסכלא יקרא:
20,Proverbs,26,2,Proverbs 26:2,היך צפרא דטאס והיך פרחתא דפרחא היכנא לוטתא דמגן לא תעול:
20,Proverbs,26,3,Proverbs 26:3,שוטא לסוסא ומגלבא לחמרא ושובטא לגושמיהון דסכלי:
20,Proverbs,26,4,Proverbs 26:4,לא תתל פתגמא לסכלא היך שטיותא דלא תדמי ליה אף אנת:
20,Proverbs,26,5,Proverbs 26:5,אלא מלל עם שטיא בחכימותך דלא נסבר בנפשיה דחכימא הוא:
20,Proverbs,26,6,Proverbs 26:6,מן דרהטא ברגלוי שתי חטופא מן דמשדר מלי ביד סכלא:
20,Proverbs,26,7,Proverbs 26:7,אין תתל הלכתא לחגירא תקבל מלתא מן פומיה דסכלא:
20,Proverbs,26,8,Proverbs 26:8,היך נקצא דטסא בקלעא היכנא מן דעבד יקרא לסכלא:
20,Proverbs,26,9,Proverbs 26:9,כובא סלק בידא דרויא ושטיותא בפומיה דסכלא:
20,Proverbs,26,10,Proverbs 26:10,סגי חיש בשריה דסכלא ורויא עבר ימא:
20,Proverbs,26,11,Proverbs 26:11,היך כלבא דהפך על תיוביה היכנא סכלא דתני בסכלותיה:
20,Proverbs,26,12,Proverbs 26:12,אין חזיתא גברא דחכים בעיני נפשיה סכלא טב מניה:
20,Proverbs,26,13,Proverbs 26:13,אמר עטלא שחלא בארחא אריא בינת שוקי:
20,Proverbs,26,14,Proverbs 26:14,היך תרעא דמכרך על צירתה היכנא עטלא על ערסיה:
20,Proverbs,26,15,Proverbs 26:15,עטלא מטשי אידיה בשחתא לעי דנהפכי לפומיה:
20,Proverbs,26,16,Proverbs 26:16,עטלא חכים בעינוי טב מן שובעא יהבי טעמא:
20,Proverbs,26,17,Proverbs 26:17,דלכד באדנוי דכלבא נצי ומתנצי על דינא דלא דיליה:
20,Proverbs,26,18,Proverbs 26:18,איך הוא דמתחת דפשט גירי שניני דמותא:
20,Proverbs,26,19,Proverbs 26:19,היכנא גברא דמרמי בחבריה ואמר מגחך גחכית:
20,Proverbs,26,20,Proverbs 26:20,היכנא דלית קיסי דעכא נורא והיכנא דלית שגושא ישתק תגרא:
20,Proverbs,26,21,Proverbs 26:21,טרטקל לגומרי וקיסי לנורא וגברא תגרנא מחרה בהותא:
20,Proverbs,26,22,Proverbs 26:22,מלוי דשגושא מרכנן ליה והנון נחתן לגוה דכרסא:
20,Proverbs,26,23,Proverbs 26:23,היך כספא מסליא דקרים על חספא היכנא שפותא דדלקן וליבא בישא:
20,Proverbs,26,24,Proverbs 26:24,מן שפותיה מתידע סנאה ובגויה סאם רמיותא:
20,Proverbs,26,25,Proverbs 26:25,ואין מחנן בקליה לא תהימין ביה מטול דשבע בישתא אית בלביה:
20,Proverbs,26,26,Proverbs 26:26,דמכסה סנואתא במורסתא תתגלי בישתיה בכנשתא:
20,Proverbs,26,27,Proverbs 26:27,דחפר גומצא ביה נפול ודמערגל כיפא עלוי הפכא:
20,Proverbs,26,28,Proverbs 26:28,לישנא דשקרא סני ארחתא דקושטא ופומא דפליג עביד תרכונתא:
20,Proverbs,27,1,Proverbs 27:1,לא תשתבהר ביומא דלמחר דלא ידעת מנא יליד יומא:
20,Proverbs,27,2,Proverbs 27:2,נשבחנך חילוני ולא פומך נוכראה ולא שפותך:
20,Proverbs,27,3,Proverbs 27:3,יקרא כיפא ונטול חלא ורוגזיה דשטיא יקיר מן תרויהון:
20,Proverbs,27,4,Proverbs 27:4,נכזריותא היא חימתא וחיפא היא רוגזא ומנו קאם קדם קנאתא:
20,Proverbs,27,5,Proverbs 27:5,טבתא מכסנותא דמגליא מן רחמותא דמטשיא:
20,Proverbs,27,6,Proverbs 27:6,שפירן אנון פודעתיה דרחמא ובישן נושקתא דסנאה:
20,Proverbs,27,7,Proverbs 27:7,נפשא דשבעא דישא כבריתא ונפשא דכפנא כל מידם דמריר חלי לה:
20,Proverbs,27,8,Proverbs 27:8,היך צפרא דמשנא מן קנה היכנא הוא גברא דמשני דוכתיה:
20,Proverbs,27,9,Proverbs 27:9,משחא ובוסמא דמחדין לבא היכנא גברא דמבסים לחברי בתרעיתא דנפשיה:
20,Proverbs,27,10,Proverbs 27:10,חברך וחבריה דאבוך לא תשבוק ובביתא דאחוך לא תעול ביומא דתברך טב שכנא קריב מאח רחיק:
20,Proverbs,27,11,Proverbs 27:11,אתחכם ברי וחדי לבי ואחזר מלתא לאלין דמחסדין לי:
20,Proverbs,27,12,Proverbs 27:12,ערימא חזא בישתא ומטשי ושברי עברין עלה וחסרין:
20,Proverbs,27,13,Proverbs 27:13,מתנסיב מרטוטי דמן דעריב לנוכראה ועל אפי נוכריא משכניה:
20,Proverbs,27,14,Proverbs 27:14,דמברך לחבריה בקלא רמא בצפרא בקידומא לוטתא תתחשיב ליה:
20,Proverbs,27,15,Proverbs 27:15,איך דלפא דנטף ביומא דסגרירא היכנא אתתא תגרנותא דנציא:
20,Proverbs,27,16,Proverbs 27:16,רוחא גרביתא קשיא ובשמא דימינא מתקריא:
20,Proverbs,27,17,Proverbs 27:17,פרזלא בפרזלא לטיש וגברא לטיש אפיה דחבריה:
20,Proverbs,27,18,Proverbs 27:18,דנטר תינתא אכיל פריהא ודזהיר במריה נתיקר:
20,Proverbs,27,19,Proverbs 27:19,היך מיא והיך פרצופי דלא דמין חד לחד היכנא לביהון דבני נשא לא דמין חד לחד:
20,Proverbs,27,20,Proverbs 27:20,שיול ואבדנא לא סבען ועיני דגברא לא סבען:
20,Proverbs,27,21,Proverbs 27:21,צרפא לכספא וכורא לדהבא וגברא מן פומא דמשבחנוי:
20,Proverbs,27,22,Proverbs 27:22,אין מחית ליה לשטיא במכתשי בגו סיעתא ובאודרך לא תעביר מניה שטיותיה:
20,Proverbs,27,23,Proverbs 27:23,מה דדעי אנת דע אפי ענך ושים לבך על קוטין:
20,Proverbs,27,24,Proverbs 27:24,מטול דלא לעלם היא אחסנא אף שלם דרא לדרא:
20,Proverbs,27,25,Proverbs 27:25,שבח עמירא ואתחמי דתאה ואתכנש עשבא דטורי:
20,Proverbs,27,26,Proverbs 27:26,אמרי ללבושך וגדיא לתגרותך:
20,Proverbs,27,27,Proverbs 27:27,וסופקנא דחלבא דעזי למיכולתך ולמיכולתא דביתך וחיי לטליתך:
20,Proverbs,28,1,Proverbs 28:1,ערקין רשיעי בדלית דרדף להון וצדיקי היך אריא דמסתכי למיכולתיה מסברין לחכמתא:
20,Proverbs,28,2,Proverbs 28:2,בחוביהא דארעא סגיעין רברבנהא ובני נשא דמתבינין מידיעתא נגדון:
20,Proverbs,28,3,Proverbs 28:3,גברא דעשק למסכני איך מטרא חביטא דלית ביה יתרן:
20,Proverbs,28,4,Proverbs 28:4,דשבקין נמוסא משתבחין ברשעא ואלין דנטרין אוריתא מתגרין בהון דיתובון:
20,Proverbs,28,5,Proverbs 28:5,בני נשא בישי לא מתבינין דינא ודבעי מן קדם יי מתבינין כולהון טבתא:
20,Proverbs,28,6,Proverbs 28:6,טב מסכינא דמהלך בתמימותיה מן הוא דמעקמן ארחתיה והוא עתיר:
20,Proverbs,28,7,Proverbs 28:7,דנטר אוריתא ברא הוא דמתבין ודמתחבר לזלילי מחמץ אבוי:
20,Proverbs,28,8,Proverbs 28:8,דמסגיע מזליה בנכתתא וברביתא למן דמרחם על מסכני מכנשיה:
20,Proverbs,28,9,Proverbs 28:9,דמסכיר אודניה דלא נשמע אוריתא אף צלותיה מרחקא היא:
20,Proverbs,28,10,Proverbs 28:10,דמשגי תריצי בארחא בישתא בגמוצא הוא נפל ושלימי ותמימי נרתון טבתא:
20,Proverbs,28,11,Proverbs 28:11,גברא עתירא חכים הוא בעינוי ומסכנא סוכלתנא בסר ליה:
20,Proverbs,28,12,Proverbs 28:12,כד יחדון צדיקיא סגיעא שבהורא ובקומא דרשיעי מבצי בר נשא:
20,Proverbs,28,13,Proverbs 28:13,דמכסה חובוי לא נצלח ודמודי חטוי ושבק נרחם עלוי אלהא:
20,Proverbs,28,14,Proverbs 28:14,טובוהי דבר נשא דמדליח לביה תדירא ומן דמקשי לביה נפל בבישתא:
20,Proverbs,28,15,Proverbs 28:15,אריא נהם ודובא מצריח על רשיעא דמשתליט על עמא מסכנא:
20,Proverbs,28,16,Proverbs 28:16,שליטא חסיר הוינא סגיען עושקוי ואנא דשני טולמיא נגדון יומוי:
20,Proverbs,28,17,Proverbs 28:17,בר נשא דחשש בדמא דנפשא עד גובא נערוק לא נצורוניה:
20,Proverbs,28,18,Proverbs 28:18,דמהלך בתמימותא נתפרק ודמעקמן ארחתיה נפול בחדא:
20,Proverbs,28,19,Proverbs 28:19,דפלח בארעיה נסבע לחמא ודרדף סריקותא נסבע מסכנותא:
20,Proverbs,28,20,Proverbs 28:20,גברא מהימנא סגיען ברכתיה ודרהט בעולא דנעתר לא מזדכי:
20,Proverbs,28,21,Proverbs 28:21,מסב באפי לא טב ועל פתחא דלחמא נחוב גברא:
20,Proverbs,28,22,Proverbs 28:22,דמסתרהב למזלא גברא דביש עיניה ולא ידע דחוסרנא אתי עלוי:
20,Proverbs,28,23,Proverbs 28:23,דמכס לבר נשא קדמוי חסדא נשכח טב מן הוא דמפליג בלישן:
20,Proverbs,28,24,Proverbs 28:24,דגזל לאבוי ולאמיה ואמר לית חובא חברא הוא לגברא מחבלנא:
20,Proverbs,28,25,Proverbs 28:25,גברא רחב מגרג תגרי ודמסבר באלהא נדהון:
20,Proverbs,28,26,Proverbs 28:26,דתכל על לביה סכלא הוא ודמהלך בחכימותא נתחמי מן ביש:
20,Proverbs,28,27,Proverbs 28:27,דיהב למסכנא לא נחסר ליה ודמחמי עיניה מן מסכנא סגיעין לוטתיה:
20,Proverbs,28,28,Proverbs 28:28,בקומא דרשיעי מתטשי בר נשא ובאבדיהון נסגון צדיקי:
20,Proverbs,29,1,Proverbs 29:1,גברא דלא מקבל מכסנותא ומקשי קדליה בעגלא נתתבר ולא תהוי ליה אסו:
20,Proverbs,29,2,Proverbs 29:2,בסוגעא דצדיקי חדי עמא ובשולטנא דרשיעי נתאנח עמא:
20,Proverbs,29,3,Proverbs 29:3,גברא דרחם חכמתא נחדי אבוי ודמתחבר בזניותא מוביד מזליה:
20,Proverbs,29,4,Proverbs 29:4,מלכא בדינא נוקים ארעא וגברא עולא עקר לה:
20,Proverbs,29,5,Proverbs 29:5,גברא דמתפלג על חבריה מצודתא פרס על הלכתיה:
20,Proverbs,29,6,Proverbs 29:6,גברא בישא בחוביה מתציד וצדיקא דיץ וחדי:
20,Proverbs,29,7,Proverbs 29:7,ידע צדיקא דנהון דמסכני ורשיעי לא מתבינין ידיעתא:
20,Proverbs,29,8,Proverbs 29:8,גברא ממקני ממללין כדבא וחכימי מהפכין רוגזא:
20,Proverbs,29,9,Proverbs 29:9,גברא חכימא דין עם גברא שטיא ורגז וחאך ולא מתתבר:
20,Proverbs,29,10,Proverbs 29:10,גברי דאשדין דמא סנין תמימותא ותריצי בעין לה:
20,Proverbs,29,11,Proverbs 29:11,כולא חומתיה מפיק סכלא וחכימא ברעינא מאכה:
20,Proverbs,29,12,Proverbs 29:12,שליטא דצאת מלי דשקרא כלהון משמשנוי רשיעי:
20,Proverbs,29,13,Proverbs 29:13,מסכנא וגברא מצעיא פגיעו חד בחד ואלהא מנהיר עינוי דתרויהון:
20,Proverbs,29,14,Proverbs 29:14,מלכא דדאן בקושטא למסכני כורסיה לעלם תקין:
20,Proverbs,29,15,Proverbs 29:15,שבטא ומכסנותא יהבין חכמתא וטליא דלא מקבל בעא מבהית אמיה:
20,Proverbs,29,16,Proverbs 29:16,בסוגעא דרשיעי חובא נסגי וצדיקיא יחמון במפלתהון:
20,Proverbs,29,17,Proverbs 29:17,רדי בברך ויניחך ויתן תפנוקי לנפשך:
20,Proverbs,29,18,Proverbs 29:18,בסוגעא דעולאי מתתרע עמא ודנטר אוריתא טובוהי:
20,Proverbs,29,19,Proverbs 29:19,במלי לא מתרדי עבדא דידע גיר ולא בליע:
20,Proverbs,29,20,Proverbs 29:20,אין חזיתא גברא דמערקלין מלוי סכויא דטב הוא סכלא מניה:
20,Proverbs,29,21,Proverbs 29:21,מתפנק מן טליותיה לעבדא נהוי ובאחריתיה יהי מנסה:
20,Proverbs,29,22,Proverbs 29:22,גברא רגזנא מגרג תיגרי וגברא חמתנא סגיעין חובוי:
20,Proverbs,29,23,Proverbs 29:23,רמותא דבר נשא תשפלניה ומן דמכיכא רוחיה נפלג יקרא:
20,Proverbs,29,24,Proverbs 29:24,דפלג עם גנבא סני נפשיה נפסק מומתא ולא מודה:
20,Proverbs,29,25,Proverbs 29:25,טלומיא דבר נשא עבדא ליה תקולתא ודמסבר באלהא נעשן:
20,Proverbs,29,26,Proverbs 29:26,סגיעי דבעין אפי דשליטא ומן קדם אלהא דיניה דגברא:
20,Proverbs,29,27,Proverbs 29:27,מרחקתא דצדיקי גברא עולא ומרחקתא דרשיעי גברא דתריצי ארחתיה:
20,Proverbs,30,1,Proverbs 30:1,מלוי דאגור בר יקה דקבל נביותא ואמר גברא לאיתיאל לאיתיאל ואוכל:
20,Proverbs,30,2,Proverbs 30:2,מטול דבורא דבני נשא אנא דלא אית בי ביונא דבני נשא:
20,Proverbs,30,3,Proverbs 30:3,ולא יליפית חכמתא ולא ידעית ידיעתא דקדישי:
20,Proverbs,30,4,Proverbs 30:4,מן סלק לשמיא ונחת מן אחד רוחא בחפנוי ומן צר מיא בשושיפא ומן אקים בריתא דארעא מן שמיה ומן שום בריה אין ידעת:
20,Proverbs,30,5,Proverbs 30:5,כולהון מימרוי דאלהא צריפן ומסיע לאלין דמתרחצין ביה:
20,Proverbs,30,6,Proverbs 30:6,לא תוסף על מלוי דלא יכסנך ותתכדב:
20,Proverbs,30,7,Proverbs 30:7,תרתין שאילת מנך לא תכלי מני עד לא אמות:
20,Proverbs,30,8,Proverbs 30:8,רגלתא ומלתא כדבותא ארחיק מני מסכנותא ועותרא לא תתן לי זוני לחמא מסתי:
20,Proverbs,30,9,Proverbs 30:9,דלא אשבע ואכפר ואימר מנו אלהא ודלא אתמסכן ואגנוב ואחליל שמיה דאלהא:
20,Proverbs,30,10,Proverbs 30:10,לא תלשן עבדא למריה דלא נצערינך ותתחיב:
20,Proverbs,30,11,Proverbs 30:11,דרא דאבוהי נצער ולאמיה לא נברך:
20,Proverbs,30,12,Proverbs 30:12,דרא דדכי בעינוי ומצאתיה לא אשתזג:
20,Proverbs,30,13,Proverbs 30:13,דרא דרמו עינוי וגבינוי מנטלין:
20,Proverbs,30,14,Proverbs 30:14,דרא דספסרי אינון שינוי וחריפי אנון ניבוי למיכל מסכני מארעא ולעליבי מן בני נשא:
20,Proverbs,30,15,Proverbs 30:15,לעלוקא תרתין בנין הב הב תלת אינון דלא שבען וארבע דלא אמרן מסתא:
20,Proverbs,30,16,Proverbs 30:16,שיול ואחדת רחמי וארעא לא שבעא מיא ונורא לא אמרה מסתא:
20,Proverbs,30,17,Proverbs 30:17,עינא דמצריא לאב ושיטא קשישותא דאמא נחצוניה עורבי דנחלא ויסמון יתיה בני נשרא:
20,Proverbs,30,18,Proverbs 30:18,תלת אינון דגניזן מני וארבע דלא ידעית אינון:
20,Proverbs,30,19,Proverbs 30:19,ארחא דנשרא בשמיא ואורחיה דחויא על שועא ואורחא דאלפא בלבי דימא וארחא דגברא בעולמתא:
20,Proverbs,30,20,Proverbs 30:20,היכנא ארחא דאתתא גירתא אכלא ומכפרה פומה ואמרה לא עבדית מדעם רעתא:
20,Proverbs,30,21,Proverbs 30:21,תחות תלת רוגזא ארעא ותחות ארבע לא יכלא למסברא:
20,Proverbs,30,22,Proverbs 30:22,תחות עבדא כד נמלוך וטפשא דישבע לחמא:
20,Proverbs,30,23,Proverbs 30:23,תחות שנואתא דהויא לגברא ואמתא די ירתא לרבונתה:
20,Proverbs,30,24,Proverbs 30:24,ארבעא אנון דזעירין בארעא והנון חכימין ומחכמין:
20,Proverbs,30,25,Proverbs 30:25,שומשמני לא עשין עמהון ומתקנין בקיטא מיכלהון:
20,Proverbs,30,26,Proverbs 30:26,וחנסי דעמהון לא תקיף ועבדין להון ביתא בקתרין:
20,Proverbs,30,27,Proverbs 30:27,וקמצי דמלכא לית להון ומתכנשין כלהון כחדא:
20,Proverbs,30,28,Proverbs 30:28,ואקמתא דמסככא בידהא ועמדא בביתא דמלכי:
20,Proverbs,30,29,Proverbs 30:29,תלתא אנון דשפירן הליכתהון וארבעא דשפיר מהלכין:
20,Proverbs,30,30,Proverbs 30:30,אריא גבר בבעירא ולא הפיך מן כל מדעם:
20,Proverbs,30,31,Proverbs 30:31,ואככא דמזדרז בינת תרנגולי ותישא דאזל בית גיורא ומלכא דקאם וממלל בית עממיה:
20,Proverbs,30,32,Proverbs 30:32,לא תתרורם דלא תטפש ולא תושיט אידך לפומך:
20,Proverbs,30,33,Proverbs 30:33,דמן דמיצא חלבא נפקא חמאתא ומן כבושא דרוגזא נפוק דמא ומן חרינא דאפי נפוק דינא:
20,Proverbs,31,1,Proverbs 31:1,מלוהי דלמואל מלכא נביותא ומרדותא דרדתיה אמיה ואמרת ליה:
20,Proverbs,31,2,Proverbs 31:2,וי ברי ווי בר כרסי ווי בר נדרי:
20,Proverbs,31,3,Proverbs 31:3,לא תתן לנשי חילך וארחתך לבנת מלכין:
20,Proverbs,31,4,Proverbs 31:4,אזדהר מן מלכי למואל מן מלכי דשתין חמרא ומן שלטוני דשתין שכרא:
20,Proverbs,31,5,Proverbs 31:5,לא תשתי ותטעי הונך ותשנא דינהון דכולהון בני עניי:
20,Proverbs,31,6,Proverbs 31:6,הבון שכרא לאבלי וחמרא למרירי נפשא:
20,Proverbs,31,7,Proverbs 31:7,ונשתון ונטעון מסכינתהון ושחקיהון לא נזכרון תוב:
20,Proverbs,31,8,Proverbs 31:8,פתח פומך להלין דלא מסטו דין ודון לכולהון בני עולי:
20,Proverbs,31,9,Proverbs 31:9,פתח פומך ודון צדקתא ודון לעניי ולעליבי:
20,Proverbs,31,10,Proverbs 31:10,אתתא כשרתא מנו ישכח יקירא היא מן כיפי טבתא טימהא:
20,Proverbs,31,11,Proverbs 31:11,דתכל עלה לביה דבעלה ולא מתבזא ולא חסרא:
20,Proverbs,31,12,Proverbs 31:12,פרעתיה טבתא ולא בישתא כל יומי חיהא:
20,Proverbs,31,13,Proverbs 31:13,תבעת עמרא וכתנא ועבדת היך צבינא דאידה:
20,Proverbs,31,14,Proverbs 31:14,והות היך אלפת דתגרא דמן רחיק מיתיא מכלותא:
20,Proverbs,31,15,Proverbs 31:15,וקמת בליליא ויהבת מזונא לביתה ופולחנא לטליתהא:
20,Proverbs,31,16,Proverbs 31:16,ואתחשבת בתרעיתא ונסבת חקלא ומן פרי דידהא נצבת כרמא:
20,Proverbs,31,17,Proverbs 31:17,ואסרת בעושנא חרצהא וזרזת דרעהא:
20,Proverbs,31,18,Proverbs 31:18,וטעמת מטול דטבתא תגרותה ולא דעך בליליא שרגה:
20,Proverbs,31,19,Proverbs 31:19,ידהא פשטא בכונשרא וידהא לבכין מעזלא:
20,Proverbs,31,20,Proverbs 31:20,ידה פשטא לעניא ודרעיה מושיטא לעליבי:
20,Proverbs,31,21,Proverbs 31:21,לא ידחלון בני ביתה מן תלגא מטול דכולהון בני ביתה לבישין הוו זהוריתא:
20,Proverbs,31,22,Proverbs 31:22,תשויתא עבדת לה בוצא וארגונא לבושה:
20,Proverbs,31,23,Proverbs 31:23,ידיע הוה בינת מדינתא בעלה כד יתיב הוא עם סבי ארעא:
20,Proverbs,31,24,Proverbs 31:24,פתגא עבדת וזבנת וזונארא יהבית לכנענאה:
20,Proverbs,31,25,Proverbs 31:25,עושנא והדרא לבושה וגחכא ביומא אחריתא:
20,Proverbs,31,26,Proverbs 31:26,פומה פתחת בחכמתא ונימוסא דחסדא על לישנה:
20,Proverbs,31,27,Proverbs 31:27,וגלין ארחתא דביתה ולחמא חכיננות לא אכלא:
20,Proverbs,31,28,Proverbs 31:28,קמו בנהא ויהבון לה טובא בעלה ומשבחה:
20,Proverbs,31,29,Proverbs 31:29,סגיען בנתא דקניי עתרא ואת עברת על כלהון:
20,Proverbs,31,30,Proverbs 31:30,מטול דשקרא הוא חנא וסריק הוא שופרא אתתא דחלתיה דאלהא היא משתבחא:
20,Proverbs,31,31,Proverbs 31:31,הבו לה מן פרי דידהא ונשבחונא עובדהא בתרעי:
21,Ecclesiastes,1,1,Ecclesiastes 1:1,פתגמי נבואה דאתנבא קהלת הוא שלמה בר דוד מלכא דהוה בירושלם:
21,Ecclesiastes,1,2,Ecclesiastes 1:2,כד חזא שלמה מלכא דישראל ברוח נבואה ית מלכות רחבעם בריה דעתיד לאתפלגא עם ירבעם בר נבט וית ירושלם ובית מוקדשא דאינון עתידין למחרב וית בני עמא בית ישראל די אינון עתידין למגלי אמר במימריה הבל הבליא עלמא הדין הבל הבליא כל מה דטרחית אנא ודוד אבא כוליה הבלו:
21,Ecclesiastes,1,3,Ecclesiastes 1:3,מה מותר אית לאנש בתר די ימות מן כל טורחי דהוא טרח תחות שמשא בעלמא הדין אלהן למעסק באורייתא לקבלא אגיר שלים לעלמא דאתי קדם מרי עלמא:
21,Ecclesiastes,1,4,Ecclesiastes 1:4,אמר שלמה מלכא ברוח נבואה דרא טבא דצדיקיא דאזיל מן עלמא בגין חובי דרא בישא דרשיעא דעתידין למיתי בתריהון וארעא לעלמי עלמין קימא לסוברא פורענותא דאתי על עלמא בגין חוביהון דבני אנשא:
21,Ecclesiastes,1,5,Ecclesiastes 1:5,וידנח שמשא ביממא מן סטר מדינחא ואעיל שמשא לסטר מערבא בליליא ולאתריה שחיף ואזל אורח תהומא ודנח למחר מן אתר דהוא נח תמן מאתמלי:
21,Ecclesiastes,1,6,Ecclesiastes 1:6,אזיל כל סטר דרומא ביממא ומחזיר לסטר צפונא בליליא אורח תהומא מחזר מחזר ואזיל לרוח עיבר דרומא בתקופת ניסן ותמוז ועל סחרנוהי תייב לרוח עיבר צפונא בתקופת תשרי וטבת נפיק מחרכי מדינחא בצפרא ואעיל לחרכי מערבא ברמשא:
21,Ecclesiastes,1,7,Ecclesiastes 1:7,כל נחליא ומבועי מיא אזלין ונגדין למי אוקיינוס דמסחר לעלמא כגושפנקא ואוקיינוס ליתוהי מתמלי ולאתר דנחליא אזלין ונגדין תמן אינון תייבין למיזל מצנורי תהומא:
21,Ecclesiastes,1,8,Ecclesiastes 1:8,כל פתגמיא דעתידין למהוי בעלמא אשתלהיאו בהון נבייא קדמאין ולא יכילו למשכח סופיהון ברם הכי לית ליה רשו לגבר למללא מה דעתיד למיתי בתרוהי ולא יכילא עינא למחזי כל מה דעתיד למהוי בעלמא ולא יכילא אודנא לאתמלאה מלמשמע כל פתגמי דכל דיירי ארעא:
21,Ecclesiastes,1,9,Ecclesiastes 1:9,מה דהות מן קדמתא הוא עתיד למהוי בתר כן ומה דאתעביד מן קדמת דנא הוא עתיד לאתעובדא עד סוף כל דרי עלמא ולית כלום פתגם חדת בעלמא הדין תחות שמשא:
21,Ecclesiastes,1,10,Ecclesiastes 1:10,אית פתגם דיימר אינש חזי דין פתגם חדת הוא הא כבר הוה לעלמין ביומי דריא די הוו לקדמנא:
21,Ecclesiastes,1,11,Ecclesiastes 1:11,לית דכרנא לדריא קדמאין ואף לבתראין דעתידין למהוי לא יהי להון דכרנא עם דריא דיהון ביומי מלכא משיחא:
21,Ecclesiastes,1,12,Ecclesiastes 1:12,כד הוה שלמה מלכא יתיב על כורסי מלכותיה אתגבה לביה לחדא על עתריה ועבר על גזירת מימרא דיי וכנש סוסוון ורתיכין ופרשין סגיאין וצבר כספא ודהבא לחדא ואתחתן בעממין נוכראין מן יד תקיף רוגזא דיי עלוהי ושדר לותיה אשמדאי מלכא דשידי וטרד יתיה מן כורסי מלכותיה ונטל גושפנקיה מן ידיה בגין דיהך מטלטל וגלי בעלמא לאוכיחותיה והוה מחזר על כרכי פלכי וכרכי ארעא דישראל בכא ופגן ואמר אנא קהלת דהוה שמיה שלמה מתקרי מן קדמת דנא הויתי מלכא על ישראל בירושלם:
21,Ecclesiastes,1,13,Ecclesiastes 1:13,ומסרית ית לבי למתבע אולפן מן קדם יי בזמן דאתגלי לי בגבעון לאללותי ולמשאל יתי מה אנא צבי מניה ואנא לא תבעית מניה אלהין חוכמתא למדע בין טב לביש וסוכלתנו על כל מה דאתעביד תחות שמשא בעלמא הדין וחזית כל עובדי בני אנשא חייבא גוון ביש די יהב יי לבני אנשא לאסתגפא ביה:
21,Ecclesiastes,1,14,Ecclesiastes 1:14,חזיתי ית כל עובדי בני אנשא דאתעבידו תחות שמשא בעלמא הדין והא כולא הבלו ותבירות רוחא:
21,Ecclesiastes,1,15,Ecclesiastes 1:15,גבר דסריכן אורחתיה בעלמא הדין ומית בהון ולא הדר בתיובתא לית ליה רשו לאיתקנא בתר מותיה וגבר חסר מן אוריתא ופקודיא בחיוהי בתר מותיה לית ליה רשו לאיתמנאה עם צדיקיא בגנתא דעדן:
21,Ecclesiastes,1,16,Ecclesiastes 1:16,מלילית אנא בהרהור לבי למימר אנא הא אסגיתי ואוסיפית חוכמתא על כל חכימיא די הוו קדמי בירושלם ולבי חזא סגיאות חוכמתא ומנדעא:
21,Ecclesiastes,1,17,Ecclesiastes 1:17,ויהבית לבבי למדע חוכמתא וחולחלתא דמלכותא ומנדעא וסוכלתנו בחנית למדע דאף דין הוא תבירות רוחא לגבר דמשתדל למשכח יתהון:
21,Ecclesiastes,1,18,Ecclesiastes 1:18,ארום גבר דמסגי חכמתא כד ייחוב ולא ייתב בתיובתא מסגי רגיז קדם יי ודמוסיף מנדעא וימות בטליותיה מוסיף כאיב לבא לקריבוי:
21,Ecclesiastes,2,1,Ecclesiastes 2:1,אמרית אנא בלבי איזיל כען הכא ואבחין בחדוא ואחזי בטוב עלמא הדין וכדו מטא עלי צערא וסיגופא אמרית במימרי הא אף דין הוא הבלו:
21,Ecclesiastes,2,2,Ecclesiastes 2:2,לחוכא אמרית בעדן צערא ליצנותא הוא ולחדוא מה הנאה אית לגבר די עבדינה:
21,Ecclesiastes,2,3,Ecclesiastes 2:3,אללית בלבי לנגדא בבית משתיא דחמרא ית בסרי ולבי דבר בחוכמתא ולאחדא בשטות עולימיא עד די בחנית וחזית אידין מנהון טב לבני אנשא דיעבדון עד דאנון קיימין בעלמא הדין תחות שמיא מניין יומי חייהון:
21,Ecclesiastes,2,4,Ecclesiastes 2:4,אסגיתי עובדין טבין דירושלם בניתי לי בתין בית מוקדשא לכפרא על ישראל ובית מקירת מלכא ואידרון פסיל לבי מדרשא דרבנן ואולם ובית דינא אבנין פסילן דתמן יתבין חכימיא ודיינין ית דינא עבדית כורסיא דשן דפילא למותב מלכותא אנציבית לי כרמין ביבנה כל קבל כרמין דענבא למשתי מנהון חמרא אנא ורבני סנהדרין ואף לנסכא חמר חדת ועתיק על מדבחא:
21,Ecclesiastes,2,5,Ecclesiastes 2:5,עבדית לי גנת שקין ופרדיסין ודרעית תמן כל מיני עסבין מנהון לצרוך מיכלא ומנהון לצרוך משתיא ומנהון לצרוך אסותא וכל מיני עסבי בוסמין נציבית בהון אילני סרק וכל אילני בוסמין דאיתין לותי טלני ומזיקי מן הנדקא וכל אילן דעביד פירין ותחומיה מן שור קרתא דבירושלם עד כיף מיא דשילוח:
21,Ecclesiastes,2,6,Ecclesiastes 2:6,בחנית בית משקיא דמיא אידין חזי לאשקאה אילניא ואידין חזי לאשקאה עסבין ועבדית לי פרקטנין דמיא לאשקאה מנהון אפילו חורשא די מרבי קיסין לאסקא:
21,Ecclesiastes,2,7,Ecclesiastes 2:7,קניתי עבדין ואמהן מבניהון דחם ושאר עממין נוכראין וגזברין די ממנן על מזונא דביתי הוו לי לפרנסא יתי וית אינשי ביתי תרי עסר ירחי שתא וחד לפרנסותי בירחא דעיבורא אף קנין תורין וענין הוה לי יתיר מכל דריא די הוו קדמי בירושלם:
21,Ecclesiastes,2,8,Ecclesiastes 2:8,כנשית לי אף אוצרין דכסף ודהב דאפילו מתקלין ומואדנין דקשוט עבדית מן דהב טב וטסברי מלכין ופלכין אתיהיבו לי לכרגא עבדית לבית מוקדשא זייני זמרא לזמרא בהון ליואי על קורבניא וקתרוסין ואבובין לזמרא בהון זמריא וזמרייתא בבית משתיא דחמרא ותפנוקי בני אינשא ודימסיא ובי בנין מרזיבין דשדין מיא פשורי ומרזבין דשדין מיא חמימי:
21,Ecclesiastes,2,9,Ecclesiastes 2:9,ואסגיתי טובא ואוסיפית עתרא מן כל דריא די הוו קדמי בירושלם ברם חכמתי קמת לי והיא סייעא יתי:
21,Ecclesiastes,2,10,Ecclesiastes 2:10,וכל מה דבעו מיני רבני סנהדרין לדכאה ולסאבא לזכאה ולחיבא לא כליתי מנהון פשר מליא ולא מנעית ית לבבי מן כל חדות אורייתא ארום הוה לי פנאי די לבבי בדח בחכמתא די אתיהיבת לי מן קדם יי מן כל אנשא וחדית בה יתיר מכל טרחותי ודין הוה חולקי טב דאזדמן לי לקבלא עלוהי אגר שלים לעלמא דאתי מכל טרחותי:
21,Ecclesiastes,2,11,Ecclesiastes 2:11,ואסתכלית אנא בכל עובדי די עבדו ידי ובטורחתי די טרחית למעבד והא כולא הבלו ותבירות רוחא ולית מותר בהון תחות שמשא בעלמא הדין אלהין אית לי אגר שלים על עובדא טבא לעלמא דאתי:
21,Ecclesiastes,2,12,Ecclesiastes 2:12,ואסתכלית אנא למחזי חוכמתא וחלחולתא דמלכותא וסוכלתנו ארום מה הנאה אית לגבר לצלאה בתר גזירת מלכא ובתר פורענותא דהא כבר אתגזרת עלוהי ואתעבידת ליה:
21,Ecclesiastes,2,13,Ecclesiastes 2:13,וחזית אנא ברוח נבואה דאית מותר לחוכמתא מן שטותא יתיר כמותר נהור יממא מן חשוך ליליא:
21,Ecclesiastes,2,14,Ecclesiastes 2:14,חכימא מסתכל ברישא מה דעתיד למהוי בסוף ומצלי ומבטיל גזירתא בישתא מן עלמא ושטיא בחשוכא אזיל וידעית אף אנא דאי לא מצלי חכימא ומבטיל גזירתא בישתא מן עלמא כד ייתי פורענותא בעלמא ארעון חד יארע ית כולהון:
21,Ecclesiastes,2,15,Ecclesiastes 2:15,ואמרית אנא בלבבי כארעון שאול בר קיש מלכא דסט בסטותיה ולא נטר תפקידתא דאתפקד על עמלק ואתנטלת מניה מלכותא אף אנא יערענני ולמא דין חכימית אנא בכין יתיר מניה ומלילית אנא בלבי דאף דין הבלו ולית אלהין גזירת מימרא דיי:
21,Ecclesiastes,2,16,Ecclesiastes 2:16,ארום לית דכרנא לחכימא עם שטיא לעלמא דאתי ובתר מיתת גברא מה דהוה כבר ביומוהי כד ייתון יומיא דעתידין למהוי בתרוהי כולא אשתכח ואיכדין יימרון בני אנשא דהיא סופא דצדיקיא כסופא דחייבא:
21,Ecclesiastes,2,17,Ecclesiastes 2:17,וסניתי אנא ית כל חיין בישין ארום ביש עלי עובדא בישא די אתעביד על בני אנשא תחות שמשא בעלמא הדין ארום כולא הבלו ותבירות רוחא:
21,Ecclesiastes,2,18,Ecclesiastes 2:18,וסניתי אנא ית כל טרחותי די טרחית תחות שמשא בעלמא הדין בגין דאשבקיניה לרחבעם ברי דאתי בתרי וייתי ירבעם עבדיה ויסב מן ידוי עשרתי שבטיא ויחסין פלגות מלכותא:
21,Ecclesiastes,2,19,Ecclesiastes 2:19,ומן ידע החכים יהא או טפש מלכא דעתיד למהוי בתרי וישלט בכל טרחותי די טרחית בעלמא הדין ובכל מה דאתקנית בחוכמתי תחות שמשא בעלמא הדין ותהית בלבי ותבית למימר אף ית דין הבלו:
21,Ecclesiastes,2,20,Ecclesiastes 2:20,וחזרית אנא ליאשא ית לבי על כל טורחא די טרחית למקני ודחכימית לתקנא תחות שמשא בעלמא הדין:
21,Ecclesiastes,2,21,Ecclesiastes 2:21,ארום אית גבר די טורחיה בחוכמתא ובסוכלתנו ובצדקו וימות בלא ולד ולגבר דלא טרח ביה יתנניה למהוי חולקיה אף דין הבלו ובשתא רבתא:
21,Ecclesiastes,2,22,Ecclesiastes 2:22,ארום מה הנאה אית ליה לגבר בכל טורחיה ובתבירות לביה די הוא טרח תחות שמשא בעלמא הדין:
21,Ecclesiastes,2,23,Ecclesiastes 2:23,ארום כל יומוהי כאיבין ותקיף רוגזיה גוניה אף בליליא לא דמיך מן הרהורי לביה אף דין הבלו הוא:
21,Ecclesiastes,2,24,Ecclesiastes 2:24,לית דשפיר באנשא אלהין די ייכול וישתיה ויחזי ית נפשיה טב קדם בני אנשא למעבד ית פקודיא דיי למהך באורחן דתקנן קדמוהי בגין דיוטיב ליה מן טורחיה אף דין חזית אנא דגבר דמצלח בעלמא הדין מן ידא דיי הוא דאתגזר למהוי עלוהי:
21,Ecclesiastes,2,25,Ecclesiastes 2:25,ארום מן הוא די עסוק בפתגמי אוריתא ומן הוא גברא דאית ליה חששא מן יום דינא רבא דעתיד למיתי בר מני:
21,Ecclesiastes,2,26,Ecclesiastes 2:26,ארום לאנש דתקנן עובדוהי קדם יי יהב חוכמתא ומנדעא בעלמא הדין וחדוא עם צדיקיא לעלמא דאתי ולגברא חיבא יהב גוון ביש למכנש ממון ולמצבר קנין סגי למהוי מתנסיב מניה ולמהוי מתיהיב לגבר דשפיר קדם יי אף דין הבלו הוא לחייבא ותבירות רוחא:
21,Ecclesiastes,3,1,Ecclesiastes 3:1,לכל גבר ייתי זמנא ועדנא לכל עסקא תחות שמיא:
21,Ecclesiastes,3,2,Ecclesiastes 3:2,עדן בחיר למילד בנין ועדן בחיר לקטלא בנין מסרבין ומרגזין לקטלותהון באבנין על מימר דיניא עדן בחיר למנצב אילן ועדן בחיר לשרשא אילן נציב:
21,Ecclesiastes,3,3,Ecclesiastes 3:3,עדן בחיר לקטלא בקרבא ועדן בחיר לאסאה שכיב מרע עדן בחיר לפרכא בנינא ועדן בחיר למבני חורבנא:
21,Ecclesiastes,3,4,Ecclesiastes 3:4,עדן למבכי על שכיבא עדן בחיר למחדי בחוכא ועדן בחיר למספדא על קטילא ועדן בחיר לטפזא בהלולא:
21,Ecclesiastes,3,5,Ecclesiastes 3:5,עדן בחיר לפקחא דגור אבנין ועדן בחיר למצבר אבנין לבנינא עדן בחיר לגפפא אתתא ועדן בחיר לרחקא מגפפא בשבעת יומי אבלא:
21,Ecclesiastes,3,6,Ecclesiastes 3:6,עדן בחיר למתבע נכסיא ועדן בחיר למיבד נכסיא עדן בחיר למנטר עסקא ועדן בחיר למשדי עסקא בימא בעדן נחשולא רבא:
21,Ecclesiastes,3,7,Ecclesiastes 3:7,עדן בחיר למבזע לבושא על שכיבא ועדן בחיר לאחאה בזיעא עדן בחיר למשתק מלנצאה ועדן בחיר למללא פתגמי מצותא:
21,Ecclesiastes,3,8,Ecclesiastes 3:8,עדן בחיר למרחם חד לחבריה ועדן בחיר למסני לגבר חיבא עדן בחיר לאגחא קרבא ועדן בחיר למעבד שלמא:
21,Ecclesiastes,3,9,Ecclesiastes 3:9,מה מותר אית לגבר פלח די הוא טרח למעבד אוצרין ולמכנש ממון אלולי מסתיע במזלא דלעילא:
21,Ecclesiastes,3,10,Ecclesiastes 3:10,חזית ית גון יסורין ופורענותא די יהב יי לבני אנשא די אינון רשיעין לסגפותהון ביה:
21,Ecclesiastes,3,11,Ecclesiastes 3:11,אמר שלמה מלכא ברוח נבואה ית כולא עבד יי שפיר בעדניה דחזיא הות מצותא דהות ביומי ירבעם בר נבט למהוי ביומי שבע בר בכרי ואתעכבת והואת ביומי ירבעם בר נבט דאלו הות ביומי שבע בר בכרי לא הות מתבני בית מוקדשא על עסק עגלין דדהב דעבד ירבעם חיבא ושוינון חד בבית אל וחד בדן ומני פרזדון על שבילא ופסקו עולי רגלאין ובגין כן אתעכבת עד זמן דיתבני בית מוקדשא בגין דלא יעכבון ישראל למבני יתיה אף ית שמא רבא דהות כתיב ומפרש על אבן שתיא כסי מנהון דאשתמודע קדמוהי יצרא בישא די בלבהון דאלו הוה מסיר ביד אנש הוה אינשי משמש ביה ומשכח בגוה מה דעתיד למהוי בסוף יומיא עד עלמי עלמיא ואף יום מותא כסי מנהון בדיל דלא יהודע לגבר מן רישא מה דעתיד למיתי בסופא:
21,Ecclesiastes,3,12,Ecclesiastes 3:12,אמר שלמה מלכא ברוח נביא ידעית ארום לית טב בהון בבני אנשא ארום אלהין למחדי בחדות אוריתא ולמעבד טב ביומי חיוהי:
21,Ecclesiastes,3,13,Ecclesiastes 3:13,ואוף כל אינש דייכול וישתי ויחזי טב ביומוי ויחסין לבנוי בעדן מותיה כל טרחותיה מתנן דאתיהיבת ליה מן קדם יי הוא:
21,Ecclesiastes,3,14,Ecclesiastes 3:14,ידעית ברוח נבואה ארום כל דיעביד יי בעלמא בין טב לביש מדאתגזר מפומיה הוא יהא לעלם עלוהי לית רשו לגבר לאוספא ומניה לית רשו לגבר לבצרא ובעדן דייתי פורענותא בעלמא יי הוא דעבד בגין די ידחלון בני אנשא מן קדמוהי:
21,Ecclesiastes,3,15,Ecclesiastes 3:15,מא דהות מן קדמת דנא הא כבר הוא דאתי מה דעתיד למהוי בסוף יומיא הא כבר הוה וליום דינא רבא דעתיד יי למתבע חשוכא ומסכינא מן ידוהי דרשיעא דרדיף ליה:
21,Ecclesiastes,3,16,Ecclesiastes 3:16,ועוד חזית תחות שמשא בעלמא הדין אתר בית דינא דדייני שקרא תמן יחובון לזכאה למפק חייבא בדיניה ואתר דמשתכח תמן גבר זכאי תמן משתכח גברא חייבא למשלט ביה בגין חובי דרא בישא:
21,Ecclesiastes,3,17,Ecclesiastes 3:17,אמרית אנא בלבי ית זכאה וית חיבא ידין יי ביום דינא רבא ארום עדן מתעביד לכל עסקא ועל כל עובדא דעבדו בעלמא הדין אתדונון תמן:
21,Ecclesiastes,3,18,Ecclesiastes 3:18,אמרית אנא בלבי על עיסק בני אנשא דייתי עליהון מכתשין ומרעין בישין בגין לנסואיהון ובגין למבחנהון עבד יי למחזי אין תיבין בתיובתא ישתביק להון ויתסון ורשיעיא די אינון כבעירא לא תיבין בגין כן אנון מתוכחין בהון לאבאשא להון:
21,Ecclesiastes,3,19,Ecclesiastes 3:19,ארום ארעון אנשא חיבא וארעון בעירא מסאבא ארעון חד לכולהון והיכמא דתמות בעירא מסאבא כן ימות דין דלא תאיב בתיובתא קדם מותיה ונשמת רוח תרויהון כחדא אתדן לכל גוון ושארות גברא חיבא מן בעירא מסאבא מדעם בין תרויהון אלהין בית קבורתא ארום כולא הבלו:
21,Ecclesiastes,3,20,Ecclesiastes 3:20,כולא אזלין לאתר חד כל דירי ארעא אתבריאו מן עפרא וכד ימותון כולהון עתידין למתוב לעפרא:
21,Ecclesiastes,3,21,Ecclesiastes 3:21,מן הוא חכימא דידע אין רוח נשמתא בני אנשא הסלקא היא לעילא לרקיעא ורוח נשמתא דבעירא הנחתא היא לרע לארעא:
21,Ecclesiastes,3,22,Ecclesiastes 3:22,וחזית ארום לית טב בעלמא הדין מדיחדי אנש בעובדוי טבין וייכול וישתי ויוטיב לביה ארום הוא חולקיה טב בעלמא הדין למקני ביה עלמא דאתי דלא יימר אנש בלביה למה דין אנא מבזביז ממונא למעבד צדקתא טב לי דאשבקיניה לברי בתרי או אתזן מניה בעדן סיבתי ארום מן הוא דיעלניה למחזי מה דעתיד למהוי בתרוי:
21,Ecclesiastes,4,1,Ecclesiastes 4:1,ותבית אנא וחזית ית כל אניסין דאתעבידו לצדיקיא וארדו בעלמא הדין תחות שמשא מן יד דוחקיהון ולית די מליל להון תנחומין ולית למפרקהון מן יד דאונסיהון בתקוף ידא ובחילא ולית די ינחים להון:
21,Ecclesiastes,4,2,Ecclesiastes 4:2,ושבחות אנא ית שכיבא דהא כבר מיתו ולא חזי פורענותא דאתי בעלמא בתר מותיהון יתיר מן חייא דאנון קימין בעלמא הדין בעקא עד כען:
21,Ecclesiastes,4,3,Ecclesiastes 4:3,ושפיר מן תרויהון ית דעוד כען לא הוה ולא אתברי בעלמא די לא חזא ית עובדא בישא דאתעבדא בעלמא הדין תחות שמשא:
21,Ecclesiastes,4,4,Ecclesiastes 4:4,וחזית אנא ית כל טורחא וית כל אוטבות עובדא דעבדין בני אנשא ארום היא קנאתא דקני גבר לחבריה למעבד כותיה דמקני ליה למעבד טבא כותיה מימרא דשמיא יוטיב ליה ודמקני ליה לביש למעבד כבשתיה מימרא דשמיא יבאיש ליה ואף דין הבלו לחיבא ותבירות רוחא:
21,Ecclesiastes,4,5,Ecclesiastes 4:5,שטיא אזיל ומגפיף ית ידוי בקייטא ולא צבי למטרח ובסתוא ייכול ית כל מה דאית ליה ואפילו כסו מעל משך בסריה:
21,Ecclesiastes,4,6,Ecclesiastes 4:6,טב לגבר מלי חפני מיכלא בהנית נפש ובלא גזילא וחטופין מן תרין חפנין מלין מיכלא בגזילא וחטופין ועתיד לשלמה בדינא בטורחא ובתבירות רוחא:
21,Ecclesiastes,4,7,Ecclesiastes 4:7,ותבית אנא וחזית הבלו דאתגזר למהוי בעלמא הדין תחות שמשא:
21,Ecclesiastes,4,8,Ecclesiastes 4:8,אית גבר יחידי ולית תנין בר מניה אף ברא ואף אחא לית ליה למירת ית נכסוי ולית סוף לכל טורחיה ואף עיניה לא תיכול למסבע עתריה ולא יימר בלביה למא דנן אנא טרח ומחסר ית נפשי מטיבותא אקום כען ואעביד מניה צדקתא ואחדי בעלמא הדין עם בני אנשא ולעלמא דאתי עם צדיקיא אף דין הבלו וגוון ביש הוא:
21,Ecclesiastes,4,9,Ecclesiastes 4:9,טבין תרין צדיקיא בדרא יתיר מן חדא ואנון די דברין במזלא ומשתמעין מליהון דאית להון אגר טב לעלמא דאתי בטורחיהון די טרחו לסוברא ית דריהון:
21,Ecclesiastes,4,10,Ecclesiastes 4:10,ארום אלהין אין יפול חד מנהון על ערסא וישכוב מרע חדא יקים ית חבריה בצלותיה דאלו חד דהוא זכאי בלחודוהי בדריה בעדן די יפול על ערסיה וישכוב מרע לית ליה בדריה חבר תנין לצלאה עלוהי אלהין בזכותיה יקום ממרעיה:
21,Ecclesiastes,4,11,Ecclesiastes 4:11,אף אין דמכן תרין גבר ואתתיה ושחין להון בסתוא ולחד איכדין ישחן:
21,Ecclesiastes,4,12,Ecclesiastes 4:12,ואין יקום גבר רשיעא ותקיפא בדרא ועובדוהי מקלקלין ומסתקפין לאיתאה פורענותא בעלמא קימין תרין צדיקיא לקבליה ומבטלין פורענותא בזכותיהון וכמה יאוון תלתא צדיקיא דאנון בדרא ושלם ביניהון כתיבא דמגדלא תלת תלת נימין דלא בבהילו אתנתק:
21,Ecclesiastes,4,13,Ecclesiastes 4:13,טב הוא אברהם די הוא רביא מסכן והות ביה רוח נבואה מן קדם יי ואשתמודע ליה מריה במהויה בר תלת שנין ולא צבי למפלח לטעותא יתיר מן נמרוד רשיעא דהוה מלכא סיב וטפש ומן בגלל דלא צבי אברהם למפלח לטעותא רמוהי לגוי אתון נורא יקידתא ואתרחיש ליה נסא מן רבוני עלמא ושיזביה מתמן ואפילו מן בתר הכי לא הות מנדעא בנמרוד לאזדהרא עוד בדיל דלא למפלח לטעותא דהוא פלח מן לקדמין:
21,Ecclesiastes,4,14,Ecclesiastes 4:14,ארום מן גניסת פלחי טעותא נפק אברהם ומלך על ארעא דכנענאי ארום אף ביומי מלכותיה דאברהם אתעביד נמרוד מסכינא בעלמא:
21,Ecclesiastes,4,15,Ecclesiastes 4:15,אמר שלמה מלכא ברוח נבואה מן קדם יי חזית ית כל חייא דאזלין בטפשותהון לסרבא על רחבעם ברי תחות שמיא ומפלגין ליה ית מלכותא לאתיהבא לירבעם בר נבט ברם שבטא דבנימין ויהודה הוה לבהון שלים עם רביא הוא רחבעם ברי דהוה תנין למלכותי דיקום וימלוך באתר אחסנתיה בירושלם:
21,Ecclesiastes,4,16,Ecclesiastes 4:16,לית סוף לכל עמא בית ישראל לכל צדיקיא דהוה מדבר קדמיהון ברם אנון יעטוהי בחוכמתא למיקל נירא מעלויהון ובטפשותיה אזל ואתיעט עם עולימא ואנון יעטוהי בטפשותא ליקרא ניר מלכותא על עמא בית ישראל ושבק מלכת סביא ואזל במלכת בתראי ברם אנון בתראי תוהו בתר כן לא חדו ביה ואנון גרמו עלוהי לאסתקפא למהוי מתפלגין מניה עשרתי שבטיא ומלוך עלויהון ירבעם חיבא אמרית אף דין הבלו לרחבעם ברי ותבירות רוחא לדיליה:
21,Ecclesiastes,4,17,Ecclesiastes 4:17,אנת בר נשא טר רגלך בעדן דתיזיל לבית מוקדשא דיי לצלאה דלא תהך תמן מלא חובין עד לא תתוב ותהי מקריב אודנך לקבלא אולפן אוריתא מן כהניא וחכימיא ולא תהי כטפשיא דמקרבין קורבנא על חוביהון ולא תיבין מן עובדיהון בישיא דאחידין בידיהון וליתוהי מקבל ברעוא ארום ליתיהון ידעין למעבד בהון בין טב לביש:
21,Ecclesiastes,5,1,Ecclesiastes 5:1,לא תבהיל על מימרך לשבשא ית מלי פומך ולבך לא יוחי לאפקא ממלל בעדן דאת מצלי מן קדם יי ארום יי שליט על כל עלמא ויתיב על כורסי יקריה בשמיה מרומא ואנת יתיב על ארעא בגין כן יהון מלי פומך קלילין:
21,Ecclesiastes,5,2,Ecclesiastes 5:2,ארום היכמא דאתי חלמא על הרהורי לבא בסגיאות גוונן קל שטיא כדין בסגיאות פתגמין בטילין:
21,Ecclesiastes,5,3,Ecclesiastes 5:3,בעדן דתדר נדרא קדם יי לא תעכב לשלמותיה ארום בגין כן לית רעוא קדם יי בטפשיא מן בגלל דמעכבין נדריהון ולא משלמין ואנת ית דתנדר שלים:
21,Ecclesiastes,5,4,Ecclesiastes 5:4,טב לך דלא תנדר מן דן תנדר ולא תשלם:
21,Ecclesiastes,5,5,Ecclesiastes 5:5,לא תנביל ית מימר דפומך למגרם דין גיהנם עלי בסרך וביום דינא רבא לא תיכול למימר קדם מלאכא אכזרא דרדי בך ארום שלותא היא למא דין יתקף רוגזא דיי על קל מימרך דאתאמר בגנותא ויחביל ית עובדי ידך:
21,Ecclesiastes,5,6,Ecclesiastes 5:6,ארום בסגיאות חלמין דנביאי שקרא והבלין דבעלי חרשין ומלין סגיאין דרשיעיא לא תהימין ארום חכימיא צדיקיא תהי משמיש ומנהון תתבע אולפן ומן קדם יי תהי דחיל:
21,Ecclesiastes,5,7,Ecclesiastes 5:7,אין אניסות מסכינין וגזילתא ודין וצדקתא תחמי בקרתא לא תתמה בלבך למימר איכדין רעותא דיי על כל אלין ארום על אל אדיר שמי מרומא נטיר עובדי בני אנשא בין טב לבישתא ומן קדמוי משתלחין גוברין גוותנין ותקיפין למרדי ברשיעיא ולמהויהון מתמנן רבנין עלויהון:
21,Ecclesiastes,5,8,Ecclesiastes 5:8,ומותר שבח פולחנות ארעא על כולא היא דבעדן דמרודין בני מלכותא ומלכא מתיהיב בפצחיהון מן קדמיהון אין לית ליה עיבור למיכל ההוא מלכא לגבר פלח בחקלא מתעביד עבד משתעבד:
21,Ecclesiastes,5,9,Ecclesiastes 5:9,גבר תגר די רחים למקני כסף ומרי פרגמטיא לא ישבע למצבור כסף ומן די רחים למכנוש ממון יתיר לית ליה שבח בעלמא דאתי אין לא יעביד מניה צדקתא בגין דלית ליה אגר עלל למיכל אף דין הבלו:
21,Ecclesiastes,5,10,Ecclesiastes 5:10,בזמן דסגי טבוותא בעלמא סגיאן אוף בני אנשא דייכלונה ומה הנאה אית למרהא דיצברנה אין לא יעביד מנה טיבותא בגין די יחזי בעלמא דאתי יהבית אגרהא בעינוי:
21,Ecclesiastes,5,11,Ecclesiastes 5:11,בסימת דמיכת גברא דפלח למרי עלמא בלב שלים ואית ליה ניחא על בית קבורתיה אין זעירות שנין ייחי אין סגיאות שנין בתר דפלח למרי עלמא בעלמא הדין לעלמא דאתי אגר עובדי ידוי יחסין וחוכמת אוריתא דיי לגבר דעתיר בחוכמתא היכמא דמעסק בה בעלמא הדין ואשתדל באולפנא כדין תנוח עלוהי על בית קבורתיה ולא תשבקניה בלחודוהי היכמא דלא שבקת אתתא לגוברה בלחודוהי לדמכא:
21,Ecclesiastes,5,12,Ecclesiastes 5:12,אית בישותא מרעיתא חמית בעלמא הדין תחות שמשא ולית ליה אסו גבר דיכנוש עתרא ולא עביד מניה טב לסוף יומיא ההוא עתרא נטיר ליה לאבאשא ליה לעלמא דאתי:
21,Ecclesiastes,5,13,Ecclesiastes 5:13,וההוא עתרא די ישבק לבריה בתר מותיה יהובד על די קנא ליה בגוון ביש ולא יתקים ביד בריה די יוליד ולא אשתאר ליה בידוי מדעם:
21,Ecclesiastes,5,14,Ecclesiastes 5:14,היכמא דנפק ממעי אמיה ערטילי בלא כסו ובלא מדעם טב כדין יתוב למיזל לבית קבורתיה חסיר מן זכותא היכמא די אתא בעלמא הדין ומדעם אגר טב לא יקביל בטורחיה לסוברא עמיה לעלמא דהוא אזיל למהוי לזכו בידיה:
21,Ecclesiastes,5,15,Ecclesiastes 5:15,ואוף דא בשתא מרעיתא ולית לה אסו דכל קביל דאתא לעלמא הדין חסיר מן זכותא כדין ייזיל לעלמא ההוא ומה מותר הוה ליה די טרח לקבלת רוחיה:
21,Ecclesiastes,5,16,Ecclesiastes 5:16,אוף כל ימוהי בחשוכא שרא בדיל דלחמוהי בלחודוהי טעים ובנסיס סגי חזי ובמרעין ורגיז הוו חיוהי:
21,Ecclesiastes,5,17,Ecclesiastes 5:17,והא די חזית אנא טבא הוא לבני אנשא ודשפיר להון למעבד בעלמא הדין דייכלון וישתון מן טורחותהון בדיל דלא לאושטא ידא באנוסא וחטוף למטר פתגמי אוריתא ולמיחן עניי נכסא מן בגלל דיחזון טבתא בכל טורחותהון די טרחו בעלמא הדין תחות שמשא מנין יומי חיוהי דגבר די יהב ליה יי במזליה ארום הוא חולקיה לית אחורן בר מניה:
21,Ecclesiastes,5,18,Ecclesiastes 5:18,אוף כל אנש דיהב ליה יי עותר ונכסין ואשלטיה יי למיכל מניה בעלמא הדין ולמעבד מניה צדקתא ולקבלא אגר שלים בעלמא דאתי ולמבדח בטורחיה עם צדיקיא הא דא מתנא דאתיהיבת ליה במזליה מן קדם יי הוא:
21,Ecclesiastes,5,19,Ecclesiastes 5:19,ארום לא יומין סגיאין חיי אנש די ידכר ית יומי חיוהי כמה מנהון עתידין למהוי טבוון וכמה מנהון עתידין למהוי בישין מטול דלא אתמסרו לבני אנשא ארום מן קדם יי אתגזר עלוהי כמה יומין יסתגיף וכמה יומין יהי בחדות לביה:
21,Ecclesiastes,6,1,Ecclesiastes 6:1,אית בשתא דחזית בעלמא הדין תחות שמשא ורבתא היא על בני אנשא:
21,Ecclesiastes,6,2,Ecclesiastes 6:2,גבר די הב ליה יי במזליה עותר ונכסין וליתוהי מחסר לנפשיה מכל די יתרעי ולא אשלטיה יי על עותריה למטעם מניה אלהין ימות בלא ולד ולא חס על קריביה לאחסנותיה ליה ארום אנתתיה תהא מתנסבא לגבר חילונאי ויחסניניה ויכליניה כל דין גרמו ליה חובוהי דלא עבד מניה מדעם טב ואתהפיך עתריה למהוי ליה להבלו ולמרעא בישא:
21,Ecclesiastes,6,3,Ecclesiastes 6:3,אין יוליד גבר מאה בנין ושנין סגיאין ייחי ובשלטנותא ורבנותא הוא די יהון יומי שנוהי ונפשיה לא שבעת מן טבתא דהות ליה על די רחים על עתריה ולא קנא מניה שמא טבא אף בית קבורתא לא הות מזמנא ליה אמרית אנא במימרי דטב מניה שלילא דלא חזא עלמא הדין:
21,Ecclesiastes,6,4,Ecclesiastes 6:4,ארום בהבלותא אתא בעלמא הדין ובחשוכא יזיל לעלמא ההוא ובחשוכא שמיה מתחפי מן בגלל דלית ליה זכותא ושום טב לא קנא למהוי מדכר:
21,Ecclesiastes,6,5,Ecclesiastes 6:5,ואף נהור אוריתא לא חמא ולא ידע בין טב לביש למבחן בין עלמא הדין לעלמא דאתי:
21,Ecclesiastes,6,6,Ecclesiastes 6:6,ואלולי הוו יומי חיוהי דגברא תרין אלפין שנין ובאוריתא לא עסיק ודינא וצדקתא לא עבד בשבועת מימרא דיי דביום מותיה נחתא נפשא לגיהנם לאתר חד דכל חייבא אזלין תמן:
21,Ecclesiastes,6,7,Ecclesiastes 6:7,כל טורח דגברא בדיל מזון פומיה הוא טרח ועל מימר פומא דיי מתזן ואף נפשא דאנש לא תשבע מיכלא ומשתיא:
21,Ecclesiastes,6,8,Ecclesiastes 6:8,ארום מה מותרא אית לחכימא בעלמא הדין יתיר מן שטיא בגין דרא בישא דלא מתקבל עלויהון ומה אית לההוא גברא עניא למעבד אלהין למעסק באוריתא דיי בגין די ינדע היכדין עתיד למהך לכל קביל צדיקיא בגנתא דעדן:
21,Ecclesiastes,6,9,Ecclesiastes 6:9,טב לגברא למחדי על מה דאית ליה ולמעבד צדקתא ולמחמי אגר טב על עובדוי ליום דינא רבא מן די יזיל לעלמא ההוא בסגוף נפש ברם דין לגברא חיבא הבלו ותבירות רוחא:
21,Ecclesiastes,6,10,Ecclesiastes 6:10,מה דהוה בעלמא הא כבר אתקרי שמיה ואשתמודע לבני אנשא מן יומא דהוה אדם קדמאה וכולא גזירת מימרא דיי היא ולית רשו לגברא למיקם בדינא עם מרי עלמא דתקיף מניה:
21,Ecclesiastes,6,11,Ecclesiastes 6:11,ארום אית פתגמין סגיאין דמסגן הבלו בעלמא מה מותר אית לגבר דמתעסק בהון:
21,Ecclesiastes,6,12,Ecclesiastes 6:12,ארום מן הוא די ינדע מה יוטיב לאנשא בעלמא הדין אלהין למעסק באוריתא די אנון חיי עלמא וכל מנין יומי חיי הבלו די יחי בעדן מותיה אנון חשיבין בעינוי כטללא דמן הוא די יחוי לאנשא מה דעתיד למהוי באפוהי בתרוהי בעלמא הדין תחות שמשא:
21,Ecclesiastes,7,1,Ecclesiastes 7:1,טב שמא טבא דיקנון צדיקיא בעלמא הדין יתיר ממשחא דרבותא דהוה מתרבי על ריש מלכיא וכהניא ויומא דישכוב גבר ומפטר לבית קבורתא בשום טב ובזכותא מן יומא דאתיליד רשיעא בעלמא:
21,Ecclesiastes,7,2,Ecclesiastes 7:2,טב למיזל לגבר אבילא לנחמותיה מלמיזל לבית משתיא דחמרא דמתלעבין תמן די בבית אבילא תמן הוא סוף כל אנשא למיזל דעל כולהון אתגזרת גזירת מותנא ומן בגלל דיהך לבית אבילא גברא צדיקא יתיב ויתין ללביה מלי דמותא ואין אית בידיה מדעם ביש ישבקיניה ויתב בתיובתא קדם מרי עלמא:
21,Ecclesiastes,7,3,Ecclesiastes 7:3,טב רגז דרגז מרי עלמא על צדיקיא בעלמא הדין מן חוכא די הוא מחיך עם רשיעיא ארום באבאשות אפי שכינתא אתי בצורתא ופורענותא בעלמא בגין לאוטבא לב צדיקיא ויצלן קדם מרי עלמא דהוא מרחים עלויהון:
21,Ecclesiastes,7,4,Ecclesiastes 7:4,לבהון דחכימיא אנן על חרבן בית מוקדשא ועציב על גלות בית ישראל ולב שטיא בחדות בית ליצנותהון אכלין ושתן ומתפנקין ולא יתבון על לבהון סגוף אחיהון:
21,Ecclesiastes,7,5,Ecclesiastes 7:5,טב למתב במדרש בית אולפנא ולמשמע נזוף גבר חכימא באוריתא מגבר דאזיל למשמע קל טבלא דשטין:
21,Ecclesiastes,7,6,Ecclesiastes 7:6,ארום כקל קיבלת כובין דמתוקדין תחות דודא כדין קל חוכא דשטיא אוף דין הבלו:
21,Ecclesiastes,7,7,Ecclesiastes 7:7,ארום אניסא יהתיל בחכימא בגין דלא אזיל באורחתיה ומהובד במלוי בישיא ית חוכמת לב חכימיא דאיתיהיבת ליה במתנא מן שמיא:
21,Ecclesiastes,7,8,Ecclesiastes 7:8,טב סוף עסקא מן שירויה דבשירויה לא אשתמודע לגבר מה דעתיד למהוי בסופיה אלהין סוף מלתא טב אשתמודע לגבר דטב הוא וטב מן קדם יי גבר די שליט ברוחיה ומחבש יצריה מגבר דאזיל בגסות רוחיה:
21,Ecclesiastes,7,9,Ecclesiastes 7:9,ובעדן דתיתי עלך אוכחתא מן שמיא לא תבהיל בנפשך למרתח ולמימר פתגמי סרבנותא כלפי שמיא ארום אין אנת סביל ישתביק לך ואין את מסריב ומרתח דע ארום רתחא בעטף שטין ינוח עד כדון די הובד יתהון:
21,Ecclesiastes,7,10,Ecclesiastes 7:10,ובעדן עקתך לא תימר מה דהות קדמת דנא טב בעלמא דיומין קדמאין הוו טביין ואנשי דרא ההוא הוו שפירי עובדא יתיר מן אלין בגין כן טבא הוה מטי להון ואנת לא על חוכמתא שאלת על דנא:
21,Ecclesiastes,7,11,Ecclesiastes 7:11,טבתא חוכמתא דאוריתא עם אחסנת ממונא ויתיר לגבר למהוי מדבר בענותנותא עם גוברין דיירי ארעא דחזן טב וביש תחות שמשא בעלמא הדין:
21,Ecclesiastes,7,12,Ecclesiastes 7:12,ארום היכמא דמסתתר גברא בטלל חוכמתא היכדין מסתתר בטלל כספא בעדן די עביד מניה צדקתא ומותר מנדעא בחוכמתא דאוריתא תחי ית מרהא מבית קבורתא לעלמא דאתי:
21,Ecclesiastes,7,13,Ecclesiastes 7:13,הוי מסתכל ית עובדא דיי וגבורתיה די עבד ית סמיא וית גבינא וית חגירא למהויהון פרישן בעלמא ארום מן הוא חכימא די יכיל לתקנא ית חד מנהון אלהין מרי עלמא די עותיה:
21,Ecclesiastes,7,14,Ecclesiastes 7:14,ביום דיוטיב לך יי תהי אף אנת בטיבותא ותטב לכל עלמא בגין דלא ייתי עלך יומא בישא חזי ואסתכל ואף ית דין כל קביל דין עבד יי בגין לאוכחא אנשי עלמא מן בגלל דלא ישכח אנש בתרוהי מדעם ביש לעלמא ההוא:
21,Ecclesiastes,7,15,Ecclesiastes 7:15,ית כולא חזית ביומי הבלותי דמן קדם יי מתגזרין טב וביש למהוי בעלמא על עסק מזליא דאתבריאו בהון בני אנשא דאית גבר זכאי אבד בצדקותיה בעלמא הדין וזכותיה מנטרא ליה לעלמא דאתי ואית גבר חיב דמאריך יומין בחובוהי וחושבן עובדוהי בישיא נטירין ליה לעלמא דאתי לאתפרע מניה ביום דינא רבא:
21,Ecclesiastes,7,16,Ecclesiastes 7:16,לא תהי זכאי יתיר בעדן דאתחיב חיבא קטול בבית דינך בדיל לחייסא עלוהי דלא למקטליה ולא תתחכם בכין יתיר חוכמת רשיעיא דקימין בדרך ולא תאליף אורחתהון למא דין תצדי ית אורחתך:
21,Ecclesiastes,7,17,Ecclesiastes 7:17,לא תהך בתר הרהור לבך לאתחיבא סגי ולא תרחק אורחך מן בית אולפן אוריתא דיי למהוי שטיא למא דין אנת גרים מותא לנפשך ויתקצרון שני חיך לממת עד דלא מטא זמנך לממת:
21,Ecclesiastes,7,18,Ecclesiastes 7:18,טב דאיתאחיד בעסקי עלמא הדין לגמול טובא לנפשך באורח תגריא ואף מדין ספר אוריתא לא תשבוק חולקך ארום גבר דחיל מן קדם יי נפק ית די חובת כולהון:
21,Ecclesiastes,7,19,Ecclesiastes 7:19,וחוכמת יוסף בר יעקב אסתיעא עלוהי לחכמותיה כל קביל עשרתי אחוהי צדיקיא דשלטין בדחלתא דיי ולא שלט בהון יצרא בישא בעדן דהוו יהיבין בקרתא דמצרים ולא קטלו ית יוסף אחוהון דהוה מצער להון בזמנא ההוא בקל מלוי:
21,Ecclesiastes,7,20,Ecclesiastes 7:20,ארום לית גבר זכאי בארעא די יעביד טב כל יומוהי ולא ייחוב קדם יי אבל גברא די ייחוב קדם יי חמי ליה למהדר בתיובתא עד דלא ימות:
21,Ecclesiastes,7,21,Ecclesiastes 7:21,אוף כל מליא דימללון לך רשיעא לא תמסר לבך לקבלותהון דלא ייתון יומין די תשמע ית עבדך די ילוט לך ולית לך חילא לאשתיזבא מן ידוי:
21,Ecclesiastes,7,22,Ecclesiastes 7:22,ארום חזי לך למצדק ית דינא בזמן די ילוט לך גבר דלית דכותך דאף זמנין סגיאין ידע לבך דאף אנת הויתא לטי גוברין אוחראין:
21,Ecclesiastes,7,23,Ecclesiastes 7:23,כל די אמרית בחנית בחוכמתא אמרית במימרי אחכום אף כל חוכמת אוריתא והיא רחקת מני:
21,Ecclesiastes,7,24,Ecclesiastes 7:24,הא כבר אתרחק מבני נשא למדע כל מה דהוה מן יומי עלמא ורז יום מותא ורז יום דייתי מלכא משיחא מן הוא דישכחיניה בחוכמתא:
21,Ecclesiastes,7,25,Ecclesiastes 7:25,חזרית אנא לחשבא בלבי ולמידע ולאללא ולמתבע חוכמתא וחושבן אגר עובדוי צדיקיא ולמדע פורענותא חובא דשטיא וסוכלתנו חולחולתא דמלכותא:
21,Ecclesiastes,7,26,Ecclesiastes 7:26,ואשכחית אנא פתגם דמריד על אנש יתיר מן מריר יום מותא ית אתתא דהיא עבדת עקין סגיאין לבעלה ומצדתן ותקלן בלבה כפיתן ידהא בדיל דלא למפלח בהון תקין קדם יי גבר די יפטיר יתה בגט פטורין ומשתזיב מנה וחיבא קדם יי גבר דיסבנה ואתלכד בזנותהא:
21,Ecclesiastes,7,27,Ecclesiastes 7:27,חזי דין עובדא דאשכחית אמרה קהלת דמתקרי שלמה מלכא דישראל כונית מזליא חדא עם חברתא למשכח חשבון בני אנשא מה יהא בסופיהון:
21,Ecclesiastes,7,28,Ecclesiastes 7:28,אית פתגם אוחרן דעוד תבעת נפשי ולא אשכחית גבר שלים וזכאי בלא חיבולא מן יומי דאדם קדמאה עד די אתיליד אברהם צדיקא די אשתכח מהימן וזכאי בין אלף מלכין דאתכנשו למעבד מגדלא בבבל ואתתא בכל אלין נשיהון דמלכיא כשרה לא אשכחית:
21,Ecclesiastes,7,29,Ecclesiastes 7:29,לחוד חזי דין אשכחית די עבד יי ית אדם קדמאה תקין קדמוי וזכאי וחויא וחוה אינהו אטעיו למיכל מן פיריא דאילנא דאכלין פירוי חכימין למדע בין טב לביש וגרמו לאסתקפא עלוהי יום מותא ולכל דרי עלמא ואנון תבעו למשכח חשבונין סגיאין בגין לאיתאה מחתא על דיירי ארעא:
21,Ecclesiastes,8,1,Ecclesiastes 8:1,מאן הוא חכימא דיכיל למיקם קביל חוכמתא דיי ולמדע פשר מליא בנביאיא חוכמתא דגבר חכים תנהר זיו אפוהי ביני צדיקיא וחציף אפין מתחלפן כל אורחתיה מטב לביש:
21,Ecclesiastes,8,2,Ecclesiastes 8:2,הוי זהיר ית פומך על גזירת מלכא למיטר מה די פקדנך ועל עיסק מומהא דיי אזדהר דלא תימי בשום מימריה על מגן:
21,Ecclesiastes,8,3,Ecclesiastes 8:3,ובעדן רוגזא דיי לא תנוח לצלאה קדמוהי אתבהיל קדמוהי איזיל וצלי ותבעי רחמין מניה בגין דלא תקום בפתגם ביש ארום רבון כל עלמיא יי כל דיצבי יעביד:
21,Ecclesiastes,8,4,Ecclesiastes 8:4,באתר דאית גזירת מימרא דמלכא דשליט על כל עלמא מתעבדא בבהילו ומן הוא גברא דמחי בידיה ויימר ליה מה עבדתא:
21,Ecclesiastes,8,5,Ecclesiastes 8:5,גבר די נטיר פקודיא דיי לא ינדע מדעם ביש לעלמא דאתי ועדן צלותא ודין וקשוט אשתמודע בלב חכימיא:
21,Ecclesiastes,8,6,Ecclesiastes 8:6,ארום לכל עסקא אית עדן טב וביש ועל דין וקשוט אתדן כל עלמא וכד אתגזר מן קדם יי למהוי פורענותא בעלמא על חובת אנשין עבדי בישא דסגיאין עלויהון:
21,Ecclesiastes,8,7,Ecclesiastes 8:7,ארום ליתוי חכים מה דעתיד למהוי בסופיה עלוהי ארום בעדן די יהי רעוא מן קדם יי לאבאשא ליה מאן הוא די יחוי ליה:
21,Ecclesiastes,8,8,Ecclesiastes 8:8,לית אנש דישלוט ברוח נשמתא לממנע ית נשמתא דחיי בגין דלא יפסוק מן גופא דאנשא ולית שלטונא ביום מותא לשיזבא גבר לחבריה ולית מני זינא מסיען בקרבא ולא ישיזיב חוב ית מרוהי ביום דינא רבא:
21,Ecclesiastes,8,9,Ecclesiastes 8:9,ית כל דין חזית די הוה בעלמא ויהבית ית לבבי למדע ית כל עובדא דאתעביד בעלמא תחות שמשא בעדן די ישלוט אנש באנש לאבאשא ליה:
21,Ecclesiastes,8,10,Ecclesiastes 8:10,ובקושטא חזית חיביא דאתקברו ואשתיציאו מעלמא מאתר קדיש דצדיקיא שרין תמן ואזלו לאתוקדא בגיהנם ואתנשין מבין יתבי קרתא והיכמא דעבדו אתעביד להון אף דין הבלו:
21,Ecclesiastes,8,11,Ecclesiastes 8:11,ומן בגלל דלית מתעביד פתגם ביש פורענות רשיעא בפריע על עובדיהון בישיא בגין כן אתמלי לבא דבני אנשא בהון למעבד ביש בעלמא הדין:
21,Ecclesiastes,8,12,Ecclesiastes 8:12,ובזמן דחיבא יעביד ביש מאה שנין ומן קדם יי אתיהיבת ליה ארכא בגין דיתוב ארום אתגלי ליה ברוח קודשא וידעית אנא דיהי טב לעלמא דאתי לדחליא דיי דדחלין מן קדמוהי ועבדין רעותיה:
21,Ecclesiastes,8,13,Ecclesiastes 8:13,וטב לא יהי לרשיעא ולא יהי ליה ארכא לעלמא דאתי ובעלמא הדין אתקטעון יומי חיוהי ויערקון ויחלפון כטללא בגין דליתוהי דחיל מן קדם יי:
21,Ecclesiastes,8,14,Ecclesiastes 8:14,אית הבלו דאתגזר למהוי מתעביד על אפי ארעא דאית צדיקיא דמטי להון ביש כאלו אנון עבדין כעובדי חיביא ואית חיבין דמטי להון טב כאילו אנון עבדין כעובדי צדיקיא וחזית ברוח קודשא דבישא דמטי לצדיקיא בעלמא הדין לא על חוביהון אלהן למגבי מנהון חובא קלילא למהוי אגריהון שלים לעלמא דאתי וטב דמטי לחיביא בעלמא הדין לא על זכותיהון אלא למפרע להון אגרא על זכותיא קלילא דעבדו למהויהון אכלין אגריהון בעלמא הדין ולהובדא חולקיהון לעלמא דאתי אמרית במימרי דאף דין הבלו:
21,Ecclesiastes,8,15,Ecclesiastes 8:15,ושבחית אנא ית חדות אוריתא ארום לית טב לאנש בעלמא הדין תחות שמשא ארום אלהין למיכל ולמשתי ולמחדי בטורחיה ובחולקיה דאתיהיב ליה מן שמיא ולא יושיט ידיה בחטופין ואניסא והוא ילויניה לשלם לעלמא ההוא ויקביל אגר שלים על טורחיה די טרח בשלמותא כל יומי חיוהי דיהב ליה יי בעלמא הדין תחות שמשא:
21,Ecclesiastes,8,16,Ecclesiastes 8:16,כמא די יהבית ית לבבי למנדע חוכמת אוריתא ולמחזי ית גוון דאתעביד על ארעא ארום אף חכימא דיצבי למעסק באוריתא ולאשכחא חוכמתא טורחא הוה ליה ארום אף ביממא לא ינוח ובליליא שינתא בעינוהי לא חזי:
21,Ecclesiastes,8,17,Ecclesiastes 8:17,וחזית אנא ית כל עובד גבורתא דיי ארום דחילא הוא ולית ליה רשו לאנש לאשכחא ית עובד גבורתא דיי דאתעביד בעלמא הדין תחות שמשא כד יטרח אנש למתבע מה דעתיד למהוי ולא ישכח ואף אם יימר גבר חכים במימריה למנדע מה דעתיד למהוי בסוף יומיא לית ליה רשו למשכח:
21,Ecclesiastes,9,1,Ecclesiastes 9:1,ארום ית כל דין יהבית על לבי ולמבלוש ית כל דין די צדיקיא וחכימיא ותלמידיהון דמשתעבדין להון על עיסק אולפן אוריתא ומסירין בידא דיי ומניה אתגזר על כל עלמא כל מה דיהי ביומיהון אף רחימתא די רחמינון אף סניאתא דסנינון גבר לית נביא בעלמא די ינדע מה דיהי באנשא כולא במזליא יי אתגזר למהוי קדמיהון:
21,Ecclesiastes,9,2,Ecclesiastes 9:2,כולא במזליא תליא מן שמיא אתגזר מה דעתיד למהוי לכולא ארעון חד לזכאה ולחיבא לדתקנן אורחתיה ולמדכי נפשיה ולמסאיב נפשיה ולמקריב נכסת קודשיא ולדליתוהי מקריב נכסת קודשין כטבא כחיבא כגבר דיומי לשקרא כגבר דמומתא דחיל:
21,Ecclesiastes,9,3,Ecclesiastes 9:3,דין מזל ביש בכל עלמא די יתעביד תחות שמשא ארום ארעון חד לכולא לכל דיירי עלמא ואף לבא דבני אנשא אתמלי ביש על דא וחולחולתא בלבביהון כל יומי חיהון ובתר סופוהי דאנשא נטיר ליה לאתוכחא עם מתיא בדין חיביא:
21,Ecclesiastes,9,4,Ecclesiastes 9:4,ארום מן גברא די אתחבר לכל פתגמי אוריתא ולמקני חיי עלמא דאתי אית ליה סבר ארום כלבא חיא הוא טב מן אריא די הוא מית:
21,Ecclesiastes,9,5,Ecclesiastes 9:5,ארום צדיקיא ידעין דאין יחובון עתידין למהויהון חשיבין כמתיא לעלמא דאתי בגין כן נטרין אורחיהון ולא חייבין ואין יחובון תיבין בתיובתא וחיביא ליתיהון ידעין מדעם טב על דלא אוטיבו עובדיהון בחיהון וליתיהון ידעין מדעם טב לעלמא דאתי ולית להון אגר טב בתר מותיהון ארום אתנשי דכרניהון מבני צדיקיא:
21,Ecclesiastes,9,6,Ecclesiastes 9:6,בתר מותיהון דרשיעיא לית בהון צרוך אף רחימתהון אף סנאתהון אף קנאתהון היא כבר הובדון מן עלמא וחולק טב לית להון עוד עם צדיקיא לעלמא דאתי ולית להון הנייא מן כל מה דאתעביד בעלמא הדין תחות שמשא:
21,Ecclesiastes,9,7,Ecclesiastes 9:7,אמר שלמה ברוח נבואה מן קדם יי עתיד מרי עלמא למימר לכל צדיקיא באנפי נפשיה אזיל טעום בחדוא לחמך דאתוסף לך על לחמך די יהיבתא לעניא ולחשיכא דהוו כפין ושתי בלב טב חמרא דאצטנע לך בגן עדן חלף חמרך דמזגתא לעניא וחשיכא דהוו צחי ארום הא כבר אתרעית קדם יי עובדך טבא:
21,Ecclesiastes,9,8,Ecclesiastes 9:8,בכל עדן יהויין כסותך חיורין מן כל סואבות חובתא ושמא טבא דמתיל למשח רבותא קני בגין די ימטון ברכן על רישך וטיבותך אל יחסר:
21,Ecclesiastes,9,9,Ecclesiastes 9:9,חזי חיין טבין עם אתתא דרחימתא כל יומי חיי הבלותך די יהב יי לך במזלא בעלמא הדין תחות שמשא ארום הוא חולקך בחיין ובטורחותך די אנת טרחתא בעלמא הדין תחות שמשא:
21,Ecclesiastes,9,10,Ecclesiastes 9:10,כל די מספקא ידך למעבד טיבו וצדקתא עם מסכינא בכל חילך עביד ארום בתר מותא לית לגבר עובדא וחושבנא ומנדעא וחוכמתא בבית קבורתא דאת אזיל תמן ולא יסיעון לך אלהין עובדין טבין וצדקתא לחודיהון:
21,Ecclesiastes,9,11,Ecclesiastes 9:11,אמר שלמה מלכא כד הויתי יתיב על כורסי מלכותי אסתכלית וחזית בעלמא הדין תחות שמשא ארום לא גוברין דאנון קלילין כנשרין מסתייען למרהט לאשתיזבא מן מותא בקרבא ולא גבריא מסתיעין באגחותהון קרבא בגבורתיהון ואף לא חכימיא מסתיעין בחוכמתהון למסבע לחמא בעדן כפנא ואף לא סוכלתנין מסתיעין בסוכלתנותהון למכנוש עתרא ואף לא ידעי בינה מסתיעין במנדעותהון למשכח רחמין בעיני מלכא ארום עדן וערעיתא במזליהון יערע ית כולהון:
21,Ecclesiastes,9,12,Ecclesiastes 9:12,ארום אף לא אשתמודע לגבר ית זמניה בין טב לביש מן מה דעתיד למהוי בעלמא ולמיתי עלוי כנוני ימא דמתאחדין בחכה וכצפרי שמיא דמתאחדין בתקולא כותהון מותקלין בני אנשא לזמן בישתא דאתעתדת למהוי נפלא עלויהון רגעא חדא משמיא:
21,Ecclesiastes,9,13,Ecclesiastes 9:13,אף דין חזיתי דהיא חוכמתא בעלמא הדין תחות שמשא ורבתא היא לותי:
21,Ecclesiastes,9,14,Ecclesiastes 9:14,גוף בר נשא דמתיל לקרתא זעירתא וגברין גברי חילא זעיר בגוה היכמא דקלילין זכותיה בגו לבא דאנשא ויעול לות גופא יצרא בישא דמתיל למלך רב ותקיף לאתכנעא ואסחר יתיה למטעי יתיה ובנא עלוהי אתר למיתב על די יצבי לאסטיותיה מן אורחן דתקנן קדם יי לאחדא יתיה במצודין רברבין דגיהנם לאדלקותיה שבע זמנין על חובוהי:
21,Ecclesiastes,9,15,Ecclesiastes 9:15,ואשתכח בגו גוף יצרא טבא מכיך וחכים ואתגבר עלוהי וכבש יתיה בחוכמתיה ושיזיב ית גופא מן דינא דגיהנם בתוקפיה ובחוכמתיה היכמא דגברא עביד לקרבא ומשיזיב ית יתבי קרתא בחוכמת לבביה ואנש לא דכר בתר כן ליצרא טבא דשיזביה אלהין יימר בלבביה זכאה אנא היכמא דיתבי קרתא ההיא לא דכירו ית עניא ההוא דשיזיב יתהון:
21,Ecclesiastes,9,16,Ecclesiastes 9:16,ואמרית אנא במימרי טבא חכמת צדיקיא מכח גבורת רשיעיא דחוכמת צדיקיא וזכותיה משיזבא ליה ולאנשי דריה ותקוף רשיעא דקאים בתוקפיה דלביה בדיל דלא למהדר בתיובתא מחבלא ליה בלחודוהי וחוכמת צדיקא עניא מזדלדלא בעיני רשיעי דריה ובעדן דיוכח יתהון על עובדיהון בישיא ופתגמיה אוכחתיה ליתנון מתקבלין:
21,Ecclesiastes,9,17,Ecclesiastes 9:17,מלי דצלותא דחכימיא בחשאי מתקבלין קדם מרי עלמא יתיר מקבלת גברא רשיעא דהוא שליט על שטין דפגין ולית מקביל:
21,Ecclesiastes,9,18,Ecclesiastes 9:18,טבא חוכמת חכימיא בעדן עקתא יתיר מן מני קרבא בעדן אגיחות קרבא וגברא חיבא חד דאיתיה בדרא גרים להובדא טבתא רבתא מן עלמא:
21,Ecclesiastes,10,1,Ecclesiastes 10:1,ויצרא בישא דשכין על תרעי לבא הי כדבובא וגרים מותא בעלמא על דמסרי חכימא בעדן דחטי ומחביל שמא טבא דהוה דמי מן קדמת דנא למשח רבותא דמבסם בבוסמנין וכמה יאי ויקיר יתיר מן חוכמתא חכימין ועותר עתירין גבר דטפשותיה זעיר וקליל:
21,Ecclesiastes,10,2,Ecclesiastes 10:2,לבא דחכימיא למקני אוריתא דאתיהיבת ביד ימינא דיי ולבא דשטיא למקני נכסין דכסף ודהב:
21,Ecclesiastes,10,3,Ecclesiastes 10:3,ואף באורחא סריכא בעדן דשטיא אזיל לביה חסיר מן חוכמתא ועביד מלין דלא תקנין לאתעובדא וכולא אמרין דשטיא הוא:
21,Ecclesiastes,10,4,Ecclesiastes 10:4,אין רוחא דיצרא בישא מתל בך ומתגבר למסק עלך אתרך טב די הויתא נהיג למיקם ביה לא תשבק ארום פתגמי אוריתא אתבריאו אסו בעלמא למשבק ולמנשי מן קדם יי חובין רברבין:
21,Ecclesiastes,10,5,Ecclesiastes 10:5,אית בישתא דחזית בעלמא הדין תחות שמשא ומה נזקא עלמא בפתגמא דשלותא דנפקא מהחצפא על גברא ומן קדם שולטן:
21,Ecclesiastes,10,6,Ecclesiastes 10:6,יהב יי ית מלכא רשיעא ושטיא למהוי בריא במזליה ומשמיש באצלחותא מן שמיה מרומא וחילותוהי גיותנין וסגיאין ועמך בית ישראל משתעבדין תחותוהי בגלותא ומן סגיאות חוביהון עתירי נכסין מתמסכנין ובמכיכותא יתבין ביני עממיא:
21,Ecclesiastes,10,7,Ecclesiastes 10:7,אמר שלמה מלכא ברוח נבואה חזית עממיא דהוו משתעבדין מן קדמת דנא לעמא בית ישראל מתגברין ורוכבין על סוסון בארכונין ועמא בית ישראל ורברבניהון אזלין הי כעבדין על ארעא:
21,Ecclesiastes,10,8,Ecclesiastes 10:8,ענת מדת דינא וכן אמרת אנון גרמו להון כל דא היכמא דגבר דכרי שוחא בפרשת אורחא בה אתחיב למפל ואומא די עברת על גזירת מימרא דיי ותקיפו גודא דעלמא נפלו ביד מלכא רשיעא דנכית להון כחויא:
21,Ecclesiastes,10,9,Ecclesiastes 10:9,אמר שלמה מלכא נביא גלי קדמי דמנשה בר חזקיהו עתיד למיחב ולמסגד לצלמיא דאבנין בגין כן אתמסר ביד מלכא דאתור ויכפתניה בזממין על דאבטיל פתגמי אוריתא דכתיבין בלוחי אבנין מן עיקריהון בגין כן יצטער בהון ורבשקה אחוהי עתיד למסגד לצלמיא דקיסין ולמשבק פתגמי אוריתא דאתיהיבן בארונא קיסי דשטי בגין כן עתיד לאתוקדא בנורא על יד מלאכא דיי:
21,Ecclesiastes,10,10,Ecclesiastes 10:10,וכד יחובון עמא בית ישראל ויתעבדון שמיא תקיפין כפרזלא מלאחתא מטרא וההוא דרא לא צלו קדם יי בגין כן אתקלקל כל עלמא בכפנא וכדו תיבין ומתכנשין אוכלוסין ומתגברין על יצריהון וממנן ברזליהון למבעי רחמין קדם אלהי שמיא אית בהון רעוא על מותר אכשרות חוכמתהון:
21,Ecclesiastes,10,11,Ecclesiastes 10:11,כד מתגרן חיוון קלן לטראקא ולנזקא בעלמא על חוביהון דבית ישראל דלא עסיקו בפתגמי אוריתא בחשאי ואף לית מותר לגבר אכיל קורצין דמשתעי לישן תליתי ארום באישתא דגהינם עתיד לאתוקדא:
21,Ecclesiastes,10,12,Ecclesiastes 10:12,מלי פום גבר חכים דאשתכח בדרא כד אתי פורענותא לעלמא מצלי ומעדי ית פורענותא ומשכח רחמין קדם יי וספותיה דגברא שטיא מלין דנזיפותא ובגין כן כולי עלמא מתגמרין:
21,Ecclesiastes,10,13,Ecclesiastes 10:13,שירוי מלי פומיה שטותא וסוף מימר פומיה חולחלתא בישא:
21,Ecclesiastes,10,14,Ecclesiastes 10:14,ושטיא מסגי פתגמין סריקין דלית בהון צרוך עד דלא ינדע אנש מה דעתיד למהוי ביומוהי ומה דעתיד למהוי בסייפיה מן יחוי ליה:
21,Ecclesiastes,10,15,Ecclesiastes 10:15,טרחות שטיא דטרח בשטותא איהו משלהי ליה על דלא אליף למיזל לקרתא דחכימיא שרי בגוה למתבע מניה אולפנא:
21,Ecclesiastes,10,16,Ecclesiastes 10:16,וי לך ארעא דישראל בזמן די ימלוך עלך ירבעם חיבא ויבטיל מינך תקרובתא דצחרא ורברבניך עד דלא יקרבון תמידא דצפרא ייכלון לחמא:
21,Ecclesiastes,10,17,Ecclesiastes 10:17,טב ליך ארעא דישראל בעדן די ימלוך עלך חזקיהו בר אחז די הוא מן ייחוס בית דוד מלכא דישראל די הוא גבר תקיף באוריתא ונפיק ידי חובת פקודיא ורברבניך בתר דמקרבין תמידא אכלין לחמא בזמן ארבע שעין מן עמל ידיהון בגבורת אוריתא ולא בחלשות ובסמיות עינא:
21,Ecclesiastes,10,18,Ecclesiastes 10:18,בחלשות עיסק אוריתא ופקודיא מתמסכין גבר מבנין ובמכיכיות תפקידתא דאתפקדת אתתא למנטר מן ריחוק סואבות דמא ולא נטרא מתעבדא דותא בגו ביתה:
21,Ecclesiastes,10,19,Ecclesiastes 10:19,לחוכא עבדין צדיקיא לחים לפרנסא ענין כפינין וחמרא דמזגין לדצחין יהי להון לחדוא לעלמא דאתי וכסף פורקנהון יסהיד עליהון זכותא לעלמא דאתי באנפי כולא:
21,Ecclesiastes,10,20,Ecclesiastes 10:20,אף במנדעך בחביוני לבך מלכא לא תלוט ובאדרון בית משכבך לא תלוט חכימא ארום רזיאל מלאכא מכריז בכל יומא מן שמיא על טורא דחורב ומהליך קליה בכל עלמא ואליהו כהנא רבא אזיל ופרח באויר שמיא כנשרא מרי גפין ומחוי מלין דמתעבדין בטמורתא לכל דיירי ארעא:
21,Ecclesiastes,11,1,Ecclesiastes 11:1,אושיט לחם פרנסותך לעניי דאזלין בספינן על אפי מיא ארום בתר עדן יומין סגיאין תמן תשכח אגרא לעלמא דאתי:
21,Ecclesiastes,11,2,Ecclesiastes 11:2,הב חולק טב מן זרעא לחקלך בתשרי ולא תתמנע מלמזרע אף בכסלו ארום לא תנדע מה יהי בישא עלוי ארעא אי חרפי נצחן אי אפילי:
21,Ecclesiastes,11,3,Ecclesiastes 11:3,אין מתמלין ענניא מטרא על ארעא מערן ית מייהון בגין זכותא דצדיקיא ואין לית זכו בדרא ההוא בימא ובמדברא נחתן דלא יתהנון מנהון בני אנשא ואי אתגזר מן שמיא למנפל מלכא ויעטוהי מן שררותהון מן קדם מימרא דשמיא הוי ואי סובעא וכפנא בדרומא או בציפונא אתר דאתגזר למתקיימא ההיא עיטא תמן משתלחא למהוי:
21,Ecclesiastes,11,4,Ecclesiastes 11:4,גבר דנטיר חרשין וקוסמין לא יעביד טב לעלם ודמסתכל במזליא לא מגבי אגר ארום חרשין מתילן לרוחא דלא מתפס בידוי דבר נש ומזליא מתילן לענני שמיא דאזלו ולא תיבין:
21,Ecclesiastes,11,5,Ecclesiastes 11:5,היכמא דליתך ידע איכדין יהליך רוח נשמתא דחיי בגוף עולימא שלילא דשרי במעינא דאמיה מעברא והיכמא דלא תנדע אי דכר או נוקבא עד זמן דאתיליד הכדין ליתך ידע ית עובדא דיי דעבד בחוכמתא ית כולא:
21,Ecclesiastes,11,6,Ecclesiastes 11:6,ביומי עולימתך תסב אתתא דתוליד בנין ולעדן סיבותך לא תשבוק אתת חולקך מלמילד בנין ארום לא אשתמודע לך אידין מנהון אתבחר למהוי טב הדין אידין או תרויהון כחדא טביין:
21,Ecclesiastes,11,7,Ecclesiastes 11:7,ובסים נהורא דאוריתא וטב לאנהרא עינין חשיכין למחזי יקר אפי שכינתא דעתיד לאנהרא אפי צדיקיא מן זיו שכינתא ולמהוי שופריהון כשמשא:
21,Ecclesiastes,11,8,Ecclesiastes 11:8,ארום אם יומין סגיאין חיי אנשא בכולהון חזי ליה למחדי ולמעסק באוריתא דיי יהי דכיר ית יומי חשוכא דמותא ולא ייחוב ארום סגיאין אנון יומיא דישכוב שכיבא בבית קבורתא דחמי ליה לקבלא דינא מן שמיא בחיוהי די רחים כל זמן דייתי עלוהי פורענותא על הבלותא די עבד:
21,Ecclesiastes,11,9,Ecclesiastes 11:9,חדי עולימא ביומי עולימתך ויהי לבך טב עלך ביומי רביותך ואיזיל בענותנותא עם אורחי לבך ותהי זהיר בחזיוני עינך ולא תסתכל בביש ואשתמודע לך ארום על כל אלין עתיד יי לאעלותך בדינא:
21,Ecclesiastes,11,10,Ecclesiastes 11:10,ותעדי רגיז מלבבך ולא תגרום ביש על בסרך ארום עולימות ויומי אוכמות שער הבלו:
21,Ecclesiastes,12,1,Ecclesiastes 12:1,ותהי דכיר ית בריך ליקרותיה ביומי רביותך עד דלא ייתון לותך יומי בישות וימטון עלך שנין דתימר לית לי בהון רעוא:
21,Ecclesiastes,12,2,Ecclesiastes 12:2,עד דלא ישתני זיו יקרא אפך דמתיל לשמשא ונהורא דעינך עד דלא יסתמון והדר ליסתך עד דלא יתקדרון ובבי עינך דמתילין לכוכביא עד דלא יתעממון ריסי עינך יהון זלגין דמעות כעננין בתר מטרא:
21,Ecclesiastes,12,3,Ecclesiastes 12:3,ביומא דיזועון ארכובתך ויתנקשון אדרעך ויתבטלון ככי פומך עד לא יכלין למלעס מיכלא ויתעממון עינך דמסתכלן בחרכי רישך:
21,Ecclesiastes,12,4,Ecclesiastes 12:4,ויהון ריגלך כבילן מלמפק בשוקא ויעדי מנך רעות מיכלא ותהי מתער משינתך על עיסק קל עופא כאלו על גנביא דאזלין בליליא ויתרפסון ספותך מלמימר שירתא:
21,Ecclesiastes,12,5,Ecclesiastes 12:5,אף מן עובדין דהוו מן קדמת דנא תהי דחיל למדכר יתהון וגבשושיתא קלילא מתילא באנפי נפשך לטור רם בעדן מהלכך באורחא ותפיץ ריש שזרתך מן כחישותא כשגדא ויתנפחון אסתוורי רגלך ותתמנע משכנא ארום אתפני אנשא למהך לבית קבורתיה ויסחרון מלאכיא תבעי דינך כספדיא דמסחרין בשוקא למכתב דין חושבנך:
21,Ecclesiastes,12,6,Ecclesiastes 12:6,עד די לא יתאלם לישנך מלמללא ותהי רעיעא מוקרא דרישך ותתבר מרירתך על כבדך וירהט גופך בגו קברך:
21,Ecclesiastes,12,7,Ecclesiastes 12:7,ויתוב בסרך דאתברי מן עפרא עלוי ארעא היכמא דהוה מלקדמין ורוח נשמתך תתוב למיקם בדינא קדם יי דיהבה לך:
21,Ecclesiastes,12,8,Ecclesiastes 12:8,כד אסתכל שלמה מלכא דישראל בהבלו דעלמא הדין ובהבלין דעבדין בני אנשא אמר קהלת במימריה כולא הבלו:
21,Ecclesiastes,12,9,Ecclesiastes 12:9,ויותר מן כל בני אנשא הוה שלמה די מתקרי קהלת חכים ותוב הוה מאליף מנדעא ית עמא בית ישראל ואצית לקל חכימיא ובלש בספרי חוכמתא וברוח נבואה מן קדם יי תקין ספרי חוכמתא ומתלין דסכלתנו סגיאין לחדא:
21,Ecclesiastes,12,10,Ecclesiastes 12:10,בעא שלמה מלכא דמתקרי קהלת בחוכמתיה למידן דינין על הרהורי לבא דאנשא ובלא סהדי בכן אתאמר ליה ברוח נבואה מן קדם יי הא כבר אכתיב בספר אוריתא על ידוהי דמשה רבהון דישראל תקנין פתגמין ומהימנין על מימר סהדיא יקום פתגם:
21,Ecclesiastes,12,11,Ecclesiastes 12:11,פתגמי חכימין מתילין לזקתין ולקלשונין דאציתין דאנצין לאלפא חוכמתא לסריקי מנדעא היכמא דמאליף זיקת לתורתא ורבני סנהדרין מרי הלכתין ומדרשין דאתיהיבו על ידוי דמשה נביא דרעא בלחודוהי ית עמא בית ישראל במדברא במנא ובריגוגין:
21,Ecclesiastes,12,12,Ecclesiastes 12:12,ויתיר מנהון בני הזהר למעבד ספרי חוכמתא סגי עד לית סוף ולמעסק בפתגמי אוריתא ולאסתכלא בליאות בשרא:
21,Ecclesiastes,12,13,Ecclesiastes 12:13,סוף פתגם דאתעביד בעלמא בצנעא כולא עתיד לאתפרסמא ולאשתמעא לכל בני אנשא בגין כן ית מימרא דיי הוי דחיל וית פקודוי הוי נטיר דלא למחב בסתרא ואין תחוב הוי זהיר למתב ארום כדין חזי למהוי אורח כל אינש:
21,Ecclesiastes,12,14,Ecclesiastes 12:14,ארום ית כל עובדא דיי ייעיל ליום דינא רבא ועתיד לפרסמא על פתגם דאתכסי מן בני אנשא אין טב ואין ביש:
22,Song of Songs,1,1,Song of Songs 1:1,שירין ותושבחן די אמר שלמה נביא מלכא דישראל ברוח נבואה קדם רבון כל עלמא יי. עסרתי שירתא אתאמרו בעלמא הדין שירא דין משובח מן כולהון. שירתא קמיתא אמר אדם בזמן דאשתביק ליה חובתיה ואתא יומא דשבתא ואגין עלוי פתח פומיה ואמר מזמור שיר ליומא דשבתא. שירתא תנייתא אמר משה עם בנוי דישראל בזמן דבזע להון מרי עלמא ית ימא דסוף פתחו כולהון כחדא ואמרו שירתא דהכדין כתיב בכן שבח משה ובני ישראל. שירתא תליתיתא אמרו בנוי דישראל בזמן דאתיהיבת להון בירא דמרים דהכדין כתיב בכן שבח ישראל. שירתא רביעיתא אמר משה נביא כד אתא זמניה למפטר מן עלמא ואוכח בה ית עמא בית ישראל דהכדין כתיב אציתו שמיא ואמליל. שירתא חמישיתא אמר יהושע בר נון כד אגח קרבא בגבעון וקמו ליה שמשא וסיהרא תלתין ושית שעין ופסקו מלמימר שירתא פתח פומיה איהו ואמר שירתא דהכדין כתיב בכן ישבח יהושע קדם יי. שירתא שתיתיתא אמר ברק ודבורה ביומא דמסר יי ית סיסרא וית משריתיה ביד בנוי דישראל דהכדין כתיב ושבחת דבורה וברק בר אבינועם. שירתא שביעיתא אמרת חנה בזמן דאתיהיב לה בר מן קדם יי דהכדין כתיב וצליאת חנה ברוח נבואה ואמרת. שירתא תמיניתא אמר דוד מלכא דישראל על כל נסיא דעבד ליה יי פתח פומיה ואמר שירתא דהכדין כתיב ושבח דוד בנבואה קדם יי. שירתא תשיעיתא אמר שלמה מלכא דישראל ברוח קודשא קדם רבון כל עלמא יי. ושירתא עשריתא עתידין למימר יתה בני גלותא בעדן דיפקון מן גלותא דהכדין כתיב ומפרש על ידוי דישעיה נביא דהכדין כתיב שירא הדין יהי לכון לחדוא כליל אתקדשות חגא דפסחא וחדות לבא כעמא דאזלין לאתחזאה קדם יי תלת זמנין בשתא במיני זמר וקל טבלא למיעל לטורא דיי ולמפלח קדם יי תקיפא דישראל:
22,Song of Songs,1,2,Song of Songs 1:2,אמר שלמה נביא בריך שמיה דיי דיהב לן אוריתא על ידוהי דמשה ספרא רבא כתיבא על תרין לוחי אבניא ושיתא סדרי משנה ותלמודא בגרסא והוה מתמלל עמן אפין באפין כגבר דנשיק לחבריה מן סגיאות חבתא דחביב לן יתיר משבעין עממיא:
22,Song of Songs,1,3,Song of Songs 1:3,לקל ניסך וגבורתך דעבדתא לעמך בית ישראל זעו כל עממיא דשמעו ית שימע גבורתך ואתותך טביא ושמך קדישא אשתמע בכל ארעא דהוא בחיר ממשח רבותא דהוה מתרבי על רישי מלכין וכהנין ובגין כן רחימו צדיקיא למהך בתר אורח טובך בדיל דיחסנון עלמא הדין ועלמא דאתי:
22,Song of Songs,1,4,Song of Songs 1:4,כד נפקו עמא בית ישראל ממצרים הות מדברא שכינת מרי עלמא קדמיהון בעמודא דעננא ביממא ובעמודא דאשתא בליליא אמרו צדיקי דרא ההוא רבון כל עלמא נגידנא בתרך ונהי רהטין בתר אורח טובך וקריב יתן בשפולי טורא דסיני והב לן ית אורייתך מן בית גנזך דרקיעא ונחדי ונבדח בעשרין ותרתין אתון דמכתבא בהון ונהי דכרין יתהון ונרחם ית אלהותך ונהי מתרחקין מבתר טעות עממיא וכל צדיקיא דעבדין דתקין קדמך יהון דחלין מנך ורחמין ית פקודך:
22,Song of Songs,1,5,Song of Songs 1:5,כד עבדו בית ישראל ית עגלא אתקדרו אפיהון כבנוי דכוש דשרין במשכני קדר וכד תבו בתיובתא ואשתביק להון סגא זיו יקר אפיהון כמלאכיא על דעבדו יריעתא למשכנא ושרת ביניהון שכינתא דיי ומשה רבהון סליק לרקיעא ויהב שלם ביניהון ובין מלכהון:
22,Song of Songs,1,6,Song of Songs 1:6,אמרת כנשתא דישראל כל קבל עממיא לא תבזון יתי על דאנא קדריתא מנכון על דעבדית כעובדיכון וסגידית לשמשא וסהרא דנביאי שקרא אנון גרמו לאסתקפא תקוף רוגזא דיי עלי ואלפוני למפלח לטעותכון ולהלכא בנמוסיכון ולמרי עלמא דהוא אלהי לא פלחית ולא אזלית בנמוסיה ולא נטרית ית פקודוי וית אוריתיה:
22,Song of Songs,1,7,Song of Songs 1:7,כד מטא זמניה דמשה נביא למפטר מן עלמא אמר קדם יי גלי קדמך דעמא הדין עתידין למחב ולהלכא בגלותא כען חוי קדמי איכדין יתפרנסון וישרון ביני עממיא דקשין גזירתהון כחמתא וכשרבי שמשא דטיהרא בתקופת תמוז ולמא דין יהון מטולטלין ביני עדרי בנוי דעשו וישמעאל דמשתפין לך טעותהון לחבריא:
22,Song of Songs,1,8,Song of Songs 1:8,אמר קודשא בריך הוא למשה נביא אבעיא להון למהוי בגלותא כנשתא דישראל דמתילא לריבא שפירתא ונפשי תהא רחים לה תהא מהלכא באורחיהון דצדיקיא ותהא מסדרא צלותא על פום ברזלהא ומדברי דרהא ותהא מאלפא לבנהא דמתילין לגדיי עזין למהך לבי כנשתא ולבי מדרשא ובההיא זכותא יהוין מתפרנסין בגלותא עד זמן דאשלח מלכא משיחא ויהי מדבר יתהון בניח על משכניהון הוא בית מקדשא דיבני להון דוד ושלמה רעיא דישראל:
22,Song of Songs,1,9,Song of Songs 1:9,כד נפקו ישראל ממצרים רדפו פרעה ומשריתיה בתריהון ברתיכין ובפרשין והות אורחא סגירא להון מארבע סטריהון מן ימינא ושמאלא הוו מדבריא דמלין חיוון קלן ועקרבין ומן בתריהון הוה פרעה רשיעא ומשריתיה ומן קדמיהון הוה ימא דסוף מה עבד קודשא בריך הוא אתגלי בכח גבורתיה על ימא ונגב ית מיא וית טינא לא נגב אמרו רשיעיא וערבלאין ונוכראין די ביניהון ית מוי דימא יכיל לנגבא וית טינא לא יכיל לנגבא בההיא שעתא תקף רוגזא דיי עליהון ובעא לשנקותהון במוי דימא היכמא דאשתנקו פרעה וחילותוהי רתיכוהי ופרשוהי וסוסותוי אלולי משה נביא דפרש ידוי בצלו קדם יי ואתיב רוגזא דיי מנהון ופתח איהו וצדיקי דרא ההוא ית פומהון ואמרו שירתא ועברו בגו ימא דסוף ביבשתא בגין זכותא דאברהם יצחק ויעקב רחימיא דיי:
22,Song of Songs,1,10,Song of Songs 1:10,כד נפקו למדברא אמר יי למשה כמה יאי עמא הדין לאתיהבא להון פתגמי אוריתא ויהון כזממין בליסתהון דלא יעדון מן אורחא טבא היכמא דלא עדי סוסיא דזממא בליסתיה וכמה יאי קדלהון לסוברא ניר פקודי ויהון עלויהון כנירא על קדל תורא דהוא חריש בחקלא ומפרניס יתיה וית מריה:
22,Song of Songs,1,11,Song of Songs 1:11,בכן אתאמר למשה סק לרקיעא ואתין לך ית תרין לוחי אבנין חציבין מספיר כורסי יקרי בהיקן כדהב טב מסודרן בשטין כתיבן באצבעי גליף בהון עשרתי דבריא זקיקין יתיר מן כספא דמזוקק שבע זמנין שבעא דסכום ענינין דמתפרשין בהון ארבעין ותשע אפין ואתננון על ידך לעמא בית ישראל:
22,Song of Songs,1,12,Song of Songs 1:12,ועד דהוה משה רבהון ברקיעא לקבלא ית תרין לוחי אבניא ואוריתא ותפקידתא קמו רשיעי דרא ההוא ועירברבין דביניהון ועבדו עגל דדהב ואסריאו עובדיהון ונפק להון שום ביש בעלמא דמקדמת דנא הוה ריחיהון נדיף בעלמא ובתר כן סריאו כנרדא דריחיה ביש לחדא ונחת מכתש סגירו על בסרהון:
22,Song of Songs,1,13,Song of Songs 1:13,בההיא זמנא אמר יי למשה איזיל חות ארום חבילו עמך פסק מני ואשיצנון בכן תב משה ובעא רחמין מן קדם יי ודכר יי להון עקידת יצחק דכפתיה אבוי בטור מוריה על מדבחא ותב יי מן רוגזיה ואשרי שכינתיה ביניהון כמלקדמין:
22,Song of Songs,1,14,Song of Songs 1:14,הא בכן נחת משה ותרין לוחי אבנין בידוי ובגין חובי ישראל אתיקרו ידוי ונפלו ואתברו בכן אזל משה ושף ית עגלא ובדר ית עפריה לנחלא ואשקי ית בני ישראל וקטל ית כל מן דאתחיב קטול וסלק זמנא תניתא לרקיעא וצלי קדם יי וכפר על בני ישראל בכן אתפקד למעבד משכנא וארונא בההוא זמנא אוחי משה ועבד ית משכנא וית כל מנוהי וית ארונא ושוי בארונא ית תרין לוחין אחרנין ומני ית בנוי דאהרון כהנא לקרבא קורבנא על מדבחא ולנסכא ית חמרא על קורבנא ומנין הוה להון חמרא לנסכא הלא אנון במדברא לא אתר כשר לבית דרע ואף לא תינין וגופנין ורמונין אלא הוו אזלין לכרמי עין גדי ונסבין מתמן אתכלין דענבין ועצרין מנהון חמרא ומנסכין יתיה על מדבחא רבעות הינא לאמרא חד:
22,Song of Songs,1,15,Song of Songs 1:15,כד עבדו בית ישראל רעותא דמלכהון הוא במימריה משבח יתהון בפמליא דמלאכיא קדישיא וכן אמר כמה יאון עובדיך ברתי חביבתי כנשתא דישראל בזמן דאת עבדא רעותי ועסקא בפתגמי אוריתי וכמה תקנן עובדיך ועניניך כגוזלין בני יונתא דמתכשרן לאתקרבא על מדבחא:
22,Song of Songs,1,16,Song of Songs 1:16,אתיבת כנשתא דישראל קדם רבון עלמא וכן אמרת כמה יאי שכינת קודשך בעדן די את שרי ביננא ומקביל ברעוא צלותנא ובעדן די את משרי בפורינא חבתא ובננא סגין על ארעא ואנחנא פישין וסגין כאילן דנציב על עינא דמיא די עפיה שפיר ואנביה סגי:
22,Song of Songs,1,17,Song of Songs 1:17,אמר שלמה נביא כמה יאי בית מקדשא דיי דאתבני על ידי מן קיסי גולמיש אבל יתיר יהי יאי בית מוקדשא דעתיד לאתבנאה ביומי מלכא משיחא דכשורוהי יהוין מן ארזין דגנתא דעדן ושירותוהי יהוין מן ברתי ושני ושורבני:
22,Song of Songs,2,1,Song of Songs 2:1,אמרת כנשתא דישראל בעדן דמשרי מרי עלמא שכינתיה ביני אנא מתילא לכרקום רטיב מגנתא דעדן ועובדי יאין כורדא דבמישר גנוניתא דעדן:
22,Song of Songs,2,2,Song of Songs 2:2,ובעדן דאנא סטיא מן אורחא דתקנא קדמוי ואיהו מסליק שכינת קודשיה מני אנא מתילא לורדא דמלבלבא ביני סלויא דנעיצן עפיהא ובזיען הכדין אנא נעיצא ובזיעא מגזירן בישן בגלותא ביני מלכי עממיא:
22,Song of Songs,2,3,Song of Songs 2:3,היכמא דיאי ומשובח אתרוגא ביני אילני סרק וכולי עלמא מודעין יתיה כן רבון כל עלמא הוה משבח ביני מלאכיא בעדן דאתגלי על טורא דסיני בזמן דיהב אוריתא לעמיה בההיא שעתא בטלל שכינתיה רגיגית למתב ופתגמי אוריתיה בסימן על מוריגי ושכר פקודוי נטירין לי לעלמא דאתי:
22,Song of Songs,2,4,Song of Songs 2:4,אמרת כנשתא דישראל אעיל יתי יי לבית מתיבת מדרשא דסיני למילף אוריתא מפום משה ספרא רבא וטיקס פקודוי קבילית עלי בחבתא ואמרית כל דפקיד יי אעביד ואשמע:
22,Song of Songs,2,5,Song of Songs 2:5,ובעידן די שמעית ית קליה די מתמלל מגו שלהובית אישתא זעית ורתעית בתרי מן רתיתא בכן קריבית לות משה ואהרן ואמרית להון קבילו אתון קל פתגמי דיי מגו אשתא ואעילו יתי לבי מדרשא וסעידו יתי בפתגמי אוריתא דעליהון אתבסם עלמא והבו רדידין על צוארי מפשר מליא קדישיא דמתיקן על מוריגי כתפוחי גנתא דעדן ואיהי עסקא בהון מאים אתסי בהון ארום מרעת חבתא בהון אנא:
22,Song of Songs,2,6,Song of Songs 2:6,כד הוו עמא בית ישראל אזלין במדברא הוו ענני יקרא מסחרן להון ארבעה מארבע רוחי עלמא בגין דלא ישלוט בהון עינא בישא וחד מן עלויהון בגין דלא ישלוט בהון שרבא ושמשא ואף לא מטרא וברדא וחד מלרע להון די הוה מסובר יתהון היכמא דמסובר תורבינא ית ינקא בעטפיה וחד הוה רהיט קדמיהון מהלך תלתא יומין למככא טוריא ולמדלי מישריא וקטל כל חיון קלן ועקרבין די במדברא והוה מאליל להון אתר כשר למבת בגין דהוו עסקין באולפן אוריתא דאתיהיבת להון ביד ימינא דיי:
22,Song of Songs,2,7,Song of Songs 2:7,בתר כן אתאמר למשה בנבואה מן קדם יי למשלח אזגדין לאללא ית ארעא וכד תבו מלאללא אפיקו שום ביש על ארעא דישראל ואתעכבו ארבעין שנין במדברא פתח משה בפומיה וכן אמר אשבעית יתכון כנשתא דישראל ביי צבאות ובתקיפי ארעא דישראל דלא תזידון למסק לארעא דכנען עד דיהי רעוא מן קדם יי ויסופון כל דרא אנשי קרבא לממת מגו משריתא היכמא דזדו אחיכון בני אפרים דנפקו תלתין שנין ממצרים עד לא מטא קצא ונפלו ביד פלשתאי דיתבין בגת וקטלו יתהון אלהן אוריכו עד זמן ארבעין שנין ובתר כן יעלון בניכון ויחסנון יתה:
22,Song of Songs,2,8,Song of Songs 2:8,אמר שלמה מלכא בעדן דהוו יתבין עמא בית ישראל במצרים סליקת קבילתהון לשמי מרומא הא בכן אתגלי יקרא דיי למשה על טורא דחורב ושדר יתיה למצרים למפרק יתהון ולאפקא יתהון מגו דחוק מרות מצראי וטפן על קצא בגין זכותא דאבהתהון דמתילין לטוריא ושור על זמן שעבודא מאה ותשעין שנין על צדקתא דאמהתן דמתילן לגלמתא:
22,Song of Songs,2,9,Song of Songs 2:9,אמרת כנשתא דישראל בזמן דאתגלי יקרא דיי במצרים בליליא דפסחא וקטל כל בוכרא רכב על חזיזא קלילא ורהט כטביא וכאורזילא דאילא ואגין על בתיא די אנן תמן ואתעתד בתר אשותנא ואשגח מן כותא ואסתכל מן חרכיא וחזא דמא דנכסא דפסחא ודמא דגזירת מהולתא דחקיק על תרענא וחש מן שמי מרומא וחמא לעמיה דאכלין ית נכסת חגא דפסחא טוי נור על תמכא ועולשין ופטיר וחס עלן ולא יהב רשותא למלאך מחביל לחבלא בן:
22,Song of Songs,2,10,Song of Songs 2:10,ובעדן צפרא אתיב רחימי ואמר לי קומי לך כנשתא דישראל רחימתי די מלקדמין ושפירת עובדין איזילי נפקי מן שעבוד מצראי:
22,Song of Songs,2,11,Song of Songs 2:11,ארום הא זמן שעבודא דדמי לסתוא פסק ושניא דאמרית לאברהם ביני פלגיא אתקטעו ומרות מצראי דמתיל למטרא טרידא חלף ואזל ולא תיספון למחזיהון עוד עד עלמא:
22,Song of Songs,2,12,Song of Songs 2:12,ומשה ואהרן דמתילין ללולבי דתמר אתחזו למעבד נסין בארעא דמצרים ועדן קטוף בוכריא מטא וקל רוחא דקודשא דפורקנא דאמרית לאברהם אבוכון כבר שמעתון מה דאמרית ליה ואף ית עמא די ישתעבדון בהון דאין אנא ובתר כן יפקון בקנינא סגי וכען צביתי למעבד מא דקימית ליה במימרי:
22,Song of Songs,2,13,Song of Songs 2:13,כנשתא דישראל דמתילא לבכורי תינין פתחת פומה ואמרת שירתא על ימא דסוף ואף עולימיא וינקיא שבחו למרי עלמא בלישנהון מן יד אמר להון מרי עלמא קומי לך כנשתא דישראל רחימתי ושפירתי איזילי מכא לארעא דקימית לאבהתיך:
22,Song of Songs,2,14,Song of Songs 2:14,וכד רדף פרעה רשיעא בתר עמא דישראל הות מתילא כנשתא דישראל ליונתא דסגירא בחגוי טנרא וחויא מעיק לה מגיו ונצא מעיק לה מברא הכדין הות כנשתא דישראל סגירא מארבע סטרי עלמא דמן קדמיהון ימא ומן בתריהון רדיף סנאה ומן תרין סטריהון מדבריא דמלין חיון קלן דנכתין וקטלין באריסיהון ית בני נשא ומן יד פתחת פומה בצלו קדם יי ונפקת ברת קלא מן שמי מרומא וכן אמרת אנת כנשתא דישראל דמתילא ליונתא דכיתא ומטמרא בסגור חגוי טנרא ובחביוני דרגיתא אחזיני ית חזויך וית עובדיך דתקנן אשמעיני ית קליך ארום קליך עריב בצלותא בבית מקדש זעיר וחזויך שפיר בעובדין טבין:
22,Song of Songs,2,15,Song of Songs 2:15,בתר דעברו ית ימא אתרעמו על מיא ואתא עליהון עמלק רשיעא דנטר להון דבבו על עיסק בכירותא וברכתא דשקל יעקב אבונא מן עשו ואתא לאגחא קרבא בישראל על דבטילו פתגמי אוריתא והוה עמלק רשיעא גניב מתחות גדפי ענני יקרא נפשתא משבטוי דדן ומקטיל יתהון על דהוה בידיהון פסליה דמיכה בההיא שעתא אתחיבו בית ישראל דמתילין לכרמא לאתחבלא אלולי צדיקי דרא ההוא דמתילין לבוסם טב:
22,Song of Songs,2,16,Song of Songs 2:16,בההיא שעתא הדרו בתיובתא בכן אתעתד משה נביא וצלי קדם יי ויהושע משמשניה אזדרז ונפק מתחות גדפי ענני יקרא דיי ועמיה גוברין צדיקין דדמין בעובדיהון לורדא ואגיחו קרבא בעמלק ותברו ית עמלק וית עמיה בשמתא דיי וקטלא ותבירא בפתגם דחרב:
22,Song of Songs,2,17,Song of Songs 2:17,ובזעירות יומיא עבדו בני ישראל ית עגלא דדהבא ואסתלקו ענני יקרא די מטללין עלויהון ואשתארו מפורסמין ואתרוקנו ית תקון זיניהון דחקיק ביה שמא רבא מפרש בשבעין שמהן ובעא יי להובדא יתהון מן עלמא אלולי דאדכר קדמוי קים דקים במימריה לאברהם ליצחק וליעקב דהוו קלילין בפולחניה כטביא וכאורזילא דאילא ותקרובתא דקריב אברהם ית יצחק בריה בטור מוריה ומן קדמת דנא קריב תמן ית קורבניה ופליג יתהון בשוי:
22,Song of Songs,3,1,Song of Songs 3:1,וכד חזו עמא בית ישראל דאסתלקו ענני יקרא מעלויהון וכלילא דקודשא דאתיהיב להון בסיני אתנטיל מנהון ואשתארו חשיכין כליליא ובעו ית כלילא דקודשא דאסתלק מנהון ולא אשכחוהי:
22,Song of Songs,3,2,Song of Songs 3:2,אמרין בני ישראל אלין לאלין נקום וניזיל ונסחר למשכן זמנא דפרסיה משה מברא למשריתא ונתבע אולפן מן קדם יי ושכינת קודשיה דאסתלקת מננא וחזרו בקרוין ובפלטיא ובפתון ולא אשכחו:
22,Song of Songs,3,3,Song of Songs 3:3,אמרת כנשתא דישראל אשכחו יתי משה ואהרן וליואי נטרי מטרת מימרא דמשכן זמנא די מסחרן יתיה חזור חזור ושאלית להון על עיסק שכינת יקרא דיי דאסתלקת מני אתיב משה ספרא רבא דישראל וכן אמר אסק לשמי מרומא ואצלי קדם יי מאם יכפר על חוביכון וישרי שכינתיה ביניכון כמלקדמין:
22,Song of Songs,3,4,Song of Songs 3:4,כזעיר צבחר הוה ותב יי מתקוף רוגזיה ופקיד למשה נביא למעבד משכן זמנא וארונא ואשרי שכינתיה בגויה ועמא בית ישראל הוו מקרבין קורבניהון ועסקין בפתגמי אוריתא באדרון בית מדרשא דמשה רבהון ובקיטונא דיהושע בר נון משמשניה:
22,Song of Songs,3,5,Song of Songs 3:5,כד שמעו שבעא אומיא דבני ישראל עתידין למחסן ית ארעהון קמו כחדא וקציצו ית אילניא וסתימו ית מבועי מיא וצדיאו ית קרויהון וערקו אמר קודשא בריך הוא למשה נביא אנא קימית לאבהתהון דאלין לאעלא ית בניהון לאחסנא ארע עבדא חלב ודבש ואיכדין אנא מעיל ית בניהון לארע צדיא וריקניא כען אנא מעכיב יתהון ארבעין שנין במדברא ותהי אוריתי מתערבא בגופיהון ומבתר כן אנון עממין רשיעין יבנון מה דצדיאו בכן אמר משה לבני ישראל אשבעית לכון כנשתא דישראל ביי צבאות ובתקיפי ארעא דישראל דלא תזידון למסק לארע כנענאי עד משלם ארבעין שנין ויהי רעוא מן קדם יי לממסר יתבי ארעא בידיכון ותעברון ית ירדנא ותהי ארעא כבישא קדמיכון:
22,Song of Songs,3,6,Song of Songs 3:6,כד סליקו ישראל מן מדברא ועברו ית ירדנא עם יהושע בר נון אמרו עממי ארעא מה היא דא אומא בחרתא דסלקא מן מדברא ומתגמרא מן קטרת בוסמין וסעידא בזכותיה דאברהם דפלח וצלי קדם יי בטור מוריה ומתמרקא משח רבותא בצדקתיה דיצחק דאתעקד באתר בית מקדשא דמתקרי טור דלבונתא ומתעבדין לה נסין בחסידותיה דיעקב דאשתדל עמיה מלאכא עד מסק קריצתא ואתגבר מניה ואשתיזב הוא ותרי עסר שבטוי:
22,Song of Songs,3,7,Song of Songs 3:7,כד בנא שלמה מלכא דישראל ית בית מקדשא דיי בירושלם אמר יי במימריה כמה יאי בית מוקדשא הדין דאתבני לי על ידוי דמלכא שלמה בר דוד וכמה יאין כהניא בעדן דפרסין ידיהון וקימין על דוכניהון ומברכין לעמא בית ישראל בשתין אתין דמסירין למשה רבהון וההיא ברכתא מסחרא להון כשור רם ותקיף ובה מתגברין ומצלחין כל גברי ישראל:
22,Song of Songs,3,8,Song of Songs 3:8,וכהניא וליואי וכל שבטיא דישראל כולהון אחידין בפתגמי אוריתא דמתילין לחרבא ושקלן וטרן בהון כגברין מאלפי קרבא וכל חד וחד מנהון חתימת מילה על בסריה היכמא דאתחתימת בבסריה דאברהם ומתגברין בה כגבר דחרבא חגירא על ירכיה ובגין כן לא דחלין מן מזיקיא וטלני דאזלין בליליא:
22,Song of Songs,3,9,Song of Songs 3:9,היכל קודשא בנא ליה שלמה מלכא מן אילני זנגבילא ושאני ושורבני דאתי מן לבנון וחפא יתיה דהב דכי:
22,Song of Songs,3,10,Song of Songs 3:10,ובתר דאשלים יתיה שוי בגויה ית ארונא דסהדותא דהוא עמודא דעלמא ובגויה תרין לוחי אבניא דאצנע תמן משה בחורב דיקירין מן כסף מזוקק ושפירין מן דהב טב ופרש וטליל מן עלויה ית פרוכתא דתכלא וארגונא וביני כרוביא די עלוי כפורתא הות שריא שכינתא דיי דשכין שמיה בירושלם מן כל כרכי ארעא דישראל:
22,Song of Songs,3,11,Song of Songs 3:11,כד אתא שלמה מלכא למעבד ית חנכת בית מקדשא כרוזא נפק בחיל וכן אמר פוקו וחזו יתבי פלכיא דארעא דישראל ועמא דציון בתגא ובכלילא דכלילו עמא בית ישראל ית מלכא שלמה ביום חנכת בית מקדשא וחדו בחדות חגא דמטללתא דעבד שלמה מלכא בעדנא ההוא ית חגא דמטללתא ארבעת עסר יומין:
22,Song of Songs,4,1,Song of Songs 4:1,ובההוא יומא קריב מלכא שלמה אלף עלון על מדבחא ואתקבל ברעוא קורבניה קדם יי נפקת ברת קלא מן שמיא וכן אמרת כמה יאיא אנת כנשתא דישראל וכמה יאין אנון רברבי כנשתא וחכימיא יתבי סנהדרין דאנון מנהרין לעלמא לעמא בית ישראל ודמין לגוזלין בני יונתא ואפילו שאר בני כנשתך ועמא דארעא אנון צדיקין כבנוי דיעקב דלקטו אבנין ועבדו גלשושיתא בטורא דגלעד:
22,Song of Songs,4,2,Song of Songs 4:2,כמה יאין כהניא וליואי דמקרבין ית קורבניך ואכלין בסר קודשא ומעשרא ואפרשותא ודכין מכל אונסא וגזילא היכמא דהוו דכין עדרי ענא דיעקב בעדן דהוו גזיזין וסלקן מן נחלא דיובקא דלא הות בהון אניסותא וגזילא וכולהון דמין דא לדא וילדן תיומין בכל עדן ועקרא ומתכלא לא הות בהון:
22,Song of Songs,4,3,Song of Songs 4:3,ושפתוי דכהנא רבא הוו בעין צלותא ביומא דכפורי קדם יי ומלוי הוו מהפכין חוביהון דישראל דדמין לחוט זהוריתא ומחורן יתהון כעמר נקי ומלכא דהוא רישהון מלי פקודיא כרמונא בר מן אמרכליא וארכונין דאנון קריבין למלכא דאנון צדיקין ולית בהון מדעם ביש:
22,Song of Songs,4,4,Song of Songs 4:4,וריש מתיבתא דהוא רב די ליך חסין בזכותא ורב בעובדין טבין כדוד מלכא דישראל ועל מימר פומיה הוה מתבני עלמא ובאולפן אוריתא דהוה עסיק רחיצין עמא בית ישראל ומנצחין בקרבא כאלו אחדין בידיהון כל מני זינין דגברין:
22,Song of Songs,4,5,Song of Songs 4:5,תרין פריקיך דעתידין למפרקיך משיח בר דוד ומשיח בר אפרים דמין למשה ואהרן בני יוכבד דאמתילו לתרין אורזלין תיומי טביא והוו רען לעמא בית ישראל בזכותהון ארבעין שנין במדברא במנא ובעופין פטימין ומי בירא דמרים:
22,Song of Songs,4,6,Song of Songs 4:6,וכל זמן דהוו בית ישראל אחדין בידיהון אומנות אבהתהון צדיקיא הוו ערקין מזיקי וטלני וצפרירי וטיהרי מביניהון על דהות שכינת יקרא דיי שריא בבית מקדשא דהוה מתבני בטור מוריה וכל מזיקיא ומחבליא הוו ערקין מריח קטורת בוסמין:
22,Song of Songs,4,7,Song of Songs 4:7,ובזמן דעמא בית ישראל עבדין רעותיה דמרי עלמא הוא מקליס יתהון בשמי מרומא וכן אמר כליך שפירתא כנשתא דישראל ומחתא לית ביך:
22,Song of Songs,4,8,Song of Songs 4:8,אמר יי במימריה עמי תהי יתבא כנשתא דישראל דדמיא לננפי דהיא צניעא ועמי תיעלין לבית מקדשא ויהון מקרבין ליך דורון רישי עמא דיתבין על נהר אמנה ודירי דיתבין בריש טור תלגא ואומיא דבחרמון מסקין ליך מסין יתבי כרכין תקיפין דאנון גיברין כאריון תקרובתא מן קרוי טוריא דחסינין מן נמרין:
22,Song of Songs,4,9,Song of Songs 4:9,קביע על לוח לבי רחימתיך אחתי כנשתא דישראל דמתילא לננפי דהיא צניעא קביע על לוח לבי חבת זוטר רבניך דהוא צדיקא כחד מן רבני סנהדרין וכחד מן מלכיא דבית יהודה דהות יהיבא כלילא דמלכותא על צוריה:
22,Song of Songs,4,10,Song of Songs 4:10,כמה שפירן עלי חבתיך אחתי כנשתא דישראל דמתילא לננפי דהיא צניעא כמה טבן עלי חבתיך יתיר משבעין אומיא ושום טב דצדיקיך נדיף מכל בוסמנין:
22,Song of Songs,4,11,Song of Songs 4:11,ובעדן דמצלן כהניא בעזרתא דקודשא זלחן ספותהון יערת דובשא ולישנך ננפי צניעא במללותך שירין ותושבחן מתיקין כחלב ודבש וריח לבושי כהניך כריח אולבנין:
22,Song of Songs,4,12,Song of Songs 4:12,ונשיך דמתנסבן לגוברין צניען כננפי צניעא וכגנתא דעדן דלית רשו לגבר למיעל לגוה אלהין צדיקיא דנפשתהון משתלחין לגוה על יד מלאכיא ובתולותיך טמירן וגניזן באנפלין וחתימן בכן כמבוע דמין חין דנפיק מתחות אילנא ומתפרש לארבעה רישי נהרין ואלמלא דהוא חתים בשמא רבא וקדישא הוה נפיק ומבע ושטיף כל עלמא:
22,Song of Songs,4,13,Song of Songs 4:13,ועולימיך מלין פקודין הכרימונין ורחמין לנשיהון וילדן בנין צדיקין כותהון וריחיהון מתיל הכי כבוסמנין טבין דגנתא דעדן כפורין עם רשקין:
22,Song of Songs,4,14,Song of Songs 4:14,רשק ומוריקא וקני בוסמא וקנמון עם כל קיסי לבונתא מירא דכיא ואקסיל אלואן תן אלואוז עם כל מיני בוסמנין:
22,Song of Songs,4,15,Song of Songs 4:15,ומיא דשילוח מדברין בניח עם מותר מין דנגדין מן לבנון לאשקאה ית ארעא דישראל בגין דאנון עסקין בפתגמי אוריתא דמתילין לבירא דמין חין ובזכותא דנסוך מיא דמנסכין על מדבחא בבית מקדשא דמתבני בירושלם דמתקרי לבנון:
22,Song of Songs,4,16,Song of Songs 4:16,ועל סטר ציפונא הוה פתורא ועלוהי תרי עסר לחמין דאפין ועל סטר דרומא הות בוצינא לאנהרא ועל מדבחא הוו כהניא מסקין קטורת בוסמין כנשתא דישראל אמרת ייעול אלהי רחימי לבית מקדשא ויקבל ברעוא קורבנהון דעמיה:
22,Song of Songs,5,1,Song of Songs 5:1,אמר קודשא בריך הוא לעמיה בית ישראל עלית לבית מקדשי דבנית לי אחתי כנשתא דישראל דמתילא לננפי דהיא צניעא אשריתי שכינתי ביניך וקבילית ברעוא ית קטורת בוסמיך דעבדת לשמי שלחית אישתא מן שמיא ואכלת ית עלון וית נכסת קודשין אתקבל ברעוא קדמי נסוך חמר סומק וחמר חור דנסיכו כהניא על מדבחי כען איתו כהניא רחמי פקודי אכולו מא דמשתאר מן קורבניא ואתפנקו מן טובא דאתעתד לכון:
22,Song of Songs,5,2,Song of Songs 5:2,בתר כל פתגמיא האלין חבו עמא בית ישראל ומסר יי יתהון ביד נבוכדנצר מלכא דבבל ואוביל יתהון בגלותא והוו דמין בגלותא כגבר דמיך דלא יכיל לאתערא משינתיה וקל רוחא דקודשא מזהרא להון על יד נבייא והות עירא יתהון מדמוך לבהון עני רבון כל עלמא וכן אמר הדרי בתיובתא פתחי פומיך ובועי ושבחי לי אחתי רחימתי כנשתא דישראל דמתילא ליונתא בשלימות עובדיך ארום שער רישי אתמלי מן דמעתיך כגבר דשער רישיה מצטבע מטלא דשמיא וציצית נזרי אתמלי מן טפי עיניך כגבר דציצית נזרוהי מלין מטפי מטרא דנחתין בליליא:
22,Song of Songs,5,3,Song of Songs 5:3,ענת כנשתא דישראל כל קבל נבייא הא כבר אעדיתי מני ניר פקודוי ופלחית לטעות עממיא ואיכדין יהוין לי אפין למהדר לותיה אתיב להון מרי עלמא על יד נבייא ואף אנא הא כבר סליקית שכינתי מביניך ואיכדין אהדר ואת עבדת עובדין בישין ואנא קדישית ית רגלי מסאובתיך ואיכדין אטניפנון ביני עממיא בעובדיך בישיא:
22,Song of Songs,5,4,Song of Songs 5:4,כד אתגלי קדם יי דעמא בית ישראל לא צבן למחרט ולמתב לותיה אושיט מחת גבורתיה על שבטא דראובן וגד ופלגות שבטא דמנשה דמעברא לירדנא ומסר יתהון ביד סנחריב מלכא דאתור ואגלי יתהון ללחלח ולחבור נהרי גוזן וקרוי מדי ודבר מידהון עגל מתכא דשוי ירבעם חיבא בלשם דן דמתקריא פמיאס ביומי פקח בר רמליהו וכד שמעת אנא רחמי אתגוללו עליהון:
22,Song of Songs,5,5,Song of Songs 5:5,וכד תקיפת עלי מחת גבורתא דיי תהית על עובדי וכהניא קריבו קורבנא ואסיקו קטורת בוסמין ולא אתקבל ברעוא ארום מרי עלמא אחד דשי תיובתא באנפי:
22,Song of Songs,5,6,Song of Songs 5:6,אמרת כנשתא דישראל צביתי למתבע אולפן מן קדם יי ואיהו סליק שכינתיה מביני ונפשי תאיבא לקל מלוי תבעית שכינת יקריה ולא אשכחית צליתי קדמוהי ואיהו טליל שמיא בענני ולא קביל צלותי:
22,Song of Songs,5,7,Song of Songs 5:7,אדביקו לי כשדאי דנטרין אורחתא ומעיקין חזור חזור על קרתא דירושלם מני קטלו בחרבא ומני אובילו בשביא נטלו תגא דמלכותא מעל צוריה דצדקיהו מלכא דיהודה ואובילו יתיה לרבלה וסמיאו ית עינוהי עמא דבבל דמעיקין על קרתא ונטרין ית שוריא:
22,Song of Songs,5,8,Song of Songs 5:8,אמרת כנשתא דישראל אשבעית לכון נבייא בגזירת מימרא דיי מאם יתגלי עליכון רחימי חויאו קדמוהי דמרעיתא מן חבת רחמוהי אנא:
22,Song of Songs,5,9,Song of Songs 5:9,ענו נבייא ואמרו לבית ישראל אידין אלהא אנת בעיא למפלח כנשתא דישראל שפירתא מכל עממיא לאידין אנת צביא למדחל דהכדין קימת עלנא:
22,Song of Songs,5,10,Song of Songs 5:10,בכן שריאת כנשתא דישראל למשתעי בשבחא דמרי עלמא וכן אמרת לההוא אלהא רעותי למפלח דעטיף ביממא באצטלא חור כתלגא ועסיק בעשרין וארבעה ספרין דאוריתא ופתגמי נבואה וכתיבי ובליליא הוא עסיק בשתא סדרי משנה וזיו יקרא דאנפוהי זהרין כנורא מסגיאות חכמתא וסברא דהוא מחדית שמועין חדתין בכל יומא ועתיד לפרסומנון לעמיה ביומא רבא וטקסיה על רבוא רבון מלאכין דמשמשין קדמוי:
22,Song of Songs,5,11,Song of Songs 5:11,אוריתיה דהיא רגיגא מדהב טב ופירוש מליא דבהון דגורין דגורין טעמין ופקודין למן דנטרין להון חורין כתלגא ודלא נטרין יתהון אוכמין כאגפי עורבא:
22,Song of Songs,5,12,Song of Songs 5:12,עינוהי מסתכלן תדירא על ירושלם לאוטבא לה ולברכא לה מרישה דשתא ועד סופה דשתא כיונין דקימין ומסתכלין על מפקנות מיא בגין זכותא דיתבי סנהדרין דעסקין באוריתא ומנהרין ית דינא למהוי שעיע כחלב ויתבין בבית מדרשא ומתינין בדינא עד דגמרין לזכאה ולחיבא:
22,Song of Songs,5,13,Song of Songs 5:13,תרין לוחי אבנין דיהב לעמיה כתיבן בעשר שטין דמין לשטי גנת בוסמא מרבין דקדוקין וטעמין היכמא דגנתא מרביא בוסמין ושפותי חכימוי דעסקין באוריתא זלחין טעמין בכל סטר ומימר פומהון כמירא בחירא:
22,Song of Songs,5,14,Song of Songs 5:14,תרי עסר שבטין דיעקב עבדיה גלילן על ציץ כלילא דדהבא דקודשא גליפן על תרי עסר מרגליתא עם תלתא אבהת עלמא אברהם יצחק ויעקב ראובן גליף על אחמר שמעון גליף על עקיק לוי גליף על ברקן ועפרן יהודה גליף על כוחלי יששכר גליף על אזמורד זבולון גליף על גיהר דן גליף על בורלא נפתלי גליף על אספור גד גליף על טבאג אשר גליף על פרוזיג יוסף גליף על מריבג בנימין גליף על אפנטור דמין לתרי עסר מזליא נהירין כעששית צחיחין בעובדיהון כשן דפיל ובהיקין כשבזיזין:
22,Song of Songs,5,15,Song of Songs 5:15,וצדיקיא אנון עמודי עלמא בסיסן על סמכין דדהב טב אנון פתגמי אוריתא דעסקין בהון ומוכחין ית עמא בית ישראל למעבד רעותיה ואיהו מתמלי רחמין עליהון כסבא ומחור חוביהון דבית ישראל כתלג ומתעתד למעבד נצחן קרבא בעממיא דעברין על מימריה כעולם גבר וחסין כגולמישין:
22,Song of Songs,5,16,Song of Songs 5:16,מלי מוריגוי מתיקן כדובשא וכל פקודוי רגיגן על חכימוי מדהב וכסף דין הוא תושבחתיה דאלהי רחימי ודין הוא תקוף חוסניה דמרי חביבי נבייא דמתנבאין בירושלם:
22,Song of Songs,6,1,Song of Songs 6:1,אתיבו נבייא כד שמעו תושבחתא דיי מפום כנשתא דישראל וכן אמרו על אידין חובא אסתלקת מביניך שכינתא דיי את דשפירן עובדיך מכל אומיא ולאן אתר אתפני רחימיך באסתלקותיה ממקדשיך אמרת כנשתא דישראל על חובין ומרודין ואשתדור די אשתכחו בי אמרין נבייא כען הדרי בתיובתא ונקום אנת ואנן ונצלי קדמוהי ונבעי רחמין עמיך:
22,Song of Songs,6,2,Song of Songs 6:2,ומרי עלמא קביל צלותהון ברעוא ונחת לבבל לסנהדרין דחכימיא ויהב רוחא לעמיה ואסקנון מגלותהון על יד כורש ועזרא ונחמיה וזרובבל בר שאלתיאל וסבי יהודאי ובנו ית בית מקדשא ומניאו כהניא על קורבניא וליואי על מטרת מימרא דקודשא ושלח אשתא מן שמיא וקביל ברעוא ית קורבנא וית קטורת בוסמין וכגבר דמפרניס ית בריה רחימיה בתפנוקין כן פניקנון וכגבר דמגביב ורדין מן מישרא כן כנישנון מן בבל:
22,Song of Songs,6,3,Song of Songs 6:3,ובההוא יומא אנא אפלח למרי עלמא רחימי ורחימי אשרי שכינת קודשיה ביני וזן יתי בתפנוקין:
22,Song of Songs,6,4,Song of Songs 6:4,אמר יי במימריה כמה יאיא את חביבתי בזמן דצבותיך למעבד רעותי שפיר בית מקדשא דבנית לי כמקדש קדמי דבנא לי שלמה מלכא בירושלם ואימתיך על כל עממיא כיומא דהליכו ארבעת טקסיך במדברא:
22,Song of Songs,6,5,Song of Songs 6:5,אסחרי רבניך חכימי כנשתא רבתא חזור חזור לקבלי דאנון אמלכוני בגלותא וקבעי מדרשא לאולפן אוריתי ושאר זעטוטיך ועמא דארעא אצדיקו במימר פומהון כבנוי דיעקב דלקטו אבנין ועבדו גלשושיתא בטורא דגלעד:
22,Song of Songs,6,6,Song of Songs 6:6,וכהניא וליואי אכלי קורבניך ומעשר קודשא ואפרשותא דכין מכל אונסא וגזילא היכמא דהוו דכין עדרי ענא דיעקב בזמן דסלקן מן נחלא דיובקא דלא הות בהון אניסא וגזילא וכולהון דמין דא לדא וילדן תיומין בכל עדן ומתכלא ועקרא לא הות בהון:
22,Song of Songs,6,7,Song of Songs 6:7,ומלכות בית חשמונאי כולהון מלין פקודיא כרמונא בר מן מתתיה כהנא רבא ובנוהי דאנון צדיקין מכולהון ומקימין פקודיא ופתגמי אוריתא בצחותא:
22,Song of Songs,6,8,Song of Songs 6:8,באדין קמו יונאי וכנשו שתין מלכין מבנוי דעשו מלובשין שריונין רכבין על סוסון ופרשין ותמנין דוכסין מבנוי דישמעאל רכבין על פיליא בר מן שאר עממיא ולישניא דלית להון מנין ומניאו אנטיוכס מלכא עליהון לרישא ואתו לאגחא קרבא בירושלם:
22,Song of Songs,6,9,Song of Songs 6:9,ובעדנא ההוא הות כנשתא דישראל דמתילא ליונתא שלימתא פלחא בלב חד למרהא ואחדא לאוריתא ועסקא בפתגמי אוריתא בלב שלים וברירן זכותהא כיומא דנפקת ממצרים הא בכן נפקו בני חשמונאי ומתתיה וכל עמא דישראל ואגיחו בהון קרבא ומסר יי יתהון בידהון וכד חזו יתבי פלכיא אשרו יתהון ומלכות ארעא ושלטוניא וקליסו להון:
22,Song of Songs,6,10,Song of Songs 6:10,אמרו אומיא כמה זיותנין עובדי עמא הדין כקריצתא שפירן עולימהא כסיהרא וברירן זכותהא כשמשא ואימתהא על כל יתבי ארעא כזמן דהליכו ארבעת טקסהא במדברא:
22,Song of Songs,6,11,Song of Songs 6:11,אמר מרי עלמא לבית מקדש תנין דאתבני על ידוהי דכורש אשריתי שכינתי למחמי עובדין טבין דעמי ולמחמי אלולי פשן וסגן חכימיא דמתילין לגופנא ולבלוביהון מלין עובדין טבין הכרמונין:
22,Song of Songs,6,12,Song of Songs 6:12,וכדו אתגלי קדם יי דאנון צדיקין ועסקין באוריתא אמר יי במימריה לא אוסף למבכנון ואף לא אעביד עמהון גמירא אלהין אמליך בנפשי לאוטבותהון ולשואה יתהון גיותנין ברתכי מלכין בגין זכותא דצדיקי דרא דדמין בעובדיהון לאברהם אבוהון:
22,Song of Songs,7,1,Song of Songs 7:1,תובי לותי כנשתא דישראל תובי לירושלם תובי לבית אולפן אוריתא תובי לקבלא נבואה מן נבייא דמתנבאין בשום מימרא דיי ומה טיבכון נביאי שקרא למטעי עמא דירושלם בנבואתכון דאתון ממללין סטיא על מימרא דיי ולאחלא משרית ישראל ויהודה:
22,Song of Songs,7,2,Song of Songs 7:2,אמר שלמה ברוח נבואה מן קדם יי כמה שפירן רגליהון דישראל כד סלקן לאתחזאה קדם יי תלת זמנין בשתא בסנדלין דססגונא ומקרבין ית נדריהון וית נדבתהון ובניהון נפקי ירכיהון יאין כיוחרין דקביען על כלילא דקודשא דעבד בצלאל אומנא לאהרן כהנא:
22,Song of Songs,7,3,Song of Songs 7:3,וריש מתיבתך די בזכותיה מתפרנסין כל עלמא היכמא דעוברא מתפרניס מן פרתיה במעיא דאמיה בהיק באוריתא כאוגנא דסיהרא במיתיה לדכאה ולסאבא לזכאה ולחיבא ולא חסרין פתגמי אוריתא תדירא מפומיה היכמא דלא חסרין מוי דנהרא רבא דנפיק מעדן ושבעין חכימין מסחרין יתיה כאדר סגלגל ואוצריהון מלין מן מעשר קודשא ונדרא ונדבתא דסייגו להון עזרא כהנא וזרובבל וישוע ונחמיה ומרדכי בלשן אנשי כנשתא רבתא דמתילין לורדין בגין דיהי להון חילא למעסק באוריתא יימם ולילי:
22,Song of Songs,7,4,Song of Songs 7:4,תרין פריקיך דעתידין למפרקיך משיח בר דוד ומשיח בר אפרים דמין למשה ואהרן בני יוכבד דמתילין לתרין אורזילין תיומי טביא:
22,Song of Songs,7,5,Song of Songs 7:5,ואב בית דינא דדאין דיניך חסין על עמא לכפתא יתהון ולמנגד מן דאתחיב בדינא לנגדא כשלמה מלכא דעבד מגדלא דשן דפיל וכבש ית עמא בית ישראל ואהדר יתהון למרי עלמא וספריך מלין חכמתא כפרקטינין דמיא וידעין לממני חושבני עבורין ומעברין שנין וקבעין רישי ירחין ורישי שנין בתרע בית סנהדרין רבא ורב בית בא לבית יהודה דמי לדוד מלכא דבנא מצדתא דציון דמתקרי מגדלא דלבנן דכל מן דיקום עלוהי יכיל לממני כל מגדלין די בדמשק:
22,Song of Songs,7,6,Song of Songs 7:6,מלכא דאתמני עלך רישא צדיקא כאליהו נביא דקני קנאתא למרי שמיא וקטל ית נביאי שקרא בטור כרמלא ואתיב ית עמא בית ישראל לדחלתא דיי ודלת עמא דאזלין ברישא מכא על דאנון מסכינין עתידין למלבש ארגונא היכמא דלבש דניאל בקרתא דבבל ומרדכי בשושן בגין זכותא דאברהם דאמליך מן קדמת דנא למרי עלמא ובצדקתא דיצחק דכפתיה אבוהי למקרביה ובחסידותיה דיעקב דקליף על חוטריא ברהטיא:
22,Song of Songs,7,7,Song of Songs 7:7,אמר מלכא שלמה כמה יאה אנת כנשתא דישראל בזמן דתסבלי עלך ית ניר מלכותי בעדן דאנא מוכח יתיך ביסורין על חוביך ואנת מקבלא יתהון ברחים דמין באנפיך כתפנוקין:
22,Song of Songs,7,8,Song of Songs 7:8,ובעדן דפרסין כהניא ידיהון בצלו ומברכין לאחיהון בית ישראל דדמין ארבעת ידיהון מתפרשין כלולבי דתמר וקומתהון כדקלא וקהליך קימין אפין באפין כל קביל כהניא ואפיהון כבישין לארעא כאתכלין דענבין:
22,Song of Songs,7,9,Song of Songs 7:9,אמר יי במימריה אסק ואנסי לדניאל ואחזי אי כהיל למיקם בנסיונא חדא היכמא דקם אברהם דדמי ללולבא דתמר בעסרא נסיונין ובחין אנא אף לחנניה מישאל ועזריה אי כהלין למיקם בנסיונהון אפרוק בדיל זכותהון לעמא בית ישראל דמתילין לאתכלין דענבין ושומהון דדניאל חנניה מישאל ועזריה אשתמע בכל ארעא וריחיהון יהי נדיף כריח תפוחין דגנתא דעדן:
22,Song of Songs,7,10,Song of Songs 7:10,אמר דניאל וחברוהי קבלא נקביל עלנא גזירת מימרא דיי היכמא דקביל עליה אברהם אבונא דמתיל לחמר עתיק ונהך באורחן דתקנן קדמוהי היכמא דאזלו אליהו ואלישע נבייא די בזכותהון קמו מיתיא דדמין לגבר דדמיך וכיחזקאל בר בוזי כהנא דמנבואת פומיה אתערו דמכי מיתיא דבבקעת דורא:
22,Song of Songs,7,11,Song of Songs 7:11,אמרת ירושלם כל זמן דאנא מהלכא באורחא דמרי עלמא משרי שכינתיה ביני ועלי מתוה ובעדן דאנא סטיא מן אורחתיה מסליק שכינתיה מביני ומטלטיל יתי ביני עממיא ואנון שלטין בי כגבר דשליט באנתתיה:
22,Song of Songs,7,12,Song of Songs 7:12,כד חבו עמא בית ישראל אגלי יי יתהון בארעא דשעיר חקלי אדום אמרת כנשתא דישראל בבעו מנך רבון כל עלמא קביל צלותי דאנא מצליא קדמך בקרוי גלותא ובפלכי עממיא:
22,Song of Songs,7,13,Song of Songs 7:13,אמרין בני ישראל אלין לאלין נקדים בצפרא ונהך לבית כנשתא ולבית מדרשא ונבקר בספרא דאוריתא ונחמי אי מטא זמן פורקנא דעמא בית ישראל דמתילין לגופנא לאתפרקא מגלותהון ונשאל לחכימיא אי אתגלי קדם יי זכותא דצדיקיא דמלין פקודיא כרמונא אי מטא קצא למסק לירושלם למתן תמן שבח לאלהא דשמיא ולמקרב עלון ונכסת קודשיא:
22,Song of Songs,7,14,Song of Songs 7:14,וכד יהי רעוא מן קדם יי למפרק ית עמיה מן גלותא יתאמר למלכא משיחא כבר שלים קץ גלותא וזכות צדיקיא אתבסם קדמי כריח בלסמון וחכימי דריא קביען על תרעי מדרשא עסקין בפתגמי ספריא ופתגמי אוריתא כען קום קביל מלכותא די גנזית לך:
22,Song of Songs,8,1,Song of Songs 8:1,ובההוא זמנא יתגלי מלכא משיחא לכנשתא דישראל וימרון ליה בני ישראל אתא תהי עמנא לאח ונסק לירושלם ונהי ינקין עמך טעמי אוריתא היכמא דיניק ינקא בחדיא דאמיה דכל זמן דהויתי מטולטלא לבר מן ארעי כד הויתי דכרא ית שום אלהא רבא ומסרה נפשי על אלהותיה אף עממי ארעא לא הוו מבזין לי:
22,Song of Songs,8,2,Song of Songs 8:2,אדברנך מלכא משיחא ואעלינך לבית מקדשי ותאליף יתי למדחל מן קדם יי ולמהך באורחתיה ותמן נסעוד סעודתא דלויתן ונשתי חמר עתיק דאצטנע בענבוהי מן יומא דאתברי עלמא ומרמוני פירי דאתעתדו לצדיקיא בגנתא דעדן:
22,Song of Songs,8,3,Song of Songs 8:3,אמרת כנשתא דישראל אנא בחירתא מכל עממיא דאנא קטרא תפילין ביד שמאלי וברישי וקבעא מזוזתא בסטר ימינא דדשי תולתא לקביל תקי דלית רשו למזיקיא לחבלא בי:
22,Song of Songs,8,4,Song of Songs 8:4,יימר מלכא משיחא משבע אנא עליכון עמי בית ישראל מא דין אתון מתגרן בעממי ארעא למפק מן גלותא ומה דין אתון מרדין בחילותיה דגוג ומגוג אתעכבו פון זעיר עד דישתיצון עממיא דעלו לאגחא קרבא בירושלם ובתר כן ידכר לכון מרי עלמא רחמי צדיקיא ויהי רעוא מן קדמוהי למפרקכון:
22,Song of Songs,8,5,Song of Songs 8:5,אמר שלמה נביא כד ייחון מיתיא עתיד לאתבזעא טור משחא וכל מיתיא דישראל עתידין למפק מתחותוהי ואפילו צדיקיא דמיתו בגלותא עתידין למיתי אורח כוכיא מלרע לארעא ונפקין מתחות טור משחא ורשיעיא דמיתו ואתקברו בארעא דישראל עתידין למהויהון רמין היכמא דרמי גבר אבנא באלא בכן יימרון כל דירי ארעא מא היא זכותא דעמא הדין דסלקא מן ארעא רבוא רבון כיומא דסליקת מן מדברא לארעא דישראל ומתפנקא על רחמי מרהא כיומא דאתחמת תחות טורא דסיני לקבלא ית אוריתא ובההיא שעתא עתידא ציון דהיא אמהון דישראל למילד ית בנהא וירושלם לקבלא ית בני גלותא:
22,Song of Songs,8,6,Song of Songs 8:6,אמרין בני ישראל ביומא ההוא לרבונהון בבעו מנך שוי יתן כגלף דעזקא על לבך כגלף דעזקא על אדרעך דלא נוסיף עוד למהוי גלין ארום תקיפא כמותא אהבת אלהותך וחסינא כגיהנם קנאתא דעממיא מקנאין לן ודבבו דנטרין לן דמיא לגומרין דאשא דגיהנם דברא יתיה יי ביומא תנינא לבריאת עלמא לאוקדא ביה פלחי פולחנא נוכראה:
22,Song of Songs,8,7,Song of Songs 8:7,אמר מרי עלמא לעמיה בית ישראל אלולי מתכנשין כל עממיא דמתילין למוי דימא דאנון סגיאין לא יכלין למטפי ית רחמי מניך ואי מתכנפין כל מלכי ארעא דמתילין למוי דנהרא דנגיד בתקוף לא יכלין לממחי יתיך מעלמא ואלולי יהיב גבר כל ממון ביתיה למקני חכמתא בגלותא אנא מהדר ליה כפיל לעלמא דאתי וכל בזתא דיבזון מן משריתיה דגוג יהי דיליה:
22,Song of Songs,8,8,Song of Songs 8:8,בעדנא ההוא יימרון מלאכי שמיא אלין לאלין אומא חדא אית לן בארעא וקלילן זכותהא ומלכין ושלטונין לית לה למפק לאגחא קרבא עם משריתיה דגוג מה נעביד לאחתנא ביומא דמלילו אומיא למסק עלה לקרבא:
22,Song of Songs,8,9,Song of Songs 8:9,יימר מיכאל רבהון דישראל אם היא מתעתדא כאשא ביני עממיא ויהבא כספא למקני ייחוד שמיה דמרי עלמא נהי אנא ואתון עם ספריהון סחרין לה כנדבכין דכספא ולית רשו לעממיא למשלט בה היכמא דלית רשו לזחלא למשלט בכספא ואפילו אי מסכינא היא מן פקודיא נבעי רחמין עלה קדם יי וידכר לה זכות אוריתא דעסקין בה ינקיא דכתיבא על לוחא דלבא ומתעתדא לקביל אומיא כארזא:
22,Song of Songs,8,10,Song of Songs 8:10,מתיבא כנשתא דישראל ואמרת אנא תקיפא בפתגמי אוריתא כשורא ובני חסינין כמגדלא ובההוא זמנא תהא כנשתא דישראל משכחא רחמין בעיני מרהא ויהון שאלין בשלמה כל דיירי ארעא:
22,Song of Songs,8,11,Song of Songs 8:11,אומא חדא סליקת בעדביה דמרי עלמא דשלמא דיליה דהיא מתילא לכרמא אותיב יתה בירושלם ומסר יתה ביד מלכיא דבית דוד דיהון נטרין יתה היכמא דאריסא נטיר לכרמא בתר דמית שלמה מלכא דישראל אשתארת בידוי רחבעם בריה ואתא ירבעם בר נבט ופלג עמיה מלכותא ודבר מן ידוי עשרתי שבטין על מימר פומיה דאחיה דמן שילה דהוא גוברא רבא:
22,Song of Songs,8,12,Song of Songs 8:12,כד שמע שלמה מלכא דישראל נבואתיה דאחיה דמן שילה בעא למקטליה וערק ירבעם מן קדם שלמה ואזל למצרים ובההיא שעתא אתאמר בנבואה למלכא שלמה למהוי איהו שליט בעסר שבטין כל יומוהי ובתר מותיה יהי שליט בהון ירבעם בר נבט ותרין שבטין יהודה ובנימין יהי שליט בהון רחבעם בר שלמה:
22,Song of Songs,8,13,Song of Songs 8:13,אמר שלמה בסוף נבואתיה עתיד מרי עלמא למימר לכנשתא דישראל בסוף יומיא אנת כנשתא דישראל דמתילא לגנתא קלילא ביני אומיא ויתבא בבית מדרשא עם חבירי סנהדרין ושאר עמא דציתין לקל ריש מתיבתא ואלפין מפומיה פתגמי אוריתא אשמיעיני קל מליך בעדן דאת יתבא לזכאה ולחיבא ואיהי מסכים לכל מה דאת עבדא:
22,Song of Songs,8,14,Song of Songs 8:14,בההיא שעתא יימרון סבי כנשתא דישראל ערוק לך רחימי מרי עלמא מארעא הדא מסאבתא ותשרי שכינתך בשמי מרומא ובעדן עקתן דאנחנא מצלן קדמך תהי דמי לטביא דבעדן דדמיך עינא חדא קמיץ ועינא חדא פתיח או כאורזילא דאילא דבעדן דעריק מסתכל בתריה כן אנת תהי משגח בן ומסתכל בצערן ובסגופן משמי מרומא עד זמן דתתרעי בן ותפרוק יתן ותעיל יתן על טורא דירושלם ותמן יסקון כהניא קדמך קטורת בוסמנין:
25,Lamentations,1,1,Lamentations 1:1,אמר ירמיהו נביא וכהנא רבא איכדין יתגזר על ירושלם ועל עמהא לאתדנא בתירוכין ולמספד עלויהון איכה היכמא דאתדנו אדם וחוה דאיתרכו מגינתא דעדן ואספיד מרי עלמא עלויהון איכה ענת מדת דינא וכן אמרת על סגיאות חובאה אשתדוד די בגוהא ובגין כן תהי יתבה בלחודהא כגבר דמכתש סגירו על בסריה די בלחודיה יתיב וקרתא הות מליא אוכלוסין ועממין סגיאין אתרוקינת מנהון והות דמיא כארמלא ודי מתרברבא בעממיא ושליטיא באפרכיא והוו מסקין לה מסין הדרת למהוי מכיכא ולמתן כרגא להון בתר דנא:
25,Lamentations,1,2,Lamentations 1:2,כד שלח משה נביא אזגדין לאללא ית ארעא ותבו אזגדיא ואפיקו שום ביש על ארעא דישראל וההיא ליליא תשע יומין באב הוה וכד שמעו עמא בית ישראל ית בשורתא בישא הדא דאתבשרו על ארעא דישראל נטלו עמא ית קליהון ובכו בליליא ההוא מן יד תקיף רוגזא דיי בהון וגזר למהוי בכן בליליא הדא לדריהון על חורבן בית מוקדשא וכדו אתאמר בנבואה לירמיהו כהנא רבא למהוי חריבא ירושלם על ידוי דנבוכדנצר רשיעא אין לא תיבין בתיובתא. מן יד עאל ואוכח ית עמא בית ישראל וסריבו לקבלא במימריה בכן עאל נבוכדנצר רשיעא וצרא ית ירושלם ובית מקדשא אוקיד בנורא בתשע יומין בירחא דאב וביה בכיהא כנשתא דישראל בכותא ודמעהא זליג על ליסתהא ולית די ימליל תנחומין על לבהא מן כל טעותא די רחמתא למיזל בתריהון ובגין כן כל חברהא ארשיעו בה אתהפיכו למהוי לה לבעלי דבבין:
25,Lamentations,1,3,Lamentations 1:3,איזילו בית יהודה בגלותא על דהוו מענין יתמין וארמלן ועל סגיאות פולחנא דהוו מפלחין באחוהון בני ישראל דאזדבנו להון ולא קרו חירותה לעבדיהון ואמהתהון דהוו מזרעית ישראל ובגין כן אף אנון אתמסרו ביד עממיא וכנשתא דבית יהודה יתבא בגו עממיא ולא אשכחו ניחא מפולחנא קשיא דשעבידו יתה וכל דהוה רדיף יתה אדביקו יתה כד היא מתחבאה בין תחומיא ואעיקו לה:
25,Lamentations,1,4,Lamentations 1:4,כל זמן דהוה ירושלם מתבניא סריבו ישראל למיסק לירושלם לאתחזאה קדם יי תלת זמנין בשתא ועל חוביהון דישראל איצטדיאת ירושלם ואתעבידו שבילי ציון אבילן מדלית עאיל בה בזמן מועדיא כל תרעהא צדיין וכהנהא אנחין על די בטילו קורבניא בתולתהא ספדן על די פסקו למיפק בחמשא עשר יומין באב וביומא דכפוריא די הוא בעסרא יומין בתשרי לחינגא בחינוגין אף איהי מריר לבא לחדא:
25,Lamentations,1,5,Lamentations 1:5,הוו מעיקהא מתמנן עלהא לרישין ובעלי דבבהא הוו יתבין בשלוה ארום יי תבר יתה על סגיאת מרודהא רביהא אזלו בשביתא קדם מעיקהא:
25,Lamentations,1,6,Lamentations 1:6,ונפק מן כנשתא דציון כל זיוהא הוו רברבנהא מסתחרן על מיכלא היכמא דמסחרן איליא במדברא ולא אשכחו אתר כשר למרעהון ואזלו בתשות כחא ולא הוה להון חילא למערוק לאשתזבא קדם רדף:
25,Lamentations,1,7,Lamentations 1:7,הות דכירא ירושלם יומין קדמאין די הות מדורא בכרכיא ובפציחין תקיפין ומרדא ושלטה בכל עלמא וכל ריגוגהא דהוו לה עלמא וכל ריגוגהא דהוו לה מן יומין קדמאין ועל חובא נפל עמה בידוי דנבוכדנצר רשיעא ואעיק להון ולית דסיע לה חזוהא מעיקיא דאזלא בשביתא חיכו על טובהא די פסק מבינהא:
25,Lamentations,1,8,Lamentations 1:8,חובא רבא חבת ירושלם בגין כן בטלטול הות כל עממיא דהוו מיקרין לה מלקדמין נהגו בה זילותא ארום חזו בדקהא ברם היא מתאנחא ורתיעת לאחורא:
25,Lamentations,1,9,Lamentations 1:9,סואבות דם ריחוקהא בשיפולהא לא אידכיאת מנה ולא תהת על חובאה ולא דכירת מה דעתיד למיתי עלהא בסוף יומיא ונחתת ונפלת והות פרישן ולית דמליל תנחומין לה חזי יי ותהי מסתכל ארום אתרברב עלי בעל דבבא:
25,Lamentations,1,10,Lamentations 1:10,ידיה אושיט נבוכדנצר רשיעא ושלף סיפא וקטע כל ריגוגה אף כנשתא דישראל שריאת ליללא ארום חזת עממין נוכראין עלו לבית מוקדשה די פקדת על ידוי דמשה נביא על עמון ומואב דלא ידכון למיעל בקהלא די לך:
25,Lamentations,1,11,Lamentations 1:11,כל עמהא דירושלם אניחן מכפנא ותבעין לחמא למיכל יהבו ריגוגיהון בסעיד לחמא לקיימא נפש חזי יי ותהי מסתכל ארום הויתי גרגרניתא:
25,Lamentations,1,12,Lamentations 1:12,אשבעית לכון כל דעברין באורחא זורו הכא אסתכלו וחזו אין אית כיבא ככיבי דאסתקיף לי דתבר יי יתי ביום תקוף רוגזיה:
25,Lamentations,1,13,Lamentations 1:13,מן שמיא שלח אשתא בכרכי תקיפין וכבש יתהון פרש מצדתא לרגלי ארתיעני קדל בעלי דבבי יהיבני למהוי צדיא כל יומא מרחקא וחלישא:
25,Lamentations,1,14,Lamentations 1:14,אתיקר ניר מרודי בידיה אתיבשו כשיבשין דגופנא סלקו על צוורי אתקל חילי מסר יי יתי בידוי מן דלית יכין אנא למיקם:
25,Lamentations,1,15,Lamentations 1:15,כנש כל תקיפי יי ביני ארע זמן עלי לתבירא חיל עולימי ועלו עממיא על גזירת מימרא דיי וסאיבו בתולתא דבית יהודה די הוה דמהון דבתולתהון מיתשד היך כחמר מן מעצרתא בעידן דגבר מבעיט ית ענבין חמר עינבוהי שדיין:
25,Lamentations,1,16,Lamentations 1:16,על טפליא דאתרטשו ועל נשיא מעדיתא דאתבקעו כריסיהון אמרת כנשתא דישראל אנא בכיא ותרין עיני זלגין דמעתא היך מבועא דמיא ארום אתרחק מיני מנחם דמקים יתי ומליל תנחומין על נפשי הוו בני צדיין ארום אתגבר עליהון בעיל דבבא:
25,Lamentations,1,17,Lamentations 1:17,פרסת ציון ידהא מן עקתא היכמא דמפרסא איתתא על מתברא בגינת ולית דמליל תנחומין על לבה פקד יי לבית יעקב פיקודיא ואורייתא למינטר והינון עברו על גזירת מימריה בגין כן אסתחרו חזור חזור ליעקב מעיקוהי הות ירושלם דמיא לאתתא מרחקא ביניהון:
25,Lamentations,1,18,Lamentations 1:18,אמר יי במימריה לעמא בית ישראל דלא יעבר קטלין בחרבא בארעהון אזל יאשיהו מלכא שלף סייפא על פרעה חגירא בבקעת מגדו מה דלא אתפקד ולא תבע אולפן מן קדם יי בגין כן רגמו רגומיא גירין למלכא יאשיהו ומית תמן עד דלא נפקת נשמתיה הוה רחיש בספותיה וכן אמר זכאי הוא יי ארום על מימריה עברית שמעו כען כל עמיא הספידא דאספיד ירמיהו על יאשיהו וחזו כיבי די ערעני בתר מותיה בתולותי ורביי אזלו בשביתא:
25,Lamentations,1,19,Lamentations 1:19,אמרת ירושלם כד איתמסרת בידוי דנבוכדנצר קרית למרחמי ביני עממיא דקיימית עמהון קיים די יסייעוני ואנון חכימו מיני ואתהפכו לחבלא יתי הינון דעלו עם טיטוס ואספסיינוס ובנו כרכומין על ירושלם כהני וסבי בגו קרתא אתנגידו ארום תבעו סעיד לחמא להון למיכל ויקיימין ית נפשיהון:
25,Lamentations,1,20,Lamentations 1:20,חזי ארום אעיק לי בגין כן מעי איתגרו איתהפך לבבי בגוי ארום מעבר עברית על גזירת מימרא דיי ומן בגלל הכי מן ברא תכלי חרבא ומלגיו חרגת כפנא כמלאכא מחבלא די ממנא על מותא:
25,Lamentations,1,21,Lamentations 1:21,שמעו אומיא ארום מתאנחא אנא ולית דמנחם לי כל בעלי דבבי שמעו בישתא די מטת עלי בדחו ארום את הוא יי דעבדת אייתיתא עלי יום פורענותא ערעיתא עלי מערע לצדיאותני כדין תערא עלויהון ויהון צדיאן כותי:
25,Lamentations,1,22,Lamentations 1:22,תיעול ליום דינא רבא כל בישתהון די אבאישו לי קדמך ותסתקף להון היכמא דאסתקפתא עלי על כל סגיאות מרודי ארום סגיאו אנחתי ולבי חליש:
25,Lamentations,2,1,Lamentations 2:1,איכדין יקוץ יי בתקוף רוגזיה ית כנשתא דציון טלק משמיא לארעא תושבחתא דישראל ולא דכיר בית מוקדשא דהוה גלונדקא דרגלוהי ולא חס עלוהי ביום תקוף רוגזיה:
25,Lamentations,2,2,Lamentations 2:2,שיצי יי ולא חס ית כל עידית יעקב פגר ברוגזיה כרכי כנשתא דבית יהודה אמטי לארעא אפיס מלכותהא ורברבנהא:
25,Lamentations,2,3,Lamentations 2:3,קצץ בתקוף רגז ית כל יקריה דישראל ארתע לאחורא יד ימיניה ולא סיע לעמיה מן קדם בעיל דבבא ואדליק בבית יעקב כאשתא דמשלהבא אכלת חזור חזור:
25,Lamentations,2,4,Lamentations 2:4,מתח קשתיה ורגם עלי גירין כבעיל דבבא אתעתד על יד ימיניה דנבוכדנצר וסיעיה כאלו הוה מעיק לעמיה ישראל וקטל כל עולים וכל דמרגגין לחזו עינא במשכן כנשתא דציון שדא כביעור אשא רוגזיה:
25,Lamentations,2,5,Lamentations 2:5,הוה יי דמי כבעיל דבבא שיצי ישראל שיצי כל ברניתהא חביל כל קירוי פציחהא ואסגי בכנישתא דבית יהודה אבילותא ואנינותא:
25,Lamentations,2,6,Lamentations 2:6,ושרש כגינתא בית מוקדשיה חבל אתר מזומן לכפרא על עמיה אינשי יי בציון חדות יומא טבא ושבתא ושנא בתקוף רוגזיה מלכא וכהנא רבא:
25,Lamentations,2,7,Lamentations 2:7,אשלי יי מדבחיה בעט מקדשיה מסר ביד בעיל דבבא שורי בירניתהא קלא יהבו בבית מוקדשא דיי כקל עמא בית ישראל דמצליין בגויה ביומא דפסחא:
25,Lamentations,2,8,Lamentations 2:8,חשב יי לחבלא שור כנשתא דציון סאט משקולתא ולא אתיב ידיה מלשיצאה ואביל מקפנא ושורא כחדא אתפגרו:
25,Lamentations,2,9,Lamentations 2:9,טמעו בארעא תרעהא הוביד ותבר מזוזתהא מלכהא ורברבנהא גלו ביני עממיא על דלא נטרו פתגמי אורייתא כאלו לא קבילו יתה בטורא דסיני אף נביאהא אתמנע מנהון רוח נבואת קודשא ולא אתאמר להון פתגם נבואתא מן קדם יי:
25,Lamentations,2,10,Lamentations 2:10,יתבין על ארעא שתקין סבי כנשתא דציון אסיקו עפר מקלה על רישיהון קמרו סקין על בסרהון אחיתו לעפרא דארעא רישיהון בתולתיא דירושלם:
25,Lamentations,2,11,Lamentations 2:11,ספקו בדמען עיני אידגארן מעי אתשד לארעא כבדי על תביר כנשתא דעמי כדו דצחו עולמיא וינקיא בפתאות קרתא:
25,Lamentations,2,12,Lamentations 2:12,לאמהון אמרין רוביא דישראל אן עיבור וחמר כד הוו צחיין כקטל דחרבא מן צחותא בפתאות קריתא כד אתשד נפשהון מן כפנא לגו עטיף אמהון:
25,Lamentations,2,13,Lamentations 2:13,מה אסעיד בך ומה אהא מדמי לך כנישתא דירושלם מה אחביר לך ואהי מנחם ליך בתולתא דכנישתא דציון ארום סגיא תבריך כסגיאות תביר גללי ימא רבא בעידן נחשוליה ומן הוא אסיא די יסי יתיך מן מרעיך:
25,Lamentations,2,14,Lamentations 2:14,נביאי די בינך הינון איתנביאו ליך שיקרא ולית משש לנבואתהון ולא פרסימו ית פורענותא דעתיד למיתי עליך בגלל חוביך לאהדרותך בתיובתא אלהן נבאו ליך נבואת מגן ומלי טעותא:
25,Lamentations,2,15,Lamentations 2:15,שפקו עליך ידיהון כל עוברי אורחא שריקו בספותהון וטלטילו ברישיהון על כנישתא דירושלם אמרו בפומהון הדא היא קרתא דהוו אמרין אבהתן דמלקדמין דהיא גמירת נואי ושופרא חדוה לכל יתבי ארעא:
25,Lamentations,2,16,Lamentations 2:16,פתחו עליך פומהון כל בעלי דבביך שרקו בספותהון ועסיאו בשניהון ואמרו שיצינא ברם דין יומא דהוינא מתינן אשכחנא חזינא:
25,Lamentations,2,17,Lamentations 2:17,עבד יי מה דחשיב גמר מימר פומיה די פקיד למשה נביא מן יומין קדמאין דאי לא נטרין בני ישראל ית פקודיא דיי עתיד לאתפרע מנהון פגר ולא חס ואחדי עליך בעיל דבבא ארים יקר מעיקיך:
25,Lamentations,2,18,Lamentations 2:18,צוח לבהון קדם יי דרחים עליהון שורא יקרא דציון זילגי כנחלא דמעין ימם וליליא לא תתנין תנחומין לצעריך לפיגא צלותא די לך ולא תשתוק עינך מלמדמע:
25,Lamentations,2,19,Lamentations 2:19,קומי כנשתא דישראל דשריא בגלותא עסוקי במשנה בליליא ארום שכינתא דיי שריא לקבליך ובפתגמי אורייתא כשירוי שפרפרא שדיא היך מיא עקמומית לביך והדרי בתיובתא וצלאי בבית כנשתא כל קבל אפי יי טולי לותיה בצלו ידיך על נפשת עולמיך דצחין בכפנא בריש כל מחוזין:
25,Lamentations,2,20,Lamentations 2:20,חזי יי ותהי מסתכל מן שמיא למן איסתקיפתא כדנן אם חזי לבנתא דישראל למיכל פירי בטניהון עולמיא רגיגתא דהוו מלפפין בסדינין דמלתיה ענת מדת דינא וכן אמרת אם חזי למקטל בבית מוקדשא דיי כהנא ונביא כמה דקטלתון ית זכריה בר עידו כהנא רבא ונביא מהימן בבית מוקדשא דיי ביומא דכפוריא על דאוכח יתכון דלא תעבדון דביש קדם יי:
25,Lamentations,2,21,Lamentations 2:21,דמכו על ארעא במחוזין עולימיא וסביא דהוו רגילין למשכוב על כרין דמילת ועל ערסין דשן דפיל בתולתי ורובי נפלו קטילין בחרבא קטלתא ביום רוגזך נכיסתא ולא חסתא:
25,Lamentations,2,22,Lamentations 2:22,תהי קרי חירותא לעמך בית ישראל על יד משיחא היכמא דעבדת על יד משה ואהרן ביומא דפסחא דאתכנשין עולימי חזור חזור מן כל אתר דאתבדרו תמן ביומא תקיף רוגזך יי ולא הוה בהון שיזבא ושארא דלפיפית בסדינין ודרביתי בתפנוקי מלכין בעלי דבבי שיציאונון:
25,Lamentations,3,1,Lamentations 3:1,אנא גברא דחזא עניי בחוטרא דרדי ברוגזיה:
25,Lamentations,3,2,Lamentations 3:2,יתי דבר ואוביל חשוכא ולא לאנהרא:
25,Lamentations,3,3,Lamentations 3:3,ברם בי יתוב יגלגל עלי מחתיה כל יומא:
25,Lamentations,3,4,Lamentations 3:4,עתק בסרי ממכתשין ומשכי מן מחתא תבר גרמי:
25,Lamentations,3,5,Lamentations 3:5,בנה עלי כרכומין ואקף קרתא ועקר רישי עממיא ושלהי אנון:
25,Lamentations,3,6,Lamentations 3:6,בבית יסורין דחשוכא אותבני כמיתין דאזלין לעלמא אוחרן:
25,Lamentations,3,7,Lamentations 3:7,סגר בתרי בגין דלא אפוק מן טריקא יקר על רגלי כבלין דנחשא:
25,Lamentations,3,8,Lamentations 3:8,אף ארום אצוח ואצלי אסתתים בית צלותי:
25,Lamentations,3,9,Lamentations 3:9,סגר אורחי במרמירין פסילן שבילי סרך:
25,Lamentations,3,10,Lamentations 3:10,דובא מכמן הוא לי אריא דמיטמר בכבישא:
25,Lamentations,3,11,Lamentations 3:11,אורחי סרך ושסעני שויני צדו:
25,Lamentations,3,12,Lamentations 3:12,מתח קשתיה ועתדני היך פלגליסא לגירא:
25,Lamentations,3,13,Lamentations 3:13,אעיל בכליתי גירי תיקיה:
25,Lamentations,3,14,Lamentations 3:14,הויתי חוכא לכל פריצי עמי ומזמרן עלי כל יומא:
25,Lamentations,3,15,Lamentations 3:15,אשביעני מרירת חיון ארוני גידא:
25,Lamentations,3,16,Lamentations 3:16,ורצץ בפרידן שיני כנע יתי בקטמא:
25,Lamentations,3,17,Lamentations 3:17,וקצת מלמשאל שלם נפשי אנשיתי טיבותא:
25,Lamentations,3,18,Lamentations 3:18,ואמרית אובד תוקפי וטובא דהויתי אוריך מן קדם יי:
25,Lamentations,3,19,Lamentations 3:19,אדכר ענוי נפשי ומה דאמרידו בי סנאי ואשקין יתי גידין ורישי חיון:
25,Lamentations,3,20,Lamentations 3:20,מדכר תדכר ותצלי עלי נפשי על סיגופא:
25,Lamentations,3,21,Lamentations 3:21,דא נחמתא אתיב על לבי בגין כן אוריך:
25,Lamentations,3,22,Lamentations 3:22,טיבותא דיי ארום לא פסקו ארום לא אתמניעו רחמוהי:
25,Lamentations,3,23,Lamentations 3:23,ניסין חדתין מרחיש בצפריא סגיאה היא הימנותך:
25,Lamentations,3,24,Lamentations 3:24,חולקי יי אמרית נפשי בגין כן אוריך ליה:
25,Lamentations,3,25,Lamentations 3:25,טב יי לסוברין לפורקניה לנפשא דתבע אולפניה:
25,Lamentations,3,26,Lamentations 3:26,טב לאורכא ולמשתק עד דמטי פורקנא דיי:
25,Lamentations,3,27,Lamentations 3:27,טב הוא לגברא ארום יאלף נפשיה לסוברא ניר פקודיא בטליותיה:
25,Lamentations,3,28,Lamentations 3:28,יתיב בלחודוהי וישתוק ויסבול יסורין דאתין עלוהי בגין יחודא דשמא דיי דמשתלחין לאתפרע מיניה על חובא קלילא דחב בעלמא הדין עד כד יחוס עלוהי ויטלינון מניה ויקבל אפי שלים לעלמא דאתי:
25,Lamentations,3,29,Lamentations 3:29,יתן בעפרא פומיה וישתטח קדם רבוניה מאים אית סבר:
25,Lamentations,3,30,Lamentations 3:30,יושיט למחיה ליה ליסתא בגין דחלתא דיי יסבע קלנא:
25,Lamentations,3,31,Lamentations 3:31,ארום לא ישלי יי לעובדוי לעלם לממסרינון בידא דסנאיהון:
25,Lamentations,3,32,Lamentations 3:32,ארום אלהן ברישא יתבר ובתר כן יתוב וירחום לצדיקיא בסגיאות טיבותיה:
25,Lamentations,3,33,Lamentations 3:33,ארום מן בגלל דלא עני גבר ית נפשיה ואעדי זחוחה מלביה בגין כן גרם לאסתקפא תבירא בבני אנשא:
25,Lamentations,3,34,Lamentations 3:34,למככא ולכבשא תחות רגלוי כל אסירי ארעא:
25,Lamentations,3,35,Lamentations 3:35,למצלי דין דגבר מסכן כל קביל אפי עילאה:
25,Lamentations,3,36,Lamentations 3:36,לסרכא אנש מסכן במצותיה אפשר דמן קדם יי לא יתגלי:
25,Lamentations,3,37,Lamentations 3:37,מן הוא אינש דאמר והוה בישתא מתעבדא בעלמא אלהן מן בגלל דעבדו מה דלא אתפקדו מן פומא דיי:
25,Lamentations,3,38,Lamentations 3:38,מפי אלהא לא תיפוק בישתא אלהן על ברת קלא רמיזא בגין חטופין דאתמליאת ארעא ובעידן דבעי למגזר טובא בעלמא מן פום קודשא נפקא:
25,Lamentations,3,39,Lamentations 3:39,מה ממון ישכח אנש דיחוב על יומי חיוהי גברא רשיעא על חובוהי:
25,Lamentations,3,40,Lamentations 3:40,נבלוש אורחנא ונבקר ונתוב בתיובתא קדם יי:
25,Lamentations,3,41,Lamentations 3:41,נטול לבבנא בריר ונרמי חטוף וגזילן מן ידנא ונתוב קדם יי אלהנא דשכינתיה בשמי מרומא:
25,Lamentations,3,42,Lamentations 3:42,נחנא מרדנא סרבנא ומן בגלל דלא הדרנא לותך אנת לא שבקת:
25,Lamentations,3,43,Lamentations 3:43,טללתא עלנא ברגז ורדפתנא בגלותא קטלתא ולא חסתא:
25,Lamentations,3,44,Lamentations 3:44,טללתא שמיא בענני יקרי דילך מן בגלל דלא תעבר לותך צלותנא:
25,Lamentations,3,45,Lamentations 3:45,טלטולין ורטושין שויתא יתנא ביני עממיא:
25,Lamentations,3,46,Lamentations 3:46,פתחו עלנא פומהון כל בעלי דבבנא למגזר עלנא גזירין בישין:
25,Lamentations,3,47,Lamentations 3:47,אימתא וזיעא הוה לנא מנהון רתיתא ותבירא:
25,Lamentations,3,48,Lamentations 3:48,היך יבלין דמיא זלגת עיני דמען על תבירא דכנישת עמי:
25,Lamentations,3,49,Lamentations 3:49,עיני זלגת דמען ולא תשתוק מלמבכי מדלית פאיג עתקי וממלל תנחומין לי:
25,Lamentations,3,50,Lamentations 3:50,כדו דיסתכי ויחזי עולבני יי מן שמיא:
25,Lamentations,3,51,Lamentations 3:51,בכותא דעיני אסתקפת למרע נפשי על חורבן פילכי דעמי ונוול בנתא דירושלם קרתי:
25,Lamentations,3,52,Lamentations 3:52,כמנא כמנו לי היך כצפרא בעלי דבבי על מגן:
25,Lamentations,3,53,Lamentations 3:53,עברו בגובא חיי ורגימו אבנא בי:
25,Lamentations,3,54,Lamentations 3:54,שטו מיא על רישי אמרית במימרי אתגזרית מן עלמא:
25,Lamentations,3,55,Lamentations 3:55,צליתי לשמך יי מן גוב ארעיתא:
25,Lamentations,3,56,Lamentations 3:56,צלותי קבילתא בזימנא ההיא וכען לא תכסי אודנך מלקבלא צלותי לארוחותני בגין בעותי:
25,Lamentations,3,57,Lamentations 3:57,קריבתא מלאכא לשזבותני ביומא דצליתי לך אמרת במימרך לא תדחל:
25,Lamentations,3,58,Lamentations 3:58,נציתא יי לעבדין מצותא לנפשי פריקתא מן ידיהון חיי:
25,Lamentations,3,59,Lamentations 3:59,חזיתא יי סרול דסריכו לי דון דיני:
25,Lamentations,3,60,Lamentations 3:60,גלי קדמך כל נקמתהון כל מזימתהון עלי:
25,Lamentations,3,61,Lamentations 3:61,שמיע קדמך כסופיהון יי כל מזימתהון עלי:
25,Lamentations,3,62,Lamentations 3:62,ספות קמין עלי והגיונהון עלי כל יומא:
25,Lamentations,3,63,Lamentations 3:63,מותביהון וזקפתהון אסתכל אנא זמרהון:
25,Lamentations,3,64,Lamentations 3:64,תתיב להון גמולא בישא יי כעובדי ידיהון:
25,Lamentations,3,65,Lamentations 3:65,תתן להון תבירות לבא ושלאהותך שלהי להון:
25,Lamentations,3,66,Lamentations 3:66,תדלקינון ברוגזא ותשצינון מתחות שמי מרומא דיי:
25,Lamentations,4,1,Lamentations 4:1,איכדין עמא דהב בית מוקדשא אשתני זיו פלטין בחיר משתדין מרגלאון קדישין בריש כל מחוזין:
25,Lamentations,4,2,Lamentations 4:2,בני ציון יקירין דמתילין איקוניהון לדהב טב איכדין הוו עממין מסאבין מחתין יתנון מלקביל ערסיהון ומסתכלין בהון בגין דילדון נשיהון בנין שפריא כשופריהון ואתחשבו ללגינין דחסף עובדי ידי פחרא:
25,Lamentations,4,3,Lamentations 4:3,אף בנתא דישראל מפנקתא לבני עממיא דדמין לחורמנא טלען תדיהן ורבי כנשתא דעמי מסירין לאכזראין ואמהון ספדן עליהון כנעמיא במדברא:
25,Lamentations,4,4,Lamentations 4:4,אדביק לשן עולימא למוריגה בצחותא טליא תבעו לחמא מושיט לית להון:
25,Lamentations,4,5,Lamentations 4:5,דהוו רגילין למיכל תפנוקין אשתממו במחוזין דאתרביאו על צבע זהרין גפיפו קקלאתן:
25,Lamentations,4,6,Lamentations 4:6,וסגית חובת כנשתא דעמי מן חובת סדום דאתהפכת כשעתא ולא שריאו בה נביאיא לאתנבאה לאהדרותה בתיובתא:
25,Lamentations,4,7,Lamentations 4:7,הוו ברירן נזירהא יתיר מתלגא שעעו יתיר מן חלבא סמיקו חיזו יתיר מן יוהרין וכשבזיזא פרצופיהון:
25,Lamentations,4,8,Lamentations 4:8,חשך מן אוכמתא דגלותא ריוהון לא אשתמודעו במחוזין אדק משכיהון על גרמיהון פריך הוה כקיסא:
25,Lamentations,4,9,Lamentations 4:9,מעלי הוו קטילי סייפא יתיר מן קטילי כפן דקטילי סייפא דייבין כד אינון מבזעין כריסיהון מן מה דאכלו מעלל חקלא ונפיחי כפנא פריק כריסיהון מן מיכלא:
25,Lamentations,4,10,Lamentations 4:10,ידי נשיא דהון מרחמין על מסכנין בשילו עולימיהון הוו למסעד להון ביום תבר כפנא די אתברת כנשתא דעמי:
25,Lamentations,4,11,Lamentations 4:11,סף יי ית חימתיה שדא על ירושלם ית תקוף רוגזיה ואסיק באור לפיד אשתא בציון ואכלת אשותהא:
25,Lamentations,4,12,Lamentations 4:12,לא הוו מהימנין מלכות ארעא וכל דיירי תבל ארום יעול נבוכדנצר רשיעא ונבוזראדן בעיל דבבא לנכסא עמא בית ישראל בתרעיא דירושלם:
25,Lamentations,4,13,Lamentations 4:13,ענת מדת הדין וכן אמרת לא הות כל דא אלהן מחובת נביאהא דמנבאן לה נביאות שיקרא ומעוית כהנהא דאסיקו קטורת בוסמין לטעותא ואינון גרמו לאתשד בגוה דם זכאין:
25,Lamentations,4,14,Lamentations 4:14,איתטלטלו עורין במחוזין אטנפו בדם קטולין בחרבא ועל דלא הוו יכלין למחמי קריבו בלבושיהון:
25,Lamentations,4,15,Lamentations 4:15,זורו ממסאבא קרו עממיא זורו זורו לא תקרבו בהון ארום אתקוטטו אף אתטלטלו אמרו במהויהון בשלותהון דביני עממיא לא יוסיפון למידר:
25,Lamentations,4,16,Lamentations 4:16,מן קדם אפי יי אתפליגו לא יוסיף לאסתכלא בהון בגין כן אומיא רשיעיא אפי כהניא לא סברו ועלוי סביא לא חסו:
25,Lamentations,4,17,Lamentations 4:17,עוד ספאן עיננא לאסתכלא לסייענא דהוינא מתינן לנוכראי דאתהפיך לנא לחבלו בסכותנא דאסתכינא לנוכראי דאנון עמא דלא יפרוק:
25,Lamentations,4,18,Lamentations 4:18,הינון צדין שבילנא מלמיהך לרוחצן בפלטייתנא אמרנא קרב סופנא אתמליאו יומנא ארום מטא סופנא:
25,Lamentations,4,19,Lamentations 4:19,קלילין הוו רדפנא יתיר מנשרי שמיא על טוריא אדליקו יתנא במדברא כמנו לנא:
25,Lamentations,4,20,Lamentations 4:20,מלכא יאשיהו דהוה חביב לנא כנשמת רוח חיין דבאפנא והוה מתרבי במשח רבותא דיי אתחד במיצד חבוליהון דמצראי דהוינא אמרין עלוהי בטלל זכותיה נחי ביני עממיא:
25,Lamentations,4,21,Lamentations 4:21,חדיאי ובדיחי ברתא דאדום דיתבא בארעא דעוץ בסגיאין אוכלוסין דמן עמא נוכראי אוף עליך עתיד למיתי פורענותא ויצדיין יתיך פרסי ותעבר עליך כס דלווט תרוי ותתרוקני:
25,Lamentations,4,22,Lamentations 4:22,ובתר כן ישלם עויתך כנשתא דציון ותתפרקין על ידי דמלכא משיחא ואליהו כהנא רבא ולא יוסף יי תוב לאגלותך ובההיא זימנא אסער עויתך ברתא דאדום דמתבניא דמלאה אוכלוסין וייתון פרסאי ויעקון לך ויצדון יתך ארום אתפרסם קדם יי על חובותיך:
25,Lamentations,5,1,Lamentations 5:1,הוי דכיר יי מה דאתגזר למהוי לנא אסתכל מן שמיא וחזי ית כסופנא:
25,Lamentations,5,2,Lamentations 5:2,אחסנתנא אתהפכת לחלונאי ביתנא לעמין נוכראין:
25,Lamentations,5,3,Lamentations 5:3,הוינן מתילין ליתמין דלית להון אבא אמהתנא כארמלן דאזלו גבריהון בקרוי ימא ומספקא להון אם אינון קיימין:
25,Lamentations,5,4,Lamentations 5:4,מימנא בכספא שתינא קיסנא בדמין ייתון:
25,Lamentations,5,5,Lamentations 5:5,על פירקת צוורנא אטעננא כד הוינא אזלין בשביתא חמא נבוכדנצר רשיעא סרכיא דבני ישראל דאזלין ריקנין פקיד לחייטא ספרי אוריתא ולמעבד מנהון גואלקן ומליאו יתהון מן פרידא די על ספר פרת וטען יתהון על צווריהון ובי היא זימנא לעינא ולא הות ניחא לנא:
25,Lamentations,5,6,Lamentations 5:6,מצריים יהבנא סטר לאתפרנסא תמן ולאתור למסבע לחמא:
25,Lamentations,5,7,Lamentations 5:7,אבהתנא חבו וליתהון בעלמא ונחנא בתריהון עוייתהון סוברנא:
25,Lamentations,5,8,Lamentations 5:8,בנוי דחם דאתיהיבו עבדין לבנוי דשם אינון שליטו בנא פריק לית מידהון:
25,Lamentations,5,9,Lamentations 5:9,בסכנת נפשנא נייתא לחם פרנסותנא מן קדם קטול דחרבא דאתי מן סטר מדברא:
25,Lamentations,5,10,Lamentations 5:10,משכנא היך תנורא אתקדרו מן קדם מפח כפנא:
25,Lamentations,5,11,Lamentations 5:11,נשיא דהוו נסיבן לגבר בציון אתעניאו מן ארמאי ובתולתיא בקירוי יהודה מן כשדאי:
25,Lamentations,5,12,Lamentations 5:12,רברבנין בדיהול אצטליבו אפי סביא לא סברו:
25,Lamentations,5,13,Lamentations 5:13,רובין ריחיא נטלו וטליא בצליבת קיסא תקלו:
25,Lamentations,5,14,Lamentations 5:14,סביא מתרע סנהדרין אתבטלו ורובין מן בית זמריהון:
25,Lamentations,5,15,Lamentations 5:15,בטילת חדות לבבנא איתהפיך לאבלא חינוגנא:
25,Lamentations,5,16,Lamentations 5:16,נפלת כלילא דרישנא ווי לנא ארום חבנא:
25,Lamentations,5,17,Lamentations 5:17,על דין בית מוקדשא דאצתדי הוה חליש לבבנא ועל אלין עמא בית ישראל דאזלו בגלותא מתמן הוו חשיכן עיננא:
25,Lamentations,5,18,Lamentations 5:18,על טורא דציון דהוא צדי תעלין הליכו ביה:
25,Lamentations,5,19,Lamentations 5:19,את הוא יי לעלם בית מותבך בשמי מרומא כורסי יקרך לדרי דריא:
25,Lamentations,5,20,Lamentations 5:20,למה לעלמין תשליננא תשבקיננא לאוריכות יומין:
25,Lamentations,5,21,Lamentations 5:21,אתיב יי יתנא לותך וניתוב בתיובתא שלימתא תחדת יומנא לטב כזמן יומיא טביא דהוו מלקדמין:
25,Lamentations,5,22,Lamentations 5:22,ארום אלהן מיקץ תיקוץ בנא רגיזתא עלנא עד לחדא:
8,Ruth,1,1,Ruth 1:1,והוה ביומי נגיד נגידיא והוה כפן תקיף בארעא דישראל עשרתי כפנין תקיפין אתגזרו מן שמיא למהוי בעלמא מן יומא דאתברי עלמא עד דייתי מלכא משיחא לאוכחא בהון דירי ארעא כפן קדמאי ביומי אדם כפן תנין ביומי למך כפן תליתאי ביומי אברהם כפן רביעאי ביומי יצחק כפן חמישאי ביומי יעקב כפן שתיתאי ביומי בועז דמתקרי אבצן צדיקא דמן בית לחם יהודה כפן שביעאי ביומי דוד מלכא דישראל כפן תמינאי ביומי אליהו נביא כפן תשיעאי ביומי אלישע בשומרון כפן עשיראי עתיד למהוי לא כפן למיכל לחמא ולא צהותא למשתי מיא אלהין למשמע פתגם נבואה מן קדם יי וכד הוה כפנא הדין תקיף בארעא דישראל נפק גברא רבא מן בית לחם יהודה ואזל לדור בחקלא דמואב הוא ואתתיה ותרין בנוהי:
8,Ruth,1,2,Ruth 1:2,ושום גברא אלימלך ושום אתתיה נעמי ושום תרין בנוהי מחלון וכליון אפרתין רבנין מן בית לחם יהודה ואתו עד חקל מואב והוו תמן רופילין:
8,Ruth,1,3,Ruth 1:3,ומית אלימלך בעלה דנעמי ואשתארת היא ארמלא ותרין בנהא יתמין:
8,Ruth,1,4,Ruth 1:4,ועברו על גזירת מימרא דיי ונסיבו להון נשין נוכראין מן בנת מואב שום חדא ערפה ושום תנייתא רות בת עגלון מלכא דמואב ויתיבו תמן כזמן עשר שנין:
8,Ruth,1,5,Ruth 1:5,ועל דעברו על גזירת מימרא דיי ואתחתנו בעממין נוכראין אתקטעו יומיהון ומיתו אף תרויהון מחלון וכליון בארעא מסאבתא ואשתארת אתתא מתכלא מתרין בנהא וארמלא מבעלה:
8,Ruth,1,6,Ruth 1:6,וקמת היא וכלתהא ותבת מחקל מואב ארום אתבשרת בחקל מואב על פום מלאכא ארום דכר יי ית עמיה בית ישראל למתן להון לחמא בגין זכותיה דאבצן נגידא ובצלותיה דצלי קדם יי הוא בועז חסידא:
8,Ruth,1,7,Ruth 1:7,ונפקת מן אתרא דהות תמן ותרתין כלתהא עמה ומהלכן באורחא למתב לארע יהודה:
8,Ruth,1,8,Ruth 1:8,ואמרת נעמי לתרתין כלתהא איזילנא תבנא אתתא לבית אמה יעביד יי עמכון טיבו כמא דעבדתון עם בעליכון שכיביא דסריבתון למסב גובריא בתר מותיהון ועמי דזנתון וסוברתון יתי:
8,Ruth,1,9,Ruth 1:9,יתן יי לכון אגר שלים על טיבותא דעבדתון לי ובההוא אגר תשכחון ניחא כל חדא וחדא לבית בעלה ונשיקת להון ונטלא קליהון ובכיאן:
8,Ruth,1,10,Ruth 1:10,ואמרנא לה לא נתוב לעמנא ולדחלתנא ארום אלהין עמך נתוב לעמך לאתגיירא:
8,Ruth,1,11,Ruth 1:11,ואמרת נעמי תבנא ברתי למא תיזלין עמי העוד כען אית לי ולדא במעי ויהון לכון לגוברין:
8,Ruth,1,12,Ruth 1:12,תובנא ברתי מבתרי אזילנא לעמכון ארי סבית מלמהוי מבעלא לגבר ארום אמרית אלו אנא ריבא אית לי סבר ברם הויתי מבעלא בלליא לגבר וברם הויתי ילדא בנין:
8,Ruth,1,13,Ruth 1:13,דלמא להון אתון מתינן עד די ירבון כאתתא דנטרא ליבם קליל למסבה לאנתו הבדילהון אתון יתבן עגימן בדיל דלא למהוי מתנסבן לגבר בבעו ברתי לא תמררון נפשי ארום מריר לי יתיר מנכון ארום נפקת בי מחא מן קדם יי:
8,Ruth,1,14,Ruth 1:14,ונטלא קליהון ובכיאן עוד זמנא אוחרנא ונשיקת ערפה לחמתה ורות אתדבקת בה:
8,Ruth,1,15,Ruth 1:15,ואמרת הא תבת יבמתך לות עמה ולות דחלתה תובי בתר יבמתך לעמך ולדחלתיך:
8,Ruth,1,16,Ruth 1:16,ואמרת רות לא תקניטי בי למשבקיך למתב מבתריך ארום תאיבא אנא לאתגירא אמרת נעמי אתפקדנא למטר שביא ויומי טבא בדיל דלא להלכא בר מתרין אלפין אמין אמרת רות לכל מן די את אזלא איזיל אמרת נעמי אתפקדנא דלא למבת כחדא עם עממיא אמרת רות בכל אתר די תביתי אבית אמרת נעמי אתפקדנא למנטר שית מאה ותלת עסר פקודיא אמרת רות מה דנטרין עמיך אהא נטרא אנא כאלו הוו עמי מקדמת דנא אמרת נעמי אתפקדנא דלא למפלח פולחנא נוכראה אמרת רות אלהיך הוא אלהי:
8,Ruth,1,17,Ruth 1:17,אמרת נעמי אית לנא ארבע דיני מותא לחיביא רגימת אבנא ויקידת נורא וקטילת סיפא וצליבת קיסא אמרת רות בכל מה דתמותי אמות אמרת נעמי אית לנא בית קבורתא אמרת רות ותמן אהא קבירא ולא תוסיפי עוד למללא כדנן יעביד יי לי וכדנן יוסיף עלי ארום מותא יהי מפריש ביני ובינך:
8,Ruth,1,18,Ruth 1:18,וחזת ארום מאולמא היא למהך עמה ופסקת מלמללא לה:
8,Ruth,1,19,Ruth 1:19,ואזלן תרויהון עד דעלן בית לחם והוה כד עלן לבית לחם וארגישו כל יתבי קרתא עליהון ואמרן הדא נעמי:
8,Ruth,1,20,Ruth 1:20,ואמרת להון לא תהוין קרן לי נעמי קרו לי מרירת נפשא ארום אמריר שדי לי לחדא:
8,Ruth,1,21,Ruth 1:21,אנא מליא אזלית מבעלי ומבני ורקניא אתיבני יי מנהון למא דין אתון קרן לי נעמי ומן קדם יי אתסהד בי חובתי ושדי אבאיש לי:
8,Ruth,1,22,Ruth 1:22,ותבת נעמי ורות מואביתא כלתה עמה דתבת מחקל מואב ואינון אתו בית לחם במעלי יומא דפסחא ובההוא יומא שריאו בני ישראל למחצד ית עומרא דארמותא דהוה מן שערין:
8,Ruth,2,1,Ruth 2:1,ולנעמי אשתמודע לגוברה גבר גבר תקיף באוריתא מן יחוס אלימלך ושמיה בועז:
8,Ruth,2,2,Ruth 2:2,ואמרת רות מואביתא לנעמי איזיל כען לחקלא ואכנוש בשבולין בתר דאשכח רחמין בעינוי ואמרת לה איזילי ברתי:
8,Ruth,2,3,Ruth 2:3,ואזלת ועלת וכנשת בחקלא בתר חצודיא ואירע ארעהא אחסנת חקלא דהוה לבועז דמן יחוס אלימלך:
8,Ruth,2,4,Ruth 2:4,והא בועז אתא מבית לחם ואמר לחצודיא יהי מימרא דיי בסעדכון ואמרו ליה יברכינך יי:
8,Ruth,2,5,Ruth 2:5,ואמר בועז לעולימיה דמני רב על חצודיא לאידין אומה ריבא הדא:
8,Ruth,2,6,Ruth 2:6,ואתיב עולימא דאתמנא רב על חצודיא ואמר ריבא מן עמא דמואב היא דתבת ואתגירת עם נעמי מחקל מואב:
8,Ruth,2,7,Ruth 2:7,ואמרת אצבור כען ואכנוש שובלין באלומיא מה דמשתאר בתר חצודיא ואתת וקמת ואתעכבית כען מקדם צפרא ועד כען פון זעיר דין דיתבא בביתא צבחר:
8,Ruth,2,8,Ruth 2:8,ואמר בועז לרות הלא קבילי מני ברתי לא תהכין למצבר שובלין בחקל אחרן ואף לא תעברי מכא למיזל לאומה אחרא והכא תתוספין עם עולימתי:
8,Ruth,2,9,Ruth 2:9,תהא מסתכלא בחקלא דיחצדון ותהכין בתריהון הלא פקידית ית עולימיא דלא יקרבון ביך ובעדן דאת צהיא למיא איזילי למניא ותהא שתיא מיא מוי די מליין עולימיא:
8,Ruth,2,10,Ruth 2:10,ונפלת על אפהא וסגידת על ארעא ואמרת ליה מה דין אשכחית רחמין בעינך לאשתמודעותני ואנא מעמא נוכראה מבנתהון דמואב ומעמא דלא אדכי למיעל בקהלא דיי:
8,Ruth,2,11,Ruth 2:11,ואתיב בועז ואמר לה אתחואה אתחוא לי על מימר חכימיא דכד גזר יי לא גזר על נוקביא אלהין על גובריא ואתאמר עלי בנבואה דעתידין למפק מינך מלכין ונביאין בגין טיבותא דעבדת עם חמתיך דפרנסת יתה בתר דמית בעליך ושבקת דחלתיך ועמיך אבוך ואמיך וארע ילדותיך ואזלת לאתגירא ולמתב בין עם דלא אשתמודע ליך מאתמלי ומדקמוהי:
8,Ruth,2,12,Ruth 2:12,יגמול יי ליך גמול טב בעלמא הדין על עובדך טב ויהי אגריך שלים לעלמא דאתי מן קדם יי אלהא דישראל דאתת לאתגירא ולאתחבאה תחות טלל שכינת יקריה ובההיא זכותא תשתיזבי מן דין גיהנם למהוי חולקיך עם שרה ורבקה ורחל ולאה:
8,Ruth,2,13,Ruth 2:13,ואמרת אשכח רחמין בעינך רבוני ארום ניחמתני לאכשרותני למדכי למיעל בקהלא דיי וארום מלילתא תנחומין על לבא דאמתך דאבטחתני למחסן עלמא דאתי הי כצדיקתא ואנא לית לי זכו למהוי לי חולקא לעלמא דאתי אפילו עם חדא מן אמהתך:
8,Ruth,2,14,Ruth 2:14,ואמר לה בועז לעדן סעודתא קריבי הלכא ותיכלין מן לחמא וטמישי סעדיך בתבשילא דאתבשל בחלא ויתיבת מסטר חצודיא ואושיט לה קמח קלי ואכלת ושבעת ואשארת:
8,Ruth,2,15,Ruth 2:15,וקמת למצבר שובלין ופקיד בועז ית עולימוי למימר אף ביני אלומיא תהא צברא ולא תכספונה:
8,Ruth,2,16,Ruth 2:16,ואף מתר תתירון לה מן אסיריא ותשבקון למהוי צברא ולא תנזפון בה:
8,Ruth,2,17,Ruth 2:17,וצברת שובלין בחקלא עד רמשא ודשת ית שובלין דצברת והוה שיעורהון כתלת סאין סעורין:
8,Ruth,2,18,Ruth 2:18,וסוברת ועלת לקרתא וחזת חמותה ית מה דכנשת ואפיקת מן תרמילא ויהבת לה ית מזונא דאשתאר לה משבעה:
8,Ruth,2,19,Ruth 2:19,ואמרת לה חמותה לאן צברת יומא דין ולאן אשתדלת למעבד יהי גוברא דאשתמודע ליך מברך וחויאת לחמתה ית דאשתדלת למעבד עמיה ואמרת שום גברא דאשתדלית למעבד עמיה יומא דין מתקרי בועז:
8,Ruth,2,20,Ruth 2:20,ואמרת נעמי לכלתה מבורך הוא מפום קודשא דיי דלא שבק טיבותיה עם חייא ועם מתיא ואמרת לה נעמי קריב לנא גוברא מפריקנא הוא:
8,Ruth,2,21,Ruth 2:21,ואמרת רות מואביתא אף ארום אמר לי עם רביא דילי תתוספין עד זמן דכדי ישיצון ית כל חצדא דילי:
8,Ruth,2,22,Ruth 2:22,ואמרת נעמי לרות כלתה שפיר ברתי ארום תפקין עם עולימתוי ולא יערעון ביך בחקל אחרן:
8,Ruth,2,23,Ruth 2:23,ואדבקת בעולימתוי דבועז למצבר עד דשיצי חצד סעורין וחצד חטין ויתיבת עם חמתה:
8,Ruth,3,1,Ruth 3:1,ואמרת לה נעמי חמותה ברתי בשבועה לא אניח עד דאתבע ליך ניחא בגין דייטב ליך:
8,Ruth,3,2,Ruth 3:2,וכען הלא בועז דאשתמודע לנא דהוית בחקלא עם עולימתוי הא הוא מבדר ית אדר סעורין ברוחא די בליליא:
8,Ruth,3,3,Ruth 3:3,ותחלילי במיא ותסוכי בוסמנין ותשויאי תכשיטיך עלך ותיחתין לאדרא לא תתפרסמי לגוברא עד שיציותיה למיכל ולמשתי:
8,Ruth,3,4,Ruth 3:4,ויהי בעדן משכבי דמכיה ותדעין ית אתרא דידמוך תמן ותיעלין ותגליאי ית רגלוי ותדמוכי ותהא שאלה מניה עיטא והוא יחוי ליך בחכמתיה ית די תעבדון:
8,Ruth,3,5,Ruth 3:5,ואמרת לה כל דתימרין לי אעביד:
8,Ruth,3,6,Ruth 3:6,ונחתת לאדרא ועבדת ככל די פקדת חמות:
8,Ruth,3,7,Ruth 3:7,ואכל בועז ושתי ואוטיב לביה ובריך שמא דיי דקביל צלותיה ואעדי כפנא מן ארעא דישראל ואתא לדמכא בסטר ערימתא ועלת רות ברז וגליאת רגלוי ודמיכת:
8,Ruth,3,8,Ruth 3:8,והוה בפלגות ליליא ותוה גוברא ורתית ואתרכיך כלפתא בשריה מן רתיתא וחזא אתתא דמכא לקבל רגלוי וכבש יצריה ולא קריב לותה היכמא דעבד יוסף צדיקא דסריב למקרב לות מצריתא אתת רבוניה והיכמא דעבד פלטיאל בר ליש חסידא דנעץ סיפא בין מימריה ובין מיכל בת שאול אתת דוד דסריב למקרב לותה:
8,Ruth,3,9,Ruth 3:9,ואמר מן את ואמרת אנא רות אמתך ויתקרי שמך על אמתך למסבי לאנתו ארום פריק אנת:
8,Ruth,3,10,Ruth 3:10,ואמר בריכא אנת מן קדם יי ברתי אוטיבת טיבותיך בתרא מן קדמאה קדמאה דאתגירת ובתראה דעבדת גרמיך כאתתא דנטרא ליבם קליל עד זמן דירבי בגין דלא למהך בתר רבין למעבד זנו עמהון אם מסכין ואם עתיר:
8,Ruth,3,11,Ruth 3:11,וכען ברתי לא תדחלין כל דתימרין לי אעביד ליך ארום גלי קדם כל יתבי תרע סנהדרין רבא דעמי ארום אתתא צדיקתא אנת ואית ביך חילא לסוברא ניר פקודיא דיי:
8,Ruth,3,12,Ruth 3:12,וכען ארום בקושטא ארום פריק אנא ואף אית פריק אחרן דחזי ליה למפרק יתיר מני:
8,Ruth,3,13,Ruth 3:13,ביתי בליליא ויהי בצפרא אם יפרקיך גוברא דחזי ליה למפרקיך מן אוריתא הרי טב ויפרוק לחיי ואם לא יצבי למפרקיך ואפרוקניך אנא אמרית בשבועה קדם יי כמא דמלילית ליך כדין אעביד דמוכי עד עדן צפרא:
8,Ruth,3,14,Ruth 3:14,ודמכית לקביל רגלוי עד צפרא וקמת בקריצתא עד לא אשתמודע גבר ית חבריה מן קדם חשוכא ואמר לעולימוי לא ישתמודע לגבר ארום אתת אתתא לאדרא:
8,Ruth,3,15,Ruth 3:15,ואמר הבי סודרא דעלך ואחידי ביה ואחידת ביה וכל שית סאין דסעורין ושוי עלהא ואתיהב לה כח מן קדם יי לסוברותהון ומן יד אתאמר בנבואה דעתידין למפק מנה שתא צדיקי עלמא דכל חד וחד עתיד למהוי מתברך בשית ברכן דוד ודניאל וחברוהי ומלכא משיחא ועל בועז לקרתא:
8,Ruth,3,16,Ruth 3:16,ואתת לות חמותה בקריצתא ואמרת מן את ברתי וחויאת לה ית כל מה דעבד לה גוברא על פום מימר מן קדם יי ברוח נבואה דאתגליאת ליה עבד לה:
8,Ruth,3,17,Ruth 3:17,ואמרת שית סאין דסעורין האלין יהב לי גוברא ארום אמר לי לא תהכין ריקניא לות חמתיך:
8,Ruth,3,18,Ruth 3:18,ואמרת תיבי ברתי עמי בביתא עד זמן דתדעין איכדין יתגזר מן שמיא ואיכדין יתפרש פתגם ארום לא ינוח גוברא ארום אלהין ישיצי לטב פתגמא יומא דין:
8,Ruth,4,1,Ruth 4:1,ובועז סליק לתרע בית דינא דסנהדרין ויתיב תמן עם סביא והא פריקא חלף דמליל בועז לרות ואמר סטי תיב הכא גבר דצניען אורחתיה וסטא ויתיב:
8,Ruth,4,2,Ruth 4:2,ודבר עשרתי גוברין מסבי קרתא ואמר תיבו הכא ויתיבו:
8,Ruth,4,3,Ruth 4:3,ואמר לפריקא אחסנת חקלא דלאחונא לאלימלך זבינת נעמי דתבת מחקל מואב:
8,Ruth,4,4,Ruth 4:4,ואנא אמרית אגלי אודנך למימר קני כל קביל יתבי תרעא דבית דינא דסנהדרין וכל קביל סביא דעמי אם אית רעותך למפרק פרוק ואם לא אית רעותך חוי לי ואנדע ארום לא אית בר מנך דהוא רשאי למפרק קדמך ודהוא קריב למתב כותך ואנא ארע מנך ופריקא אהא בתרך ואמר אנא אפרוק:
8,Ruth,4,5,Ruth 4:5,ואמר בועז ביום זבנותך ית חקלא מן ידא דנעמי ומן ידא דרות מואביתא אתת מיתא חיב את למפרק ובעי ליבמא יתה למסבה לאנתו מן בגלל לאקמא שום מיתא על אחסנתיה:
8,Ruth,4,6,Ruth 4:6,ואמר פריקא כי האי גונא לית אנא יכיל למפרק לי על דאית לי אתתא לית לי רשו למסב אוחרניתא עלהא דלמא תהי למצו בביתי ואיהי מחביל ית אחסנתי פרוק לך את ארום לית לך אתתא ארום לית אנא יכיל למפרק:
8,Ruth,4,7,Ruth 4:7,וכהדא מנהגא בעדנא דמלקדמין מתנהגא בישראל בזמן דשקלן וטרן ופרקן ומחלפן חד מן חבריה ומקימין כל מדעם וטלע גבר נרתיק יד ימיניה ואושיט ביה קנין לחבריה והכין נהגין בית ישראל למקני חד מן חבריה קדם סהדיא:
8,Ruth,4,8,Ruth 4:8,ואמר פריקא לבועז אושיט ידך לקנינא וקני לך וטלע בועז ית נרתיק יד ימיניה וקנא ליה:
8,Ruth,4,9,Ruth 4:9,ואמר בועז לסביא ולכל עמא הוו סהדין אתון עלי יומא דין ארום קניתי ית כל מה דהוה לאלימלך וית כל מה דהוה לכליון ומחלון מן ידא דנעמי:
8,Ruth,4,10,Ruth 4:10,ואף ית רות מואביתא אתת מחלון קניתי לי לאנתו בגין לאקמא שום שכיבא על אחסנתיה ולא ישתיצי שום שכיבא מלות אחוהי ומתרע סנהדרין דבאתריה סהדין אתון עלי יומא דין:
8,Ruth,4,11,Ruth 4:11,ואמרו כל עמא דבתרע סנהדרין וסביא סהדין אנחנא יתן יי ית אתתא הדא דאתיא לביתך כרחל וכלאה דבנו תרויהון ית בית ישראל אבונא בתרי עסר שבטין ועביד חילא באפרת ותהי קרי שמא בבית לחם:
8,Ruth,4,12,Ruth 4:12,ויהי מצלח ביתך כבית פרץ דילידת תמר ליהודה מן זרעא דיתן יי לך מן ריבא הדא:
8,Ruth,4,13,Ruth 4:13,ונסיב בועז ית רות והות ליה לאנתו ועל לותה ויהב יי לה עדוי וילדת בר:
8,Ruth,4,14,Ruth 4:14,ואמרן נשיא לנעמי בריך שמיה דיי דלא פסק ליך פריקא יומא דין ויתקרי שמיה מן צדיקי ישראל:
8,Ruth,4,15,Ruth 4:15,ויהי ליך למקים נפש ולכלכלא ית סיבתיך בתפנוקין ארום כלתך די רחימית יתיך ילדתיה דהיא הות טבתא ליך בעדן ארמלותיך מסגיאין בנין:
8,Ruth,4,16,Ruth 4:16,ונסיבת נעמי ית רביא ושויאת יתיה בעטפה והות ליה לתורבינתא:
8,Ruth,4,17,Ruth 4:17,וקראן ליה שיבבתן שום למימר אתיליד בר לנעמי והוו קרן שמיה עובד הוא אבוי דישי אבוי דדוד:
8,Ruth,4,18,Ruth 4:18,ואלין תולדת פרץ פרץ אוליד ית חצרון:
8,Ruth,4,19,Ruth 4:19,וחצרון אוליד ית רם ורם אוליד ית עמינדב:
8,Ruth,4,20,Ruth 4:20,ועמינדב אוליד ית נחשון ונחשון רב בית אבא לבית יהודה ונחשון אוליד ית סלמא צדיקא הוא סלמא מן בית לחם ונטופה דבטילו בנוהי פרוזבין דאותיב ירבעם חיבא על אורחי והואן עובדי אב ובנין יאין כנטופא:
8,Ruth,4,21,Ruth 4:21,ושלמון אוליד ית אבצן נגידא הוא בועז צדיקא דעל זכותיה אשתיזבו עמא בית ישראל מיד בעלי דבביהון ובגין צלותיה עדא כפנא מארעא דישראל ובועז אוליד ית עובד דפלח למרי עלמא בלב שלים:
8,Ruth,4,22,Ruth 4:22,ועובד אוליד ית ישי דמתקרי נחש בגין דלא אשתכחת ביה עלה ושחיתה לאתמסרא בידוי דמלאכא דמותא למסב ית נפשיה מניה וחיא יומין סגיאין עד דאדכר קדם יי עיטא דיהב חויא לחוה אתת אדם למיכל מן אילנא דאכלי פירוהי חכימין לידע בין טב לביש ועל ההוא עיטא אתחיבו מותא כל דירי ארעא ובההיא עילה שכיב ישי צדיקא הוא ישי דאוליד ית דוד מלכא דישראל:
